-- Active: 1692452936450@@127.0.0.1@5432@drogasystem@public

-- estoque inicial
insert into estoque (medicamento_id, lote, data, validade, preco, quant_inicial, quant_atual) values (90, 'lote 817531', '2023-07-31', '2025-07-31', 18.1, 35, 35); 
insert into estoque_total (medicamento_id, total, minimo) values (90, 35, 10); 
insert into estoque (medicamento_id, lote, data, validade, preco, quant_inicial, quant_atual) values (91, 'lote 802489', '2023-07-31', '2025-07-31', 37.7, 10, 10); 
insert into estoque_total (medicamento_id, total, minimo) values (91, 10, 10); 
insert into estoque (medicamento_id, lote, data, validade, preco, quant_inicial, quant_atual) values (340, 'lote 754888', '2023-07-31', '2024-07-31', 10.2, 31, 31); 
insert into estoque_total (medicamento_id, total, minimo) values (340, 31, 10); 
insert into estoque (medicamento_id, lote, data, validade, preco, quant_inicial, quant_atual) values (341, 'lote 727455', '2023-07-31', '2024-07-31', 7.3, 7, 7); 
insert into estoque_total (medicamento_id, total, minimo) values (341, 7, 10); 
insert into estoque (medicamento_id, lote, data, validade, preco, quant_inicial, quant_atual) values (342, 'lote 654779', '2023-07-31', '2024-07-31', 177.8, 3, 3); 
insert into estoque_total (medicamento_id, total, minimo) values (342, 3, 3); 
insert into estoque (medicamento_id, lote, data, validade, preco, quant_inicial, quant_atual) values (351, 'lote 385217', '2023-07-31', '2024-07-31', 7.3, 19, 19); 
insert into estoque_total (medicamento_id, total, minimo) values (351, 19, 10); 
insert into estoque (medicamento_id, lote, data, validade, preco, quant_inicial, quant_atual) values (352, 'lote 416727', '2023-07-31', '2024-07-31', 10.3, 31, 31); 
insert into estoque_total (medicamento_id, total, minimo) values (352, 31, 10); 
insert into estoque (medicamento_id, lote, data, validade, preco, quant_inicial, quant_atual) values (354, 'lote 262918', '2023-07-31', '2024-07-31', 7.4, 47, 47); 
insert into estoque_total (medicamento_id, total, minimo) values (354, 47, 10); 
insert into estoque (medicamento_id, lote, data, validade, preco, quant_inicial, quant_atual) values (355, 'lote 712750', '2023-07-31', '2024-07-31', 10.1, 11, 11); 
insert into estoque_total (medicamento_id, total, minimo) values (355, 11, 10); 
insert into estoque (medicamento_id, lote, data, validade, preco, quant_inicial, quant_atual) values (356, 'lote 702755', '2023-07-31', '2024-07-31', 7.7, 7, 7); 
insert into estoque_total (medicamento_id, total, minimo) values (356, 7, 10); 
insert into estoque (medicamento_id, lote, data, validade, preco, quant_inicial, quant_atual) values (357, 'lote 293136', '2023-07-31', '2024-07-31', 11.5, 3, 3); 
insert into estoque_total (medicamento_id, total, minimo) values (357, 3, 10); 
insert into estoque (medicamento_id, lote, data, validade, preco, quant_inicial, quant_atual) values (358, 'lote 235202', '2023-07-31', '2024-07-31', 181.8, 6, 6); 
insert into estoque_total (medicamento_id, total, minimo) values (358, 6, 3); 
insert into estoque (medicamento_id, lote, data, validade, preco, quant_inicial, quant_atual) values (531, 'lote 950143', '2023-07-31', '2026-07-31', 16.8, 15, 15); 
insert into estoque_total (medicamento_id, total, minimo) values (531, 15, 10); 
insert into estoque (medicamento_id, lote, data, validade, preco, quant_inicial, quant_atual) values (532, 'lote 107169', '2023-07-31', '2026-07-31', 4.5, 19, 19); 
insert into estoque_total (medicamento_id, total, minimo) values (532, 19, 10); 
insert into estoque (medicamento_id, lote, data, validade, preco, quant_inicial, quant_atual) values (533, 'lote 542362', '2023-07-31', '2026-07-31', 6.3, 11, 11); 
insert into estoque_total (medicamento_id, total, minimo) values (533, 11, 10); 
insert into estoque (medicamento_id, lote, data, validade, preco, quant_inicial, quant_atual) values (561, 'lote 433837', '2023-07-31', '2024-01-31', 31.6, 10, 10); 
insert into estoque_total (medicamento_id, total, minimo) values (561, 10, 10); 
insert into estoque (medicamento_id, lote, data, validade, preco, quant_inicial, quant_atual) values (562, 'lote 850601', '2023-07-31', '2024-01-31', 59.6, 5, 5); 
insert into estoque_total (medicamento_id, total, minimo) values (562, 5, 5); 
insert into estoque (medicamento_id, lote, data, validade, preco, quant_inicial, quant_atual) values (597, 'lote 254444', '2023-07-31', '2026-07-31', 136.4, 9, 9); 
insert into estoque_total (medicamento_id, total, minimo) values (597, 9, 5); 
insert into estoque (medicamento_id, lote, data, validade, preco, quant_inicial, quant_atual) values (1016, 'lote 373923', '2023-07-31', '2024-07-31', 3.4, 23, 23); 
insert into estoque_total (medicamento_id, total, minimo) values (1016, 23, 10); 
insert into estoque (medicamento_id, lote, data, validade, preco, quant_inicial, quant_atual) values (1017, 'lote 563969', '2023-07-31', '2024-07-31', 26.9, 18, 18); 
insert into estoque_total (medicamento_id, total, minimo) values (1017, 18, 10); 
insert into estoque (medicamento_id, lote, data, validade, preco, quant_inicial, quant_atual) values (1234, 'lote 539336', '2023-07-31', '2025-01-31', 3.8, 35, 35); 
insert into estoque_total (medicamento_id, total, minimo) values (1234, 35, 10); 
insert into estoque (medicamento_id, lote, data, validade, preco, quant_inicial, quant_atual) values (1510, 'lote 252311', '2023-07-31', '2025-01-31', 6.3, 27, 27); 
insert into estoque_total (medicamento_id, total, minimo) values (1510, 27, 10); 
insert into estoque (medicamento_id, lote, data, validade, preco, quant_inicial, quant_atual) values (1531, 'lote 328168', '2023-07-31', '2025-07-31', 37.4, 18, 18); 
insert into estoque_total (medicamento_id, total, minimo) values (1531, 18, 10); 
insert into estoque (medicamento_id, lote, data, validade, preco, quant_inicial, quant_atual) values (1532, 'lote 970726', '2023-07-31', '2025-07-31', 74.0, 15, 15); 
insert into estoque_total (medicamento_id, total, minimo) values (1532, 15, 5); 
insert into estoque (medicamento_id, lote, data, validade, preco, quant_inicial, quant_atual) values (1537, 'lote 517608', '2023-07-31', '2025-07-31', 25.0, 6, 6); 
insert into estoque_total (medicamento_id, total, minimo) values (1537, 6, 10); 
insert into estoque (medicamento_id, lote, data, validade, preco, quant_inicial, quant_atual) values (1538, 'lote 906475', '2023-07-31', '2025-07-31', 49.0, 10, 10); 
insert into estoque_total (medicamento_id, total, minimo) values (1538, 10, 10); 
insert into estoque (medicamento_id, lote, data, validade, preco, quant_inicial, quant_atual) values (1578, 'lote 893748', '2023-07-31', '2024-01-31', 3.1, 31, 31); 
insert into estoque_total (medicamento_id, total, minimo) values (1578, 31, 10); 
insert into estoque (medicamento_id, lote, data, validade, preco, quant_inicial, quant_atual) values (1673, 'lote 915374', '2023-07-31', '2025-07-31', 12.1, 31, 31); 
insert into estoque_total (medicamento_id, total, minimo) values (1673, 31, 10); 
insert into estoque (medicamento_id, lote, data, validade, preco, quant_inicial, quant_atual) values (1678, 'lote 470496', '2023-07-31', '2025-07-31', 22.1, 10, 10); 
insert into estoque_total (medicamento_id, total, minimo) values (1678, 10, 10); 
insert into estoque (medicamento_id, lote, data, validade, preco, quant_inicial, quant_atual) values (1839, 'lote 118193', '2023-07-31', '2024-07-31', 7.3, 15, 15); 
insert into estoque_total (medicamento_id, total, minimo) values (1839, 15, 10); 
insert into estoque (medicamento_id, lote, data, validade, preco, quant_inicial, quant_atual) values (1840, 'lote 226076', '2023-07-31', '2024-07-31', 10.3, 11, 11); 
insert into estoque_total (medicamento_id, total, minimo) values (1840, 11, 10); 
insert into estoque (medicamento_id, lote, data, validade, preco, quant_inicial, quant_atual) values (1841, 'lote 569490', '2023-07-31', '2024-07-31', 7.3, 43, 43); 
insert into estoque_total (medicamento_id, total, minimo) values (1841, 43, 10); 
insert into estoque (medicamento_id, lote, data, validade, preco, quant_inicial, quant_atual) values (1842, 'lote 170566', '2023-07-31', '2024-07-31', 10.3, 3, 3); 
insert into estoque_total (medicamento_id, total, minimo) values (1842, 3, 10); 
insert into estoque (medicamento_id, lote, data, validade, preco, quant_inicial, quant_atual) values (1848, 'lote 628008', '2023-07-31', '2024-07-31', 5.9, 27, 27); 
insert into estoque_total (medicamento_id, total, minimo) values (1848, 27, 10); 
insert into estoque (medicamento_id, lote, data, validade, preco, quant_inicial, quant_atual) values (1849, 'lote 912896', '2023-07-31', '2024-07-31', 7.0, 7, 7); 
insert into estoque_total (medicamento_id, total, minimo) values (1849, 7, 10); 
insert into estoque (medicamento_id, lote, data, validade, preco, quant_inicial, quant_atual) values (1859, 'lote 230703', '2023-07-31', '2024-07-31', 7.4, 31, 31); 
insert into estoque_total (medicamento_id, total, minimo) values (1859, 31, 10); 
insert into estoque (medicamento_id, lote, data, validade, preco, quant_inicial, quant_atual) values (1860, 'lote 506749', '2023-07-31', '2024-07-31', 10.5, 35, 35); 
insert into estoque_total (medicamento_id, total, minimo) values (1860, 35, 10); 
insert into estoque (medicamento_id, lote, data, validade, preco, quant_inicial, quant_atual) values (1861, 'lote 885694', '2023-07-31', '2024-07-31', 7.4, 23, 23); 
insert into estoque_total (medicamento_id, total, minimo) values (1861, 23, 10); 
insert into estoque (medicamento_id, lote, data, validade, preco, quant_inicial, quant_atual) values (1862, 'lote 203549', '2023-07-31', '2024-07-31', 10.5, 7, 7); 
insert into estoque_total (medicamento_id, total, minimo) values (1862, 7, 10); 
insert into estoque (medicamento_id, lote, data, validade, preco, quant_inicial, quant_atual) values (1863, 'lote 217940', '2023-07-31', '2024-07-31', 7.3, 43, 43); 
insert into estoque_total (medicamento_id, total, minimo) values (1863, 43, 10); 
insert into estoque (medicamento_id, lote, data, validade, preco, quant_inicial, quant_atual) values (1864, 'lote 226557', '2023-07-31', '2024-07-31', 10.9, 27, 27); 
insert into estoque_total (medicamento_id, total, minimo) values (1864, 27, 10); 
insert into estoque (medicamento_id, lote, data, validade, preco, quant_inicial, quant_atual) values (1865, 'lote 869897', '2023-07-31', '2024-07-31', 10.5, 11, 11); 
insert into estoque_total (medicamento_id, total, minimo) values (1865, 11, 10); 
insert into estoque (medicamento_id, lote, data, validade, preco, quant_inicial, quant_atual) values (1866, 'lote 859287', '2023-07-31', '2024-07-31', 223.5, 3, 3); 
insert into estoque_total (medicamento_id, total, minimo) values (1866, 3, 3); 
insert into estoque (medicamento_id, lote, data, validade, preco, quant_inicial, quant_atual) values (1867, 'lote 234886', '2023-07-31', '2024-07-31', 9.7, 15, 15); 
insert into estoque_total (medicamento_id, total, minimo) values (1867, 15, 10); 
insert into estoque (medicamento_id, lote, data, validade, preco, quant_inicial, quant_atual) values (1868, 'lote 341236', '2023-07-31', '2024-07-31', 7.0, 23, 23); 
insert into estoque_total (medicamento_id, total, minimo) values (1868, 23, 10); 
insert into estoque (medicamento_id, lote, data, validade, preco, quant_inicial, quant_atual) values (1871, 'lote 501202', '2023-07-31', '2024-07-31', 11.5, 23, 23); 
insert into estoque_total (medicamento_id, total, minimo) values (1871, 23, 10); 
insert into estoque (medicamento_id, lote, data, validade, preco, quant_inicial, quant_atual) values (1872, 'lote 870391', '2023-07-31', '2024-07-31', 7.7, 23, 23); 
insert into estoque_total (medicamento_id, total, minimo) values (1872, 23, 10); 
insert into estoque (medicamento_id, lote, data, validade, preco, quant_inicial, quant_atual) values (1873, 'lote 241340', '2023-07-31', '2024-07-31', 7.3, 35, 35); 
insert into estoque_total (medicamento_id, total, minimo) values (1873, 35, 10); 
insert into estoque (medicamento_id, lote, data, validade, preco, quant_inicial, quant_atual) values (1874, 'lote 727554', '2023-07-31', '2024-07-31', 9.9, 15, 15); 
insert into estoque_total (medicamento_id, total, minimo) values (1874, 15, 10); 
insert into estoque (medicamento_id, lote, data, validade, preco, quant_inicial, quant_atual) values (1879, 'lote 498748', '2023-07-31', '2024-07-31', 7.7, 15, 15); 
insert into estoque_total (medicamento_id, total, minimo) values (1879, 15, 10); 
insert into estoque (medicamento_id, lote, data, validade, preco, quant_inicial, quant_atual) values (1880, 'lote 607447', '2023-07-31', '2024-07-31', 10.0, 31, 31); 
insert into estoque_total (medicamento_id, total, minimo) values (1880, 31, 10); 
insert into estoque (medicamento_id, lote, data, validade, preco, quant_inicial, quant_atual) values (1881, 'lote 315020', '2023-07-31', '2024-07-31', 7.7, 15, 15); 
insert into estoque_total (medicamento_id, total, minimo) values (1881, 15, 10); 
insert into estoque (medicamento_id, lote, data, validade, preco, quant_inicial, quant_atual) values (1882, 'lote 922590', '2023-07-31', '2024-07-31', 10.0, 7, 7); 
insert into estoque_total (medicamento_id, total, minimo) values (1882, 7, 10); 
insert into estoque (medicamento_id, lote, data, validade, preco, quant_inicial, quant_atual) values (1883, 'lote 898512', '2023-07-31', '2024-07-31', 7.3, 23, 23); 
insert into estoque_total (medicamento_id, total, minimo) values (1883, 23, 10); 
insert into estoque (medicamento_id, lote, data, validade, preco, quant_inicial, quant_atual) values (2254, 'lote 476054', '2023-07-31', '2026-01-31', 23.5, 2, 2); 
insert into estoque_total (medicamento_id, total, minimo) values (2254, 2, 10); 
insert into estoque (medicamento_id, lote, data, validade, preco, quant_inicial, quant_atual) values (2364, 'lote 930035', '2023-07-31', '2025-07-31', 5.6, 43, 43); 
insert into estoque_total (medicamento_id, total, minimo) values (2364, 43, 10); 
insert into estoque (medicamento_id, lote, data, validade, preco, quant_inicial, quant_atual) values (2365, 'lote 899117', '2023-07-31', '2025-07-31', 20.0, 6, 6); 
insert into estoque_total (medicamento_id, total, minimo) values (2365, 6, 10); 
insert into estoque (medicamento_id, lote, data, validade, preco, quant_inicial, quant_atual) values (2366, 'lote 769054', '2023-07-31', '2025-07-31', 40.4, 10, 10); 
insert into estoque_total (medicamento_id, total, minimo) values (2366, 10, 5); 
insert into estoque (medicamento_id, lote, data, validade, preco, quant_inicial, quant_atual) values (2367, 'lote 672839', '2023-07-31', '2025-07-31', 5.6, 11, 11); 
insert into estoque_total (medicamento_id, total, minimo) values (2367, 11, 10); 
insert into estoque (medicamento_id, lote, data, validade, preco, quant_inicial, quant_atual) values (2368, 'lote 172962', '2023-07-31', '2025-07-31', 20.0, 2, 2); 
insert into estoque_total (medicamento_id, total, minimo) values (2368, 2, 10); 
insert into estoque (medicamento_id, lote, data, validade, preco, quant_inicial, quant_atual) values (2369, 'lote 518277', '2023-07-31', '2025-07-31', 40.4, 15, 15); 
insert into estoque_total (medicamento_id, total, minimo) values (2369, 15, 5); 
insert into estoque (medicamento_id, lote, data, validade, preco, quant_inicial, quant_atual) values (2591, 'lote 836935', '2023-07-31', '2026-07-31', 411.8, 6, 6); 
insert into estoque_total (medicamento_id, total, minimo) values (2591, 6, 3); 
insert into estoque (medicamento_id, lote, data, validade, preco, quant_inicial, quant_atual) values (2596, 'lote 681728', '2023-07-31', '2026-07-31', 5.0, 27, 27); 
insert into estoque_total (medicamento_id, total, minimo) values (2596, 27, 10); 
insert into estoque (medicamento_id, lote, data, validade, preco, quant_inicial, quant_atual) values (2601, 'lote 163291', '2023-07-31', '2025-01-31', 218.9, 6, 6); 
insert into estoque_total (medicamento_id, total, minimo) values (2601, 6, 3); 
insert into estoque (medicamento_id, lote, data, validade, preco, quant_inicial, quant_atual) values (2619, 'lote 706846', '2023-07-31', '2025-07-31', 343.0, 6, 6); 
insert into estoque_total (medicamento_id, total, minimo) values (2619, 6, 3); 
insert into estoque (medicamento_id, lote, data, validade, preco, quant_inicial, quant_atual) values (2620, 'lote 187351', '2023-07-31', '2025-07-31', 296.0, 2, 2); 
insert into estoque_total (medicamento_id, total, minimo) values (2620, 2, 3); 
insert into estoque (medicamento_id, lote, data, validade, preco, quant_inicial, quant_atual) values (2621, 'lote 343562', '2023-07-31', '2025-07-31', 249.0, 4, 4); 
insert into estoque_total (medicamento_id, total, minimo) values (2621, 4, 3); 
insert into estoque (medicamento_id, lote, data, validade, preco, quant_inicial, quant_atual) values (2622, 'lote 557252', '2023-07-31', '2025-07-31', 202.0, 3, 3); 
insert into estoque_total (medicamento_id, total, minimo) values (2622, 3, 3); 
insert into estoque (medicamento_id, lote, data, validade, preco, quant_inicial, quant_atual) values (2623, 'lote 173573', '2023-07-31', '2025-07-31', 108.0, 5, 5); 
insert into estoque_total (medicamento_id, total, minimo) values (2623, 5, 5); 
insert into estoque (medicamento_id, lote, data, validade, preco, quant_inicial, quant_atual) values (2624, 'lote 212561', '2023-07-31', '2025-07-31', 14.0, 39, 39); 
insert into estoque_total (medicamento_id, total, minimo) values (2624, 39, 10); 
insert into estoque (medicamento_id, lote, data, validade, preco, quant_inicial, quant_atual) values (2626, 'lote 926745', '2023-07-31', '2025-07-31', 216.1, 6, 6); 
insert into estoque_total (medicamento_id, total, minimo) values (2626, 6, 3); 
insert into estoque (medicamento_id, lote, data, validade, preco, quant_inicial, quant_atual) values (2627, 'lote 285097', '2023-07-31', '2024-01-31', 118.3, 15, 15); 
insert into estoque_total (medicamento_id, total, minimo) values (2627, 15, 5); 
insert into estoque (medicamento_id, lote, data, validade, preco, quant_inicial, quant_atual) values (2628, 'lote 824735', '2023-07-31', '2024-01-31', 236.6, 9, 9); 
insert into estoque_total (medicamento_id, total, minimo) values (2628, 9, 3); 
insert into estoque (medicamento_id, lote, data, validade, preco, quant_inicial, quant_atual) values (2629, 'lote 453363', '2023-07-31', '2024-01-31', 61.8, 15, 15); 
insert into estoque_total (medicamento_id, total, minimo) values (2629, 15, 5); 
insert into estoque (medicamento_id, lote, data, validade, preco, quant_inicial, quant_atual) values (2630, 'lote 501551', '2023-07-31', '2024-01-31', 123.7, 9, 9); 
insert into estoque_total (medicamento_id, total, minimo) values (2630, 9, 5); 
insert into estoque (medicamento_id, lote, data, validade, preco, quant_inicial, quant_atual) values (2631, 'lote 467440', '2023-07-31', '2024-01-31', 185.5, 3, 3); 
insert into estoque_total (medicamento_id, total, minimo) values (2631, 3, 3); 
insert into estoque (medicamento_id, lote, data, validade, preco, quant_inicial, quant_atual) values (2731, 'lote 278875', '2023-07-31', '2026-07-31', 17.9, 15, 15); 
insert into estoque_total (medicamento_id, total, minimo) values (2731, 15, 10); 
insert into estoque (medicamento_id, lote, data, validade, preco, quant_inicial, quant_atual) values (2733, 'lote 627068', '2023-07-31', '2026-07-31', 26.0, 14, 14); 
insert into estoque_total (medicamento_id, total, minimo) values (2733, 14, 10); 
insert into estoque (medicamento_id, lote, data, validade, preco, quant_inicial, quant_atual) values (2761, 'lote 179782', '2023-07-31', '2025-01-31', 292.4, 4, 4); 
insert into estoque_total (medicamento_id, total, minimo) values (2761, 4, 3); 
insert into estoque (medicamento_id, lote, data, validade, preco, quant_inicial, quant_atual) values (2773, 'lote 426569', '2023-07-31', '2026-07-31', 26.1, 6, 6); 
insert into estoque_total (medicamento_id, total, minimo) values (2773, 6, 10); 
insert into estoque (medicamento_id, lote, data, validade, preco, quant_inicial, quant_atual) values (2774, 'lote 997933', '2023-07-31', '2026-07-31', 52.3, 15, 15); 
insert into estoque_total (medicamento_id, total, minimo) values (2774, 15, 5); 
insert into estoque (medicamento_id, lote, data, validade, preco, quant_inicial, quant_atual) values (2775, 'lote 573531', '2023-07-31', '2026-07-31', 156.9, 6, 6); 
insert into estoque_total (medicamento_id, total, minimo) values (2775, 6, 3); 
insert into estoque (medicamento_id, lote, data, validade, preco, quant_inicial, quant_atual) values (2776, 'lote 960242', '2023-07-31', '2026-07-31', 9.6, 43, 43); 
insert into estoque_total (medicamento_id, total, minimo) values (2776, 43, 10); 
insert into estoque (medicamento_id, lote, data, validade, preco, quant_inicial, quant_atual) values (2777, 'lote 466662', '2023-07-31', '2026-07-31', 19.3, 2, 2); 
insert into estoque_total (medicamento_id, total, minimo) values (2777, 2, 10); 
insert into estoque (medicamento_id, lote, data, validade, preco, quant_inicial, quant_atual) values (2778, 'lote 789945', '2023-07-31', '2026-07-31', 57.9, 10, 10); 
insert into estoque_total (medicamento_id, total, minimo) values (2778, 10, 5); 
insert into estoque (medicamento_id, lote, data, validade, preco, quant_inicial, quant_atual) values (2779, 'lote 983284', '2023-07-31', '2026-07-31', 12.5, 19, 19); 
insert into estoque_total (medicamento_id, total, minimo) values (2779, 19, 10); 
insert into estoque (medicamento_id, lote, data, validade, preco, quant_inicial, quant_atual) values (2780, 'lote 317873', '2023-07-31', '2026-07-31', 13.5, 35, 35); 
insert into estoque_total (medicamento_id, total, minimo) values (2780, 35, 10); 
insert into estoque (medicamento_id, lote, data, validade, preco, quant_inicial, quant_atual) values (2781, 'lote 482811', '2023-07-31', '2026-07-31', 4.5, 27, 27); 
insert into estoque_total (medicamento_id, total, minimo) values (2781, 27, 10); 
insert into estoque (medicamento_id, lote, data, validade, preco, quant_inicial, quant_atual) values (2782, 'lote 323421', '2023-07-31', '2026-07-31', 4.4, 23, 23); 
insert into estoque_total (medicamento_id, total, minimo) values (2782, 23, 10); 
insert into estoque (medicamento_id, lote, data, validade, preco, quant_inicial, quant_atual) values (2783, 'lote 710020', '2023-07-31', '2026-07-31', 65.8, 15, 15); 
insert into estoque_total (medicamento_id, total, minimo) values (2783, 15, 5); 
insert into estoque (medicamento_id, lote, data, validade, preco, quant_inicial, quant_atual) values (2784, 'lote 910720', '2023-07-31', '2026-07-31', 13.0, 3, 3); 
insert into estoque_total (medicamento_id, total, minimo) values (2784, 3, 10); 
insert into estoque (medicamento_id, lote, data, validade, preco, quant_inicial, quant_atual) values (2785, 'lote 265327', '2023-07-31', '2026-07-31', 115.3, 5, 5); 
insert into estoque_total (medicamento_id, total, minimo) values (2785, 5, 5); 
insert into estoque (medicamento_id, lote, data, validade, preco, quant_inicial, quant_atual) values (2786, 'lote 292570', '2023-07-31', '2026-07-31', 11.9, 15, 15); 
insert into estoque_total (medicamento_id, total, minimo) values (2786, 15, 10); 
insert into estoque (medicamento_id, lote, data, validade, preco, quant_inicial, quant_atual) values (2788, 'lote 145583', '2023-07-31', '2026-07-31', 35.2, 10, 10); 
insert into estoque_total (medicamento_id, total, minimo) values (2788, 10, 10); 
insert into estoque (medicamento_id, lote, data, validade, preco, quant_inicial, quant_atual) values (2791, 'lote 302138', '2023-07-31', '2026-07-31', 3.8, 23, 23); 
insert into estoque_total (medicamento_id, total, minimo) values (2791, 23, 10); 
insert into estoque (medicamento_id, lote, data, validade, preco, quant_inicial, quant_atual) values (2792, 'lote 801447', '2023-07-31', '2026-07-31', 11.4, 19, 19); 
insert into estoque_total (medicamento_id, total, minimo) values (2792, 19, 10); 
insert into estoque (medicamento_id, lote, data, validade, preco, quant_inicial, quant_atual) values (6805, 'lote 913615', '2023-07-31', '2025-01-31', 6.7, 19, 19); 
insert into estoque_total (medicamento_id, total, minimo) values (6805, 19, 10); 
insert into estoque (medicamento_id, lote, data, validade, preco, quant_inicial, quant_atual) values (6806, 'lote 610535', '2023-07-31', '2025-01-31', 6.9, 11, 11); 
insert into estoque_total (medicamento_id, total, minimo) values (6806, 11, 10); 
insert into estoque (medicamento_id, lote, data, validade, preco, quant_inicial, quant_atual) values (9131, 'lote 491216', '2023-07-31', '2025-07-31', 15.4, 19, 19); 
insert into estoque_total (medicamento_id, total, minimo) values (9131, 19, 10); 
insert into estoque (medicamento_id, lote, data, validade, preco, quant_inicial, quant_atual) values (9132, 'lote 403112', '2023-07-31', '2025-07-31', 29.6, 14, 14); 
insert into estoque_total (medicamento_id, total, minimo) values (9132, 14, 10); 
insert into estoque (medicamento_id, lote, data, validade, preco, quant_inicial, quant_atual) values (9133, 'lote 712189', '2023-07-31', '2025-07-31', 41.7, 6, 6); 
insert into estoque_total (medicamento_id, total, minimo) values (9133, 6, 10); 
insert into estoque (medicamento_id, lote, data, validade, preco, quant_inicial, quant_atual) values (9134, 'lote 167528', '2023-07-31', '2025-07-31', 34.7, 6, 6); 
insert into estoque_total (medicamento_id, total, minimo) values (9134, 6, 10); 
insert into estoque (medicamento_id, lote, data, validade, preco, quant_inicial, quant_atual) values (9142, 'lote 684245', '2023-07-31', '2025-07-31', 77.3, 5, 5); 
insert into estoque_total (medicamento_id, total, minimo) values (9142, 5, 5); 
insert into estoque (medicamento_id, lote, data, validade, preco, quant_inicial, quant_atual) values (9143, 'lote 364318', '2023-07-31', '2025-07-31', 9.0, 7, 7); 
insert into estoque_total (medicamento_id, total, minimo) values (9143, 7, 10); 
insert into estoque (medicamento_id, lote, data, validade, preco, quant_inicial, quant_atual) values (9144, 'lote 124067', '2023-07-31', '2025-07-31', 25.7, 2, 2); 
insert into estoque_total (medicamento_id, total, minimo) values (9144, 2, 10); 
insert into estoque (medicamento_id, lote, data, validade, preco, quant_inicial, quant_atual) values (9145, 'lote 979387', '2023-07-31', '2025-07-31', 77.3, 10, 10); 
insert into estoque_total (medicamento_id, total, minimo) values (9145, 10, 5); 
insert into estoque (medicamento_id, lote, data, validade, preco, quant_inicial, quant_atual) values (9146, 'lote 141060', '2023-07-31', '2025-07-31', 154.7, 5, 5); 
insert into estoque_total (medicamento_id, total, minimo) values (9146, 5, 5); 
insert into estoque (medicamento_id, lote, data, validade, preco, quant_inicial, quant_atual) values (9168, 'lote 210172', '2023-07-31', '2025-07-31', 28.5, 6, 6); 
insert into estoque_total (medicamento_id, total, minimo) values (9168, 6, 10); 
insert into estoque (medicamento_id, lote, data, validade, preco, quant_inicial, quant_atual) values (9169, 'lote 312052', '2023-07-31', '2025-07-31', 85.6, 15, 15); 
insert into estoque_total (medicamento_id, total, minimo) values (9169, 15, 5); 
insert into estoque (medicamento_id, lote, data, validade, preco, quant_inicial, quant_atual) values (9170, 'lote 835603', '2023-07-31', '2025-07-31', 171.3, 9, 9); 
insert into estoque_total (medicamento_id, total, minimo) values (9170, 9, 5); 
insert into estoque (medicamento_id, lote, data, validade, preco, quant_inicial, quant_atual) values (9171, 'lote 431627', '2023-07-31', '2025-07-31', 256.9, 3, 3); 
insert into estoque_total (medicamento_id, total, minimo) values (9171, 3, 3); 
insert into estoque (medicamento_id, lote, data, validade, preco, quant_inicial, quant_atual) values (9172, 'lote 620781', '2023-07-31', '2025-07-31', 85.6, 5, 5); 
insert into estoque_total (medicamento_id, total, minimo) values (9172, 5, 5); 
insert into estoque (medicamento_id, lote, data, validade, preco, quant_inicial, quant_atual) values (9173, 'lote 826491', '2023-07-31', '2025-07-31', 171.2, 9, 9); 
insert into estoque_total (medicamento_id, total, minimo) values (9173, 9, 5); 
insert into estoque (medicamento_id, lote, data, validade, preco, quant_inicial, quant_atual) values (9174, 'lote 452383', '2023-07-31', '2025-07-31', 342.5, 6, 6); 
insert into estoque_total (medicamento_id, total, minimo) values (9174, 6, 3); 
insert into estoque (medicamento_id, lote, data, validade, preco, quant_inicial, quant_atual) values (9179, 'lote 261544', '2023-07-31', '2025-07-31', 31.1, 10, 10); 
insert into estoque_total (medicamento_id, total, minimo) values (9179, 10, 10); 
insert into estoque (medicamento_id, lote, data, validade, preco, quant_inicial, quant_atual) values (9180, 'lote 616519', '2023-07-31', '2025-07-31', 59.2, 5, 5); 
insert into estoque_total (medicamento_id, total, minimo) values (9180, 5, 5); 
insert into estoque (medicamento_id, lote, data, validade, preco, quant_inicial, quant_atual) values (9181, 'lote 629132', '2023-07-31', '2025-07-31', 386.6, 4, 4); 
insert into estoque_total (medicamento_id, total, minimo) values (9181, 4, 3); 
insert into estoque (medicamento_id, lote, data, validade, preco, quant_inicial, quant_atual) values (9187, 'lote 127603', '2023-07-31', '2025-07-31', 42.8, 6, 6); 
insert into estoque_total (medicamento_id, total, minimo) values (9187, 6, 10); 
insert into estoque (medicamento_id, lote, data, validade, preco, quant_inicial, quant_atual) values (9188, 'lote 150755', '2023-07-31', '2025-07-31', 32.0, 6, 6); 
insert into estoque_total (medicamento_id, total, minimo) values (9188, 6, 10); 
insert into estoque (medicamento_id, lote, data, validade, preco, quant_inicial, quant_atual) values (9189, 'lote 752253', '2023-07-31', '2025-07-31', 63.5, 10, 10); 
insert into estoque_total (medicamento_id, total, minimo) values (9189, 10, 5); 
insert into estoque (medicamento_id, lote, data, validade, preco, quant_inicial, quant_atual) values (9197, 'lote 920163', '2023-07-31', '2025-07-31', 28.5, 2, 2); 
insert into estoque_total (medicamento_id, total, minimo) values (9197, 2, 10); 
insert into estoque (medicamento_id, lote, data, validade, preco, quant_inicial, quant_atual) values (9198, 'lote 944366', '2023-07-31', '2025-07-31', 85.5, 15, 15); 
insert into estoque_total (medicamento_id, total, minimo) values (9198, 15, 5); 
insert into estoque (medicamento_id, lote, data, validade, preco, quant_inicial, quant_atual) values (9199, 'lote 685536', '2023-07-31', '2025-07-31', 171.1, 6, 6); 
insert into estoque_total (medicamento_id, total, minimo) values (9199, 6, 5); 
insert into estoque (medicamento_id, lote, data, validade, preco, quant_inicial, quant_atual) values (9200, 'lote 954753', '2023-07-31', '2025-07-31', 57.0, 5, 5); 
insert into estoque_total (medicamento_id, total, minimo) values (9200, 5, 5); 
insert into estoque (medicamento_id, lote, data, validade, preco, quant_inicial, quant_atual) values (9201, 'lote 286136', '2023-07-31', '2025-07-31', 171.2, 9, 9); 
insert into estoque_total (medicamento_id, total, minimo) values (9201, 9, 5); 
insert into estoque (medicamento_id, lote, data, validade, preco, quant_inicial, quant_atual) values (9202, 'lote 232691', '2023-07-31', '2025-07-31', 342.4, 6, 6); 
insert into estoque_total (medicamento_id, total, minimo) values (9202, 6, 3); 
insert into estoque (medicamento_id, lote, data, validade, preco, quant_inicial, quant_atual) values (9203, 'lote 896677', '2023-07-31', '2025-07-31', 342.3, 2, 2); 
insert into estoque_total (medicamento_id, total, minimo) values (9203, 2, 3); 
insert into estoque (medicamento_id, lote, data, validade, preco, quant_inicial, quant_atual) values (9208, 'lote 403965', '2023-07-31', '2025-07-31', 85.6, 5, 5); 
insert into estoque_total (medicamento_id, total, minimo) values (9208, 5, 5); 
insert into estoque (medicamento_id, lote, data, validade, preco, quant_inicial, quant_atual) values (9209, 'lote 908447', '2023-07-31', '2025-07-31', 171.2, 9, 9); 
insert into estoque_total (medicamento_id, total, minimo) values (9209, 9, 5); 
insert into estoque (medicamento_id, lote, data, validade, preco, quant_inicial, quant_atual) values (9210, 'lote 568194', '2023-07-31', '2025-07-31', 28.5, 2, 2); 
insert into estoque_total (medicamento_id, total, minimo) values (9210, 2, 10); 
insert into estoque (medicamento_id, lote, data, validade, preco, quant_inicial, quant_atual) values (9211, 'lote 424102', '2023-07-31', '2025-07-31', 85.6, 10, 10); 
insert into estoque_total (medicamento_id, total, minimo) values (9211, 10, 5); 
insert into estoque (medicamento_id, lote, data, validade, preco, quant_inicial, quant_atual) values (9212, 'lote 180039', '2023-07-31', '2025-07-31', 171.2, 9, 9); 
insert into estoque_total (medicamento_id, total, minimo) values (9212, 9, 5); 
insert into estoque (medicamento_id, lote, data, validade, preco, quant_inicial, quant_atual) values (9213, 'lote 893853', '2023-07-31', '2025-07-31', 256.9, 6, 6); 
insert into estoque_total (medicamento_id, total, minimo) values (9213, 6, 3); 
insert into estoque (medicamento_id, lote, data, validade, preco, quant_inicial, quant_atual) values (9214, 'lote 637105', '2023-07-31', '2025-07-31', 85.6, 15, 15); 
insert into estoque_total (medicamento_id, total, minimo) values (9214, 15, 5); 
insert into estoque (medicamento_id, lote, data, validade, preco, quant_inicial, quant_atual) values (9215, 'lote 205715', '2023-07-31', '2025-07-31', 171.2, 3, 3); 
insert into estoque_total (medicamento_id, total, minimo) values (9215, 3, 5); 
insert into estoque (medicamento_id, lote, data, validade, preco, quant_inicial, quant_atual) values (9216, 'lote 829532', '2023-07-31', '2025-07-31', 342.5, 2, 2); 
insert into estoque_total (medicamento_id, total, minimo) values (9216, 2, 3); 
insert into estoque (medicamento_id, lote, data, validade, preco, quant_inicial, quant_atual) values (9220, 'lote 871563', '2023-07-31', '2025-07-31', 32.0, 18, 18); 
insert into estoque_total (medicamento_id, total, minimo) values (9220, 18, 10); 
insert into estoque (medicamento_id, lote, data, validade, preco, quant_inicial, quant_atual) values (9221, 'lote 355806', '2023-07-31', '2025-07-31', 63.5, 15, 15); 
insert into estoque_total (medicamento_id, total, minimo) values (9221, 15, 5); 
insert into estoque (medicamento_id, lote, data, validade, preco, quant_inicial, quant_atual) values (9222, 'lote 788297', '2023-07-31', '2025-07-31', 28.5, 10, 10); 
insert into estoque_total (medicamento_id, total, minimo) values (9222, 10, 10); 
insert into estoque (medicamento_id, lote, data, validade, preco, quant_inicial, quant_atual) values (9223, 'lote 704017', '2023-07-31', '2025-07-31', 85.6, 10, 10); 
insert into estoque_total (medicamento_id, total, minimo) values (9223, 10, 5); 
insert into estoque (medicamento_id, lote, data, validade, preco, quant_inicial, quant_atual) values (9224, 'lote 217246', '2023-07-31', '2025-07-31', 171.3, 6, 6); 
insert into estoque_total (medicamento_id, total, minimo) values (9224, 6, 5); 
insert into estoque (medicamento_id, lote, data, validade, preco, quant_inicial, quant_atual) values (9225, 'lote 674429', '2023-07-31', '2025-07-31', 256.9, 9, 9); 
insert into estoque_total (medicamento_id, total, minimo) values (9225, 9, 3); 
insert into estoque (medicamento_id, lote, data, validade, preco, quant_inicial, quant_atual) values (9226, 'lote 659621', '2023-07-31', '2025-07-31', 85.6, 15, 15); 
insert into estoque_total (medicamento_id, total, minimo) values (9226, 15, 5); 
insert into estoque (medicamento_id, lote, data, validade, preco, quant_inicial, quant_atual) values (9227, 'lote 138741', '2023-07-31', '2025-07-31', 171.2, 6, 6); 
insert into estoque_total (medicamento_id, total, minimo) values (9227, 6, 5); 
insert into estoque (medicamento_id, lote, data, validade, preco, quant_inicial, quant_atual) values (9228, 'lote 291805', '2023-07-31', '2025-07-31', 342.5, 4, 4); 
insert into estoque_total (medicamento_id, total, minimo) values (9228, 4, 3); 
insert into estoque (medicamento_id, lote, data, validade, preco, quant_inicial, quant_atual) values (9229, 'lote 103699', '2023-07-31', '2025-07-31', 28.4, 18, 18); 
insert into estoque_total (medicamento_id, total, minimo) values (9229, 18, 10); 
insert into estoque (medicamento_id, lote, data, validade, preco, quant_inicial, quant_atual) values (9230, 'lote 405166', '2023-07-31', '2025-07-31', 85.3, 10, 10); 
insert into estoque_total (medicamento_id, total, minimo) values (9230, 10, 5); 
insert into estoque (medicamento_id, lote, data, validade, preco, quant_inicial, quant_atual) values (9231, 'lote 538683', '2023-07-31', '2025-07-31', 170.7, 6, 6); 
insert into estoque_total (medicamento_id, total, minimo) values (9231, 6, 5); 
insert into estoque (medicamento_id, lote, data, validade, preco, quant_inicial, quant_atual) values (9232, 'lote 604271', '2023-07-31', '2025-07-31', 256.1, 9, 9); 
insert into estoque_total (medicamento_id, total, minimo) values (9232, 9, 3); 
insert into estoque (medicamento_id, lote, data, validade, preco, quant_inicial, quant_atual) values (9233, 'lote 793799', '2023-07-31', '2025-07-31', 341.5, 2, 2); 
insert into estoque_total (medicamento_id, total, minimo) values (9233, 2, 3); 
insert into estoque (medicamento_id, lote, data, validade, preco, quant_inicial, quant_atual) values (9234, 'lote 533076', '2023-07-31', '2025-07-31', 284.6, 3, 3); 
insert into estoque_total (medicamento_id, total, minimo) values (9234, 3, 3); 
insert into estoque (medicamento_id, lote, data, validade, preco, quant_inicial, quant_atual) values (9235, 'lote 126189', '2023-07-31', '2025-07-31', 48.7, 2, 2); 
insert into estoque_total (medicamento_id, total, minimo) values (9235, 2, 10); 
insert into estoque (medicamento_id, lote, data, validade, preco, quant_inicial, quant_atual) values (9236, 'lote 610880', '2023-07-31', '2025-07-31', 333.3, 4, 4); 
insert into estoque_total (medicamento_id, total, minimo) values (9236, 4, 3); 
insert into estoque (medicamento_id, lote, data, validade, preco, quant_inicial, quant_atual) values (9237, 'lote 150384', '2023-07-31', '2025-07-31', 382.1, 2, 2); 
insert into estoque_total (medicamento_id, total, minimo) values (9237, 2, 3); 
insert into estoque (medicamento_id, lote, data, validade, preco, quant_inicial, quant_atual) values (9245, 'lote 831020', '2023-07-31', '2025-07-31', 32.0, 10, 10); 
insert into estoque_total (medicamento_id, total, minimo) values (9245, 10, 10); 
insert into estoque (medicamento_id, lote, data, validade, preco, quant_inicial, quant_atual) values (9246, 'lote 873469', '2023-07-31', '2025-07-31', 63.5, 10, 10); 
insert into estoque_total (medicamento_id, total, minimo) values (9246, 10, 5); 
insert into estoque (medicamento_id, lote, data, validade, preco, quant_inicial, quant_atual) values (9247, 'lote 934386', '2023-07-31', '2025-07-31', 28.6, 14, 14); 
insert into estoque_total (medicamento_id, total, minimo) values (9247, 14, 10); 
insert into estoque (medicamento_id, lote, data, validade, preco, quant_inicial, quant_atual) values (9248, 'lote 510559', '2023-07-31', '2025-07-31', 54.4, 10, 10); 
insert into estoque_total (medicamento_id, total, minimo) values (9248, 10, 5); 
insert into estoque (medicamento_id, lote, data, validade, preco, quant_inicial, quant_atual) values (10121, 'lote 255291', '2023-07-31', '2025-07-31', 43.8, 10, 10); 
insert into estoque_total (medicamento_id, total, minimo) values (10121, 10, 10); 
insert into estoque (medicamento_id, lote, data, validade, preco, quant_inicial, quant_atual) values (10122, 'lote 406056', '2023-07-31', '2025-07-31', 9.9, 47, 47); 
insert into estoque_total (medicamento_id, total, minimo) values (10122, 47, 10); 
insert into estoque (medicamento_id, lote, data, validade, preco, quant_inicial, quant_atual) values (10123, 'lote 973205', '2023-07-31', '2025-07-31', 6.0, 19, 19); 
insert into estoque_total (medicamento_id, total, minimo) values (10123, 19, 10); 
insert into estoque (medicamento_id, lote, data, validade, preco, quant_inicial, quant_atual) values (10124, 'lote 549416', '2023-07-31', '2025-07-31', 11.4, 43, 43); 
insert into estoque_total (medicamento_id, total, minimo) values (10124, 43, 10); 
insert into estoque (medicamento_id, lote, data, validade, preco, quant_inicial, quant_atual) values (10125, 'lote 968049', '2023-07-31', '2025-07-31', 22.1, 18, 18); 
insert into estoque_total (medicamento_id, total, minimo) values (10125, 18, 10); 
insert into estoque (medicamento_id, lote, data, validade, preco, quant_inicial, quant_atual) values (10126, 'lote 384426', '2023-07-31', '2025-07-31', 14.3, 3, 3); 
insert into estoque_total (medicamento_id, total, minimo) values (10126, 3, 10); 
insert into estoque (medicamento_id, lote, data, validade, preco, quant_inicial, quant_atual) values (10129, 'lote 175799', '2023-07-31', '2025-07-31', 107.4, 15, 15); 
insert into estoque_total (medicamento_id, total, minimo) values (10129, 15, 5); 
insert into estoque (medicamento_id, lote, data, validade, preco, quant_inicial, quant_atual) values (10130, 'lote 327219', '2023-07-31', '2025-07-31', 18.0, 11, 11); 
insert into estoque_total (medicamento_id, total, minimo) values (10130, 11, 10); 
insert into estoque (medicamento_id, lote, data, validade, preco, quant_inicial, quant_atual) values (10131, 'lote 861742', '2023-07-31', '2025-07-31', 5.3, 43, 43); 
insert into estoque_total (medicamento_id, total, minimo) values (10131, 43, 10); 
insert into estoque (medicamento_id, lote, data, validade, preco, quant_inicial, quant_atual) values (10132, 'lote 861592', '2023-07-31', '2025-07-31', 9.9, 43, 43); 
insert into estoque_total (medicamento_id, total, minimo) values (10132, 43, 10); 
insert into estoque (medicamento_id, lote, data, validade, preco, quant_inicial, quant_atual) values (10135, 'lote 180064', '2023-07-31', '2025-07-31', 46.6, 10, 10); 
insert into estoque_total (medicamento_id, total, minimo) values (10135, 10, 5); 
insert into estoque (medicamento_id, lote, data, validade, preco, quant_inicial, quant_atual) values (10136, 'lote 576727', '2023-07-31', '2025-07-31', 4.2, 19, 19); 
insert into estoque_total (medicamento_id, total, minimo) values (10136, 19, 10); 
insert into estoque (medicamento_id, lote, data, validade, preco, quant_inicial, quant_atual) values (10138, 'lote 988909', '2023-07-31', '2025-07-31', 36.4, 6, 6); 
insert into estoque_total (medicamento_id, total, minimo) values (10138, 6, 10); 
insert into estoque (medicamento_id, lote, data, validade, preco, quant_inicial, quant_atual) values (10144, 'lote 220783', '2023-07-31', '2025-07-31', 14.3, 15, 15); 
insert into estoque_total (medicamento_id, total, minimo) values (10144, 15, 10); 
insert into estoque (medicamento_id, lote, data, validade, preco, quant_inicial, quant_atual) values (10145, 'lote 952313', '2023-07-31', '2025-07-31', 17.1, 35, 35); 
insert into estoque_total (medicamento_id, total, minimo) values (10145, 35, 10); 
insert into estoque (medicamento_id, lote, data, validade, preco, quant_inicial, quant_atual) values (10146, 'lote 965480', '2023-07-31', '2025-07-31', 35.7, 18, 18); 
insert into estoque_total (medicamento_id, total, minimo) values (10146, 18, 10); 
insert into estoque (medicamento_id, lote, data, validade, preco, quant_inicial, quant_atual) values (10147, 'lote 239520', '2023-07-31', '2025-07-31', 13.4, 15, 15); 
insert into estoque_total (medicamento_id, total, minimo) values (10147, 15, 10); 
insert into estoque (medicamento_id, lote, data, validade, preco, quant_inicial, quant_atual) values (10151, 'lote 880887', '2023-07-31', '2025-07-31', 80.7, 5, 5); 
insert into estoque_total (medicamento_id, total, minimo) values (10151, 5, 5); 
insert into estoque (medicamento_id, lote, data, validade, preco, quant_inicial, quant_atual) values (10152, 'lote 142269', '2023-07-31', '2025-07-31', 89.2, 5, 5); 
insert into estoque_total (medicamento_id, total, minimo) values (10152, 5, 5); 
insert into estoque (medicamento_id, lote, data, validade, preco, quant_inicial, quant_atual) values (10153, 'lote 974770', '2023-07-31', '2025-07-31', 7.1, 23, 23); 
insert into estoque_total (medicamento_id, total, minimo) values (10153, 23, 10); 
insert into estoque (medicamento_id, lote, data, validade, preco, quant_inicial, quant_atual) values (10154, 'lote 572257', '2023-07-31', '2025-07-31', 11.9, 3, 3); 
insert into estoque_total (medicamento_id, total, minimo) values (10154, 3, 10); 
insert into estoque (medicamento_id, lote, data, validade, preco, quant_inicial, quant_atual) values (10155, 'lote 331585', '2023-07-31', '2025-07-31', 14.3, 47, 47); 
insert into estoque_total (medicamento_id, total, minimo) values (10155, 47, 10); 
insert into estoque (medicamento_id, lote, data, validade, preco, quant_inicial, quant_atual) values (10156, 'lote 295735', '2023-07-31', '2025-07-31', 17.9, 7, 7); 
insert into estoque_total (medicamento_id, total, minimo) values (10156, 7, 10); 
insert into estoque (medicamento_id, lote, data, validade, preco, quant_inicial, quant_atual) values (10157, 'lote 661704', '2023-07-31', '2025-07-31', 23.8, 10, 10); 
insert into estoque_total (medicamento_id, total, minimo) values (10157, 10, 10); 
insert into estoque (medicamento_id, lote, data, validade, preco, quant_inicial, quant_atual) values (10158, 'lote 129832', '2023-07-31', '2025-07-31', 14.3, 43, 43); 
insert into estoque_total (medicamento_id, total, minimo) values (10158, 43, 10); 
insert into estoque (medicamento_id, lote, data, validade, preco, quant_inicial, quant_atual) values (10159, 'lote 454824', '2023-07-31', '2025-07-31', 14.2, 31, 31); 
insert into estoque_total (medicamento_id, total, minimo) values (10159, 31, 10); 
insert into estoque (medicamento_id, lote, data, validade, preco, quant_inicial, quant_atual) values (10160, 'lote 332079', '2023-07-31', '2025-07-31', 30.6, 18, 18); 
insert into estoque_total (medicamento_id, total, minimo) values (10160, 18, 10); 
insert into estoque (medicamento_id, lote, data, validade, preco, quant_inicial, quant_atual) values (10163, 'lote 198579', '2023-07-31', '2025-07-31', 4.2, 23, 23); 
insert into estoque_total (medicamento_id, total, minimo) values (10163, 23, 10); 
insert into estoque (medicamento_id, lote, data, validade, preco, quant_inicial, quant_atual) values (10165, 'lote 845422', '2023-07-31', '2025-07-31', 13.3, 39, 39); 
insert into estoque_total (medicamento_id, total, minimo) values (10165, 39, 10); 
insert into estoque (medicamento_id, lote, data, validade, preco, quant_inicial, quant_atual) values (10166, 'lote 532619', '2023-07-31', '2025-07-31', 442.8, 4, 4); 
insert into estoque_total (medicamento_id, total, minimo) values (10166, 4, 3); 
insert into estoque (medicamento_id, lote, data, validade, preco, quant_inicial, quant_atual) values (10171, 'lote 564259', '2023-07-31', '2025-07-31', 9.5, 19, 19); 
insert into estoque_total (medicamento_id, total, minimo) values (10171, 19, 10); 
insert into estoque (medicamento_id, lote, data, validade, preco, quant_inicial, quant_atual) values (10172, 'lote 276848', '2023-07-31', '2025-07-31', 18.1, 23, 23); 
insert into estoque_total (medicamento_id, total, minimo) values (10172, 23, 10); 
insert into estoque (medicamento_id, lote, data, validade, preco, quant_inicial, quant_atual) values (10173, 'lote 462229', '2023-07-31', '2025-07-31', 279.6, 4, 4); 
insert into estoque_total (medicamento_id, total, minimo) values (10173, 4, 3); 
insert into estoque (medicamento_id, lote, data, validade, preco, quant_inicial, quant_atual) values (10174, 'lote 604879', '2023-07-31', '2025-07-31', 9.4, 3, 3); 
insert into estoque_total (medicamento_id, total, minimo) values (10174, 3, 10); 
insert into estoque (medicamento_id, lote, data, validade, preco, quant_inicial, quant_atual) values (10175, 'lote 114854', '2023-07-31', '2025-07-31', 15.4, 47, 47); 
insert into estoque_total (medicamento_id, total, minimo) values (10175, 47, 10); 
insert into estoque (medicamento_id, lote, data, validade, preco, quant_inicial, quant_atual) values (10176, 'lote 496763', '2023-07-31', '2025-07-31', 30.8, 18, 18); 
insert into estoque_total (medicamento_id, total, minimo) values (10176, 18, 10); 
insert into estoque (medicamento_id, lote, data, validade, preco, quant_inicial, quant_atual) values (10177, 'lote 409165', '2023-07-31', '2025-07-31', 19.6, 2, 2); 
insert into estoque_total (medicamento_id, total, minimo) values (10177, 2, 10); 
insert into estoque (medicamento_id, lote, data, validade, preco, quant_inicial, quant_atual) values (10178, 'lote 360921', '2023-07-31', '2025-07-31', 37.7, 6, 6); 
insert into estoque_total (medicamento_id, total, minimo) values (10178, 6, 10); 
insert into estoque (medicamento_id, lote, data, validade, preco, quant_inicial, quant_atual) values (10179, 'lote 126085', '2023-07-31', '2025-07-31', 122.0, 5, 5); 
insert into estoque_total (medicamento_id, total, minimo) values (10179, 5, 5); 
insert into estoque (medicamento_id, lote, data, validade, preco, quant_inicial, quant_atual) values (10180, 'lote 590677', '2023-07-31', '2025-07-31', 51.1, 5, 5); 
insert into estoque_total (medicamento_id, total, minimo) values (10180, 5, 5); 
insert into estoque (medicamento_id, lote, data, validade, preco, quant_inicial, quant_atual) values (10181, 'lote 761205', '2023-07-31', '2025-07-31', 342.4, 4, 4); 
insert into estoque_total (medicamento_id, total, minimo) values (10181, 4, 3); 
insert into estoque (medicamento_id, lote, data, validade, preco, quant_inicial, quant_atual) values (10182, 'lote 609222', '2023-07-31', '2025-07-31', 228.2, 3, 3); 
insert into estoque_total (medicamento_id, total, minimo) values (10182, 3, 3); 
insert into estoque (medicamento_id, lote, data, validade, preco, quant_inicial, quant_atual) values (10183, 'lote 330300', '2023-07-31', '2025-07-31', 365.2, 6, 6); 
insert into estoque_total (medicamento_id, total, minimo) values (10183, 6, 3); 
insert into estoque (medicamento_id, lote, data, validade, preco, quant_inicial, quant_atual) values (10184, 'lote 107587', '2023-07-31', '2025-07-31', 23.3, 10, 10); 
insert into estoque_total (medicamento_id, total, minimo) values (10184, 10, 10); 
insert into estoque (medicamento_id, lote, data, validade, preco, quant_inicial, quant_atual) values (10185, 'lote 742235', '2023-07-31', '2025-07-31', 55.9, 5, 5); 
insert into estoque_total (medicamento_id, total, minimo) values (10185, 5, 5); 
insert into estoque (medicamento_id, lote, data, validade, preco, quant_inicial, quant_atual) values (10186, 'lote 823559', '2023-07-31', '2025-07-31', 372.8, 6, 6); 
insert into estoque_total (medicamento_id, total, minimo) values (10186, 6, 3); 
insert into estoque (medicamento_id, lote, data, validade, preco, quant_inicial, quant_atual) values (10187, 'lote 719679', '2023-07-31', '2025-07-31', 419.4, 2, 2); 
insert into estoque_total (medicamento_id, total, minimo) values (10187, 2, 3); 
insert into estoque (medicamento_id, lote, data, validade, preco, quant_inicial, quant_atual) values (10188, 'lote 359537', '2023-07-31', '2025-07-31', 57.8, 10, 10); 
insert into estoque_total (medicamento_id, total, minimo) values (10188, 10, 5); 
insert into estoque (medicamento_id, lote, data, validade, preco, quant_inicial, quant_atual) values (10189, 'lote 802707', '2023-07-31', '2025-07-31', 115.7, 15, 15); 
insert into estoque_total (medicamento_id, total, minimo) values (10189, 15, 5); 
insert into estoque (medicamento_id, lote, data, validade, preco, quant_inicial, quant_atual) values (10190, 'lote 120460', '2023-07-31', '2025-07-31', 314.9, 4, 4); 
insert into estoque_total (medicamento_id, total, minimo) values (10190, 4, 3); 
insert into estoque (medicamento_id, lote, data, validade, preco, quant_inicial, quant_atual) values (10191, 'lote 890445', '2023-07-31', '2025-07-31', 411.3, 4, 4); 
insert into estoque_total (medicamento_id, total, minimo) values (10191, 4, 3); 
insert into estoque (medicamento_id, lote, data, validade, preco, quant_inicial, quant_atual) values (10192, 'lote 858275', '2023-07-31', '2025-07-31', 13.6, 35, 35); 
insert into estoque_total (medicamento_id, total, minimo) values (10192, 35, 10); 
insert into estoque (medicamento_id, lote, data, validade, preco, quant_inicial, quant_atual) values (10193, 'lote 370347', '2023-07-31', '2025-07-31', 10.4, 23, 23); 
insert into estoque_total (medicamento_id, total, minimo) values (10193, 23, 10); 
insert into estoque (medicamento_id, lote, data, validade, preco, quant_inicial, quant_atual) values (10194, 'lote 961417', '2023-07-31', '2025-07-31', 14.3, 3, 3); 
insert into estoque_total (medicamento_id, total, minimo) values (10194, 3, 10); 
insert into estoque (medicamento_id, lote, data, validade, preco, quant_inicial, quant_atual) values (10195, 'lote 686407', '2023-07-31', '2025-07-31', 5.9, 19, 19); 
insert into estoque_total (medicamento_id, total, minimo) values (10195, 19, 10); 
insert into estoque (medicamento_id, lote, data, validade, preco, quant_inicial, quant_atual) values (10196, 'lote 939520', '2023-07-31', '2025-07-31', 11.5, 47, 47); 
insert into estoque_total (medicamento_id, total, minimo) values (10196, 47, 10); 
insert into estoque (medicamento_id, lote, data, validade, preco, quant_inicial, quant_atual) values (10197, 'lote 555840', '2023-07-31', '2025-07-31', 11.2, 35, 35); 
insert into estoque_total (medicamento_id, total, minimo) values (10197, 35, 10); 
insert into estoque (medicamento_id, lote, data, validade, preco, quant_inicial, quant_atual) values (19779, 'lote 960410', '2023-07-31', '2025-01-31', 4.7, 47, 47); 
insert into estoque_total (medicamento_id, total, minimo) values (19779, 47, 10); 
insert into estoque (medicamento_id, lote, data, validade, preco, quant_inicial, quant_atual) values (19780, 'lote 676693', '2023-07-31', '2025-01-31', 10.2, 7, 7); 
insert into estoque_total (medicamento_id, total, minimo) values (19780, 7, 10); 

-- vendas, itens de venda
insert into venda (cliente_id, time_stamp, total) values (13, '2023-08-03 17:53:15', 290.08); 
insert into itens_venda (venda_id, medicamento_id, estoque_id, quantidade, desconto, total) values (1, 1874, 49, 7, 48.50, 113.34); 
update estoque set quant_venda = quant_venda + 7, quant_atual = quant_atual - 7 where id = 49; 
update estoque_total set total = total - 7 where medicamento_id = 1874; 
insert into itens_venda (venda_id, medicamento_id, estoque_id, quantidade, desconto, total) values (1, 1879, 50, 9, 45.70, 117.56); 
update estoque set quant_venda = quant_venda + 9, quant_atual = quant_atual - 9 where id = 50; 
update estoque_total set total = total - 9 where medicamento_id = 1879; 
insert into itens_venda (venda_id, medicamento_id, estoque_id, quantidade, desconto, total) values (1, 2784, 91, 3, 12.10, 59.18); 
update estoque set quant_venda = quant_venda + 3, quant_atual = quant_atual - 3 where id = 91; 
update estoque_total set total = total - 3 where medicamento_id = 2784; 
insert into estoque (medicamento_id, lote, data, validade, preco, quant_inicial, quant_atual) values (2784, 'lote 463364', '2023-08-03', '2026-08-31', 13.0, 35, 35); 
update estoque_total set total = total + 35 where medicamento_id = 2784; 

insert into venda (cliente_id, profissional_id, time_stamp, total) values (20, 21, '2023-08-05 01:39:53', 172.86); 
insert into itens_venda (venda_id, medicamento_id, estoque_id, quantidade, desconto, total) values (2, 2731, 77, 2, 16.90, 48.38); 
update estoque set quant_venda = quant_venda + 2, quant_atual = quant_atual - 2 where id = 77; 
update estoque_total set total = total - 2 where medicamento_id = 2731; 
insert into itens_venda (venda_id, medicamento_id, estoque_id, quantidade, desconto, total) values (2, 10132, 168, 6, 6.50, 124.48); 
update estoque set quant_venda = quant_venda + 6, quant_atual = quant_atual - 6 where id = 168; 
update estoque_total set total = total - 6 where medicamento_id = 10132; 

insert into venda (cliente_id, profissional_id, time_stamp, total) values (15, 21, '2023-08-06 09:03:41', 182.46); 
insert into itens_venda (venda_id, medicamento_id, estoque_id, quantidade, desconto, total) values (3, 1578, 27, 3, 1.90, 22.22); 
update estoque set quant_venda = quant_venda + 3, quant_atual = quant_atual - 3 where id = 27; 
update estoque_total set total = total - 3 where medicamento_id = 1578; 
insert into itens_venda (venda_id, medicamento_id, estoque_id, quantidade, desconto, total) values (3, 2777, 84, 2, 5.40, 104.56); 
update estoque set quant_venda = quant_venda + 2, quant_atual = quant_atual - 2 where id = 84; 
update estoque_total set total = total - 2 where medicamento_id = 2777; 
insert into itens_venda (venda_id, medicamento_id, estoque_id, quantidade, desconto, total) values (3, 19779, 216, 7, 4.80, 55.68); 
update estoque set quant_venda = quant_venda + 7, quant_atual = quant_atual - 7 where id = 216; 
update estoque_total set total = total - 7 where medicamento_id = 19779; 
insert into estoque (medicamento_id, lote, data, validade, preco, quant_inicial, quant_atual) values (2777, 'lote 454794', '2023-08-06', '2026-08-31', 19.2, 18, 18); 
update estoque_total set total = total + 18 where medicamento_id = 2777; 

insert into venda (time_stamp, total) values ('2023-08-06 10:15:25', 467.55); 
insert into itens_venda (venda_id, medicamento_id, estoque_id, quantidade, desconto, total) values (4, 9230, 147, 3, 24.60, 467.55); 
update estoque set quant_venda = quant_venda + 3, quant_atual = quant_atual - 3 where id = 147; 
update estoque_total set total = total - 3 where medicamento_id = 9230; 

insert into venda (cliente_id, profissional_id, time_stamp, total) values (17, 21, '2023-08-06 11:37:20', 195.68); 
insert into itens_venda (venda_id, medicamento_id, estoque_id, quantidade, desconto, total) values (5, 10126, 164, 3, 17.80, 76.16); 
update estoque set quant_venda = quant_venda + 3, quant_atual = quant_atual - 3 where id = 164; 
update estoque_total set total = total - 3 where medicamento_id = 10126; 
insert into itens_venda (venda_id, medicamento_id, estoque_id, quantidade, desconto, total) values (5, 9179, 115, 2, 15.50, 104.32); 
update estoque set quant_venda = quant_venda + 2, quant_atual = quant_atual - 2 where id = 115; 
update estoque_total set total = total - 2 where medicamento_id = 9179; 
insert into itens_venda (venda_id, medicamento_id, estoque_id, quantidade, desconto, total) values (5, 10136, 170, 2, 3.50, 15.20); 
update estoque set quant_venda = quant_venda + 2, quant_atual = quant_atual - 2 where id = 170; 
update estoque_total set total = total - 2 where medicamento_id = 10136; 
insert into estoque (medicamento_id, lote, data, validade, preco, quant_inicial, quant_atual) values (10126, 'lote 527035', '2023-08-06', '2025-08-31', 14.3, 39, 39); 
update estoque_total set total = total + 39 where medicamento_id = 10126; 

insert into venda (profissional_id, time_stamp, total) values (21, '2023-08-06 14:42:42', 370.63); 
insert into itens_venda (venda_id, medicamento_id, estoque_id, quantidade, desconto, total) values (6, 1861, 38, 7, 4.80, 116.23); 
update estoque set quant_venda = quant_venda + 7, quant_atual = quant_atual - 7 where id = 38; 
update estoque_total set total = total - 7 where medicamento_id = 1861; 
insert into itens_venda (venda_id, medicamento_id, estoque_id, quantidade, desconto, total) values (6, 10194, 212, 3, 3.70, 90.41); 
update estoque set quant_venda = quant_venda + 3, quant_atual = quant_atual - 3 where id = 212; 
update estoque_total set total = total - 3 where medicamento_id = 10194; 
insert into itens_venda (venda_id, medicamento_id, estoque_id, quantidade, desconto, total) values (6, 9132, 100, 3, 6.80, 163.99); 
update estoque set quant_venda = quant_venda + 3, quant_atual = quant_atual - 3 where id = 100; 
update estoque_total set total = total - 3 where medicamento_id = 9132; 
insert into estoque (medicamento_id, lote, data, validade, preco, quant_inicial, quant_atual) values (10194, 'lote 136943', '2023-08-06', '2025-08-31', 14.3, 35, 35); 
update estoque_total set total = total + 35 where medicamento_id = 10194; 

insert into venda (cliente_id, time_stamp, total) values (17, '2023-08-08 00:34:38', 98.36); 
insert into itens_venda (venda_id, medicamento_id, estoque_id, quantidade, desconto, total) values (7, 1016, 19, 10, 21.40, 64.30); 
update estoque set quant_venda = quant_venda + 10, quant_atual = quant_atual - 10 where id = 19; 
update estoque_total set total = total - 10 where medicamento_id = 1016; 
insert into itens_venda (venda_id, medicamento_id, estoque_id, quantidade, desconto, total) values (7, 1873, 48, 2, 0.00, 34.06); 
update estoque set quant_venda = quant_venda + 2, quant_atual = quant_atual - 2 where id = 48; 
update estoque_total set total = total - 2 where medicamento_id = 1873; 

insert into venda (cliente_id, time_stamp, total) values (12, '2023-08-09 11:47:54', 1255.38); 
insert into itens_venda (venda_id, medicamento_id, estoque_id, quantidade, desconto, total) values (8, 1860, 37, 10, 0.00, 244.80); 
update estoque set quant_venda = quant_venda + 10, quant_atual = quant_atual - 10 where id = 37; 
update estoque_total set total = total - 10 where medicamento_id = 1860; 
insert into itens_venda (venda_id, medicamento_id, estoque_id, quantidade, desconto, total) values (8, 9237, 154, 1, 7.30, 726.93); 
update estoque set quant_venda = quant_venda + 1, quant_atual = quant_atual - 1 where id = 154; 
update estoque_total set total = total - 1 where medicamento_id = 9237; 
insert into itens_venda (venda_id, medicamento_id, estoque_id, quantidade, desconto, total) values (8, 9188, 119, 5, 24.60, 283.65); 
update estoque set quant_venda = quant_venda + 5, quant_atual = quant_atual - 5 where id = 119; 
update estoque_total set total = total - 5 where medicamento_id = 9188; 
insert into estoque (medicamento_id, lote, data, validade, preco, quant_inicial, quant_atual) values (9237, 'lote 216261', '2023-08-09', '2025-08-31', 382.1, 2, 2); 
update estoque_total set total = total + 2 where medicamento_id = 9237; 
insert into estoque (medicamento_id, lote, data, validade, preco, quant_inicial, quant_atual) values (9188, 'lote 129823', '2023-08-09', '2025-08-31', 32.0, 14, 14); 
update estoque_total set total = total + 14 where medicamento_id = 9188; 

insert into venda (profissional_id, time_stamp, total) values (22, '2023-08-09 14:08:05', 619.48); 
insert into itens_venda (venda_id, medicamento_id, estoque_id, quantidade, desconto, total) values (9, 10184, 202, 4, 18.30, 185.86); 
update estoque set quant_venda = quant_venda + 4, quant_atual = quant_atual - 4 where id = 202; 
update estoque_total set total = total - 4 where medicamento_id = 10184; 
insert into itens_venda (venda_id, medicamento_id, estoque_id, quantidade, desconto, total) values (9, 91, 2, 4, 0.00, 331.04); 
update estoque set quant_venda = quant_venda + 4, quant_atual = quant_atual - 4 where id = 2; 
update estoque_total set total = total - 4 where medicamento_id = 91; 
insert into itens_venda (venda_id, medicamento_id, estoque_id, quantidade, desconto, total) values (9, 10157, 182, 2, 2.00, 102.58); 
update estoque set quant_venda = quant_venda + 2, quant_atual = quant_atual - 2 where id = 182; 
update estoque_total set total = total - 2 where medicamento_id = 10157; 

insert into venda (cliente_id, profissional_id, time_stamp, total) values (1, 24, '2023-08-11 00:00:33', 182.83); 
insert into itens_venda (venda_id, medicamento_id, estoque_id, quantidade, desconto, total) values (10, 2776, 83, 7, 9.60, 182.83); 
update estoque set quant_venda = quant_venda + 7, quant_atual = quant_atual - 7 where id = 83; 
update estoque_total set total = total - 7 where medicamento_id = 2776; 

insert into venda (time_stamp, total) values ('2023-08-11 02:39:59', 1967.60); 
insert into itens_venda (venda_id, medicamento_id, estoque_id, quantidade, desconto, total) values (11, 9216, 136, 2, 0.00, 1316.10); 
update estoque set quant_venda = quant_venda + 2, quant_atual = quant_atual - 2 where id = 136; 
update estoque_total set total = total - 2 where medicamento_id = 9216; 
insert into itens_venda (venda_id, medicamento_id, estoque_id, quantidade, desconto, total) values (11, 9201, 125, 2, 6.50, 651.50); 
update estoque set quant_venda = quant_venda + 2, quant_atual = quant_atual - 2 where id = 125; 
update estoque_total set total = total - 2 where medicamento_id = 9201; 
insert into estoque (medicamento_id, lote, data, validade, preco, quant_inicial, quant_atual) values (9216, 'lote 918693', '2023-08-11', '2025-08-31', 342.5, 6, 6); 
update estoque_total set total = total + 6 where medicamento_id = 9216; 

insert into venda (cliente_id, time_stamp, total) values (11, '2023-08-11 04:52:10', 104.32); 
insert into itens_venda (venda_id, medicamento_id, estoque_id, quantidade, desconto, total) values (12, 9179, 115, 2, 15.50, 104.32); 
update estoque set quant_venda = quant_venda + 2, quant_atual = quant_atual - 2 where id = 115; 
update estoque_total set total = total - 2 where medicamento_id = 9179; 
insert into estoque (medicamento_id, lote, data, validade, preco, quant_inicial, quant_atual) values (9179, 'lote 999737', '2023-08-11', '2025-08-31', 31.1, 10, 10); 
update estoque_total set total = total + 10 where medicamento_id = 9179; 

insert into venda (profissional_id, time_stamp, total) values (22, '2023-08-11 06:13:59', 158.82); 
insert into itens_venda (venda_id, medicamento_id, estoque_id, quantidade, desconto, total) values (13, 10197, 215, 7, 13.80, 158.82); 
update estoque set quant_venda = quant_venda + 7, quant_atual = quant_atual - 7 where id = 215; 
update estoque_total set total = total - 7 where medicamento_id = 10197; 

insert into venda (cliente_id, time_stamp, total) values (7, '2023-08-12 17:15:01', 131.54); 
insert into itens_venda (venda_id, medicamento_id, estoque_id, quantidade, desconto, total) values (14, 352, 7, 6, 13.00, 131.54); 
update estoque set quant_venda = quant_venda + 6, quant_atual = quant_atual - 6 where id = 7; 
update estoque_total set total = total - 6 where medicamento_id = 352; 

insert into venda (cliente_id, profissional_id, time_stamp, total) values (13, 21, '2023-08-12 18:57:45', 376.42); 
insert into itens_venda (venda_id, medicamento_id, estoque_id, quantidade, desconto, total) values (15, 356, 10, 5, 4.50, 86.20); 
update estoque set quant_venda = quant_venda + 5, quant_atual = quant_atual - 5 where id = 10; 
update estoque_total set total = total - 5 where medicamento_id = 356; 
insert into itens_venda (venda_id, medicamento_id, estoque_id, quantidade, desconto, total) values (15, 10151, 176, 2, 63.60, 290.22); 
update estoque set quant_venda = quant_venda + 2, quant_atual = quant_atual - 2 where id = 176; 
update estoque_total set total = total - 2 where medicamento_id = 10151; 
insert into estoque (medicamento_id, lote, data, validade, preco, quant_inicial, quant_atual) values (356, 'lote 384291', '2023-08-12', '2024-08-31', 7.7, 3, 3); 
update estoque_total set total = total + 3 where medicamento_id = 356; 

insert into venda (cliente_id, profissional_id, time_stamp, total) values (10, 23, '2023-08-14 05:35:24', 367.26); 
insert into itens_venda (venda_id, medicamento_id, estoque_id, quantidade, desconto, total) values (16, 1531, 23, 5, 43.10, 316.20); 
update estoque set quant_venda = quant_venda + 5, quant_atual = quant_atual - 5 where id = 23; 
update estoque_total set total = total - 5 where medicamento_id = 1531; 
insert into itens_venda (venda_id, medicamento_id, estoque_id, quantidade, desconto, total) values (16, 10160, 185, 1, 16.00, 51.06); 
update estoque set quant_venda = quant_venda + 1, quant_atual = quant_atual - 1 where id = 185; 
update estoque_total set total = total - 1 where medicamento_id = 10160; 

insert into venda (cliente_id, time_stamp, total) values (2, '2023-08-14 05:48:30', 44.08); 
insert into itens_venda (venda_id, medicamento_id, estoque_id, quantidade, desconto, total) values (17, 2792, 96, 3, 18.80, 44.08); 
update estoque set quant_venda = quant_venda + 3, quant_atual = quant_atual - 3 where id = 96; 
update estoque_total set total = total - 3 where medicamento_id = 2792; 

insert into venda (cliente_id, profissional_id, time_stamp, total) values (7, 22, '2023-08-14 07:24:31', 451.19); 
insert into itens_venda (venda_id, medicamento_id, estoque_id, quantidade, desconto, total) values (18, 90, 1, 6, 11.90, 226.18); 
update estoque set quant_venda = quant_venda + 6, quant_atual = quant_atual - 6 where id = 1; 
update estoque_total set total = total - 6 where medicamento_id = 90; 
insert into itens_venda (venda_id, medicamento_id, estoque_id, quantidade, desconto, total) values (18, 10129, 165, 1, 84.70, 150.71); 
update estoque set quant_venda = quant_venda + 1, quant_atual = quant_atual - 1 where id = 165; 
update estoque_total set total = total - 1 where medicamento_id = 10129; 
insert into itens_venda (venda_id, medicamento_id, estoque_id, quantidade, desconto, total) values (18, 1868, 45, 5, 7.30, 74.30); 
update estoque set quant_venda = quant_venda + 5, quant_atual = quant_atual - 5 where id = 45; 
update estoque_total set total = total - 5 where medicamento_id = 1868; 

insert into venda (cliente_id, profissional_id, time_stamp, total) values (20, 22, '2023-08-14 08:21:29', 806.22); 
insert into itens_venda (venda_id, medicamento_id, estoque_id, quantidade, desconto, total) values (19, 10179, 197, 3, 216.40, 585.32); 
update estoque set quant_venda = quant_venda + 3, quant_atual = quant_atual - 3 where id = 197; 
update estoque_total set total = total - 3 where medicamento_id = 10179; 
insert into itens_venda (venda_id, medicamento_id, estoque_id, quantidade, desconto, total) values (19, 1864, 41, 10, 33.00, 220.90); 
update estoque set quant_venda = quant_venda + 10, quant_atual = quant_atual - 10 where id = 41; 
update estoque_total set total = total - 10 where medicamento_id = 1864; 

insert into venda (cliente_id, profissional_id, time_stamp, total) values (6, 25, '2023-08-15 19:57:34', 758.74); 
insert into itens_venda (venda_id, medicamento_id, estoque_id, quantidade, desconto, total) values (20, 9211, 131, 2, 115.10, 213.98); 
update estoque set quant_venda = quant_venda + 2, quant_atual = quant_atual - 2 where id = 131; 
update estoque_total set total = total - 2 where medicamento_id = 9211; 
insert into itens_venda (venda_id, medicamento_id, estoque_id, quantidade, desconto, total) values (20, 10181, 199, 1, 284.90, 465.04); 
update estoque set quant_venda = quant_venda + 1, quant_atual = quant_atual - 1 where id = 199; 
update estoque_total set total = total - 1 where medicamento_id = 10181; 
insert into itens_venda (venda_id, medicamento_id, estoque_id, quantidade, desconto, total) values (20, 357, 11, 3, 0.80, 79.72); 
update estoque set quant_venda = quant_venda + 3, quant_atual = quant_atual - 3 where id = 11; 
update estoque_total set total = total - 3 where medicamento_id = 357; 
insert into estoque (medicamento_id, lote, data, validade, preco, quant_inicial, quant_atual) values (357, 'lote 827486', '2023-08-15', '2024-08-31', 11.5, 15, 15); 
update estoque_total set total = total + 15 where medicamento_id = 357; 

insert into venda (cliente_id, profissional_id, time_stamp, total) values (5, 24, '2023-08-15 23:21:49', 208.46); 
insert into itens_venda (venda_id, medicamento_id, estoque_id, quantidade, desconto, total) values (21, 2774, 81, 2, 89.30, 208.46); 
update estoque set quant_venda = quant_venda + 2, quant_atual = quant_atual - 2 where id = 81; 
update estoque_total set total = total - 2 where medicamento_id = 2774; 

insert into venda (cliente_id, profissional_id, time_stamp, total) values (9, 24, '2023-08-16 00:07:20', 1308.22); 
insert into itens_venda (venda_id, medicamento_id, estoque_id, quantidade, desconto, total) values (22, 10191, 209, 2, 540.50, 1261.24); 
update estoque set quant_venda = quant_venda + 2, quant_atual = quant_atual - 2 where id = 209; 
update estoque_total set total = total - 2 where medicamento_id = 10191; 
insert into itens_venda (venda_id, medicamento_id, estoque_id, quantidade, desconto, total) values (22, 532, 14, 8, 19.10, 46.98); 
update estoque set quant_venda = quant_venda + 8, quant_atual = quant_atual - 8 where id = 14; 
update estoque_total set total = total - 8 where medicamento_id = 532; 

insert into venda (time_stamp, total) values ('2023-08-16 03:18:44', 117.02); 
insert into itens_venda (venda_id, medicamento_id, estoque_id, quantidade, desconto, total) values (23, 2788, 94, 2, 11.50, 117.02); 
update estoque set quant_venda = quant_venda + 2, quant_atual = quant_atual - 2 where id = 94; 
update estoque_total set total = total - 2 where medicamento_id = 2788; 

insert into venda (cliente_id, profissional_id, time_stamp, total) values (3, 21, '2023-08-19 23:44:33', 743.91); 
insert into itens_venda (venda_id, medicamento_id, estoque_id, quantidade, desconto, total) values (24, 2620, 66, 1, 15.10, 743.91); 
update estoque set quant_venda = quant_venda + 1, quant_atual = quant_atual - 1 where id = 66; 
update estoque_total set total = total - 1 where medicamento_id = 2620; 
insert into estoque (medicamento_id, lote, data, validade, preco, quant_inicial, quant_atual) values (2620, 'lote 606537', '2023-08-19', '2025-08-31', 296.0, 4, 4); 
update estoque_total set total = total + 4 where medicamento_id = 2620; 

insert into venda (profissional_id, time_stamp, total) values (24, '2023-08-20 02:02:46', 322.01); 
insert into itens_venda (venda_id, medicamento_id, estoque_id, quantidade, desconto, total) values (25, 10184, 202, 2, 6.10, 95.98); 
update estoque set quant_venda = quant_venda + 2, quant_atual = quant_atual - 2 where id = 202; 
update estoque_total set total = total - 2 where medicamento_id = 10184; 
insert into itens_venda (venda_id, medicamento_id, estoque_id, quantidade, desconto, total) values (25, 1880, 51, 7, 0.00, 164.01); 
update estoque set quant_venda = quant_venda + 7, quant_atual = quant_atual - 7 where id = 51; 
update estoque_total set total = total - 7 where medicamento_id = 1880; 
insert into itens_venda (venda_id, medicamento_id, estoque_id, quantidade, desconto, total) values (25, 1873, 48, 4, 6.10, 62.02); 
update estoque set quant_venda = quant_venda + 4, quant_atual = quant_atual - 4 where id = 48; 
update estoque_total set total = total - 4 where medicamento_id = 1873; 
insert into estoque (medicamento_id, lote, data, validade, preco, quant_inicial, quant_atual) values (10184, 'lote 727562', '2023-08-20', '2025-08-31', 23.3, 2, 2); 
update estoque_total set total = total + 2 where medicamento_id = 10184; 

insert into venda (cliente_id, profissional_id, time_stamp, total) values (8, 21, '2023-08-20 02:44:16', 20.04); 
insert into itens_venda (venda_id, medicamento_id, estoque_id, quantidade, desconto, total) values (26, 10147, 175, 1, 9.40, 20.04); 
update estoque set quant_venda = quant_venda + 1, quant_atual = quant_atual - 1 where id = 175; 
update estoque_total set total = total - 1 where medicamento_id = 10147; 

insert into venda (cliente_id, profissional_id, time_stamp, total) values (5, 24, '2023-08-20 06:31:12', 643.07); 
insert into itens_venda (venda_id, medicamento_id, estoque_id, quantidade, desconto, total) values (27, 10187, 205, 1, 275.60, 643.07); 
update estoque set quant_venda = quant_venda + 1, quant_atual = quant_atual - 1 where id = 205; 
update estoque_total set total = total - 1 where medicamento_id = 10187; 
insert into estoque (medicamento_id, lote, data, validade, preco, quant_inicial, quant_atual) values (10187, 'lote 485478', '2023-08-20', '2025-08-31', 419.4, 2, 2); 
update estoque_total set total = total + 2 where medicamento_id = 10187; 

insert into venda (time_stamp, total) values ('2023-08-21 10:47:35', 135.02); 
insert into itens_venda (venda_id, medicamento_id, estoque_id, quantidade, desconto, total) values (28, 2780, 87, 6, 13.30, 135.02); 
update estoque set quant_venda = quant_venda + 6, quant_atual = quant_atual - 6 where id = 87; 
update estoque_total set total = total - 6 where medicamento_id = 2780; 

insert into venda (time_stamp, total) values ('2023-08-22 12:13:30', 293.72); 
insert into itens_venda (venda_id, medicamento_id, estoque_id, quantidade, desconto, total) values (29, 9221, 138, 2, 4.80, 239.30); 
update estoque set quant_venda = quant_venda + 2, quant_atual = quant_atual - 2 where id = 138; 
update estoque_total set total = total - 2 where medicamento_id = 9221; 
insert into itens_venda (venda_id, medicamento_id, estoque_id, quantidade, desconto, total) values (29, 356, 226, 3, 0.00, 54.42); 
update estoque set quant_venda = quant_venda + 3, quant_atual = quant_atual - 3 where id = 226; 
update estoque_total set total = total - 3 where medicamento_id = 356; 
insert into estoque (medicamento_id, lote, data, validade, preco, quant_inicial, quant_atual) values (356, 'lote 937687', '2023-08-22', '2024-09-30', 7.7, 27, 27); 
update estoque_total set total = total + 27 where medicamento_id = 356; 

insert into venda (time_stamp, total) values ('2023-08-22 15:58:08', 44.06); 
insert into itens_venda (venda_id, medicamento_id, estoque_id, quantidade, desconto, total) values (30, 1880, 51, 2, 2.80, 44.06); 
update estoque set quant_venda = quant_venda + 2, quant_atual = quant_atual - 2 where id = 51; 
update estoque_total set total = total - 2 where medicamento_id = 1880; 

insert into venda (cliente_id, time_stamp, total) values (13, '2023-08-24 00:44:08', 261.92); 
insert into itens_venda (venda_id, medicamento_id, estoque_id, quantidade, desconto, total) values (31, 1880, 51, 9, 25.30, 185.57); 
update estoque set quant_venda = quant_venda + 9, quant_atual = quant_atual - 9 where id = 51; 
update estoque_total set total = total - 9 where medicamento_id = 1880; 
insert into itens_venda (venda_id, medicamento_id, estoque_id, quantidade, desconto, total) values (31, 2366, 58, 1, 28.20, 76.35); 
update estoque set quant_venda = quant_venda + 1, quant_atual = quant_atual - 1 where id = 58; 
update estoque_total set total = total - 1 where medicamento_id = 2366; 

insert into venda (profissional_id, time_stamp, total) values (22, '2023-08-24 02:02:49', 463.00); 
insert into itens_venda (venda_id, medicamento_id, estoque_id, quantidade, desconto, total) values (32, 10146, 174, 2, 9.30, 147.08); 
update estoque set quant_venda = quant_venda + 2, quant_atual = quant_atual - 2 where id = 174; 
update estoque_total set total = total - 2 where medicamento_id = 10146; 
insert into itens_venda (venda_id, medicamento_id, estoque_id, quantidade, desconto, total) values (32, 9172, 112, 2, 13.10, 315.92); 
update estoque set quant_venda = quant_venda + 2, quant_atual = quant_atual - 2 where id = 112; 
update estoque_total set total = total - 2 where medicamento_id = 9172; 

insert into venda (time_stamp, total) values ('2023-08-24 02:29:08', 433.63); 
insert into itens_venda (venda_id, medicamento_id, estoque_id, quantidade, desconto, total) values (33, 9179, 225, 5, 8.90, 290.65); 
update estoque set quant_venda = quant_venda + 5, quant_atual = quant_atual - 5 where id = 225; 
update estoque_total set total = total - 5 where medicamento_id = 9179; 
insert into itens_venda (venda_id, medicamento_id, estoque_id, quantidade, desconto, total) values (33, 6805, 97, 8, 10.70, 142.98); 
update estoque set quant_venda = quant_venda + 8, quant_atual = quant_atual - 8 where id = 97; 
update estoque_total set total = total - 8 where medicamento_id = 6805; 

insert into venda (cliente_id, profissional_id, time_stamp, total) values (4, 25, '2023-08-24 06:17:23', 166.98); 
insert into itens_venda (venda_id, medicamento_id, estoque_id, quantidade, desconto, total) values (34, 10160, 185, 3, 34.20, 166.98); 
update estoque set quant_venda = quant_venda + 3, quant_atual = quant_atual - 3 where id = 185; 
update estoque_total set total = total - 3 where medicamento_id = 10160; 

insert into venda (cliente_id, time_stamp, total) values (10, '2023-08-25 13:58:04', 40.15); 
insert into itens_venda (venda_id, medicamento_id, estoque_id, quantidade, desconto, total) values (35, 9188, 119, 1, 21.50, 40.15); 
update estoque set quant_venda = quant_venda + 1, quant_atual = quant_atual - 1 where id = 119; 
update estoque_total set total = total - 1 where medicamento_id = 9188; 
insert into estoque (medicamento_id, lote, data, validade, preco, quant_inicial, quant_atual) values (9188, 'lote 369072', '2023-08-25', '2025-08-31', 32.0, 10, 10); 
update estoque_total set total = total + 10 where medicamento_id = 9188; 

insert into venda (time_stamp, total) values ('2023-08-27 22:44:09', 399.42); 
insert into itens_venda (venda_id, medicamento_id, estoque_id, quantidade, desconto, total) values (36, 2785, 92, 2, 21.00, 399.42); 
update estoque set quant_venda = quant_venda + 2, quant_atual = quant_atual - 2 where id = 92; 
update estoque_total set total = total - 2 where medicamento_id = 2785; 

insert into venda (cliente_id, profissional_id, time_stamp, total) values (17, 24, '2023-08-28 01:42:11', 770.95); 
insert into itens_venda (venda_id, medicamento_id, estoque_id, quantidade, desconto, total) values (37, 2365, 57, 4, 51.70, 155.38); 
update estoque set quant_venda = quant_venda + 4, quant_atual = quant_atual - 4 where id = 57; 
update estoque_total set total = total - 4 where medicamento_id = 2365; 
insert into itens_venda (venda_id, medicamento_id, estoque_id, quantidade, desconto, total) values (37, 10187, 205, 1, 303.10, 615.57); 
update estoque set quant_venda = quant_venda + 1, quant_atual = quant_atual - 1 where id = 205; 
update estoque_total set total = total - 1 where medicamento_id = 10187; 
insert into estoque (medicamento_id, lote, data, validade, preco, quant_inicial, quant_atual) values (2365, 'lote 897500', '2023-08-28', '2025-08-31', 20.0, 14, 14); 
update estoque_total set total = total + 14 where medicamento_id = 2365; 
insert into estoque (medicamento_id, lote, data, validade, preco, quant_inicial, quant_atual) values (10187, 'lote 591007', '2023-08-28', '2025-08-31', 419.4, 4, 4); 
update estoque_total set total = total + 4 where medicamento_id = 10187; 

insert into venda (cliente_id, time_stamp, total) values (5, '2023-08-29 07:46:34', 266.84); 
insert into itens_venda (venda_id, medicamento_id, estoque_id, quantidade, desconto, total) values (38, 356, 10, 2, 12.60, 23.68); 
update estoque set quant_venda = quant_venda + 2, quant_atual = quant_atual - 2 where id = 10; 
update estoque_total set total = total - 2 where medicamento_id = 356; 
insert into itens_venda (venda_id, medicamento_id, estoque_id, quantidade, desconto, total) values (38, 1864, 41, 2, 11.60, 39.18); 
update estoque set quant_venda = quant_venda + 2, quant_atual = quant_atual - 2 where id = 41; 
update estoque_total set total = total - 2 where medicamento_id = 1864; 
insert into itens_venda (venda_id, medicamento_id, estoque_id, quantidade, desconto, total) values (38, 9199, 123, 1, 124.90, 203.98); 
update estoque set quant_venda = quant_venda + 1, quant_atual = quant_atual - 1 where id = 123; 
update estoque_total set total = total - 1 where medicamento_id = 9199; 
insert into estoque (medicamento_id, lote, data, validade, preco, quant_inicial, quant_atual) values (356, 'lote 537026', '2023-08-29', '2024-08-31', 7.7, 35, 35); 
update estoque_total set total = total + 35 where medicamento_id = 356; 

insert into venda (cliente_id, profissional_id, time_stamp, total) values (8, 21, '2023-08-29 10:26:30', 1646.43); 
insert into itens_venda (venda_id, medicamento_id, estoque_id, quantidade, desconto, total) values (39, 10145, 173, 9, 121.50, 216.00); 
update estoque set quant_venda = quant_venda + 9, quant_atual = quant_atual - 9 where id = 173; 
update estoque_total set total = total - 9 where medicamento_id = 10145; 
insert into itens_venda (venda_id, medicamento_id, estoque_id, quantidade, desconto, total) values (39, 10152, 177, 5, 127.00, 850.30); 
update estoque set quant_venda = quant_venda + 5, quant_atual = quant_atual - 5 where id = 177; 
update estoque_total set total = total - 5 where medicamento_id = 10152; 
insert into itens_venda (venda_id, medicamento_id, estoque_id, quantidade, desconto, total) values (39, 9237, 154, 1, 154.10, 580.13); 
update estoque set quant_venda = quant_venda + 1, quant_atual = quant_atual - 1 where id = 154; 
update estoque_total set total = total - 1 where medicamento_id = 9237; 
insert into estoque (medicamento_id, lote, data, validade, preco, quant_inicial, quant_atual) values (9237, 'lote 404937', '2023-08-29', '2025-08-31', 382.1, 2, 2); 
update estoque_total set total = total + 2 where medicamento_id = 9237; 

insert into venda (cliente_id, time_stamp, total) values (15, '2023-08-29 11:35:26', 793.59); 
insert into itens_venda (venda_id, medicamento_id, estoque_id, quantidade, desconto, total) values (40, 1537, 25, 6, 80.70, 207.84); 
update estoque set quant_venda = quant_venda + 6, quant_atual = quant_atual - 6 where id = 25; 
update estoque_total set total = total - 6 where medicamento_id = 1537; 
insert into itens_venda (venda_id, medicamento_id, estoque_id, quantidade, desconto, total) values (40, 9216, 224, 1, 72.30, 585.75); 
update estoque set quant_venda = quant_venda + 1, quant_atual = quant_atual - 1 where id = 224; 
update estoque_total set total = total - 1 where medicamento_id = 9216; 
insert into estoque (medicamento_id, lote, data, validade, preco, quant_inicial, quant_atual) values (1537, 'lote 573785', '2023-08-29', '2025-08-31', 25.0, 2, 2); 
update estoque_total set total = total + 2 where medicamento_id = 1537; 

insert into venda (cliente_id, profissional_id, time_stamp, total) values (17, 25, '2023-08-30 20:27:38', 168.21); 
insert into itens_venda (venda_id, medicamento_id, estoque_id, quantidade, desconto, total) values (41, 10171, 189, 9, 20.70, 168.21); 
update estoque set quant_venda = quant_venda + 9, quant_atual = quant_atual - 9 where id = 189; 
update estoque_total set total = total - 9 where medicamento_id = 10171; 

insert into venda (time_stamp, total) values ('2023-08-30 21:05:18', 928.26); 
insert into itens_venda (venda_id, medicamento_id, estoque_id, quantidade, desconto, total) values (42, 9171, 111, 2, 59.20, 928.26); 
update estoque set quant_venda = quant_venda + 2, quant_atual = quant_atual - 2 where id = 111; 
update estoque_total set total = total - 2 where medicamento_id = 9171; 

insert into venda (cliente_id, profissional_id, time_stamp, total) values (5, 25, '2023-08-30 21:26:11', 983.34); 
insert into itens_venda (venda_id, medicamento_id, estoque_id, quantidade, desconto, total) values (43, 9146, 107, 3, 71.30, 820.42); 
update estoque set quant_venda = quant_venda + 3, quant_atual = quant_atual - 3 where id = 107; 
update estoque_total set total = total - 3 where medicamento_id = 9146; 
insert into itens_venda (venda_id, medicamento_id, estoque_id, quantidade, desconto, total) values (43, 10171, 189, 8, 5.00, 162.92); 
update estoque set quant_venda = quant_venda + 8, quant_atual = quant_atual - 8 where id = 189; 
update estoque_total set total = total - 8 where medicamento_id = 10171; 

insert into venda (profissional_id, time_stamp, total) values (25, '2023-08-30 21:48:49', 1741.06); 
insert into itens_venda (venda_id, medicamento_id, estoque_id, quantidade, desconto, total) values (44, 10181, 199, 2, 29.90, 1469.98); 
update estoque set quant_venda = quant_venda + 2, quant_atual = quant_atual - 2 where id = 199; 
update estoque_total set total = total - 2 where medicamento_id = 10181; 
insert into itens_venda (venda_id, medicamento_id, estoque_id, quantidade, desconto, total) values (44, 10125, 163, 6, 20.40, 271.08); 
update estoque set quant_venda = quant_venda + 6, quant_atual = quant_atual - 6 where id = 163; 
update estoque_total set total = total - 6 where medicamento_id = 10125; 

insert into venda (cliente_id, profissional_id, time_stamp, total) values (6, 24, '2023-09-01 07:19:40', 963.04); 
insert into itens_venda (venda_id, medicamento_id, estoque_id, quantidade, desconto, total) values (45, 10186, 204, 1, 57.10, 759.50); 
update estoque set quant_venda = quant_venda + 1, quant_atual = quant_atual - 1 where id = 204; 
update estoque_total set total = total - 1 where medicamento_id = 10186; 
insert into itens_venda (venda_id, medicamento_id, estoque_id, quantidade, desconto, total) values (45, 2365, 57, 2, 18.60, 84.94); 
update estoque set quant_venda = quant_venda + 2, quant_atual = quant_atual - 2 where id = 57; 
update estoque_total set total = total - 2 where medicamento_id = 2365; 
insert into itens_venda (venda_id, medicamento_id, estoque_id, quantidade, desconto, total) values (45, 2779, 86, 8, 63.80, 118.60); 
update estoque set quant_venda = quant_venda + 8, quant_atual = quant_atual - 8 where id = 86; 
update estoque_total set total = total - 8 where medicamento_id = 2779; 
insert into estoque (medicamento_id, lote, data, validade, preco, quant_inicial, quant_atual) values (2365, 'lote 426209', '2023-09-01', '2025-09-30', 20.0, 14, 14); 
update estoque_total set total = total + 14 where medicamento_id = 2365; 

insert into venda (time_stamp, total) values ('2023-09-01 07:49:27', 104.54); 
insert into itens_venda (venda_id, medicamento_id, estoque_id, quantidade, desconto, total) values (46, 1881, 52, 6, 4.30, 104.54); 
update estoque set quant_venda = quant_venda + 6, quant_atual = quant_atual - 6 where id = 52; 
update estoque_total set total = total - 6 where medicamento_id = 1881; 

insert into venda (time_stamp, total) values ('2023-09-01 08:50:27', 343.09); 
insert into itens_venda (venda_id, medicamento_id, estoque_id, quantidade, desconto, total) values (47, 2731, 77, 1, 1.60, 31.04); 
update estoque set quant_venda = quant_venda + 1, quant_atual = quant_atual - 1 where id = 77; 
update estoque_total set total = total - 1 where medicamento_id = 2731; 
insert into itens_venda (venda_id, medicamento_id, estoque_id, quantidade, desconto, total) values (47, 2733, 78, 5, 13.00, 312.05); 
update estoque set quant_venda = quant_venda + 5, quant_atual = quant_atual - 5 where id = 78; 
update estoque_total set total = total - 5 where medicamento_id = 2733; 

insert into venda (time_stamp, total) values ('2023-09-01 12:37:41', 227.35); 
insert into itens_venda (venda_id, medicamento_id, estoque_id, quantidade, desconto, total) values (48, 354, 8, 8, 8.30, 130.10); 
update estoque set quant_venda = quant_venda + 8, quant_atual = quant_atual - 8 where id = 8; 
update estoque_total set total = total - 8 where medicamento_id = 354; 
insert into itens_venda (venda_id, medicamento_id, estoque_id, quantidade, desconto, total) values (48, 2366, 58, 1, 7.30, 97.25); 
update estoque set quant_venda = quant_venda + 1, quant_atual = quant_atual - 1 where id = 58; 
update estoque_total set total = total - 1 where medicamento_id = 2366; 

insert into venda (cliente_id, profissional_id, time_stamp, total) values (12, 23, '2023-09-02 15:32:58', 3221.76); 
insert into itens_venda (venda_id, medicamento_id, estoque_id, quantidade, desconto, total) values (49, 10175, 193, 10, 20.20, 317.70); 
update estoque set quant_venda = quant_venda + 10, quant_atual = quant_atual - 10 where id = 193; 
update estoque_total set total = total - 10 where medicamento_id = 10175; 
insert into itens_venda (venda_id, medicamento_id, estoque_id, quantidade, desconto, total) values (49, 10166, 188, 3, 640.10, 2269.48); 
update estoque set quant_venda = quant_venda + 3, quant_atual = quant_atual - 3 where id = 188; 
update estoque_total set total = total - 3 where medicamento_id = 10166; 
insert into itens_venda (venda_id, medicamento_id, estoque_id, quantidade, desconto, total) values (49, 10190, 208, 1, 55.10, 634.58); 
update estoque set quant_venda = quant_venda + 1, quant_atual = quant_atual - 1 where id = 208; 
update estoque_total set total = total - 1 where medicamento_id = 10190; 

insert into venda (cliente_id, profissional_id, time_stamp, total) values (10, 24, '2023-09-03 20:13:22', 536.60); 
insert into itens_venda (venda_id, medicamento_id, estoque_id, quantidade, desconto, total) values (50, 1532, 24, 4, 108.10, 461.26); 
update estoque set quant_venda = quant_venda + 4, quant_atual = quant_atual - 4 where id = 24; 
update estoque_total set total = total - 4 where medicamento_id = 1532; 
insert into itens_venda (venda_id, medicamento_id, estoque_id, quantidade, desconto, total) values (50, 10153, 178, 6, 18.80, 75.34); 
update estoque set quant_venda = quant_venda + 6, quant_atual = quant_atual - 6 where id = 178; 
update estoque_total set total = total - 6 where medicamento_id = 10153; 

insert into venda (cliente_id, profissional_id, time_stamp, total) values (17, 25, '2023-09-03 21:33:21', 1455.84); 
insert into itens_venda (venda_id, medicamento_id, estoque_id, quantidade, desconto, total) values (51, 10183, 201, 2, 143.90, 1455.84); 
update estoque set quant_venda = quant_venda + 2, quant_atual = quant_atual - 2 where id = 201; 
update estoque_total set total = total - 2 where medicamento_id = 10183; 

insert into venda (cliente_id, time_stamp, total) values (18, '2023-09-03 21:36:16', 262.96); 
insert into itens_venda (venda_id, medicamento_id, estoque_id, quantidade, desconto, total) values (52, 1538, 26, 3, 19.70, 262.96); 
update estoque set quant_venda = quant_venda + 3, quant_atual = quant_atual - 3 where id = 26; 
update estoque_total set total = total - 3 where medicamento_id = 1538; 

insert into venda (cliente_id, time_stamp, total) values (12, '2023-09-03 22:28:40', 502.48); 
insert into itens_venda (venda_id, medicamento_id, estoque_id, quantidade, desconto, total) values (53, 1883, 54, 10, 42.60, 127.90); 
update estoque set quant_venda = quant_venda + 10, quant_atual = quant_atual - 10 where id = 54; 
update estoque_total set total = total - 10 where medicamento_id = 1883; 
insert into itens_venda (venda_id, medicamento_id, estoque_id, quantidade, desconto, total) values (53, 9146, 107, 2, 219.90, 374.58); 
update estoque set quant_venda = quant_venda + 2, quant_atual = quant_atual - 2 where id = 107; 
update estoque_total set total = total - 2 where medicamento_id = 9146; 
insert into estoque (medicamento_id, lote, data, validade, preco, quant_inicial, quant_atual) values (9146, 'lote 700424', '2023-09-03', '2025-09-30', 154.7, 5, 5); 
update estoque_total set total = total + 5 where medicamento_id = 9146; 

insert into venda (cliente_id, profissional_id, time_stamp, total) values (8, 25, '2023-09-06 03:19:43', 169.57); 
insert into itens_venda (venda_id, medicamento_id, estoque_id, quantidade, desconto, total) values (54, 1842, 33, 3, 10.80, 61.47); 
update estoque set quant_venda = quant_venda + 3, quant_atual = quant_atual - 3 where id = 33; 
update estoque_total set total = total - 3 where medicamento_id = 1842; 
insert into itens_venda (venda_id, medicamento_id, estoque_id, quantidade, desconto, total) values (54, 10126, 220, 5, 48.50, 108.10); 
update estoque set quant_venda = quant_venda + 5, quant_atual = quant_atual - 5 where id = 220; 
update estoque_total set total = total - 5 where medicamento_id = 10126; 
insert into estoque (medicamento_id, lote, data, validade, preco, quant_inicial, quant_atual) values (1842, 'lote 803078', '2023-09-06', '2024-09-30', 10.3, 11, 11); 
update estoque_total set total = total + 11 where medicamento_id = 1842; 

insert into venda (cliente_id, profissional_id, time_stamp, total) values (10, 22, '2023-09-08 11:45:37', 1765.74); 
insert into itens_venda (venda_id, medicamento_id, estoque_id, quantidade, desconto, total) values (55, 10191, 209, 2, 36.00, 1765.74); 
update estoque set quant_venda = quant_venda + 2, quant_atual = quant_atual - 2 where id = 209; 
update estoque_total set total = total - 2 where medicamento_id = 10191; 
insert into estoque (medicamento_id, lote, data, validade, preco, quant_inicial, quant_atual) values (10191, 'lote 707794', '2023-09-08', '2025-09-30', 411.3, 4, 4); 
update estoque_total set total = total + 4 where medicamento_id = 10191; 

insert into venda (cliente_id, profissional_id, time_stamp, total) values (17, 22, '2023-09-08 13:39:26', 363.13); 
insert into itens_venda (venda_id, medicamento_id, estoque_id, quantidade, desconto, total) values (56, 342, 5, 1, 120.10, 294.07); 
update estoque set quant_venda = quant_venda + 1, quant_atual = quant_atual - 1 where id = 5; 
update estoque_total set total = total - 1 where medicamento_id = 342; 
insert into itens_venda (venda_id, medicamento_id, estoque_id, quantidade, desconto, total) values (56, 90, 1, 2, 10.30, 69.06); 
update estoque set quant_venda = quant_venda + 2, quant_atual = quant_atual - 2 where id = 1; 
update estoque_total set total = total - 2 where medicamento_id = 90; 

insert into venda (profissional_id, time_stamp, total) values (21, '2023-09-08 15:26:23', 1941.64); 
insert into itens_venda (venda_id, medicamento_id, estoque_id, quantidade, desconto, total) values (57, 10187, 230, 2, 0.00, 1837.34); 
update estoque set quant_venda = quant_venda + 2, quant_atual = quant_atual - 2 where id = 230; 
update estoque_total set total = total - 2 where medicamento_id = 10187; 
insert into itens_venda (venda_id, medicamento_id, estoque_id, quantidade, desconto, total) values (57, 9210, 130, 2, 5.40, 104.30); 
update estoque set quant_venda = quant_venda + 2, quant_atual = quant_atual - 2 where id = 130; 
update estoque_total set total = total - 2 where medicamento_id = 9210; 
insert into estoque (medicamento_id, lote, data, validade, preco, quant_inicial, quant_atual) values (10187, 'lote 272078', '2023-09-08', '2025-09-30', 419.4, 6, 6); 
update estoque_total set total = total + 6 where medicamento_id = 10187; 
insert into estoque (medicamento_id, lote, data, validade, preco, quant_inicial, quant_atual) values (9210, 'lote 378297', '2023-09-08', '2025-09-30', 28.5, 6, 6); 
update estoque_total set total = total + 6 where medicamento_id = 9210; 

insert into venda (time_stamp, total) values ('2023-09-08 15:56:21', 570.06); 
insert into itens_venda (venda_id, medicamento_id, estoque_id, quantidade, desconto, total) values (58, 1873, 48, 8, 9.50, 126.74); 
update estoque set quant_venda = quant_venda + 8, quant_atual = quant_atual - 8 where id = 48; 
update estoque_total set total = total - 8 where medicamento_id = 1873; 
insert into itens_venda (venda_id, medicamento_id, estoque_id, quantidade, desconto, total) values (58, 562, 17, 3, 13.70, 443.32); 
update estoque set quant_venda = quant_venda + 3, quant_atual = quant_atual - 3 where id = 17; 
update estoque_total set total = total - 3 where medicamento_id = 562; 

insert into venda (cliente_id, profissional_id, time_stamp, total) values (15, 25, '2023-09-09 19:37:09', 129.05); 
insert into itens_venda (venda_id, medicamento_id, estoque_id, quantidade, desconto, total) values (59, 10131, 167, 5, 17.60, 41.20); 
update estoque set quant_venda = quant_venda + 5, quant_atual = quant_atual - 5 where id = 167; 
update estoque_total set total = total - 5 where medicamento_id = 10131; 
insert into itens_venda (venda_id, medicamento_id, estoque_id, quantidade, desconto, total) values (59, 2366, 58, 1, 16.70, 87.85); 
update estoque set quant_venda = quant_venda + 1, quant_atual = quant_atual - 1 where id = 58; 
update estoque_total set total = total - 1 where medicamento_id = 2366; 

insert into venda (cliente_id, time_stamp, total) values (15, '2023-09-11 00:39:29', 95.70); 
insert into itens_venda (venda_id, medicamento_id, estoque_id, quantidade, desconto, total) values (60, 1883, 54, 4, 16.30, 51.90); 
update estoque set quant_venda = quant_venda + 4, quant_atual = quant_atual - 4 where id = 54; 
update estoque_total set total = total - 4 where medicamento_id = 1883; 
insert into itens_venda (venda_id, medicamento_id, estoque_id, quantidade, desconto, total) values (60, 2791, 95, 7, 5.90, 43.80); 
update estoque set quant_venda = quant_venda + 7, quant_atual = quant_atual - 7 where id = 95; 
update estoque_total set total = total - 7 where medicamento_id = 2791; 

insert into venda (cliente_id, time_stamp, total) values (12, '2023-09-11 00:50:53', 310.17); 
insert into itens_venda (venda_id, medicamento_id, estoque_id, quantidade, desconto, total) values (61, 2786, 93, 10, 45.70, 172.30); 
update estoque set quant_venda = quant_venda + 10, quant_atual = quant_atual - 10 where id = 93; 
update estoque_total set total = total - 10 where medicamento_id = 2786; 
insert into itens_venda (venda_id, medicamento_id, estoque_id, quantidade, desconto, total) values (61, 1880, 51, 6, 49.20, 91.38); 
update estoque set quant_venda = quant_venda + 6, quant_atual = quant_atual - 6 where id = 51; 
update estoque_total set total = total - 6 where medicamento_id = 1880; 
insert into itens_venda (venda_id, medicamento_id, estoque_id, quantidade, desconto, total) values (61, 1880, 51, 3, 23.80, 46.49); 
update estoque set quant_venda = quant_venda + 3, quant_atual = quant_atual - 3 where id = 51; 
update estoque_total set total = total - 3 where medicamento_id = 1880; 

insert into venda (cliente_id, profissional_id, time_stamp, total) values (13, 21, '2023-09-13 12:59:18', 68.04); 
insert into itens_venda (venda_id, medicamento_id, estoque_id, quantidade, desconto, total) values (62, 10124, 162, 3, 7.50, 68.04); 
update estoque set quant_venda = quant_venda + 3, quant_atual = quant_atual - 3 where id = 162; 
update estoque_total set total = total - 3 where medicamento_id = 10124; 

insert into venda (time_stamp, total) values ('2023-09-13 15:12:27', 468.38); 
insert into itens_venda (venda_id, medicamento_id, estoque_id, quantidade, desconto, total) values (63, 356, 235, 8, 5.80, 139.32); 
update estoque set quant_venda = quant_venda + 8, quant_atual = quant_atual - 8 where id = 235; 
update estoque_total set total = total - 8 where medicamento_id = 356; 
insert into itens_venda (venda_id, medicamento_id, estoque_id, quantidade, desconto, total) values (63, 9212, 132, 1, 0.00, 329.06); 
update estoque set quant_venda = quant_venda + 1, quant_atual = quant_atual - 1 where id = 132; 
update estoque_total set total = total - 1 where medicamento_id = 9212; 

insert into venda (cliente_id, profissional_id, time_stamp, total) values (14, 21, '2023-09-14 22:38:59', 1974.29); 
insert into itens_venda (venda_id, medicamento_id, estoque_id, quantidade, desconto, total) values (64, 10187, 242, 3, 1019.70, 1736.31); 
update estoque set quant_venda = quant_venda + 3, quant_atual = quant_atual - 3 where id = 242; 
update estoque_total set total = total - 3 where medicamento_id = 10187; 
insert into itens_venda (venda_id, medicamento_id, estoque_id, quantidade, desconto, total) values (64, 9197, 121, 1, 1.00, 53.82); 
update estoque set quant_venda = quant_venda + 1, quant_atual = quant_atual - 1 where id = 121; 
update estoque_total set total = total - 1 where medicamento_id = 9197; 
insert into itens_venda (venda_id, medicamento_id, estoque_id, quantidade, desconto, total) values (64, 10157, 182, 4, 25.00, 184.16); 
update estoque set quant_venda = quant_venda + 4, quant_atual = quant_atual - 4 where id = 182; 
update estoque_total set total = total - 4 where medicamento_id = 10157; 
insert into estoque (medicamento_id, lote, data, validade, preco, quant_inicial, quant_atual) values (9197, 'lote 120539', '2023-09-14', '2025-09-30', 28.5, 2, 2); 
update estoque_total set total = total + 2 where medicamento_id = 9197; 
insert into estoque (medicamento_id, lote, data, validade, preco, quant_inicial, quant_atual) values (10157, 'lote 244283', '2023-09-14', '2025-09-30', 23.7, 2, 2); 
update estoque_total set total = total + 2 where medicamento_id = 10157; 

insert into venda (cliente_id, time_stamp, total) values (14, '2023-09-15 01:10:04', 1072.39); 
insert into itens_venda (venda_id, medicamento_id, estoque_id, quantidade, desconto, total) values (65, 9221, 138, 4, 14.60, 473.60); 
update estoque set quant_venda = quant_venda + 4, quant_atual = quant_atual - 4 where id = 138; 
update estoque_total set total = total - 4 where medicamento_id = 9221; 
insert into itens_venda (venda_id, medicamento_id, estoque_id, quantidade, desconto, total) values (65, 9202, 126, 1, 59.20, 598.79); 
update estoque set quant_venda = quant_venda + 1, quant_atual = quant_atual - 1 where id = 126; 
update estoque_total set total = total - 1 where medicamento_id = 9202; 

insert into venda (cliente_id, profissional_id, time_stamp, total) values (15, 22, '2023-09-16 15:01:54', 448.98); 
insert into itens_venda (venda_id, medicamento_id, estoque_id, quantidade, desconto, total) values (66, 10179, 197, 2, 85.50, 448.98); 
update estoque set quant_venda = quant_venda + 2, quant_atual = quant_atual - 2 where id = 197; 
update estoque_total set total = total - 2 where medicamento_id = 10179; 
insert into estoque (medicamento_id, lote, data, validade, preco, quant_inicial, quant_atual) values (10179, 'lote 726733', '2023-09-16', '2025-09-30', 122.0, 5, 5); 
update estoque_total set total = total + 5 where medicamento_id = 10179; 

insert into venda (cliente_id, time_stamp, total) values (5, '2023-09-16 16:38:43', 118.54); 
insert into itens_venda (venda_id, medicamento_id, estoque_id, quantidade, desconto, total) values (67, 9211, 131, 1, 46.00, 118.54); 
update estoque set quant_venda = quant_venda + 1, quant_atual = quant_atual - 1 where id = 131; 
update estoque_total set total = total - 1 where medicamento_id = 9211; 

insert into venda (profissional_id, time_stamp, total) values (22, '2023-09-16 17:03:34', 1886.72); 
insert into itens_venda (venda_id, medicamento_id, estoque_id, quantidade, desconto, total) values (68, 352, 7, 10, 2.40, 238.50); 
update estoque set quant_venda = quant_venda + 10, quant_atual = quant_atual - 10 where id = 7; 
update estoque_total set total = total - 10 where medicamento_id = 352; 
insert into itens_venda (venda_id, medicamento_id, estoque_id, quantidade, desconto, total) values (68, 9237, 222, 2, 44.00, 1424.46); 
update estoque set quant_venda = quant_venda + 2, quant_atual = quant_atual - 2 where id = 222; 
update estoque_total set total = total - 2 where medicamento_id = 9237; 
insert into itens_venda (venda_id, medicamento_id, estoque_id, quantidade, desconto, total) values (68, 10172, 190, 6, 14.20, 223.76); 
update estoque set quant_venda = quant_venda + 6, quant_atual = quant_atual - 6 where id = 190; 
update estoque_total set total = total - 6 where medicamento_id = 10172; 
insert into estoque (medicamento_id, lote, data, validade, preco, quant_inicial, quant_atual) values (9237, 'lote 601099', '2023-09-16', '2025-10-31', 382.1, 4, 4); 
update estoque_total set total = total + 4 where medicamento_id = 9237; 

insert into venda (cliente_id, time_stamp, total) values (20, '2023-09-16 17:16:57', 177.32); 
insert into itens_venda (venda_id, medicamento_id, estoque_id, quantidade, desconto, total) values (69, 352, 7, 8, 15.40, 177.32); 
update estoque set quant_venda = quant_venda + 8, quant_atual = quant_atual - 8 where id = 7; 
update estoque_total set total = total - 8 where medicamento_id = 352; 

insert into venda (time_stamp, total) values ('2023-09-17 21:03:25', 96.16); 
insert into itens_venda (venda_id, medicamento_id, estoque_id, quantidade, desconto, total) values (70, 9144, 105, 2, 2.90, 96.16); 
update estoque set quant_venda = quant_venda + 2, quant_atual = quant_atual - 2 where id = 105; 
update estoque_total set total = total - 2 where medicamento_id = 9144; 
insert into estoque (medicamento_id, lote, data, validade, preco, quant_inicial, quant_atual) values (9144, 'lote 827110', '2023-09-17', '2025-09-30', 25.7, 14, 14); 
update estoque_total set total = total + 14 where medicamento_id = 9144; 

insert into venda (cliente_id, profissional_id, time_stamp, total) values (18, 23, '2023-09-17 22:03:22', 69.92); 
insert into itens_venda (venda_id, medicamento_id, estoque_id, quantidade, desconto, total) values (71, 10177, 195, 2, 16.30, 69.92); 
update estoque set quant_venda = quant_venda + 2, quant_atual = quant_atual - 2 where id = 195; 
update estoque_total set total = total - 2 where medicamento_id = 10177; 
insert into estoque (medicamento_id, lote, data, validade, preco, quant_inicial, quant_atual) values (10177, 'lote 151949', '2023-09-17', '2025-09-30', 19.5, 18, 18); 
update estoque_total set total = total + 18 where medicamento_id = 10177; 

insert into venda (cliente_id, profissional_id, time_stamp, total) values (3, 25, '2023-09-19 04:15:35', 72.48); 
insert into itens_venda (venda_id, medicamento_id, estoque_id, quantidade, desconto, total) values (72, 10184, 229, 2, 29.60, 72.48); 
update estoque set quant_venda = quant_venda + 2, quant_atual = quant_atual - 2 where id = 229; 
update estoque_total set total = total - 2 where medicamento_id = 10184; 
insert into estoque (medicamento_id, lote, data, validade, preco, quant_inicial, quant_atual) values (10184, 'lote 342367', '2023-09-19', '2025-09-30', 23.3, 2, 2); 
update estoque_total set total = total + 2 where medicamento_id = 10184; 

insert into venda (time_stamp, total) values ('2023-09-20 07:56:03', 329.02); 
insert into itens_venda (venda_id, medicamento_id, estoque_id, quantidade, desconto, total) values (73, 9227, 144, 1, 0.00, 329.02); 
update estoque set quant_venda = quant_venda + 1, quant_atual = quant_atual - 1 where id = 144; 
update estoque_total set total = total - 1 where medicamento_id = 9227; 

insert into venda (cliente_id, profissional_id, time_stamp, total) values (6, 25, '2023-09-20 10:52:25', 446.77); 
insert into itens_venda (venda_id, medicamento_id, estoque_id, quantidade, desconto, total) values (74, 10121, 159, 5, 148.90, 331.65); 
update estoque set quant_venda = quant_venda + 5, quant_atual = quant_atual - 5 where id = 159; 
update estoque_total set total = total - 5 where medicamento_id = 10121; 
insert into itens_venda (venda_id, medicamento_id, estoque_id, quantidade, desconto, total) values (74, 9179, 115, 2, 4.70, 115.12); 
update estoque set quant_venda = quant_venda + 2, quant_atual = quant_atual - 2 where id = 115; 
update estoque_total set total = total - 2 where medicamento_id = 9179; 
insert into estoque (medicamento_id, lote, data, validade, preco, quant_inicial, quant_atual) values (9179, 'lote 592523', '2023-09-20', '2025-09-30', 31.1, 18, 18); 
update estoque_total set total = total + 18 where medicamento_id = 9179; 

insert into venda (cliente_id, time_stamp, total) values (4, '2023-09-20 14:19:59', 320.72); 
insert into itens_venda (venda_id, medicamento_id, estoque_id, quantidade, desconto, total) values (75, 9198, 122, 3, 172.60, 320.72); 
update estoque set quant_venda = quant_venda + 3, quant_atual = quant_atual - 3 where id = 122; 
update estoque_total set total = total - 3 where medicamento_id = 9198; 

insert into venda (cliente_id, profissional_id, time_stamp, total) values (3, 22, '2023-09-20 17:39:15', 1838.15); 
insert into itens_venda (venda_id, medicamento_id, estoque_id, quantidade, desconto, total) values (76, 2367, 59, 5, 23.30, 49.55); 
update estoque set quant_venda = quant_venda + 5, quant_atual = quant_atual - 5 where id = 59; 
update estoque_total set total = total - 5 where medicamento_id = 2367; 
insert into itens_venda (venda_id, medicamento_id, estoque_id, quantidade, desconto, total) values (76, 10191, 241, 2, 144.10, 1657.64); 
update estoque set quant_venda = quant_venda + 2, quant_atual = quant_atual - 2 where id = 241; 
update estoque_total set total = total - 2 where medicamento_id = 10191; 
insert into itens_venda (venda_id, medicamento_id, estoque_id, quantidade, desconto, total) values (76, 340, 3, 9, 83.60, 130.96); 
update estoque set quant_venda = quant_venda + 9, quant_atual = quant_atual - 9 where id = 3; 
update estoque_total set total = total - 9 where medicamento_id = 340; 

insert into venda (cliente_id, profissional_id, time_stamp, total) values (2, 21, '2023-09-23 10:29:36', 945.68); 
insert into itens_venda (venda_id, medicamento_id, estoque_id, quantidade, desconto, total) values (77, 341, 4, 7, 19.10, 100.53); 
update estoque set quant_venda = quant_venda + 7, quant_atual = quant_atual - 7 where id = 4; 
update estoque_total set total = total - 7 where medicamento_id = 341; 
insert into itens_venda (venda_id, medicamento_id, estoque_id, quantidade, desconto, total) values (77, 356, 231, 6, 0.00, 108.84); 
update estoque set quant_venda = quant_venda + 6, quant_atual = quant_atual - 6 where id = 231; 
update estoque_total set total = total - 6 where medicamento_id = 356; 
insert into itens_venda (venda_id, medicamento_id, estoque_id, quantidade, desconto, total) values (77, 2620, 66, 1, 22.70, 736.31); 
update estoque set quant_venda = quant_venda + 1, quant_atual = quant_atual - 1 where id = 66; 
update estoque_total set total = total - 1 where medicamento_id = 2620; 
insert into estoque (medicamento_id, lote, data, validade, preco, quant_inicial, quant_atual) values (341, 'lote 898483', '2023-09-23', '2024-09-30', 7.3, 35, 35); 
update estoque_total set total = total + 35 where medicamento_id = 341; 
insert into estoque (medicamento_id, lote, data, validade, preco, quant_inicial, quant_atual) values (2620, 'lote 551521', '2023-09-23', '2025-09-30', 296.0, 4, 4); 
update estoque_total set total = total + 4 where medicamento_id = 2620; 

insert into venda (cliente_id, profissional_id, time_stamp, total) values (7, 22, '2023-09-24 21:22:50', 1006.92); 
insert into itens_venda (venda_id, medicamento_id, estoque_id, quantidade, desconto, total) values (78, 531, 13, 6, 7.30, 176.84); 
update estoque set quant_venda = quant_venda + 6, quant_atual = quant_atual - 6 where id = 13; 
update estoque_total set total = total - 6 where medicamento_id = 531; 
insert into itens_venda (venda_id, medicamento_id, estoque_id, quantidade, desconto, total) values (78, 2631, 76, 2, 72.10, 830.08); 
update estoque set quant_venda = quant_venda + 2, quant_atual = quant_atual - 2 where id = 76; 
update estoque_total set total = total - 2 where medicamento_id = 2631; 

insert into venda (cliente_id, profissional_id, time_stamp, total) values (17, 22, '2023-09-24 23:22:18', 1017.89); 
insert into itens_venda (venda_id, medicamento_id, estoque_id, quantidade, desconto, total) values (79, 2791, 95, 9, 24.20, 39.70); 
update estoque set quant_venda = quant_venda + 9, quant_atual = quant_atual - 9 where id = 95; 
update estoque_total set total = total - 9 where medicamento_id = 2791; 
insert into itens_venda (venda_id, medicamento_id, estoque_id, quantidade, desconto, total) values (79, 2775, 82, 3, 361.70, 978.19); 
update estoque set quant_venda = quant_venda + 3, quant_atual = quant_atual - 3 where id = 82; 
update estoque_total set total = total - 3 where medicamento_id = 2775; 

insert into venda (cliente_id, profissional_id, time_stamp, total) values (17, 25, '2023-09-25 01:39:29', 156.50); 
insert into itens_venda (venda_id, medicamento_id, estoque_id, quantidade, desconto, total) values (80, 10138, 171, 2, 3.10, 156.50); 
update estoque set quant_venda = quant_venda + 2, quant_atual = quant_atual - 2 where id = 171; 
update estoque_total set total = total - 2 where medicamento_id = 10138; 
insert into estoque (medicamento_id, lote, data, validade, preco, quant_inicial, quant_atual) values (10138, 'lote 934294', '2023-09-25', '2025-09-30', 36.4, 10, 10); 
update estoque_total set total = total + 10 where medicamento_id = 10138; 

insert into venda (time_stamp, total) values ('2023-09-25 01:57:08', 34.74); 
insert into itens_venda (venda_id, medicamento_id, estoque_id, quantidade, desconto, total) values (81, 533, 15, 3, 0.00, 34.74); 
update estoque set quant_venda = quant_venda + 3, quant_atual = quant_atual - 3 where id = 15; 
update estoque_total set total = total - 3 where medicamento_id = 533; 

insert into venda (time_stamp, total) values ('2023-09-26 02:43:46', 151.41); 
insert into itens_venda (venda_id, medicamento_id, estoque_id, quantidade, desconto, total) values (82, 9172, 112, 1, 13.10, 151.41); 
update estoque set quant_venda = quant_venda + 1, quant_atual = quant_atual - 1 where id = 112; 
update estoque_total set total = total - 1 where medicamento_id = 9172; 
insert into estoque (medicamento_id, lote, data, validade, preco, quant_inicial, quant_atual) values (9172, 'lote 814933', '2023-09-26', '2025-09-30', 85.6, 15, 15); 
update estoque_total set total = total + 15 where medicamento_id = 9172; 

insert into venda (cliente_id, profissional_id, time_stamp, total) values (19, 25, '2023-09-26 03:23:44', 838.48); 
insert into itens_venda (venda_id, medicamento_id, estoque_id, quantidade, desconto, total) values (83, 1866, 43, 1, 36.40, 484.07); 
update estoque set quant_venda = quant_venda + 1, quant_atual = quant_atual - 1 where id = 43; 
update estoque_total set total = total - 1 where medicamento_id = 1866; 
insert into itens_venda (venda_id, medicamento_id, estoque_id, quantidade, desconto, total) values (83, 10125, 163, 5, 34.00, 208.90); 
update estoque set quant_venda = quant_venda + 5, quant_atual = quant_atual - 5 where id = 163; 
update estoque_total set total = total - 5 where medicamento_id = 10125; 
insert into itens_venda (venda_id, medicamento_id, estoque_id, quantidade, desconto, total) values (83, 10193, 211, 7, 14.30, 145.51); 
update estoque set quant_venda = quant_venda + 7, quant_atual = quant_atual - 7 where id = 211; 
update estoque_total set total = total - 7 where medicamento_id = 10193; 

insert into venda (cliente_id, time_stamp, total) values (14, '2023-09-27 11:44:25', 1299.54); 
insert into itens_venda (venda_id, medicamento_id, estoque_id, quantidade, desconto, total) values (84, 2761, 79, 2, 38.60, 1248.80); 
update estoque set quant_venda = quant_venda + 2, quant_atual = quant_atual - 2 where id = 79; 
update estoque_total set total = total - 2 where medicamento_id = 2761; 
insert into itens_venda (venda_id, medicamento_id, estoque_id, quantidade, desconto, total) values (84, 1860, 37, 3, 22.70, 50.74); 
update estoque set quant_venda = quant_venda + 3, quant_atual = quant_atual - 3 where id = 37; 
update estoque_total set total = total - 3 where medicamento_id = 1860; 

insert into venda (cliente_id, profissional_id, time_stamp, total) values (9, 22, '2023-09-27 12:11:46', 459.62); 
insert into itens_venda (venda_id, medicamento_id, estoque_id, quantidade, desconto, total) values (85, 9134, 102, 2, 16.00, 117.62); 
update estoque set quant_venda = quant_venda + 2, quant_atual = quant_atual - 2 where id = 102; 
update estoque_total set total = total - 2 where medicamento_id = 9134; 
insert into itens_venda (venda_id, medicamento_id, estoque_id, quantidade, desconto, total) values (85, 10135, 169, 5, 168.40, 342.00); 
update estoque set quant_venda = quant_venda + 5, quant_atual = quant_atual - 5 where id = 169; 
update estoque_total set total = total - 5 where medicamento_id = 10135; 
insert into estoque (medicamento_id, lote, data, validade, preco, quant_inicial, quant_atual) values (9134, 'lote 339362', '2023-09-27', '2025-09-30', 34.7, 2, 2); 
update estoque_total set total = total + 2 where medicamento_id = 9134; 

insert into venda (cliente_id, time_stamp, total) values (15, '2023-09-27 14:36:33', 612.05); 
insert into itens_venda (venda_id, medicamento_id, estoque_id, quantidade, desconto, total) values (86, 9228, 145, 1, 46.00, 612.05); 
update estoque set quant_venda = quant_venda + 1, quant_atual = quant_atual - 1 where id = 145; 
update estoque_total set total = total - 1 where medicamento_id = 9228; 

insert into venda (cliente_id, time_stamp, total) values (13, '2023-09-27 16:32:39', 125.50); 
insert into itens_venda (venda_id, medicamento_id, estoque_id, quantidade, desconto, total) values (87, 1840, 31, 1, 7.20, 16.89); 
update estoque set quant_venda = quant_venda + 1, quant_atual = quant_atual - 1 where id = 31; 
update estoque_total set total = total - 1 where medicamento_id = 1840; 
insert into itens_venda (venda_id, medicamento_id, estoque_id, quantidade, desconto, total) values (87, 9172, 255, 1, 55.90, 108.61); 
update estoque set quant_venda = quant_venda + 1, quant_atual = quant_atual - 1 where id = 255; 
update estoque_total set total = total - 1 where medicamento_id = 9172; 

insert into venda (cliente_id, profissional_id, time_stamp, total) values (1, 22, '2023-09-30 06:40:54', 536.15); 
insert into itens_venda (venda_id, medicamento_id, estoque_id, quantidade, desconto, total) values (88, 10188, 206, 3, 0.00, 380.19); 
update estoque set quant_venda = quant_venda + 3, quant_atual = quant_atual - 3 where id = 206; 
update estoque_total set total = total - 3 where medicamento_id = 10188; 
insert into itens_venda (venda_id, medicamento_id, estoque_id, quantidade, desconto, total) values (88, 2365, 238, 2, 10.30, 93.24); 
update estoque set quant_venda = quant_venda + 2, quant_atual = quant_atual - 2 where id = 238; 
update estoque_total set total = total - 2 where medicamento_id = 2365; 
insert into itens_venda (venda_id, medicamento_id, estoque_id, quantidade, desconto, total) values (88, 1862, 39, 4, 35.20, 62.72); 
update estoque set quant_venda = quant_venda + 4, quant_atual = quant_atual - 4 where id = 39; 
update estoque_total set total = total - 4 where medicamento_id = 1862; 
insert into estoque (medicamento_id, lote, data, validade, preco, quant_inicial, quant_atual) values (1862, 'lote 622806', '2023-09-30', '2024-09-30', 10.5, 3, 3); 
update estoque_total set total = total + 3 where medicamento_id = 1862; 

insert into venda (cliente_id, time_stamp, total) values (4, '2023-09-30 10:29:49', 198.94); 
insert into itens_venda (venda_id, medicamento_id, estoque_id, quantidade, desconto, total) values (89, 9248, 158, 2, 10.40, 198.94); 
update estoque set quant_venda = quant_venda + 2, quant_atual = quant_atual - 2 where id = 158; 
update estoque_total set total = total - 2 where medicamento_id = 9248; 

insert into venda (cliente_id, time_stamp, total) values (11, '2023-09-30 13:17:26', 1188.36); 
insert into itens_venda (venda_id, medicamento_id, estoque_id, quantidade, desconto, total) values (90, 9224, 141, 3, 39.40, 948.08); 
update estoque set quant_venda = quant_venda + 3, quant_atual = quant_atual - 3 where id = 141; 
update estoque_total set total = total - 3 where medicamento_id = 9224; 
insert into itens_venda (venda_id, medicamento_id, estoque_id, quantidade, desconto, total) values (90, 9209, 129, 1, 88.80, 240.28); 
update estoque set quant_venda = quant_venda + 1, quant_atual = quant_atual - 1 where id = 129; 
update estoque_total set total = total - 1 where medicamento_id = 9209; 

insert into venda (cliente_id, time_stamp, total) values (15, '2023-09-30 13:55:07', 76.98); 
insert into itens_venda (venda_id, medicamento_id, estoque_id, quantidade, desconto, total) values (91, 1537, 237, 2, 19.20, 76.98); 
update estoque set quant_venda = quant_venda + 2, quant_atual = quant_atual - 2 where id = 237; 
update estoque_total set total = total - 2 where medicamento_id = 1537; 
insert into estoque (medicamento_id, lote, data, validade, preco, quant_inicial, quant_atual) values (1537, 'lote 244237', '2023-09-30', '2025-10-31', 25.0, 14, 14); 
update estoque_total set total = total + 14 where medicamento_id = 1537; 

insert into venda (cliente_id, time_stamp, total) values (16, '2023-10-01 22:01:01', 227.78); 
insert into itens_venda (venda_id, medicamento_id, estoque_id, quantidade, desconto, total) values (92, 9133, 101, 4, 92.90, 227.78); 
update estoque set quant_venda = quant_venda + 4, quant_atual = quant_atual - 4 where id = 101; 
update estoque_total set total = total - 4 where medicamento_id = 9133; 
insert into estoque (medicamento_id, lote, data, validade, preco, quant_inicial, quant_atual) values (9133, 'lote 277510', '2023-10-01', '2025-09-30', 41.6, 18, 18); 
update estoque_total set total = total + 18 where medicamento_id = 9133; 

insert into venda (cliente_id, profissional_id, time_stamp, total) values (18, 23, '2023-10-02 01:05:13', 3023.34); 
insert into itens_venda (venda_id, medicamento_id, estoque_id, quantidade, desconto, total) values (93, 9134, 102, 4, 61.40, 205.84); 
update estoque set quant_venda = quant_venda + 4, quant_atual = quant_atual - 4 where id = 102; 
update estoque_total set total = total - 4 where medicamento_id = 9134; 
insert into itens_venda (venda_id, medicamento_id, estoque_id, quantidade, desconto, total) values (93, 10187, 242, 2, 165.30, 1672.04); 
update estoque set quant_venda = quant_venda + 2, quant_atual = quant_atual - 2 where id = 242; 
update estoque_total set total = total - 2 where medicamento_id = 10187; 
insert into itens_venda (venda_id, medicamento_id, estoque_id, quantidade, desconto, total) values (93, 9237, 236, 2, 323.00, 1145.46); 
update estoque set quant_venda = quant_venda + 2, quant_atual = quant_atual - 2 where id = 236; 
update estoque_total set total = total - 2 where medicamento_id = 9237; 
insert into estoque (medicamento_id, lote, data, validade, preco, quant_inicial, quant_atual) values (9134, 'lote 343673', '2023-10-02', '2025-10-31', 34.7, 6, 6); 
update estoque_total set total = total + 6 where medicamento_id = 9134; 
insert into estoque (medicamento_id, lote, data, validade, preco, quant_inicial, quant_atual) values (9237, 'lote 594571', '2023-10-02', '2025-10-31', 382.1, 2, 2); 
update estoque_total set total = total + 2 where medicamento_id = 9237; 

insert into venda (profissional_id, time_stamp, total) values (21, '2023-10-02 04:54:54', 2905.77); 
insert into itens_venda (venda_id, medicamento_id, estoque_id, quantidade, desconto, total) values (94, 2619, 65, 3, 0.00, 2638.53); 
update estoque set quant_venda = quant_venda + 3, quant_atual = quant_atual - 3 where id = 65; 
update estoque_total set total = total - 3 where medicamento_id = 2619; 
insert into itens_venda (venda_id, medicamento_id, estoque_id, quantidade, desconto, total) values (94, 9134, 260, 4, 0.00, 267.24); 
update estoque set quant_venda = quant_venda + 4, quant_atual = quant_atual - 4 where id = 260; 
update estoque_total set total = total - 4 where medicamento_id = 9134; 
insert into estoque (medicamento_id, lote, data, validade, preco, quant_inicial, quant_atual) values (9134, 'lote 726547', '2023-10-02', '2025-10-31', 34.7, 6, 6); 
update estoque_total set total = total + 6 where medicamento_id = 9134; 

insert into venda (time_stamp, total) values ('2023-10-03 11:13:08', 192.68); 
insert into itens_venda (venda_id, medicamento_id, estoque_id, quantidade, desconto, total) values (95, 2365, 238, 4, 14.40, 192.68); 
update estoque set quant_venda = quant_venda + 4, quant_atual = quant_atual - 4 where id = 238; 
update estoque_total set total = total - 4 where medicamento_id = 2365; 

insert into venda (cliente_id, profissional_id, time_stamp, total) values (7, 24, '2023-10-04 15:43:51', 473.31); 
insert into itens_venda (venda_id, medicamento_id, estoque_id, quantidade, desconto, total) values (96, 562, 17, 2, 36.50, 268.18); 
update estoque set quant_venda = quant_venda + 2, quant_atual = quant_atual - 2 where id = 17; 
update estoque_total set total = total - 2 where medicamento_id = 562; 
insert into itens_venda (venda_id, medicamento_id, estoque_id, quantidade, desconto, total) values (96, 1017, 20, 1, 1.30, 65.19); 
update estoque set quant_venda = quant_venda + 1, quant_atual = quant_atual - 1 where id = 20; 
update estoque_total set total = total - 1 where medicamento_id = 1017; 
insert into itens_venda (venda_id, medicamento_id, estoque_id, quantidade, desconto, total) values (96, 1678, 29, 3, 5.80, 139.94); 
update estoque set quant_venda = quant_venda + 3, quant_atual = quant_atual - 3 where id = 29; 
update estoque_total set total = total - 3 where medicamento_id = 1678; 
insert into estoque (medicamento_id, lote, data, validade, preco, quant_inicial, quant_atual) values (562, 'lote 948885', '2023-10-04', '2024-04-30', 59.6, 15, 15); 
update estoque_total set total = total + 15 where medicamento_id = 562; 

insert into venda (cliente_id, profissional_id, time_stamp, total) values (3, 23, '2023-10-06 01:55:11', 446.63); 
insert into itens_venda (venda_id, medicamento_id, estoque_id, quantidade, desconto, total) values (97, 2775, 82, 1, 0.00, 446.63); 
update estoque set quant_venda = quant_venda + 1, quant_atual = quant_atual - 1 where id = 82; 
update estoque_total set total = total - 1 where medicamento_id = 2775; 

insert into venda (cliente_id, time_stamp, total) values (11, '2023-10-07 07:36:39', 1506.58); 
insert into itens_venda (venda_id, medicamento_id, estoque_id, quantidade, desconto, total) values (98, 9203, 127, 2, 249.90, 1065.64); 
update estoque set quant_venda = quant_venda + 2, quant_atual = quant_atual - 2 where id = 127; 
update estoque_total set total = total - 2 where medicamento_id = 9203; 
insert into itens_venda (venda_id, medicamento_id, estoque_id, quantidade, desconto, total) values (98, 9227, 144, 2, 217.10, 440.94); 
update estoque set quant_venda = quant_venda + 2, quant_atual = quant_atual - 2 where id = 144; 
update estoque_total set total = total - 2 where medicamento_id = 9227; 
insert into estoque (medicamento_id, lote, data, validade, preco, quant_inicial, quant_atual) values (9203, 'lote 217835', '2023-10-07', '2025-10-31', 342.3, 2, 2); 
update estoque_total set total = total + 2 where medicamento_id = 9203; 

insert into venda (time_stamp, total) values ('2023-10-07 11:27:38', 288.00); 
insert into itens_venda (venda_id, medicamento_id, estoque_id, quantidade, desconto, total) values (99, 340, 3, 9, 0.00, 214.56); 
update estoque set quant_venda = quant_venda + 9, quant_atual = quant_atual - 9 where id = 3; 
update estoque_total set total = total - 9 where medicamento_id = 340; 
insert into itens_venda (venda_id, medicamento_id, estoque_id, quantidade, desconto, total) values (99, 1862, 257, 3, 0.00, 73.44); 
update estoque set quant_venda = quant_venda + 3, quant_atual = quant_atual - 3 where id = 257; 
update estoque_total set total = total - 3 where medicamento_id = 1862; 
insert into estoque (medicamento_id, lote, data, validade, preco, quant_inicial, quant_atual) values (1862, 'lote 972382', '2023-10-07', '2024-10-31', 10.5, 47, 47); 
update estoque_total set total = total + 47 where medicamento_id = 1862; 

insert into venda (profissional_id, time_stamp, total) values (23, '2023-10-07 14:01:24', 1773.04); 
insert into itens_venda (venda_id, medicamento_id, estoque_id, quantidade, desconto, total) values (100, 10183, 201, 2, 127.90, 1471.84); 
update estoque set quant_venda = quant_venda + 2, quant_atual = quant_atual - 2 where id = 201; 
update estoque_total set total = total - 2 where medicamento_id = 10183; 
insert into itens_venda (venda_id, medicamento_id, estoque_id, quantidade, desconto, total) values (100, 10155, 180, 10, 12.50, 301.20); 
update estoque set quant_venda = quant_venda + 10, quant_atual = quant_atual - 10 where id = 180; 
update estoque_total set total = total - 10 where medicamento_id = 10155; 

insert into venda (cliente_id, profissional_id, time_stamp, total) values (12, 24, '2023-10-08 23:24:08', 366.65); 
insert into itens_venda (venda_id, medicamento_id, estoque_id, quantidade, desconto, total) values (101, 9212, 132, 1, 19.70, 309.36); 
update estoque set quant_venda = quant_venda + 1, quant_atual = quant_atual - 1 where id = 132; 
update estoque_total set total = total - 1 where medicamento_id = 9212; 
insert into itens_venda (venda_id, medicamento_id, estoque_id, quantidade, desconto, total) values (101, 10159, 184, 2, 20.60, 41.96); 
update estoque set quant_venda = quant_venda + 2, quant_atual = quant_atual - 2 where id = 184; 
update estoque_total set total = total - 2 where medicamento_id = 10159; 
insert into itens_venda (venda_id, medicamento_id, estoque_id, quantidade, desconto, total) values (101, 10193, 211, 1, 7.50, 15.33); 
update estoque set quant_venda = quant_venda + 1, quant_atual = quant_atual - 1 where id = 211; 
update estoque_total set total = total - 1 where medicamento_id = 10193; 

insert into venda (cliente_id, time_stamp, total) values (17, '2023-10-09 01:34:54', 478.23); 
insert into itens_venda (venda_id, medicamento_id, estoque_id, quantidade, desconto, total) values (102, 9225, 142, 1, 59.20, 434.53); 
update estoque set quant_venda = quant_venda + 1, quant_atual = quant_atual - 1 where id = 142; 
update estoque_total set total = total - 1 where medicamento_id = 9225; 
insert into itens_venda (venda_id, medicamento_id, estoque_id, quantidade, desconto, total) values (102, 1510, 22, 6, 25.60, 43.70); 
update estoque set quant_venda = quant_venda + 6, quant_atual = quant_atual - 6 where id = 22; 
update estoque_total set total = total - 6 where medicamento_id = 1510; 

insert into venda (cliente_id, profissional_id, time_stamp, total) values (12, 24, '2023-10-09 02:11:15', 83.66); 
insert into itens_venda (venda_id, medicamento_id, estoque_id, quantidade, desconto, total) values (103, 2780, 87, 2, 16.80, 32.64); 
update estoque set quant_venda = quant_venda + 2, quant_atual = quant_atual - 2 where id = 87; 
update estoque_total set total = total - 2 where medicamento_id = 2780; 
insert into itens_venda (venda_id, medicamento_id, estoque_id, quantidade, desconto, total) values (103, 10154, 179, 3, 27.40, 51.02); 
update estoque set quant_venda = quant_venda + 3, quant_atual = quant_atual - 3 where id = 179; 
update estoque_total set total = total - 3 where medicamento_id = 10154; 
insert into estoque (medicamento_id, lote, data, validade, preco, quant_inicial, quant_atual) values (10154, 'lote 173700', '2023-10-09', '2025-10-31', 11.8, 23, 23); 
update estoque_total set total = total + 23 where medicamento_id = 10154; 

insert into venda (profissional_id, time_stamp, total) values (25, '2023-10-11 06:27:07', 1267.78); 
insert into itens_venda (venda_id, medicamento_id, estoque_id, quantidade, desconto, total) values (104, 2621, 67, 2, 63.80, 1213.26); 
update estoque set quant_venda = quant_venda + 2, quant_atual = quant_atual - 2 where id = 67; 
update estoque_total set total = total - 2 where medicamento_id = 2621; 
insert into itens_venda (venda_id, medicamento_id, estoque_id, quantidade, desconto, total) values (104, 2781, 88, 7, 4.00, 54.52); 
update estoque set quant_venda = quant_venda + 7, quant_atual = quant_atual - 7 where id = 88; 
update estoque_total set total = total - 7 where medicamento_id = 2781; 

insert into venda (profissional_id, time_stamp, total) values (24, '2023-10-12 15:04:47', 1250.56); 
insert into itens_venda (venda_id, medicamento_id, estoque_id, quantidade, desconto, total) values (105, 10179, 246, 2, 16.00, 518.48); 
update estoque set quant_venda = quant_venda + 2, quant_atual = quant_atual - 2 where id = 246; 
update estoque_total set total = total - 2 where medicamento_id = 10179; 
insert into itens_venda (venda_id, medicamento_id, estoque_id, quantidade, desconto, total) values (105, 9172, 255, 4, 13.10, 644.94); 
update estoque set quant_venda = quant_venda + 4, quant_atual = quant_atual - 4 where id = 255; 
update estoque_total set total = total - 4 where medicamento_id = 9172; 
insert into itens_venda (venda_id, medicamento_id, estoque_id, quantidade, desconto, total) values (105, 533, 15, 8, 5.50, 87.14); 
update estoque set quant_venda = quant_venda + 8, quant_atual = quant_atual - 8 where id = 15; 
update estoque_total set total = total - 8 where medicamento_id = 533; 
insert into estoque (medicamento_id, lote, data, validade, preco, quant_inicial, quant_atual) values (533, 'lote 148903', '2023-10-12', '2026-10-31', 6.3, 3, 3); 
update estoque_total set total = total + 3 where medicamento_id = 533; 

insert into venda (cliente_id, profissional_id, time_stamp, total) values (2, 22, '2023-10-12 16:51:38', 154.56); 
insert into itens_venda (venda_id, medicamento_id, estoque_id, quantidade, desconto, total) values (106, 562, 263, 1, 28.90, 123.44); 
update estoque set quant_venda = quant_venda + 1, quant_atual = quant_atual - 1 where id = 263; 
update estoque_total set total = total - 1 where medicamento_id = 562; 
insert into itens_venda (venda_id, medicamento_id, estoque_id, quantidade, desconto, total) values (106, 10195, 213, 3, 7.70, 31.12); 
update estoque set quant_venda = quant_venda + 3, quant_atual = quant_atual - 3 where id = 213; 
update estoque_total set total = total - 3 where medicamento_id = 10195; 

insert into venda (cliente_id, time_stamp, total) values (5, '2023-10-14 05:32:05', 34.77); 
insert into itens_venda (venda_id, medicamento_id, estoque_id, quantidade, desconto, total) values (107, 2365, 238, 1, 17.00, 34.77); 
update estoque set quant_venda = quant_venda + 1, quant_atual = quant_atual - 1 where id = 238; 
update estoque_total set total = total - 1 where medicamento_id = 2365; 
insert into estoque (medicamento_id, lote, data, validade, preco, quant_inicial, quant_atual) values (2365, 'lote 300272', '2023-10-14', '2025-11-30', 20.0, 6, 6); 
update estoque_total set total = total + 6 where medicamento_id = 2365; 

insert into venda (time_stamp, total) values ('2023-10-14 06:06:16', 148.12); 
insert into itens_venda (venda_id, medicamento_id, estoque_id, quantidade, desconto, total) values (108, 1873, 48, 2, 2.30, 31.76); 
update estoque set quant_venda = quant_venda + 2, quant_atual = quant_atual - 2 where id = 48; 
update estoque_total set total = total - 2 where medicamento_id = 1873; 
insert into itens_venda (venda_id, medicamento_id, estoque_id, quantidade, desconto, total) values (108, 2596, 63, 9, 9.10, 105.47); 
update estoque set quant_venda = quant_venda + 9, quant_atual = quant_atual - 9 where id = 63; 
update estoque_total set total = total - 9 where medicamento_id = 2596; 
insert into itens_venda (venda_id, medicamento_id, estoque_id, quantidade, desconto, total) values (108, 1234, 21, 1, 0.20, 10.89); 
update estoque set quant_venda = quant_venda + 1, quant_atual = quant_atual - 1 where id = 21; 
update estoque_total set total = total - 1 where medicamento_id = 1234; 

insert into venda (time_stamp, total) values ('2023-10-14 08:03:02', 1237.20); 
insert into itens_venda (venda_id, medicamento_id, estoque_id, quantidade, desconto, total) values (109, 9228, 145, 2, 78.90, 1237.20); 
update estoque set quant_venda = quant_venda + 2, quant_atual = quant_atual - 2 where id = 145; 
update estoque_total set total = total - 2 where medicamento_id = 9228; 

insert into venda (cliente_id, profissional_id, time_stamp, total) values (8, 25, '2023-10-19 14:52:54', 744.71); 
insert into itens_venda (venda_id, medicamento_id, estoque_id, quantidade, desconto, total) values (110, 10193, 211, 7, 9.50, 150.31); 
update estoque set quant_venda = quant_venda + 7, quant_atual = quant_atual - 7 where id = 211; 
update estoque_total set total = total - 7 where medicamento_id = 10193; 
insert into itens_venda (venda_id, medicamento_id, estoque_id, quantidade, desconto, total) values (110, 2783, 90, 5, 6.00, 594.40); 
update estoque set quant_venda = quant_venda + 5, quant_atual = quant_atual - 5 where id = 90; 
update estoque_total set total = total - 5 where medicamento_id = 2783; 

insert into venda (cliente_id, profissional_id, time_stamp, total) values (20, 23, '2023-10-19 17:59:47', 512.59); 
insert into itens_venda (venda_id, medicamento_id, estoque_id, quantidade, desconto, total) values (111, 9200, 124, 5, 115.10, 433.25); 
update estoque set quant_venda = quant_venda + 5, quant_atual = quant_atual - 5 where id = 124; 
update estoque_total set total = total - 5 where medicamento_id = 9200; 
insert into itens_venda (venda_id, medicamento_id, estoque_id, quantidade, desconto, total) values (111, 1840, 31, 3, 24.50, 47.77); 
update estoque set quant_venda = quant_venda + 3, quant_atual = quant_atual - 3 where id = 31; 
update estoque_total set total = total - 3 where medicamento_id = 1840; 
insert into itens_venda (venda_id, medicamento_id, estoque_id, quantidade, desconto, total) values (111, 10153, 178, 3, 15.50, 31.57); 
update estoque set quant_venda = quant_venda + 3, quant_atual = quant_atual - 3 where id = 178; 
update estoque_total set total = total - 3 where medicamento_id = 10153; 

insert into venda (cliente_id, profissional_id, time_stamp, total) values (11, 25, '2023-10-19 18:10:10', 105.30); 
insert into itens_venda (venda_id, medicamento_id, estoque_id, quantidade, desconto, total) values (112, 10123, 161, 10, 27.90, 105.30); 
update estoque set quant_venda = quant_venda + 10, quant_atual = quant_atual - 10 where id = 161; 
update estoque_total set total = total - 10 where medicamento_id = 10123; 

insert into venda (cliente_id, profissional_id, time_stamp, total) values (7, 22, '2023-10-21 01:04:50', 2364.33); 
insert into itens_venda (venda_id, medicamento_id, estoque_id, quantidade, desconto, total) values (113, 2624, 70, 8, 2.80, 285.68); 
update estoque set quant_venda = quant_venda + 8, quant_atual = quant_atual - 8 where id = 70; 
update estoque_total set total = total - 8 where medicamento_id = 2624; 
insert into itens_venda (venda_id, medicamento_id, estoque_id, quantidade, desconto, total) values (113, 2775, 82, 2, 241.10, 652.16); 
update estoque set quant_venda = quant_venda + 2, quant_atual = quant_atual - 2 where id = 82; 
update estoque_total set total = total - 2 where medicamento_id = 2775; 
insert into itens_venda (venda_id, medicamento_id, estoque_id, quantidade, desconto, total) values (113, 9181, 117, 3, 802.30, 1426.49); 
update estoque set quant_venda = quant_venda + 3, quant_atual = quant_atual - 3 where id = 117; 
update estoque_total set total = total - 3 where medicamento_id = 9181; 
insert into estoque (medicamento_id, lote, data, validade, preco, quant_inicial, quant_atual) values (2775, 'lote 570641', '2023-10-21', '2026-10-31', 156.8, 9, 9); 
update estoque_total set total = total + 9 where medicamento_id = 2775; 

insert into venda (cliente_id, time_stamp, total) values (11, '2023-10-22 03:42:15', 212.80); 
insert into itens_venda (venda_id, medicamento_id, estoque_id, quantidade, desconto, total) values (114, 2254, 55, 2, 41.70, 77.48); 
update estoque set quant_venda = quant_venda + 2, quant_atual = quant_atual - 2 where id = 55; 
update estoque_total set total = total - 2 where medicamento_id = 2254; 
insert into itens_venda (venda_id, medicamento_id, estoque_id, quantidade, desconto, total) values (114, 9145, 106, 1, 13.30, 135.32); 
update estoque set quant_venda = quant_venda + 1, quant_atual = quant_atual - 1 where id = 106; 
update estoque_total set total = total - 1 where medicamento_id = 9145; 
insert into estoque (medicamento_id, lote, data, validade, preco, quant_inicial, quant_atual) values (2254, 'lote 198919', '2023-10-22', '2026-04-30', 23.5, 6, 6); 
update estoque_total set total = total + 6 where medicamento_id = 2254; 

insert into venda (profissional_id, time_stamp, total) values (25, '2023-10-22 06:34:40', 416.38); 
insert into itens_venda (venda_id, medicamento_id, estoque_id, quantidade, desconto, total) values (115, 9247, 157, 4, 11.00, 209.36); 
update estoque set quant_venda = quant_venda + 4, quant_atual = quant_atual - 4 where id = 157; 
update estoque_total set total = total - 4 where medicamento_id = 9247; 
insert into itens_venda (venda_id, medicamento_id, estoque_id, quantidade, desconto, total) values (115, 10138, 171, 2, 3.10, 156.50); 
update estoque set quant_venda = quant_venda + 2, quant_atual = quant_atual - 2 where id = 171; 
update estoque_total set total = total - 2 where medicamento_id = 10138; 
insert into itens_venda (venda_id, medicamento_id, estoque_id, quantidade, desconto, total) values (115, 9197, 121, 1, 4.30, 50.52); 
update estoque set quant_venda = quant_venda + 1, quant_atual = quant_atual - 1 where id = 121; 
update estoque_total set total = total - 1 where medicamento_id = 9197; 
insert into estoque (medicamento_id, lote, data, validade, preco, quant_inicial, quant_atual) values (10138, 'lote 574555', '2023-10-22', '2025-10-31', 36.4, 10, 10); 
update estoque_total set total = total + 10 where medicamento_id = 10138; 
insert into estoque (medicamento_id, lote, data, validade, preco, quant_inicial, quant_atual) values (9197, 'lote 513856', '2023-10-22', '2025-10-31', 28.5, 14, 14); 
update estoque_total set total = total + 14 where medicamento_id = 9197; 

insert into venda (cliente_id, profissional_id, time_stamp, total) values (2, 25, '2023-10-22 07:27:31', 447.81); 
insert into itens_venda (venda_id, medicamento_id, estoque_id, quantidade, desconto, total) values (116, 10153, 178, 9, 28.20, 113.01); 
update estoque set quant_venda = quant_venda + 9, quant_atual = quant_atual - 9 where id = 178; 
update estoque_total set total = total - 9 where medicamento_id = 10153; 
insert into itens_venda (venda_id, medicamento_id, estoque_id, quantidade, desconto, total) values (116, 9214, 134, 2, 125.00, 204.02); 
update estoque set quant_venda = quant_venda + 2, quant_atual = quant_atual - 2 where id = 134; 
update estoque_total set total = total - 2 where medicamento_id = 9214; 
insert into itens_venda (venda_id, medicamento_id, estoque_id, quantidade, desconto, total) values (116, 1860, 37, 6, 16.10, 130.78); 
update estoque set quant_venda = quant_venda + 6, quant_atual = quant_atual - 6 where id = 37; 
update estoque_total set total = total - 6 where medicamento_id = 1860; 

insert into venda (cliente_id, time_stamp, total) values (16, '2023-10-22 09:40:26', 90.46); 
insert into itens_venda (venda_id, medicamento_id, estoque_id, quantidade, desconto, total) values (117, 1864, 41, 4, 11.10, 90.46); 
update estoque set quant_venda = quant_venda + 4, quant_atual = quant_atual - 4 where id = 41; 
update estoque_total set total = total - 4 where medicamento_id = 1864; 

insert into venda (time_stamp, total) values ('2023-10-23 16:34:19', 1031.27); 
insert into itens_venda (venda_id, medicamento_id, estoque_id, quantidade, desconto, total) values (118, 1872, 47, 9, 6.50, 156.67); 
update estoque set quant_venda = quant_venda + 9, quant_atual = quant_atual - 9 where id = 47; 
update estoque_total set total = total - 9 where medicamento_id = 1872; 
insert into itens_venda (venda_id, medicamento_id, estoque_id, quantidade, desconto, total) values (118, 9214, 134, 3, 0.00, 493.53); 
update estoque set quant_venda = quant_venda + 3, quant_atual = quant_atual - 3 where id = 134; 
update estoque_total set total = total - 3 where medicamento_id = 9214; 
insert into itens_venda (venda_id, medicamento_id, estoque_id, quantidade, desconto, total) values (118, 342, 5, 1, 33.10, 381.07); 
update estoque set quant_venda = quant_venda + 1, quant_atual = quant_atual - 1 where id = 5; 
update estoque_total set total = total - 1 where medicamento_id = 342; 
insert into estoque (medicamento_id, lote, data, validade, preco, quant_inicial, quant_atual) values (342, 'lote 506924', '2023-10-23', '2024-10-31', 177.8, 3, 3); 
update estoque_total set total = total + 3 where medicamento_id = 342; 

insert into venda (cliente_id, time_stamp, total) values (19, '2023-10-23 17:42:26', 458.16); 
insert into itens_venda (venda_id, medicamento_id, estoque_id, quantidade, desconto, total) values (119, 9179, 115, 4, 19.10, 220.54); 
update estoque set quant_venda = quant_venda + 4, quant_atual = quant_atual - 4 where id = 115; 
update estoque_total set total = total - 4 where medicamento_id = 9179; 
insert into itens_venda (venda_id, medicamento_id, estoque_id, quantidade, desconto, total) values (119, 2731, 77, 8, 23.50, 237.62); 
update estoque set quant_venda = quant_venda + 8, quant_atual = quant_atual - 8 where id = 77; 
update estoque_total set total = total - 8 where medicamento_id = 2731; 
insert into estoque (medicamento_id, lote, data, validade, preco, quant_inicial, quant_atual) values (9179, 'lote 851031', '2023-10-23', '2025-10-31', 31.1, 18, 18); 
update estoque_total set total = total + 18 where medicamento_id = 9179; 

insert into venda (cliente_id, profissional_id, time_stamp, total) values (10, 22, '2023-10-23 18:57:42', 128.34); 
insert into itens_venda (venda_id, medicamento_id, estoque_id, quantidade, desconto, total) values (120, 1678, 29, 3, 17.40, 128.34); 
update estoque set quant_venda = quant_venda + 3, quant_atual = quant_atual - 3 where id = 29; 
update estoque_total set total = total - 3 where medicamento_id = 1678; 
insert into estoque (medicamento_id, lote, data, validade, preco, quant_inicial, quant_atual) values (1678, 'lote 382933', '2023-10-23', '2025-10-31', 22.0, 2, 2); 
update estoque_total set total = total + 2 where medicamento_id = 1678; 

insert into venda (time_stamp, total) values ('2023-10-26 03:43:36', 368.54); 
insert into itens_venda (venda_id, medicamento_id, estoque_id, quantidade, desconto, total) values (121, 9144, 248, 8, 27.70, 368.54); 
update estoque set quant_venda = quant_venda + 8, quant_atual = quant_atual - 8 where id = 248; 
update estoque_total set total = total - 8 where medicamento_id = 9144; 

insert into venda (cliente_id, profissional_id, time_stamp, total) values (17, 22, '2023-10-26 06:47:08', 1923.52); 
insert into itens_venda (venda_id, medicamento_id, estoque_id, quantidade, desconto, total) values (122, 597, 18, 3, 360.20, 765.64); 
update estoque set quant_venda = quant_venda + 3, quant_atual = quant_atual - 3 where id = 18; 
update estoque_total set total = total - 3 where medicamento_id = 597; 
insert into itens_venda (venda_id, medicamento_id, estoque_id, quantidade, desconto, total) values (122, 10179, 246, 3, 48.10, 753.62); 
update estoque set quant_venda = quant_venda + 3, quant_atual = quant_atual - 3 where id = 246; 
update estoque_total set total = total - 3 where medicamento_id = 10179; 
insert into itens_venda (venda_id, medicamento_id, estoque_id, quantidade, desconto, total) values (122, 10173, 191, 1, 208.20, 404.26); 
update estoque set quant_venda = quant_venda + 1, quant_atual = quant_atual - 1 where id = 191; 
update estoque_total set total = total - 1 where medicamento_id = 10173; 
insert into estoque (medicamento_id, lote, data, validade, preco, quant_inicial, quant_atual) values (10179, 'lote 519119', '2023-10-26', '2025-11-30', 122.0, 15, 15); 
update estoque_total set total = total + 15 where medicamento_id = 10179; 

insert into venda (cliente_id, time_stamp, total) values (19, '2023-10-27 15:14:22', 498.34); 
insert into itens_venda (venda_id, medicamento_id, estoque_id, quantidade, desconto, total) values (123, 9172, 255, 3, 148.00, 345.53); 
update estoque set quant_venda = quant_venda + 3, quant_atual = quant_atual - 3 where id = 255; 
update estoque_total set total = total - 3 where medicamento_id = 9172; 
insert into itens_venda (venda_id, medicamento_id, estoque_id, quantidade, desconto, total) values (123, 9247, 157, 4, 74.90, 145.46); 
update estoque set quant_venda = quant_venda + 4, quant_atual = quant_atual - 4 where id = 157; 
update estoque_total set total = total - 4 where medicamento_id = 9247; 
insert into itens_venda (venda_id, medicamento_id, estoque_id, quantidade, desconto, total) values (123, 1510, 22, 1, 4.20, 7.35); 
update estoque set quant_venda = quant_venda + 1, quant_atual = quant_atual - 1 where id = 22; 
update estoque_total set total = total - 1 where medicamento_id = 1510; 

insert into venda (profissional_id, time_stamp, total) values (21, '2023-10-27 19:01:18', 407.86); 
insert into itens_venda (venda_id, medicamento_id, estoque_id, quantidade, desconto, total) values (124, 1848, 34, 7, 0.00, 97.23); 
update estoque set quant_venda = quant_venda + 7, quant_atual = quant_atual - 7 where id = 34; 
update estoque_total set total = total - 7 where medicamento_id = 1848; 
insert into itens_venda (venda_id, medicamento_id, estoque_id, quantidade, desconto, total) values (124, 10144, 172, 4, 6.20, 119.32); 
update estoque set quant_venda = quant_venda + 4, quant_atual = quant_atual - 4 where id = 172; 
update estoque_total set total = total - 4 where medicamento_id = 10144; 
insert into itens_venda (venda_id, medicamento_id, estoque_id, quantidade, desconto, total) values (124, 2785, 92, 1, 18.90, 191.31); 
update estoque set quant_venda = quant_venda + 1, quant_atual = quant_atual - 1 where id = 92; 
update estoque_total set total = total - 1 where medicamento_id = 2785; 
insert into estoque (medicamento_id, lote, data, validade, preco, quant_inicial, quant_atual) values (2785, 'lote 987818', '2023-10-27', '2026-10-31', 115.3, 5, 5); 
update estoque_total set total = total + 5 where medicamento_id = 2785; 

insert into venda (cliente_id, profissional_id, time_stamp, total) values (15, 23, '2023-10-29 05:09:49', 352.14); 
insert into itens_venda (venda_id, medicamento_id, estoque_id, quantidade, desconto, total) values (125, 9146, 239, 1, 35.60, 261.64); 
update estoque set quant_venda = quant_venda + 1, quant_atual = quant_atual - 1 where id = 239; 
update estoque_total set total = total - 1 where medicamento_id = 9146; 
insert into itens_venda (venda_id, medicamento_id, estoque_id, quantidade, desconto, total) values (125, 1873, 48, 6, 27.50, 74.68); 
update estoque set quant_venda = quant_venda + 6, quant_atual = quant_atual - 6 where id = 48; 
update estoque_total set total = total - 6 where medicamento_id = 1873; 
insert into itens_venda (venda_id, medicamento_id, estoque_id, quantidade, desconto, total) values (125, 10131, 167, 2, 7.70, 15.82); 
update estoque set quant_venda = quant_venda + 2, quant_atual = quant_atual - 2 where id = 167; 
update estoque_total set total = total - 2 where medicamento_id = 10131; 

insert into venda (cliente_id, time_stamp, total) values (1, '2023-10-30 08:57:38', 430.75); 
insert into itens_venda (venda_id, medicamento_id, estoque_id, quantidade, desconto, total) values (126, 9226, 143, 3, 143.10, 350.43); 
update estoque set quant_venda = quant_venda + 3, quant_atual = quant_atual - 3 where id = 143; 
update estoque_total set total = total - 3 where medicamento_id = 9226; 
insert into itens_venda (venda_id, medicamento_id, estoque_id, quantidade, desconto, total) values (126, 9179, 251, 2, 39.50, 80.32); 
update estoque set quant_venda = quant_venda + 2, quant_atual = quant_atual - 2 where id = 251; 
update estoque_total set total = total - 2 where medicamento_id = 9179; 

insert into venda (cliente_id, time_stamp, total) values (19, '2023-10-31 12:08:59', 275.63); 
insert into itens_venda (venda_id, medicamento_id, estoque_id, quantidade, desconto, total) values (127, 9210, 243, 5, 57.50, 216.75); 
update estoque set quant_venda = quant_venda + 5, quant_atual = quant_atual - 5 where id = 243; 
update estoque_total set total = total - 5 where medicamento_id = 9210; 
insert into itens_venda (venda_id, medicamento_id, estoque_id, quantidade, desconto, total) values (127, 2781, 88, 8, 8.00, 58.88); 
update estoque set quant_venda = quant_venda + 8, quant_atual = quant_atual - 8 where id = 88; 
update estoque_total set total = total - 8 where medicamento_id = 2781; 
insert into estoque (medicamento_id, lote, data, validade, preco, quant_inicial, quant_atual) values (9210, 'lote 107955', '2023-10-31', '2025-11-30', 28.5, 10, 10); 
update estoque_total set total = total + 10 where medicamento_id = 9210; 

insert into venda (profissional_id, time_stamp, total) values (22, '2023-10-31 13:00:08', 2263.73); 
insert into itens_venda (venda_id, medicamento_id, estoque_id, quantidade, desconto, total) values (128, 9237, 247, 3, 88.10, 2114.59); 
update estoque set quant_venda = quant_venda + 3, quant_atual = quant_atual - 3 where id = 247; 
update estoque_total set total = total - 3 where medicamento_id = 9237; 
insert into itens_venda (venda_id, medicamento_id, estoque_id, quantidade, desconto, total) values (128, 1673, 28, 5, 1.30, 131.70); 
update estoque set quant_venda = quant_venda + 5, quant_atual = quant_atual - 5 where id = 28; 
update estoque_total set total = total - 5 where medicamento_id = 1673; 
insert into itens_venda (venda_id, medicamento_id, estoque_id, quantidade, desconto, total) values (128, 1881, 52, 1, 0.70, 17.44); 
update estoque set quant_venda = quant_venda + 1, quant_atual = quant_atual - 1 where id = 52; 
update estoque_total set total = total - 1 where medicamento_id = 1881; 
insert into estoque (medicamento_id, lote, data, validade, preco, quant_inicial, quant_atual) values (1881, 'lote 849350', '2023-10-31', '2024-10-31', 7.7, 39, 39); 
update estoque_total set total = total + 39 where medicamento_id = 1881; 

insert into venda (cliente_id, profissional_id, time_stamp, total) values (18, 23, '2023-11-01 21:16:50', 1761.99); 
insert into itens_venda (venda_id, medicamento_id, estoque_id, quantidade, desconto, total) values (129, 9230, 147, 3, 108.20, 383.95); 
update estoque set quant_venda = quant_venda + 3, quant_atual = quant_atual - 3 where id = 147; 
update estoque_total set total = total - 3 where medicamento_id = 9230; 
insert into itens_venda (venda_id, medicamento_id, estoque_id, quantidade, desconto, total) values (129, 10187, 234, 2, 459.30, 1378.04); 
update estoque set quant_venda = quant_venda + 2, quant_atual = quant_atual - 2 where id = 234; 
update estoque_total set total = total - 2 where medicamento_id = 10187; 

insert into venda (profissional_id, time_stamp, total) values (22, '2023-11-02 00:17:40', 323.47); 
insert into itens_venda (venda_id, medicamento_id, estoque_id, quantidade, desconto, total) values (130, 9133, 259, 1, 3.20, 76.97); 
update estoque set quant_venda = quant_venda + 1, quant_atual = quant_atual - 1 where id = 259; 
update estoque_total set total = total - 1 where medicamento_id = 9133; 
insert into itens_venda (venda_id, medicamento_id, estoque_id, quantidade, desconto, total) values (130, 1538, 26, 2, 3.70, 184.74); 
update estoque set quant_venda = quant_venda + 2, quant_atual = quant_atual - 2 where id = 26; 
update estoque_total set total = total - 2 where medicamento_id = 1538; 
insert into itens_venda (venda_id, medicamento_id, estoque_id, quantidade, desconto, total) values (130, 10160, 185, 1, 5.30, 61.76); 
update estoque set quant_venda = quant_venda + 1, quant_atual = quant_atual - 1 where id = 185; 
update estoque_total set total = total - 1 where medicamento_id = 10160; 
insert into estoque (medicamento_id, lote, data, validade, preco, quant_inicial, quant_atual) values (1538, 'lote 305083', '2023-11-02', '2025-11-30', 49.0, 18, 18); 
update estoque_total set total = total + 18 where medicamento_id = 1538; 

insert into venda (cliente_id, profissional_id, time_stamp, total) values (13, 22, '2023-11-02 01:24:25', 171.62); 
insert into itens_venda (venda_id, medicamento_id, estoque_id, quantidade, desconto, total) values (131, 2777, 219, 4, 48.30, 171.62); 
update estoque set quant_venda = quant_venda + 4, quant_atual = quant_atual - 4 where id = 219; 
update estoque_total set total = total - 4 where medicamento_id = 2777; 

insert into venda (cliente_id, profissional_id, time_stamp, total) values (9, 24, '2023-11-04 06:41:19', 2816.41); 
insert into itens_venda (venda_id, medicamento_id, estoque_id, quantidade, desconto, total) values (132, 10186, 204, 3, 906.40, 1543.40); 
update estoque set quant_venda = quant_venda + 3, quant_atual = quant_atual - 3 where id = 204; 
update estoque_total set total = total - 3 where medicamento_id = 10186; 
insert into itens_venda (venda_id, medicamento_id, estoque_id, quantidade, desconto, total) values (132, 9248, 158, 1, 15.70, 88.97); 
update estoque set quant_venda = quant_venda + 1, quant_atual = quant_atual - 1 where id = 158; 
update estoque_total set total = total - 1 where medicamento_id = 9248; 
insert into itens_venda (venda_id, medicamento_id, estoque_id, quantidade, desconto, total) values (132, 9203, 264, 2, 131.50, 1184.04); 
update estoque set quant_venda = quant_venda + 2, quant_atual = quant_atual - 2 where id = 264; 
update estoque_total set total = total - 2 where medicamento_id = 9203; 
insert into estoque (medicamento_id, lote, data, validade, preco, quant_inicial, quant_atual) values (9203, 'lote 581918', '2023-11-04', '2025-11-30', 342.3, 6, 6); 
update estoque_total set total = total + 6 where medicamento_id = 9203; 

insert into venda (cliente_id, time_stamp, total) values (10, '2023-11-06 21:04:10', 299.14); 
insert into itens_venda (venda_id, medicamento_id, estoque_id, quantidade, desconto, total) values (133, 19779, 216, 8, 4.80, 64.32); 
update estoque set quant_venda = quant_venda + 8, quant_atual = quant_atual - 8 where id = 216; 
update estoque_total set total = total - 8 where medicamento_id = 19779; 
insert into itens_venda (venda_id, medicamento_id, estoque_id, quantidade, desconto, total) values (133, 1848, 34, 10, 52.70, 86.20); 
update estoque set quant_venda = quant_venda + 10, quant_atual = quant_atual - 10 where id = 34; 
update estoque_total set total = total - 10 where medicamento_id = 1848; 
insert into itens_venda (venda_id, medicamento_id, estoque_id, quantidade, desconto, total) values (133, 9145, 106, 1, 0.00, 148.62); 
update estoque set quant_venda = quant_venda + 1, quant_atual = quant_atual - 1 where id = 106; 
update estoque_total set total = total - 1 where medicamento_id = 9145; 

insert into venda (cliente_id, profissional_id, time_stamp, total) values (10, 22, '2023-11-06 22:11:27', 180.90); 
insert into itens_venda (venda_id, medicamento_id, estoque_id, quantidade, desconto, total) values (134, 1673, 28, 10, 85.10, 180.90); 
update estoque set quant_venda = quant_venda + 10, quant_atual = quant_atual - 10 where id = 28; 
update estoque_total set total = total - 10 where medicamento_id = 1673; 

insert into venda (cliente_id, profissional_id, time_stamp, total) values (2, 22, '2023-11-06 23:06:50', 1260.64); 
insert into itens_venda (venda_id, medicamento_id, estoque_id, quantidade, desconto, total) values (135, 2620, 228, 2, 379.50, 1138.52); 
update estoque set quant_venda = quant_venda + 2, quant_atual = quant_atual - 2 where id = 228; 
update estoque_total set total = total - 2 where medicamento_id = 2620; 
insert into itens_venda (venda_id, medicamento_id, estoque_id, quantidade, desconto, total) values (135, 1863, 40, 8, 15.00, 122.12); 
update estoque set quant_venda = quant_venda + 8, quant_atual = quant_atual - 8 where id = 40; 
update estoque_total set total = total - 8 where medicamento_id = 1863; 

insert into venda (cliente_id, time_stamp, total) values (19, '2023-11-07 00:39:58', 1022.04); 
insert into itens_venda (venda_id, medicamento_id, estoque_id, quantidade, desconto, total) values (136, 2733, 78, 3, 21.40, 173.63); 
update estoque set quant_venda = quant_venda + 3, quant_atual = quant_atual - 3 where id = 78; 
update estoque_total set total = total - 3 where medicamento_id = 2733; 
insert into itens_venda (venda_id, medicamento_id, estoque_id, quantidade, desconto, total) values (136, 9174, 114, 2, 513.20, 802.90); 
update estoque set quant_venda = quant_venda + 2, quant_atual = quant_atual - 2 where id = 114; 
update estoque_total set total = total - 2 where medicamento_id = 9174; 
insert into itens_venda (venda_id, medicamento_id, estoque_id, quantidade, desconto, total) values (136, 9134, 262, 1, 21.30, 45.51); 
update estoque set quant_venda = quant_venda + 1, quant_atual = quant_atual - 1 where id = 262; 
update estoque_total set total = total - 1 where medicamento_id = 9134; 
insert into estoque (medicamento_id, lote, data, validade, preco, quant_inicial, quant_atual) values (2733, 'lote 787226', '2023-11-07', '2026-11-30', 26.0, 14, 14); 
update estoque_total set total = total + 14 where medicamento_id = 2733; 
insert into estoque (medicamento_id, lote, data, validade, preco, quant_inicial, quant_atual) values (9134, 'lote 351778', '2023-11-07', '2025-12-31', 34.7, 2, 2); 
update estoque_total set total = total + 2 where medicamento_id = 9134; 

insert into venda (cliente_id, time_stamp, total) values (6, '2023-11-08 08:41:09', 399.53); 
insert into itens_venda (venda_id, medicamento_id, estoque_id, quantidade, desconto, total) values (137, 2254, 270, 2, 30.90, 88.28); 
update estoque set quant_venda = quant_venda + 2, quant_atual = quant_atual - 2 where id = 270; 
update estoque_total set total = total - 2 where medicamento_id = 2254; 
insert into itens_venda (venda_id, medicamento_id, estoque_id, quantidade, desconto, total) values (137, 9221, 138, 3, 54.90, 311.25); 
update estoque set quant_venda = quant_venda + 3, quant_atual = quant_atual - 3 where id = 138; 
update estoque_total set total = total - 3 where medicamento_id = 9221; 
insert into estoque (medicamento_id, lote, data, validade, preco, quant_inicial, quant_atual) values (2254, 'lote 284372', '2023-11-08', '2026-05-31', 23.5, 14, 14); 
update estoque_total set total = total + 14 where medicamento_id = 2254; 

insert into venda (cliente_id, profissional_id, time_stamp, total) values (9, 22, '2023-11-08 12:05:35', 36.11); 
insert into itens_venda (venda_id, medicamento_id, estoque_id, quantidade, desconto, total) values (138, 10130, 166, 1, 3.50, 36.11); 
update estoque set quant_venda = quant_venda + 1, quant_atual = quant_atual - 1 where id = 166; 
update estoque_total set total = total - 1 where medicamento_id = 10130; 

insert into venda (cliente_id, profissional_id, time_stamp, total) values (19, 25, '2023-11-08 13:50:18', 741.67); 
insert into itens_venda (venda_id, medicamento_id, estoque_id, quantidade, desconto, total) values (139, 1840, 31, 7, 59.00, 109.63); 
update estoque set quant_venda = quant_venda + 7, quant_atual = quant_atual - 7 where id = 31; 
update estoque_total set total = total - 7 where medicamento_id = 1840; 
insert into itens_venda (venda_id, medicamento_id, estoque_id, quantidade, desconto, total) values (139, 1016, 19, 4, 3.70, 30.58); 
update estoque set quant_venda = quant_venda + 4, quant_atual = quant_atual - 4 where id = 19; 
update estoque_total set total = total - 4 where medicamento_id = 1016; 
insert into itens_venda (venda_id, medicamento_id, estoque_id, quantidade, desconto, total) values (139, 2630, 75, 2, 0.00, 601.46); 
update estoque set quant_venda = quant_venda + 2, quant_atual = quant_atual - 2 where id = 75; 
update estoque_total set total = total - 2 where medicamento_id = 2630; 
insert into estoque (medicamento_id, lote, data, validade, preco, quant_inicial, quant_atual) values (1840, 'lote 260478', '2023-11-08', '2024-11-30', 10.3, 23, 23); 
update estoque_total set total = total + 23 where medicamento_id = 1840; 

insert into venda (profissional_id, time_stamp, total) values (23, '2023-11-08 16:59:16', 613.03); 
insert into itens_venda (venda_id, medicamento_id, estoque_id, quantidade, desconto, total) values (140, 2621, 67, 1, 25.50, 613.03); 
update estoque set quant_venda = quant_venda + 1, quant_atual = quant_atual - 1 where id = 67; 
update estoque_total set total = total - 1 where medicamento_id = 2621; 
insert into estoque (medicamento_id, lote, data, validade, preco, quant_inicial, quant_atual) values (2621, 'lote 904461', '2023-11-08', '2025-11-30', 249.0, 6, 6); 
update estoque_total set total = total + 6 where medicamento_id = 2621; 

insert into venda (cliente_id, profissional_id, time_stamp, total) values (9, 22, '2023-11-09 21:06:45', 69.21); 
insert into itens_venda (venda_id, medicamento_id, estoque_id, quantidade, desconto, total) values (141, 10121, 159, 1, 26.90, 69.21); 
update estoque set quant_venda = quant_venda + 1, quant_atual = quant_atual - 1 where id = 159; 
update estoque_total set total = total - 1 where medicamento_id = 10121; 
insert into estoque (medicamento_id, lote, data, validade, preco, quant_inicial, quant_atual) values (10121, 'lote 331386', '2023-11-09', '2025-11-30', 43.8, 14, 14); 
update estoque_total set total = total + 14 where medicamento_id = 10121; 

insert into venda (cliente_id, time_stamp, total) values (19, '2023-11-11 07:36:38', 244.31); 
insert into itens_venda (venda_id, medicamento_id, estoque_id, quantidade, desconto, total) values (142, 2781, 88, 9, 28.50, 46.74); 
update estoque set quant_venda = quant_venda + 9, quant_atual = quant_atual - 9 where id = 88; 
update estoque_total set total = total - 9 where medicamento_id = 2781; 
insert into itens_venda (venda_id, medicamento_id, estoque_id, quantidade, desconto, total) values (142, 1017, 20, 3, 1.90, 197.57); 
update estoque set quant_venda = quant_venda + 3, quant_atual = quant_atual - 3 where id = 20; 
update estoque_total set total = total - 3 where medicamento_id = 1017; 

insert into venda (profissional_id, time_stamp, total) values (25, '2023-11-11 09:33:42', 1305.96); 
insert into itens_venda (venda_id, medicamento_id, estoque_id, quantidade, desconto, total) values (143, 9222, 139, 5, 10.90, 263.40); 
update estoque set quant_venda = quant_venda + 5, quant_atual = quant_atual - 5 where id = 139; 
update estoque_total set total = total - 5 where medicamento_id = 9222; 
insert into itens_venda (venda_id, medicamento_id, estoque_id, quantidade, desconto, total) values (143, 10180, 198, 4, 0.00, 448.40); 
update estoque set quant_venda = quant_venda + 4, quant_atual = quant_atual - 4 where id = 198; 
update estoque_total set total = total - 4 where medicamento_id = 10180; 
insert into itens_venda (venda_id, medicamento_id, estoque_id, quantidade, desconto, total) values (143, 10173, 191, 1, 18.30, 594.16); 
update estoque set quant_venda = quant_venda + 1, quant_atual = quant_atual - 1 where id = 191; 
update estoque_total set total = total - 1 where medicamento_id = 10173; 

insert into venda (cliente_id, time_stamp, total) values (13, '2023-11-11 11:23:45', 575.80); 
insert into itens_venda (venda_id, medicamento_id, estoque_id, quantidade, desconto, total) values (144, 9171, 111, 1, 49.30, 444.43); 
update estoque set quant_venda = quant_venda + 1, quant_atual = quant_atual - 1 where id = 111; 
update estoque_total set total = total - 1 where medicamento_id = 9171; 
insert into itens_venda (venda_id, medicamento_id, estoque_id, quantidade, desconto, total) values (144, 1537, 258, 3, 12.90, 131.37); 
update estoque set quant_venda = quant_venda + 3, quant_atual = quant_atual - 3 where id = 258; 
update estoque_total set total = total - 3 where medicamento_id = 1537; 
insert into estoque (medicamento_id, lote, data, validade, preco, quant_inicial, quant_atual) values (9171, 'lote 702430', '2023-11-11', '2025-11-30', 256.9, 9, 9); 
update estoque_total set total = total + 9 where medicamento_id = 9171; 

insert into venda (cliente_id, time_stamp, total) values (7, '2023-11-11 13:21:21', 18.58); 
insert into itens_venda (venda_id, medicamento_id, estoque_id, quantidade, desconto, total) values (145, 2781, 88, 3, 6.50, 18.58); 
update estoque set quant_venda = quant_venda + 3, quant_atual = quant_atual - 3 where id = 88; 
update estoque_total set total = total - 3 where medicamento_id = 2781; 
insert into estoque (medicamento_id, lote, data, validade, preco, quant_inicial, quant_atual) values (2781, 'lote 413596', '2023-11-11', '2026-11-30', 4.5, 27, 27); 
update estoque_total set total = total + 27 where medicamento_id = 2781; 

insert into venda (time_stamp, total) values ('2023-11-12 18:13:02', 22.80); 
insert into itens_venda (venda_id, medicamento_id, estoque_id, quantidade, desconto, total) values (146, 2779, 86, 1, 0.00, 22.80); 
update estoque set quant_venda = quant_venda + 1, quant_atual = quant_atual - 1 where id = 86; 
update estoque_total set total = total - 1 where medicamento_id = 2779; 

insert into venda (cliente_id, time_stamp, total) values (18, '2023-11-12 21:48:46', 1114.64); 
insert into itens_venda (venda_id, medicamento_id, estoque_id, quantidade, desconto, total) values (147, 597, 18, 3, 11.20, 1114.64); 
update estoque set quant_venda = quant_venda + 3, quant_atual = quant_atual - 3 where id = 18; 
update estoque_total set total = total - 3 where medicamento_id = 597; 

insert into venda (cliente_id, profissional_id, time_stamp, total) values (15, 24, '2023-11-12 22:57:48', 1073.18); 
insert into itens_venda (venda_id, medicamento_id, estoque_id, quantidade, desconto, total) values (148, 10131, 167, 9, 12.70, 93.14); 
update estoque set quant_venda = quant_venda + 9, quant_atual = quant_atual - 9 where id = 167; 
update estoque_total set total = total - 9 where medicamento_id = 10131; 
insert into itens_venda (venda_id, medicamento_id, estoque_id, quantidade, desconto, total) values (148, 2626, 71, 2, 166.20, 941.96); 
update estoque set quant_venda = quant_venda + 2, quant_atual = quant_atual - 2 where id = 71; 
update estoque_total set total = total - 2 where medicamento_id = 2626; 
insert into itens_venda (venda_id, medicamento_id, estoque_id, quantidade, desconto, total) values (148, 531, 13, 2, 23.30, 38.08); 
update estoque set quant_venda = quant_venda + 2, quant_atual = quant_atual - 2 where id = 13; 
update estoque_total set total = total - 2 where medicamento_id = 531; 
insert into estoque (medicamento_id, lote, data, validade, preco, quant_inicial, quant_atual) values (531, 'lote 603111', '2023-11-12', '2026-11-30', 16.8, 39, 39); 
update estoque_total set total = total + 39 where medicamento_id = 531; 

insert into venda (cliente_id, profissional_id, time_stamp, total) values (2, 25, '2023-11-14 07:54:55', 827.52); 
insert into itens_venda (venda_id, medicamento_id, estoque_id, quantidade, desconto, total) values (149, 10179, 276, 3, 8.00, 793.72); 
update estoque set quant_venda = quant_venda + 3, quant_atual = quant_atual - 3 where id = 276; 
update estoque_total set total = total - 3 where medicamento_id = 10179; 
insert into itens_venda (venda_id, medicamento_id, estoque_id, quantidade, desconto, total) values (149, 2791, 95, 7, 15.90, 33.80); 
update estoque set quant_venda = quant_venda + 7, quant_atual = quant_atual - 7 where id = 95; 
update estoque_total set total = total - 7 where medicamento_id = 2791; 
insert into estoque (medicamento_id, lote, data, validade, preco, quant_inicial, quant_atual) values (2791, 'lote 817686', '2023-11-14', '2026-11-30', 3.8, 39, 39); 
update estoque_total set total = total + 39 where medicamento_id = 2791; 

insert into venda (cliente_id, profissional_id, time_stamp, total) values (11, 24, '2023-11-14 08:37:55', 311.47); 
insert into itens_venda (venda_id, medicamento_id, estoque_id, quantidade, desconto, total) values (150, 10172, 190, 7, 19.40, 258.22); 
update estoque set quant_venda = quant_venda + 7, quant_atual = quant_atual - 7 where id = 190; 
update estoque_total set total = total - 7 where medicamento_id = 10172; 
insert into itens_venda (venda_id, medicamento_id, estoque_id, quantidade, desconto, total) values (150, 9210, 243, 1, 1.60, 53.25); 
update estoque set quant_venda = quant_venda + 1, quant_atual = quant_atual - 1 where id = 243; 
update estoque_total set total = total - 1 where medicamento_id = 9210; 
insert into estoque (medicamento_id, lote, data, validade, preco, quant_inicial, quant_atual) values (9210, 'lote 873672', '2023-11-14', '2025-12-31', 28.5, 14, 14); 
update estoque_total set total = total + 14 where medicamento_id = 9210; 

insert into venda (cliente_id, profissional_id, time_stamp, total) values (16, 25, '2023-11-15 16:32:14', 2762.86); 
insert into itens_venda (venda_id, medicamento_id, estoque_id, quantidade, desconto, total) values (151, 9213, 133, 2, 315.90, 671.30); 
update estoque set quant_venda = quant_venda + 2, quant_atual = quant_atual - 2 where id = 133; 
update estoque_total set total = total - 2 where medicamento_id = 9213; 
insert into itens_venda (venda_id, medicamento_id, estoque_id, quantidade, desconto, total) values (151, 2621, 286, 2, 408.60, 868.46); 
update estoque set quant_venda = quant_venda + 2, quant_atual = quant_atual - 2 where id = 286; 
update estoque_total set total = total - 2 where medicamento_id = 2621; 
insert into itens_venda (venda_id, medicamento_id, estoque_id, quantidade, desconto, total) values (151, 2761, 79, 2, 64.30, 1223.10); 
update estoque set quant_venda = quant_venda + 2, quant_atual = quant_atual - 2 where id = 79; 
update estoque_total set total = total - 2 where medicamento_id = 2761; 
insert into estoque (medicamento_id, lote, data, validade, preco, quant_inicial, quant_atual) values (2761, 'lote 452140', '2023-11-15', '2025-05-31', 292.4, 6, 6); 
update estoque_total set total = total + 6 where medicamento_id = 2761; 

insert into venda (profissional_id, time_stamp, total) values (25, '2023-11-17 02:42:41', 514.32); 
insert into itens_venda (venda_id, medicamento_id, estoque_id, quantidade, desconto, total) values (152, 1862, 265, 3, 0.70, 72.74); 
update estoque set quant_venda = quant_venda + 3, quant_atual = quant_atual - 3 where id = 265; 
update estoque_total set total = total - 3 where medicamento_id = 1862; 
insert into itens_venda (venda_id, medicamento_id, estoque_id, quantidade, desconto, total) values (152, 10124, 162, 6, 6.00, 145.08); 
update estoque set quant_venda = quant_venda + 6, quant_atual = quant_atual - 6 where id = 162; 
update estoque_total set total = total - 6 where medicamento_id = 10124; 
insert into itens_venda (venda_id, medicamento_id, estoque_id, quantidade, desconto, total) values (152, 9131, 99, 10, 0.00, 296.50); 
update estoque set quant_venda = quant_venda + 10, quant_atual = quant_atual - 10 where id = 99; 
update estoque_total set total = total - 10 where medicamento_id = 9131; 

insert into venda (cliente_id, profissional_id, time_stamp, total) values (5, 24, '2023-11-17 04:45:14', 526.13); 
insert into itens_venda (venda_id, medicamento_id, estoque_id, quantidade, desconto, total) values (153, 9144, 248, 2, 31.60, 67.46); 
update estoque set quant_venda = quant_venda + 2, quant_atual = quant_atual - 2 where id = 248; 
update estoque_total set total = total - 2 where medicamento_id = 9144; 
insert into itens_venda (venda_id, medicamento_id, estoque_id, quantidade, desconto, total) values (153, 10184, 250, 2, 22.40, 79.68); 
update estoque set quant_venda = quant_venda + 2, quant_atual = quant_atual - 2 where id = 250; 
update estoque_total set total = total - 2 where medicamento_id = 10184; 
insert into itens_venda (venda_id, medicamento_id, estoque_id, quantidade, desconto, total) values (153, 2631, 76, 1, 72.10, 378.99); 
update estoque set quant_venda = quant_venda + 1, quant_atual = quant_atual - 1 where id = 76; 
update estoque_total set total = total - 1 where medicamento_id = 2631; 
insert into estoque (medicamento_id, lote, data, validade, preco, quant_inicial, quant_atual) values (9144, 'lote 884698', '2023-11-17', '2025-11-30', 25.7, 6, 6); 
update estoque_total set total = total + 6 where medicamento_id = 9144; 
insert into estoque (medicamento_id, lote, data, validade, preco, quant_inicial, quant_atual) values (10184, 'lote 632044', '2023-11-17', '2025-11-30', 23.3, 10, 10); 
update estoque_total set total = total + 10 where medicamento_id = 10184; 
insert into estoque (medicamento_id, lote, data, validade, preco, quant_inicial, quant_atual) values (2631, 'lote 347878', '2023-11-17', '2024-05-31', 185.5, 3, 3); 
update estoque_total set total = total + 3 where medicamento_id = 2631; 

insert into venda (time_stamp, total) values ('2023-11-17 08:08:37', 605.45); 
insert into itens_venda (venda_id, medicamento_id, estoque_id, quantidade, desconto, total) values (154, 9228, 145, 1, 52.60, 605.45); 
update estoque set quant_venda = quant_venda + 1, quant_atual = quant_atual - 1 where id = 145; 
update estoque_total set total = total - 1 where medicamento_id = 9228; 
insert into estoque (medicamento_id, lote, data, validade, preco, quant_inicial, quant_atual) values (9228, 'lote 452176', '2023-11-17', '2025-11-30', 342.5, 2, 2); 
update estoque_total set total = total + 2 where medicamento_id = 9228; 

insert into venda (cliente_id, profissional_id, time_stamp, total) values (4, 25, '2023-11-19 15:27:44', 819.38); 
insert into itens_venda (venda_id, medicamento_id, estoque_id, quantidade, desconto, total) values (155, 10178, 196, 3, 67.00, 181.31); 
update estoque set quant_venda = quant_venda + 3, quant_atual = quant_atual - 3 where id = 196; 
update estoque_total set total = total - 3 where medicamento_id = 10178; 
insert into itens_venda (venda_id, medicamento_id, estoque_id, quantidade, desconto, total) values (155, 9203, 281, 1, 19.70, 638.07); 
update estoque set quant_venda = quant_venda + 1, quant_atual = quant_atual - 1 where id = 281; 
update estoque_total set total = total - 1 where medicamento_id = 9203; 
insert into estoque (medicamento_id, lote, data, validade, preco, quant_inicial, quant_atual) values (10178, 'lote 670539', '2023-11-19', '2025-11-30', 37.6, 10, 10); 
update estoque_total set total = total + 10 where medicamento_id = 10178; 

insert into venda (cliente_id, time_stamp, total) values (5, '2023-11-20 22:31:47', 1307.46); 
insert into itens_venda (venda_id, medicamento_id, estoque_id, quantidade, desconto, total) values (156, 6805, 97, 8, 30.70, 122.98); 
update estoque set quant_venda = quant_venda + 8, quant_atual = quant_atual - 8 where id = 97; 
update estoque_total set total = total - 8 where medicamento_id = 6805; 
insert into itens_venda (venda_id, medicamento_id, estoque_id, quantidade, desconto, total) values (156, 9202, 126, 2, 131.50, 1184.48); 
update estoque set quant_venda = quant_venda + 2, quant_atual = quant_atual - 2 where id = 126; 
update estoque_total set total = total - 2 where medicamento_id = 9202; 

insert into venda (cliente_id, profissional_id, time_stamp, total) values (5, 23, '2023-11-20 23:17:51', 525.54); 
insert into itens_venda (venda_id, medicamento_id, estoque_id, quantidade, desconto, total) values (157, 10157, 182, 3, 47.00, 109.87); 
update estoque set quant_venda = quant_venda + 3, quant_atual = quant_atual - 3 where id = 182; 
update estoque_total set total = total - 3 where medicamento_id = 10157; 
insert into itens_venda (venda_id, medicamento_id, estoque_id, quantidade, desconto, total) values (157, 2733, 282, 4, 20.80, 239.24); 
update estoque set quant_venda = quant_venda + 4, quant_atual = quant_atual - 4 where id = 282; 
update estoque_total set total = total - 4 where medicamento_id = 2733; 
insert into itens_venda (venda_id, medicamento_id, estoque_id, quantidade, desconto, total) values (157, 9134, 262, 3, 24.00, 176.43); 
update estoque set quant_venda = quant_venda + 3, quant_atual = quant_atual - 3 where id = 262; 
update estoque_total set total = total - 3 where medicamento_id = 9134; 
insert into estoque (medicamento_id, lote, data, validade, preco, quant_inicial, quant_atual) values (10157, 'lote 539170', '2023-11-20', '2025-11-30', 23.7, 10, 10); 
update estoque_total set total = total + 10 where medicamento_id = 10157; 
insert into estoque (medicamento_id, lote, data, validade, preco, quant_inicial, quant_atual) values (9134, 'lote 138204', '2023-11-20', '2025-12-31', 34.7, 10, 10); 
update estoque_total set total = total + 10 where medicamento_id = 9134; 

insert into venda (cliente_id, time_stamp, total) values (18, '2023-11-21 01:14:07', 62.54); 
insert into itens_venda (venda_id, medicamento_id, estoque_id, quantidade, desconto, total) values (158, 1862, 39, 2, 7.80, 41.16); 
update estoque set quant_venda = quant_venda + 2, quant_atual = quant_atual - 2 where id = 39; 
update estoque_total set total = total - 2 where medicamento_id = 1862; 
insert into itens_venda (venda_id, medicamento_id, estoque_id, quantidade, desconto, total) values (158, 1862, 265, 1, 3.10, 21.38); 
update estoque set quant_venda = quant_venda + 1, quant_atual = quant_atual - 1 where id = 265; 
update estoque_total set total = total - 1 where medicamento_id = 1862; 
insert into estoque (medicamento_id, lote, data, validade, preco, quant_inicial, quant_atual) values (1862, 'lote 866473', '2023-11-21', '2024-11-30', 10.5, 43, 43); 
update estoque_total set total = total + 43 where medicamento_id = 1862; 

insert into venda (cliente_id, profissional_id, time_stamp, total) values (10, 25, '2023-11-22 05:42:28', 239.89); 
insert into itens_venda (venda_id, medicamento_id, estoque_id, quantidade, desconto, total) values (159, 2254, 284, 1, 5.90, 53.69); 
update estoque set quant_venda = quant_venda + 1, quant_atual = quant_atual - 1 where id = 284; 
update estoque_total set total = total - 1 where medicamento_id = 2254; 
insert into itens_venda (venda_id, medicamento_id, estoque_id, quantidade, desconto, total) values (159, 1673, 28, 10, 79.80, 186.20); 
update estoque set quant_venda = quant_venda + 10, quant_atual = quant_atual - 10 where id = 28; 
update estoque_total set total = total - 10 where medicamento_id = 1673; 

insert into venda (cliente_id, profissional_id, time_stamp, total) values (8, 24, '2023-11-23 08:27:21', 1076.78); 
insert into itens_venda (venda_id, medicamento_id, estoque_id, quantidade, desconto, total) values (160, 10190, 208, 2, 455.10, 924.26); 
update estoque set quant_venda = quant_venda + 2, quant_atual = quant_atual - 2 where id = 208; 
update estoque_total set total = total - 2 where medicamento_id = 10190; 
insert into itens_venda (venda_id, medicamento_id, estoque_id, quantidade, desconto, total) values (160, 10158, 183, 6, 35.70, 152.52); 
update estoque set quant_venda = quant_venda + 6, quant_atual = quant_atual - 6 where id = 183; 
update estoque_total set total = total - 6 where medicamento_id = 10158; 

insert into venda (time_stamp, total) values ('2023-11-23 09:21:02', 310.58); 
insert into itens_venda (venda_id, medicamento_id, estoque_id, quantidade, desconto, total) values (161, 561, 16, 4, 12.90, 310.58); 
update estoque set quant_venda = quant_venda + 4, quant_atual = quant_atual - 4 where id = 16; 
update estoque_total set total = total - 4 where medicamento_id = 561; 

insert into venda (cliente_id, time_stamp, total) values (2, '2023-11-23 12:00:22', 131.35); 
insert into itens_venda (venda_id, medicamento_id, estoque_id, quantidade, desconto, total) values (162, 9220, 137, 3, 53.60, 131.35); 
update estoque set quant_venda = quant_venda + 3, quant_atual = quant_atual - 3 where id = 137; 
update estoque_total set total = total - 3 where medicamento_id = 9220; 

insert into venda (cliente_id, time_stamp, total) values (6, '2023-11-23 12:50:14', 1714.26); 
insert into itens_venda (venda_id, medicamento_id, estoque_id, quantidade, desconto, total) values (163, 9144, 294, 6, 95.00, 202.18); 
update estoque set quant_venda = quant_venda + 6, quant_atual = quant_atual - 6 where id = 294; 
update estoque_total set total = total - 6 where medicamento_id = 9144; 
insert into itens_venda (venda_id, medicamento_id, estoque_id, quantidade, desconto, total) values (163, 2780, 87, 10, 19.70, 227.50); 
update estoque set quant_venda = quant_venda + 10, quant_atual = quant_atual - 10 where id = 87; 
update estoque_total set total = total - 10 where medicamento_id = 2780; 
insert into itens_venda (venda_id, medicamento_id, estoque_id, quantidade, desconto, total) values (163, 9232, 149, 3, 191.90, 1284.58); 
update estoque set quant_venda = quant_venda + 3, quant_atual = quant_atual - 3 where id = 149; 
update estoque_total set total = total - 3 where medicamento_id = 9232; 
insert into estoque (medicamento_id, lote, data, validade, preco, quant_inicial, quant_atual) values (9144, 'lote 875928', '2023-11-23', '2025-12-31', 25.7, 14, 14); 
update estoque_total set total = total + 14 where medicamento_id = 9144; 

insert into venda (profissional_id, time_stamp, total) values (22, '2023-11-24 21:29:46', 509.76); 
insert into itens_venda (venda_id, medicamento_id, estoque_id, quantidade, desconto, total) values (164, 2623, 69, 2, 44.30, 509.76); 
update estoque set quant_venda = quant_venda + 2, quant_atual = quant_atual - 2 where id = 69; 
update estoque_total set total = total - 2 where medicamento_id = 2623; 

insert into venda (cliente_id, profissional_id, time_stamp, total) values (1, 22, '2023-11-24 22:56:21', 157.56); 
insert into itens_venda (venda_id, medicamento_id, estoque_id, quantidade, desconto, total) values (165, 10172, 190, 2, 26.90, 52.42); 
update estoque set quant_venda = quant_venda + 2, quant_atual = quant_atual - 2 where id = 190; 
update estoque_total set total = total - 2 where medicamento_id = 10172; 
insert into itens_venda (venda_id, medicamento_id, estoque_id, quantidade, desconto, total) values (165, 562, 263, 1, 47.20, 105.14); 
update estoque set quant_venda = quant_venda + 1, quant_atual = quant_atual - 1 where id = 263; 
update estoque_total set total = total - 1 where medicamento_id = 562; 

insert into venda (cliente_id, profissional_id, time_stamp, total) values (18, 24, '2023-11-25 01:45:37', 856.88); 
insert into itens_venda (venda_id, medicamento_id, estoque_id, quantidade, desconto, total) values (166, 2596, 63, 7, 28.50, 60.61); 
update estoque set quant_venda = quant_venda + 7, quant_atual = quant_atual - 7 where id = 63; 
update estoque_total set total = total - 7 where medicamento_id = 2596; 
insert into itens_venda (venda_id, medicamento_id, estoque_id, quantidade, desconto, total) values (166, 2631, 296, 2, 153.30, 748.88); 
update estoque set quant_venda = quant_venda + 2, quant_atual = quant_atual - 2 where id = 296; 
update estoque_total set total = total - 2 where medicamento_id = 2631; 
insert into itens_venda (venda_id, medicamento_id, estoque_id, quantidade, desconto, total) values (166, 9247, 157, 1, 7.70, 47.39); 
update estoque set quant_venda = quant_venda + 1, quant_atual = quant_atual - 1 where id = 157; 
update estoque_total set total = total - 1 where medicamento_id = 9247; 
insert into estoque (medicamento_id, lote, data, validade, preco, quant_inicial, quant_atual) values (9247, 'lote 730344', '2023-11-25', '2025-11-30', 28.6, 18, 18); 
update estoque_total set total = total + 18 where medicamento_id = 9247; 

insert into venda (cliente_id, time_stamp, total) values (14, '2023-11-26 04:51:19', 306.17); 
insert into itens_venda (venda_id, medicamento_id, estoque_id, quantidade, desconto, total) values (167, 9134, 283, 2, 49.40, 84.22); 
update estoque set quant_venda = quant_venda + 2, quant_atual = quant_atual - 2 where id = 283; 
update estoque_total set total = total - 2 where medicamento_id = 9134; 
insert into itens_venda (venda_id, medicamento_id, estoque_id, quantidade, desconto, total) values (167, 9245, 155, 5, 86.30, 221.95); 
update estoque set quant_venda = quant_venda + 5, quant_atual = quant_atual - 5 where id = 155; 
update estoque_total set total = total - 5 where medicamento_id = 9245; 
insert into estoque (medicamento_id, lote, data, validade, preco, quant_inicial, quant_atual) values (9134, 'lote 285939', '2023-11-26', '2026-01-31', 34.7, 10, 10); 
update estoque_total set total = total + 10 where medicamento_id = 9134; 

insert into venda (cliente_id, time_stamp, total) values (10, '2023-11-26 06:09:51', 388.25); 
insert into itens_venda (venda_id, medicamento_id, estoque_id, quantidade, desconto, total) values (168, 561, 16, 5, 16.10, 388.25); 
update estoque set quant_venda = quant_venda + 5, quant_atual = quant_atual - 5 where id = 16; 
update estoque_total set total = total - 5 where medicamento_id = 561; 
insert into estoque (medicamento_id, lote, data, validade, preco, quant_inicial, quant_atual) values (561, 'lote 620843', '2023-11-26', '2024-05-31', 31.6, 18, 18); 
update estoque_total set total = total + 18 where medicamento_id = 561; 

insert into venda (cliente_id, profissional_id, time_stamp, total) values (15, 22, '2023-11-27 09:23:56', 24.66); 
insert into itens_venda (venda_id, medicamento_id, estoque_id, quantidade, desconto, total) values (169, 10197, 215, 1, 0.00, 24.66); 
update estoque set quant_venda = quant_venda + 1, quant_atual = quant_atual - 1 where id = 215; 
update estoque_total set total = total - 1 where medicamento_id = 10197; 

insert into venda (cliente_id, time_stamp, total) values (14, '2023-11-28 20:53:18', 411.59); 
insert into itens_venda (venda_id, medicamento_id, estoque_id, quantidade, desconto, total) values (170, 6805, 97, 3, 10.30, 47.33); 
update estoque set quant_venda = quant_venda + 3, quant_atual = quant_atual - 3 where id = 97; 
update estoque_total set total = total - 3 where medicamento_id = 6805; 
insert into itens_venda (venda_id, medicamento_id, estoque_id, quantidade, desconto, total) values (170, 9232, 149, 1, 127.90, 364.26); 
update estoque set quant_venda = quant_venda + 1, quant_atual = quant_atual - 1 where id = 149; 
update estoque_total set total = total - 1 where medicamento_id = 9232; 
insert into estoque (medicamento_id, lote, data, validade, preco, quant_inicial, quant_atual) values (6805, 'lote 508905', '2023-11-28', '2025-05-31', 6.7, 7, 7); 
update estoque_total set total = total + 7 where medicamento_id = 6805; 

insert into venda (profissional_id, time_stamp, total) values (21, '2023-12-01 08:06:20', 1669.52); 
insert into itens_venda (venda_id, medicamento_id, estoque_id, quantidade, desconto, total) values (171, 9233, 150, 2, 78.70, 1233.72); 
update estoque set quant_venda = quant_venda + 2, quant_atual = quant_atual - 2 where id = 150; 
update estoque_total set total = total - 2 where medicamento_id = 9233; 
insert into itens_venda (venda_id, medicamento_id, estoque_id, quantidade, desconto, total) values (171, 2792, 96, 9, 16.90, 171.74); 
update estoque set quant_venda = quant_venda + 9, quant_atual = quant_atual - 9 where id = 96; 
update estoque_total set total = total - 9 where medicamento_id = 2792; 
insert into itens_venda (venda_id, medicamento_id, estoque_id, quantidade, desconto, total) values (171, 10165, 187, 9, 0.00, 264.06); 
update estoque set quant_venda = quant_venda + 9, quant_atual = quant_atual - 9 where id = 187; 
update estoque_total set total = total - 9 where medicamento_id = 10165; 
insert into estoque (medicamento_id, lote, data, validade, preco, quant_inicial, quant_atual) values (9233, 'lote 111829', '2023-12-01', '2025-11-30', 341.5, 2, 2); 
update estoque_total set total = total + 2 where medicamento_id = 9233; 

insert into venda (cliente_id, time_stamp, total) values (16, '2023-12-01 08:43:27', 1302.44); 
insert into itens_venda (venda_id, medicamento_id, estoque_id, quantidade, desconto, total) values (172, 9203, 281, 2, 13.10, 1302.44); 
update estoque set quant_venda = quant_venda + 2, quant_atual = quant_atual - 2 where id = 281; 
update estoque_total set total = total - 2 where medicamento_id = 9203; 

