-- Active: 1698656816356@@127.0.0.1@5432@drogasystem@public

-------------------------------------------------------------------------------
-- CRIAÇÃO DA TABELAS
-------------------------------------------------------------------------------

drop table if exists laboratorio cascade;
drop table if exists medicamento cascade;
drop table if exists estoque cascade;
drop table if exists estoque_total cascade;
drop table if exists pessoa cascade;
drop table if exists cliente cascade;
drop table if exists profissional cascade;
drop table if exists venda cascade;
drop table if exists itens_venda cascade;

create table laboratorio (
  id              serial primary key, 
  nome            varchar(255) not null, 
  razao           varchar(255) not null, 
  cnpj            varchar(255) not null
);

create table medicamento (
  id              serial primary key, 
  laboratorio_id  int not null references laboratorio(id), 
  nome            varchar(255) not null, 
  substancia      varchar(255) not null, 
  dosagem         varchar(255), 
  apresentacao    varchar(255) not null check (apresentacao in ('Sólido', 'Líquido', 'Semissólido')), 
  tipo            varchar(255) not null check (tipo in ('Biológico', 'Específico', 'Fitoterápico', 'Genérico', 'Novo', 'Outros', 'Produto de Terapia Avançada', 'Radiofármaco', 'Similar')), 
  controle        varchar(255) not null check (controle in ('Liberado', 'A2', 'A3', 'B1', 'B2', 'C1', 'C2', 'AM')), 
  quantidade      varchar(255), 
  ggrem           numeric(15) not null unique,
  classe          varchar(255) not null,
  preco           numeric(10, 2) not null
);

create table estoque (
  id              serial primary key, 
  medicamento_id  int not null references medicamento(id), 
  lote            varchar(255) not null, 
  data            date not null default current_date, 
  validade        date not null, 
  custo           numeric(10, 2) not null,
  quant_inicial   int not null, 
  quant_venda     int not null default 0, 
  quant_atual     int not null default 0
);

create table estoque_total (
  id              serial primary key, 
  medicamento_id  int not null unique references medicamento(id), 
  total           int not null, 
  minimo          int not null default 0, 
  maximo          int not null default 9999
);

create table pessoa (
  id              serial primary key, 
  nome            varchar(255) not null, 
  logradouro      varchar(255), 
  numero          varchar(255), 
  complemento     varchar(255), 
  bairro          varchar(255), 
  cep             numeric(8), 
  cidade          varchar(255), 
  estado          char(2), 
  telefone        numeric(11)
);

create table cliente (
  id              int primary key references pessoa(id), 
  cpf             numeric(11) not null unique, 
  data_nasc       date not null, 
  sexo            char(1) not null check (sexo in ('F', 'M'))
);

create table profissional (
  id              int primary key references pessoa(id), 
  registro        varchar(255) not null unique, 
  tipo            varchar(255) not null check (tipo in ('Médico', 'Dentista', 'Veterinário'))
);

create table venda (
  id              serial primary key, 
  time_stamp      timestamp not null default cast(to_char(current_timestamp, 'YYYY-MM-DD HH:MI:SS') as timestamp), 
  total           numeric(10, 2) not null, 
  cliente_id      int references cliente(id), 
  profissional_id int references profissional(id)
);

create table itens_venda (
  id              serial primary key, 
  venda_id        int not null references venda(id), 
  medicamento_id  int not null references medicamento(id), 
  estoque_id      int not null references estoque(id), 
  quantidade      int not null, 
  desconto        numeric(10, 2) not null default 0, 
  total           numeric(10, 2) not null
);



-------------------------------------------------------------------------------
-- POPULAR TABELAS
-------------------------------------------------------------------------------

-- Laboratório: 
insert into laboratorio values 
  (default, 'EMS', 'EMS S/A', '57.507.378/0003-65'), 
  (default, 'TAKEDA', 'TAKEDA PHARMA LTDA.', '60.397.775/0001-74'), 
  (default, 'NOVARTIS', 'NOVARTIS BIOCIENCIAS S.A', '56.994.502/0001-30'), 
  (default, 'PRATI', 'PRATI DONADUZZI & CIA LTDA', '73.856.593/0001-66'), 
  (default, 'ALTHAIA', 'ALTHAIA S.A INDÚSTRIA FARMACÊUTICA', '48.344.725/0007-19'), 
  (default, 'PFIZER', 'LABORATÓRIOS PFIZER LTDA', '46.070.868/0036-99'), 
  (default, 'ACHÉ', 'ACHÉ LABORATÓRIOS FARMACÊUTICOS S.A', '60.659.463/0029-92'), 
  (default, 'ASTRAZENECA', 'ASTRAZENECA DO BRASIL LTDA', '60.318.797/0001-00'), 
  (default, 'BOEHRINGER', 'BOEHRINGER INGELHEIM DO BRASIL QUÍMICA E FARMACÊUTICA LTDA.', '60.831.658/0001-77'), 
  (default, 'EUROFARMA', 'EUROFARMA LABORATÓRIOS S.A.', '61.190.096/0001-92'), 
  (default, 'GLAXOSMITHKLINE', 'GLAXOSMITHKLINE BRASIL LTDA', '33.247.743/0001-10'), 
  (default, 'SANDOZ', 'SANDOZ DO BRASIL INDÚSTRIA FARMACÊUTICA LTDA', '61.286.647/0001-16'), 
  (default, 'TEUTO', 'LABORATÓRIO TEUTO BRASILEIRO S/A', '17.159.229/0001-76'), 
  (default, 'LIBBS', 'LIBBS FARMACÊUTICA LTDA', '61.230.314/0001-75'), 
  (default, 'MERCK', 'MERCK S/A', '33.069.212/0001-84'), 
  (default, 'ORGANON', 'ORGANON FARMACÊUTICA LTDA.', '45.987.013/0001-34'), 
  (default, 'GERMED', 'GERMED FARMACEUTICA LTDA', '45.992.062/0001-65'), 
  (default, 'EMS', 'EMS SIGMA PHARMA LTDA', '00.923.140/0001-31'), 
  (default, 'ABBOTT', 'ABBOTT LABORATÓRIOS DO BRASIL LTDA', '56.998.701/0001-16'), 
  (default, 'PFIZER', 'PFIZER BRASIL LTDA', '61.072.393/0001-33'), 
  (default, 'BLAU', 'BLAU FARMACÊUTICA S.A.', '58.430.828/0001-60'), 
  (default, 'ZYDUS', 'ZYDUS NIKKHO FARMACÊUTICA LTDA', '05.254.971/0001-81'), 
  (default, 'ALLERGAN', 'ALLERGAN PRODUTOS FARMACÊUTICOS LTDA', '43.426.626/0001-77'), 
  (default, 'SANOFI', 'SANOFI MEDLEY FARMACÊUTICA LTDA.', '10.588.595/0010-92'), 
  (default, 'BAYER', 'BAYER S.A.', '18.459.628/0001-15'), 
  (default, 'ROCHE', 'PRODUTOS ROCHE QUÍMICOS E FARMACÊUTICOS S.A.', '33.009.945/0001-23'), 
  (default, 'JANSSEN-CILAG', 'JANSSEN-CILAG FARMACÊUTICA LTDA', '51.780.468/0001-87'), 
  (default, 'BIOLAB', 'BIOLAB SANUS FARMACÊUTICA LTDA', '49.475.833/0001-06'), 
  (default, 'BAGÓ', 'LABORATÓRIOS BAGÓ DO BRASIL S/A', '04.748.181/0009-47'), 
  (default, 'APSEN', 'APSEN FARMACEUTICA S/A', '62.462.015/0001-29'), 
  (default, 'RANBAXY', 'RANBAXY FARMACÊUTICA LTDA', '73.663.650/0001-90'), 
  (default, 'GLENMARK', 'GLENMARK FARMACÊUTICA LTDA', '44.363.661/0001-57'), 
  (default, 'NOVA', 'NOVA QUIMICA FARMACÊUTICA S/A', '72.593.791/0001-11'), 
  (default, 'UNIÃO', 'UNIÃO QUÍMICA FARMACÊUTICA NACIONAL S/A', '60.665.981/0001-18'), 
  (default, 'LEGRAND', 'LEGRAND PHARMA INDÚSTRIA FARMACÊUTICA LTDA', '05.044.984/0001-26'), 
  (default, 'BRAINFARMA', 'BRAINFARMA INDÚSTRIA QUÍMICA E FARMACÊUTICA S.A', '05.161.069/0001-10'), 
  (default, 'NOVO', 'NOVO NORDISK FARMACÊUTICA DO BRASIL LTDA', '82.277.955/0001-55'), 
  (default, 'CHIESI', 'CHIESI FARMACÊUTICA LTDA', '61.363.032/0001-46'), 
  (default, 'MYRALIS', 'MYRALIS INDÚSTRIA FARMACÊUTICA LTDA', '17.440.261/0001-25'), 
  (default, 'ZAMBON', 'ZAMBON LABORATÓRIOS FARMACÊUTICOS LTDA.', '61.100.004/0001-36'), 
  (default, 'GRÜNENTHAL', 'GRÜNENTHAL DO BRASIL FARMACÊUTICA LTDA.', '10.555.143/0001-13'), 
  (default, 'THERASKIN', 'THERASKIN FARMACEUTICA LTDA.', '61.517.397/0001-88'), 
  (default, 'FARMOQUÍMICA', 'FARMOQUÍMICA S/A', '33.349.473/0001-58'), 
  (default, 'CIFARMA', 'CIFARMA CIENTÍFICA FARMACÊUTICA LTDA', '17.562.075/0001-69'), 
  (default, 'MERCK', 'MERCK SHARP & DOHME FARMACEUTICA LTDA.', '03.560.974/0001-18'), 
  (default, 'AUROBINDO', 'AUROBINDO PHARMA INDÚSTRIA FARMACÊUTICA LIMITADA', '04.301.884/0001-75'), 
  (default, 'CAZI', 'CAZI QUIMICA FARMACEUTICA INDUSTRIA E COMERCIO LTDA', '44.010.437/0001-81'), 
  (default, 'ARESE', 'ARESE PHARMA LTDA', '07.670.111/0001-54'), 
  (default, 'MARJAN', 'MARJAN INDÚSTRIA E COMÉRCIO LTDA', '60.726.692/0001-81'), 
  (default, 'CIMED', 'CIMED INDUSTRIA S.A', '02.814.497/0001-07'), 
  (default, 'RECKITT', 'RECKITT BENCKISER (BRASIL) LTDA', '59.557.124/0001-15'), 
  (default, 'ASPEN', 'ASPEN PHARMA INDÚSTRIA FARMACÊUTICA LTDA', '02.433.631/0001-20'), 
  (default, 'PROCTER', 'PROCTER & GAMBLE DO BRASIL LTDA', '59.476.770/0001-58'), 
  (default, 'KLEY', 'KLEY HERTZ FARMACEUTICA S.A', '92.695.691/0001-03');

-- medicamento
insert into medicamento values 
  (default, '1', 'AMPICILINA', 'AMPICILINA', '50 MG/ML', 'Líquido', 'Genérico', 'AM', '150 ML', '507701907133117', 'PENICILINAS ORAIS DE AMPLO ESPECTRO', '74.11'), 
  (default, '2', 'NESINA MET', 'BENZOATO DE ALOGLIPTINA;CLORIDRATO DE METFORMINA', '(12,5 + 1000,0) MG', 'Sólido', 'Novo', 'Liberado', '60', '501115110025705', 'ASSOCIAÇÕES DE INIBIDORES DPP-IV COM BIGUANIDAS', '303.77'), 
  (default, '3', 'TEGRETOL', 'CARBAMAZEPINA', '200 MG', 'Sólido', 'Novo', 'C1', '60', '526515003110311', 'ANTIEPILÉPTICOS', '89.22'), 
  (default, '4', 'TRELIM', 'CLORIDRATO DE SERTRALINA', '100 MG', 'Sólido', 'Similar', 'C1', '60', '528519120163307', 'ANTIDEPRESSIVOS SSRI', '401.24'), 
  (default, '5', 'ZETERINA', 'EZETIMIBA', '10 MG', 'Sólido', 'Similar', 'Liberado', '60', '543817070024603', 'TODOS OUTROS REGULADORES DE COLESTEROL E TRIGLICERÍDEOS', '277.35'), 
  (default, '6', 'CITALOR', 'ATORVASTATINA CÁLCICA', '10 MG', 'Sólido', 'Novo', 'Liberado', '60', '552820050068217', 'ESTATINAS, INIBIDORES DA REDUTASE HMG-CoA', '275.35'), 
  (default, '7', 'TREZOR', 'ROSUVASTATINA CÁLCICA', '20 MG', 'Sólido', 'Similar', 'Liberado', '30', '500512070043204', 'ESTATINAS, INIBIDORES DA REDUTASE HMG-CoA', '395.31'), 
  (default, '2', 'NESINA', 'BENZOATO DE ALOGLIPTINA', '12,5 MG', 'Sólido', 'Novo', 'Liberado', '30', '501114030022102', 'ANTIDIABÉTICOS INIBIDORES DPP-IV  PUROS', '153.93'), 
  (default, '2', 'NESINA PIO', 'BENZOATO DE ALOGLIPTINA;CLORIDRATO DE PIOGLITAZONA', '(25,0 + 15,0) MG', 'Sólido', 'Novo', 'Liberado', '30', '501116070027205', 'OUTRAS ASSOCIAÇÕES DE ANTIDIABÉTICOS COM INIBIDORES DPP-IV', '301.63'), 
  (default, '8', 'ATACAND', 'CANDESARTANA CILEXETILA', '8 MG', 'Sólido', 'Novo', 'Liberado', '30', '502300304119219', 'ANTAGONISTAS DA ANGIOTENSINA II PUROS', '198.28'), 
  (default, '8', 'SELOZOK', 'SUCCINATO DE METOPROLOL', '100 MG', 'Sólido', 'Novo', 'Liberado', '30', '502303604113318', 'BETABLOQUEADORES PUROS', '126.96'), 
  (default, '9', 'MICARDIS ANLO', 'BESILATO DE ANLODIPINO;TELMISARTANA', '80MG', 'Sólido', 'Novo', 'Liberado', '30', '504505606113315', 'ANTAGONISTAS DA ANGIOTENSINA II ASSOCIADOS A ANTAGONISTAS DO CÁLCIO', '161.56'), 
  (default, '10', 'DUOMO HP', 'MESILATO DE DOXAZOSINA;FINASTERIDA', '(2,0 + 5,0) MG', 'Sólido', 'Novo', 'Liberado', '30', '508013050096805', 'BPH COMBINAÇÕES DE ALFA-ANTAGONISTAS E INIBIDORES DA 5-ALFA TESTOSTERONA REDUTASE', '156.07'), 
  (default, '10', 'HOMINUS', 'MESILATO DE DOXAZOSINA;FINASTERIDA', '(2,0 + 5,0) MG', 'Sólido', 'Similar', 'Liberado', '30', '508022050161517', 'BPH COMBINAÇÕES DE ALFA-ANTAGONISTAS E INIBIDORES DA 5-ALFA TESTOSTERONA REDUTASE', '156.07'), 
  (default, '11', 'WELLBUTRIN', 'CLORIDRATO DE BUPROPIONA', '150 MG', 'Sólido', 'Novo', 'C1', '30', '510608601119319', 'ANTIDEPRESSIVOS TODOS OS OUTROS', '238.46'), 
  (default, '12', 'AMOXICILINA + CLAVULANATO DE POTÁSSIO', 'CLAVULANATO DE POTÁSSIO;AMOXICILINA TRI-HIDRATADA', '(500+125) MG', 'Sólido', 'Genérico', 'AM', '30', '511519040070506', 'PENICILINAS ORAIS DE AMPLO ESPECTRO', '185.69'), 
  (default, '13', 'CARBIDOL', 'CARBIDOPA (PORT. 344/98 LISTA C 1);LEVODOPA', '25 MG', 'Sólido', 'Similar', 'C1', '30', '520715080095203', 'ANTIPARKINSONIANOS', '83.39'), 
  (default, '14', 'CEBRALAT', 'CILOSTAZOL', '100 MG', 'Sólido', 'Novo', 'Liberado', '30', '523700901117313', 'INIBIDORES DA AGREGAÇÃO PLAQUETÁRIA, REALÇADORES DO AMP CÍCLICO', '71.42'), 
  (default, '15', 'CONCOR ANLO', 'BESILATO DE ANLODIPINO;HEMIFUMARATO DE BISOPROLOL', '(5,0 + 10,0) MG', 'Sólido', 'Novo', 'Liberado', '30', '525421020052205', 'ANTAGONISTAS DO CÁLCIO ASSOCIADOS A BETABLOQUEADORES', '104.81'), 
  (default, '16', 'EZETROL', 'EZETIMIBA', '10 MG', 'Sólido', 'Novo', 'Liberado', '30', '525500902116319', 'TODOS OUTROS REGULADORES DE COLESTEROL E TRIGLICERÍDEOS', '217.98'), 
  (default, '17', 'ACICLOVIR', 'ACICLOVIR', '200 MG', 'Sólido', 'Genérico', 'Liberado', '30', '526120040110107', 'ANTIVIRAIS PARA HERPES', '314.75'), 
  (default, '4', 'MYLETIN', 'CLORIDRATO DE VENLAFAXINA', '75 MG', 'Sólido', 'Similar', 'C1', '30', '528521030180203', 'ANTIDEPRESSIVOS SNRI', '299.98'), 
  (default, '18', 'PATZ SL', 'HEMITARTARATO DE ZOLPIDEM', '10 MG', 'Sólido', 'Novo', 'C1', '30', '531621110094703', 'HIPNÓTICOS E SEDATIVOS NÃO BARBITÚRICOS PUROS', '319.97'), 
  (default, '1', 'ANTIVIRAX', 'ACICLOVIR', '400 MG', 'Sólido', 'Similar', 'Liberado', '30', '541820110152707', 'ANTIVIRAIS PARA HERPES', '289.33'), 
  (default, '10', 'ÉSIO', 'ESOMEPRAZOL MAGNÉSICO', '40 MG', 'Sólido', 'Similar', 'Liberado', '28', '508017100120204', 'INIBIDORES DA BOMBA DE PRÓTONS', '309.14'), 
  (default, '10', 'CLORIDRATO DE VENLAFAXINA', 'CLORIDRATO DE VENLAFAXINA', '150 MG', 'Sólido', 'Genérico', 'C1', '28', '508020604111114', 'ANTIDEPRESSIVOS SNRI', '321.4'), 
  (default, '13', 'PYLORITRAT', 'LANSOPRAZOL;AMOXICILINA TRI-HIDRATADA;CLARITROMICINA', '30 MG', 'Sólido', 'Similar', 'AM', '14 + 14 + 28', '520721702119411', 'INIBIDORES DA BOMBA DE PRÓTONS', '341.32'), 
  (default, '15', 'CONCOR', 'HEMIFUMARATO DE BISOPROLOL', '5 MG', 'Sólido', 'Novo', 'Liberado', '28', '525403008112414', 'BETABLOQUEADORES PUROS', '159.4'), 
  (default, '17', 'ESOMEPRAZOL MAGNÉSICO TRI-HIDRATADO', 'ESOMEPRAZOL MAGNÉSICO', '40 MG', 'Sólido', 'Genérico', 'Liberado', '28', '526113010088506', 'INIBIDORES DA BOMBA DE PRÓTONS', '309.14'), 
  (default, '3', 'DIOVAN', 'VALSARTANA', '160 MG', 'Sólido', 'Novo', 'Liberado', '28', '526504804117319', 'ANTAGONISTAS DA ANGIOTENSINA II PUROS', '137.68'), 
  (default, '1', 'GAUDY', 'BROMIDRATO DE GALANTAMINA', '8 MG', 'Sólido', 'Similar', 'C1', '28', '541819110111507', 'PRODUTOS ANTIALZHEIMER, INIBIDORES DA COLINESTERASE', '394.44'), 
  (default, '1', 'CLABAT', 'CLARITROMICINA', '500 MG', 'Sólido', 'Similar', 'AM', '28', '541820030123307', 'MACROLIDEOS E SIMILARES', '304.43'), 
  (default, '7', 'CADENZA', 'CANDESARTANA CILEXETILA', '32 MG', 'Sólido', 'Similar', 'Liberado', '20', '500516020062804', 'ANTAGONISTAS DA ANGIOTENSINA II PUROS', '234.81'), 
  (default, '17', 'EUTYMIA XL', 'CLORIDRATO DE BUPROPIONA', '300 MG', 'Sólido', 'Similar', 'C1', '20', '526121010132207', 'ANTIDEPRESSIVOS TODOS OS OUTROS', '328.45'), 
  (default, '7', 'NOVAMOX', 'AMOXICILINA TRIHIDRATADA;CLAVULANATO DE POTÁSSIO', '875 MG', 'Sólido', 'Similar', 'AM', '14', '500505705119417', 'PENICILINAS ORAIS DE AMPLO ESPECTRO', '244.48'), 
  (default, '12', 'ZINNAT', 'AXETIL CEFUROXIMA', '500 MG', 'Sólido', 'Novo', 'AM', '14', '511522100077417', 'CEFALOSPORINAS ORAIS', '326.44'), 
  (default, '6', 'EFEXOR', 'CLORIDRATO DE VENLAFAXINA', '150 MG', 'Sólido', 'Novo', 'C1', '14', '552820050064917', 'ANTIDEPRESSIVOS SNRI', '274.47'), 
  (default, '7', 'MEFEX', 'AXETILCEFUROXIMA', '250 MG', 'Sólido', 'Similar', 'AM', '14', '552919120097907', 'CEFALOSPORINAS ORAIS', '218.67'), 
  (default, '1', 'POLICLAVUMOXIL BD', 'CLAVULANATO DE POTÁSSIO;AMOXICILINA TRI-HIDRATADA', '875 MG', 'Sólido', 'Similar', 'AM', '12', '507720303116418', 'PENICILINAS ORAIS DE AMPLO ESPECTRO', '240.88'), 
  (default, '10', 'AMPICILINA', 'AMPICILINA ANIDRA', '500 MG', 'Sólido', 'Genérico', 'AM', '12', '508017801114116', 'PENICILINAS ORAIS DE AMPLO ESPECTRO', '35.49'), 
  (default, '19', 'KLARICID', 'CLARITROMICINA', '500 MG', 'Sólido', 'Novo', 'AM', '10', '500204501115319', 'MACROLIDEOS E SIMILARES', '260.02'), 
  (default, '20', 'ZITROMAX', 'AZITROMICINA DI-HIDRATADA', '500 MG', 'Sólido', 'Novo', 'AM', '9', '522717080057017', 'MACROLIDEOS E SIMILARES', '159.99'), 
  (default, '21', 'CILINON', 'AMPICILINA SÓDICA', '500MG', 'Líquido', 'Similar', 'AM', '5 ML', '504414010047318', 'PENICILINAS INJETAVEIS DE AMPLO ESPECTRO', '6.9'), 
  (default, '11', 'ZOVIRAX', 'ACICLOVIR', '0,03 G/G', 'Semissólido', 'Novo', 'Liberado', '4,5 G', '510609305165318', 'ANTIVIRAIS OFTALMOLÓGICOS', '130.72'), 
  (default, '22', 'TRANSAMIN', 'ÁCIDO TRANEXÂMICO', '50 MG/ML', 'Líquido', 'Novo', 'Liberado', '5 ML', '536214070005414', 'ANTIFIBRINOLÍTICOS SINTÉTICOS', '68.01'), 
  (default, '23', 'GANFORT', 'MALEATO ÁCIDO DE TIMOLOL;BIMATOPROSTA', '(0,3 + 5,0) MG/ML', 'Líquido', 'Novo', 'Liberado', '0,4 ML', '501018100013703', 'PREPARAÇÕES ANTIGLAUCOMAS E MIÓTICAS TÓPICAS', '207.42'), 
  (default, '24', 'PYLORIPAC', 'LANSOPRAZOL;AMOXICILINA TRI-HIDRATADA;CLARITROMICINA', '30 MG', 'Sólido', 'Novo', 'AM', '2+2+4', '525010901113419', 'INIBIDORES DA BOMBA DE PRÓTONS', '247.47'), 
  (default, '25', 'CIPRO', 'CIPROFLOXACINO;CLORIDRATO DE CIPROFLOXACINO', '1000 MG', 'Sólido', 'Novo', 'AM', '3', '538915100024517', 'FLUORQUINOLONAS ORAIS', '191.33'), 
  (default, '26', 'ROCEFIN', 'CEFTRIAXONA DISSÓDICA HEMIEPTAIDRATADA', '500 MG', 'Líquido', 'Novo', 'AM', '2 ML', '529205103154310', 'CEFALOSPORINAS INJETÁVEIS', '141.42'), 
  (default, '11', 'CLAVULIN', 'CLAVULANATO DE POTÁSSIO;AMOXICILINA TRI-HIDRATADA', '(120 + 8,58) MG/ML', 'Líquido', 'Novo', 'AM', '100 ML+ SER DOS', '510602006138311', 'PENICILINAS ORAIS DE AMPLO ESPECTRO', '297.97'), 
  (default, '11', 'AMOXIL', 'AMOXICILINA', '125 MG', 'Líquido', 'Novo', 'AM', '150 ML', '510613020049703', 'PENICILINAS ORAIS DE AMPLO ESPECTRO', '71.53'), 
  (default, '27', 'MOTILIUM', 'DOMPERIDONA', '10 MG', 'Sólido', 'Novo', 'Liberado', '90', '514512020024803', 'GASTROPROCINÉTICOS', '85.75'), 
  (default, '19', 'BETASERC', 'CLORIDRATO DE BETAISTINA', '24 MG', 'Sólido', 'Novo', 'Liberado', '60', '500214100032717', 'ANTIVERTIGINOSOS', '118.51'), 
  (default, '28', 'LIPLESS', 'CIPROFIBRATO', '100 MG', 'Sólido', 'Similar', 'Liberado', '60', '504112070050503', 'FIBRATOS', '249.92'), 
  (default, '28', 'ABLOK PLUS', 'ATENOLOL;CLORTALIDONA', '100 MG', 'Sólido', 'Similar', 'Liberado', '60', '504114020051403', 'BETABLOQUEADORES ASSOCIADOS COM ANTIHIPERTENSIVOS E/OU DIURÉTICOS', '145.7'), 
  (default, '1', 'RESTITUE', 'PANTOPRAZOL MAGNÉSICO DI-HIDRATADO', '40 MG', 'Sólido', 'Similar', 'Liberado', '60', '541820020117807', 'INIBIDORES DA BOMBA DE PRÓTONS', '427.8'), 
  (default, '6', 'NORVASC', 'BESILATO DE ANLODIPINO', '5 MG', 'Sólido', 'Novo', 'Liberado', '60', '552820020063317', 'ANTAGONISTAS DA ANGIOTENSINA II PUROS', '146.03'), 
  (default, '19', 'LIPIDIL', 'FENOFIBRATO', '200 MG', 'Semissólido', 'Novo', 'Liberado', '30', '500214090032217', 'FIBRATOS', '184.42'), 
  (default, '7', 'BETALOR', 'ATENOLOL;BESILATO DE ANLODIPINO', '5 MG', 'Sólido', 'Novo', 'Liberado', '30', '552919120092317', 'ANTAGONISTAS DO CÁLCIO ASSOCIADOS A BETABLOQUEADORES', '94.97'), 
  (default, '7', 'LOTAR', 'LOSARTANA POTÁSSICA;BESILATO DE ANLODIPINO', '5,0 MG', 'Sólido', 'Novo', 'Liberado', '30', '552919120100717', 'ANTAGONISTAS DA ANGIOTENSINA II ASSOCIADOS A ANTAGONISTAS DO CÁLCIO', '168.15'), 
  (default, '24', 'AMARYL', 'GLIMEPIRIDA', '4 MG', 'Sólido', 'Novo', 'Liberado', '30', '576720060073817', 'ANTIDIABÉTICOS SULFONILOURÉIAS PUROS', '126.91'), 
  (default, '1', 'ESOGASTRO IBP', 'AMOXICILINA TRIHIDRATADA;ESOMEPRAZOL MAGNÉSICO TRI-HIDRATADO;CLARITROMICINA', '500 MG', 'Sólido', 'Novo', 'AM', '28 +14 + 28', '541821070163303', 'INIBIDORES DA BOMBA DE PRÓTONS', '289.26'), 
  (default, '11', 'AMOXIL', 'AMOXICILINA TRIHIDRATADA', '500 MG', 'Semissólido', 'Novo', 'AM', '21', '510600606111310', 'PENICILINAS ORAIS DE AMPLO ESPECTRO', '113.07'), 
  (default, '27', 'ULTRACET', 'CLORIDRATO DE TRAMADOL;PARACETAMOL', '37,5 MG', 'Sólido', 'Novo', 'A2', '20', '514505502110314', 'ANALGÉSICOS NARCÓTICOS', '127.62'), 
  (default, '24', 'PROFENID', 'CETOPROFENO', '100 MG', 'Sólido', 'Novo', 'Liberado', '20', '576720050065917', 'ANTIRREUMÁTICOS NÃO ESTEROIDAIS PUROS', '77.21'), 
  (default, '20', 'ALDACTONE', 'ESPIRONOLACTONA', '100 MG', 'Sólido', 'Novo', 'Liberado', '16', '522717110064717', 'AGENTES DIURÉTICOS POUPADORES POTÁSSIO PUROS', '50.22'), 
  (default, '6', 'CARDURAN', 'MESILATO DE DOXAZOSINA', '4 MG', 'Sólido', 'Novo', 'Liberado', '10', '552820060069417', 'ANTI-HIPERTENSIVOS PURO-AÇÃO PERIFÉRICA', '124.6'), 
  (default, '29', 'KEFLEX', 'CEFALEXINA MONOIDRATADA', '1 G', 'Sólido', 'Novo', 'AM', '8', '536501506112319', 'CEFALOSPORINAS ORAIS', '148.74'), 
  (default, '10', 'TAMIRAM', 'LEVOFLOXACINO HEMI-HIDRATADO', '750 MG', 'Sólido', 'Novo', 'AM', '7', '508016100113003', 'FLUORQUINOLONAS ORAIS', '170.61'), 
  (default, '14', 'SUMAX', 'SUCCINATO DE SUMATRIPTANA', '50 MG', 'Sólido', 'Similar', 'Liberado', '6', '523723050050203', 'ANTIENXAQUECOSOS TRIPTÂNICOS', '118.67'), 
  (default, '8', 'PULMICORT', 'BUDESONIDA', '0,25 MG/ML', 'Líquido', 'Novo', 'Liberado', '2 ML', '502303101170311', 'ANTIASMÁTICOS/DPOC CORTICOSTERÓIDES INALANTES', '219.48'), 
  (default, '11', 'ZENTEL', 'ALBENDAZOL', '400 MG', 'Sólido', 'Novo', 'Liberado', '1', '510608803110312', 'ANTI-HELMÍNTICOS EXCETO ESQUISTOSSOMICIDAS (P1C)', '18.25'), 
  (default, '24', 'DIGESAN', 'BROMOPRIDA', '1 MG/ML', 'Líquido', 'Novo', 'Liberado', '120 ML + COP', '576720060073017', 'GASTROPROCINÉTICOS', '50.33'), 
  (default, '28', 'FLUX SR', 'INDAPAMIDA', '1,5 MG', 'Sólido', 'Similar', 'Liberado', '90', '504123050084503', 'DIURÉTICOS TIAZIDAS E ANÁLOGOS PUROS', '102.43'), 
  (default, '30', 'DUEPOLI', 'DIVALPROATO DE SÓDIO', '500 MG', 'Sólido', 'Similar', 'C1', '60', '501623090045104', 'ANTIEPILÉPTICOS', '277.84'), 
  (default, '12', 'CANDESARTANA CILEXETILA', 'CANDESARTANA CILEXETILA', '16 MG', 'Sólido', 'Genérico', 'Liberado', '60', '511518010065506', 'ANTAGONISTAS DA ANGIOTENSINA II PUROS', '148.74'), 
  (default, '24', 'VALSARTANA', 'VALSARTANA', '160 MG', 'Sólido', 'Genérico', 'Liberado', '60', '525073104113111', 'ANTAGONISTAS DA ANGIOTENSINA II PUROS', '237.17'), 
  (default, '17', 'DIVALPROATO DE SÓDIO', 'DIVALPROATO DE SÓDIO', '500 MG', 'Sólido', 'Genérico', 'C1', '60', '526120020106407', 'ANTIEPILÉPTICOS', '187.57'), 
  (default, '17', 'OLMESARTANA MEDOXOMILA+BESILATO DE ANLODIPINO', 'BESILATO DE ANLODIPINO;OLMESARTANA MEDOXOMILA', '40 MG', 'Sólido', 'Genérico', 'Liberado', '60', '526122100166306', 'ANTAGONISTAS DA ANGIOTENSINA II ASSOCIADOS A ANTAGONISTAS DO CÁLCIO', '126.01'), 
  (default, '4', 'CLORIDRATO DE SERTRALINA', 'CLORIDRATO DE SERTRALINA', '50 MG', 'Sólido', 'Genérico', 'C1', '60', '528518110142706', 'ANTIDEPRESSIVOS SSRI', '237.07'), 
  (default, '18', 'OLMY ANLO', 'BESILATO DE ANLODIPINO;OLMESARTANA MEDOXOMILA', '40 MG', 'Sólido', 'Similar', 'Liberado', '60', '531623100099103', 'ANTAGONISTAS DA ANGIOTENSINA II ASSOCIADOS A ANTAGONISTAS DO CÁLCIO', '193.75'), 
  (default, '5', 'EZETIMIBA', 'EZETIMIBA', '10 MG', 'Sólido', 'Genérico', 'Liberado', '60', '543815120014606', 'TODOS OUTROS REGULADORES DE COLESTEROL E TRIGLICERÍDEOS', '283.15'), 
  (default, '19', 'VODSSO', 'VALPROATO DE SÓDIO', '500 MG', 'Sólido', 'Similar', 'C1', '50', '500217030036203', 'ANTIEPILÉPTICOS', '93.62'), 
  (default, '9', 'CARDIZEM', 'CLORIDRATO DE DILTIAZEM', '60 MG', 'Sólido', 'Novo', 'Liberado', '50', '504501203111311', 'ANTAGONISTAS DO CÁLCIO PUROS', '74.38'), 
  (default, '31', 'CLORIDRATO DE DILTIAZEM', 'CLORIDRATO DE DILTIAZEM', '60 MG', 'Sólido', 'Genérico', 'Liberado', '50', '529921110076806', 'ANTAGONISTAS DO CÁLCIO PUROS', '48.33'), 
  (default, '19', 'DEPAKOTE', 'DIVALPROATO DE SÓDIO', '500 MG', 'Sólido', 'Novo', 'C1', '30', '500202504117316', 'ANTIEPILÉPTICOS', '144.3'), 
  (default, '7', 'EXODUS', 'OXALATO DE ESCITALOPRAM', '10 MG', 'Sólido', 'Similar', 'C1', '30', '500513202112413', 'ANTIDEPRESSIVOS SSRI', '390.48'), 
  (default, '8', 'VIVACOR', 'ROSUVASTATINA', '20 MG', 'Sólido', 'Novo', 'Liberado', '30', '502305404111210', 'ESTATINAS, INIBIDORES DA REDUTASE HMG-CoA', '165.06'), 
  (default, '10', 'ESC ODT', 'OXALATO DE ESCITALOPRAM', '20 MG', 'Sólido', 'Novo', 'C1', '30', '508021080141803', 'ANTIDEPRESSIVOS SSRI', '240.71'), 
  (default, '27', 'HALDOL', 'HALOPERIDOL', '2 MG/ML', 'Líquido', 'Novo', 'C1', '30 ML', '514501206134317', 'ANTIPSICÓTICOS CONVENCIONAIS', '18.72'), 
  (default, '13', 'BROMIDRATO DE CITALOPRAM', 'BROMIDRATO DE CITALOPRAM', '20 MG', 'Sólido', 'Genérico', 'C1', '30', '520715090095906', 'ANTIDEPRESSIVOS SSRI', '254.13'), 
  (default, '32', 'DERIVA C MICRO', 'ADAPALENO;FOSFATO DE CLINDAMICINA', '(1,00 + 10,00) MG/G', 'Semissólido', 'Novo', 'Liberado', '30 G', '521905701172313', 'ANTIACNEICOS TÓPICOS', '48.24'), 
  (default, '15', 'HEMIFUMARATO DE BISOPROLOL', 'HEMIFUMARATO DE BISOPROLOL', '2,5 MG', 'Sólido', 'Genérico', 'Liberado', '30', '525417090048906', 'BETABLOQUEADORES PUROS', '126.51'), 
  (default, '17', 'ZOLREM SL', 'HEMITARTARATO DE ZOLPIDEM', '10 MG', 'Sólido', 'Similar', 'C1', '30', '526122010146903', 'HIPNÓTICOS E SEDATIVOS NÃO BARBITÚRICOS PUROS', '319.97'), 
  (default, '17', 'CLORIDRATO DE BUPROPIONA', 'CLORIDRATO DE BUPROPIONA', '300 MG', 'Sólido', 'Genérico', 'C1', '30', '526123070170106', 'ANTIDEPRESSIVOS TODOS OS OUTROS', '320.28'), 
  (default, '4', 'NYPRAM', 'BROMIDRATO DE CITALOPRAM', '20 MG', 'Sólido', 'Similar', 'C1', '30', '528520050171907', 'ANTIDEPRESSIVOS SSRI', '254.04'), 
  (default, '31', 'HEMITARTARATO DE RIVASTIGMINA', 'HEMITARTARATO DE RIVASTIGMINA', '6 MG', 'Sólido', 'Genérico', 'C1', '30', '529920110069507', 'PRODUTOS ANTIALZHEIMER, INIBIDORES DA COLINESTERASE', '285.35'), 
  (default, '18', 'BRASART BCC', 'VALSARTANA', '320 MG', 'Sólido', 'Similar', 'Liberado', '30', '531614040073704', 'ANTAGONISTAS DA ANGIOTENSINA II ASSOCIADOS A ANTAGONISTAS DO CÁLCIO', '234.05'), 
  (default, '1', 'OXALATO DE ESCITALOPRAM', 'OXALATO DE ESCITALOPRAM', '15 MG', 'Sólido', 'Genérico', 'C1', '30', '541814050007906', 'ANTIDEPRESSIVOS SSRI', '304.54'), 
  (default, '1', 'ESOMEPRAZOL MAGNÉSICO TRI-HIDRATADO', 'ESOMEPRAZOL MAGNÉSICO TRI-HIDRATADO', '40 MG', 'Sólido', 'Genérico', 'Liberado', '30', '541822030178606', 'INIBIDORES DA BOMBA DE PRÓTONS', '331.23'), 
  (default, '1', 'ESMOG', 'ESOMEPRAZOL MAGNÉSICO TRI-HIDRATADO', '40 MG', 'Sólido', 'Similar', 'Liberado', '30', '541822030180003', 'INIBIDORES DA BOMBA DE PRÓTONS', '331.25'), 
  (default, '7', 'TOLREST', 'CLORIDRATO DE SERTRALINA', '25 MG', 'Sólido', 'Novo', 'C1', '30', '552919120096717', 'ANTIDEPRESSIVOS SSRI', '188.5'), 
  (default, '7', 'VASOGARD', 'CILOSTAZOL', '100 MG', 'Sólido', 'Similar', 'Liberado', '30', '552920020118817', 'INIBIDORES DA AGREGAÇÃO PLAQUETÁRIA, REALÇADORES DO AMP CÍCLICO', '118.82'), 
  (default, '7', 'FORMOCAPS', 'FUMARATO DE FORMOTEROL', '12 MCG', 'Sólido', 'Similar', 'Liberado', '30', '552920110134317', 'ANTIASMÁTICOS/DPOC AGONISTAS B2 LONGA AÇÃO INALANTE', '65.87'), 
  (default, '8', 'NEXIUM', 'ESOMEPRAZOL MAGNÉSICO TRI-HIDRATADO', '20 MG', 'Sólido', 'Novo', 'Liberado', '28', '502302705110219', 'INIBIDORES DA BOMBA DE PRÓTONS', '227.58'), 
  (default, '33', 'BROMIDRATO DE GALANTAMINA', 'BROMIDRATO DE GALANTAMINA', '8 MG', 'Sólido', 'Genérico', 'C1', '28', '525317060047906', 'PRODUTOS ANTIALZHEIMER, INIBIDORES DA COLINESTERASE', '394.44'), 
  (default, '33', 'LAFLUGI', 'LANSOPRAZOL', '15 MG', 'Semissólido', 'Similar', 'Liberado', '28', '525319030058703', 'INIBIDORES DA BOMBA DE PRÓTONS', '136.56'), 
  (default, '7', 'MAXAPRAN', 'CITALOPRAM', '20 MG', 'Sólido', 'Similar', 'C1', '28', '552919120089617', 'ANTIDEPRESSIVOS SSRI', '210.88'), 
  (default, '7', 'CITALOPRAM', 'CITALOPRAM', '20 MG', 'Sólido', 'Genérico', 'C1', '28', '552919120093017', 'ANTIDEPRESSIVOS SSRI', '160.05'), 
  (default, '19', 'DEPAKENE', 'ÁCIDO VALPRÓICO', '250 MG', 'Semissólido', 'Novo', 'C1', '25', '500202401113318', 'ANTIEPILÉPTICOS', '32.63'), 
  (default, '19', 'DEPAKENE', 'VALPROATO DE SÓDIO', '300 MG', 'Sólido', 'Novo', 'C1', '25', '500202402111319', 'ANTIEPILÉPTICOS', '39.57'), 
  (default, '19', 'VALPROATO DE SÓDIO', 'ÁCIDO VALPRÓICO;VALPROATO DE SÓDIO', '250 MG', 'Semissólido', 'Genérico', 'C1', '25', '500218040040206', 'ANTIEPILÉPTICOS', '19.53'), 
  (default, '28', 'EPILENIL', 'ÁCIDO VALPRÓICO', '250 MG', 'Semissólido', 'Similar', 'C1', '25', '504102601113414', 'ANTIEPILÉPTICOS', '29.16'), 
  (default, '13', 'ASMOFEN', 'FUMARATO DE CETOTIFENO', '0,2MG/ML', 'Líquido', 'Similar', 'Liberado', '120ML + COP', '520712090083703', 'ANTIASMÁTICOS/DPOC ANTIINFLAMATORIOS NÃO ESTEROIDAIS RESPIRATÓRIOS SISTÊMICOS', '44.64'), 
  (default, '31', 'AXETILCEFUROXIMA', 'AXETILCEFUROXIMA', '500 MG', 'Sólido', 'Genérico', 'AM', '20', '529920080067207', 'CEFALOSPORINAS ORAIS', '272.98'), 
  (default, '34', 'HALOPERIDOL', 'HALOPERIDOL', '2 MG/ML', 'Líquido', 'Genérico', 'C1', '20 ML', '533006801135114', 'ANTIPSICÓTICOS CONVENCIONAIS', '7.74'), 
  (default, '34', 'UNI HALOPER', 'HALOPERIDOL', '2 MG/ML', 'Líquido', 'Similar', 'C1', '20 ML', '533015110062303', 'ANTIPSICÓTICOS CONVENCIONAIS', '7.74'), 
  (default, '1', 'CARBAMAZEPINA', 'CARBAMAZEPINA', '400 MG', 'Sólido', 'Genérico', 'C1', '20', '541815030010406', 'ANTIEPILÉPTICOS', '40.57'), 
  (default, '1', 'BEXAI', 'DICLOFENACO', '35 MG', 'Sólido', 'Novo', 'Liberado', '20', '541820030123707', 'ANTIRREUMÁTICOS NÃO ESTEROIDAIS PUROS', '154.97'), 
  (default, '24', 'URBANIL', 'CLOBAZAM', '20 MG', 'Sólido', 'Novo', 'B1', '20', '576720070080817', 'TRANQUILIZANTES', '33.3'), 
  (default, '1', 'CLORIDRATO DE DOXICICLINA', 'CLORIDRATO DE DOXICICLINA', '100 MG', 'Sólido', 'Genérico', 'AM', '15', '507707301113112', 'TETRACICLINAS E ASSOCIAÇÕES', '66.92'), 
  (default, '18', 'OSKIN', 'FLUOCINOLONA ACETONIDA', '40 MG/G', 'Semissólido', 'Similar', 'Liberado', '15 G', '531614100076803', 'OUTRAS PREPARAÇÕES DERMATOLOGICAS', '140.71'), 
  (default, '24', 'LOPROX', 'CICLOPIROX OLAMINA', '10 MG/ML', 'Líquido', 'Novo', 'Liberado', '15 ML', '576720080082317', 'ANTIFÚNGICOS DERMATOLÓGICOS TÓPICOS', '51.72'), 
  (default, '26', 'COREG', 'CARVEDILOL', '12,5 MG', 'Sólido', 'Novo', 'Liberado', '14', '529201201119312', 'BETABLOQUEADORES PUROS', '92.79'), 
  (default, '18', 'AZI', 'AZITROMICINA DI-HIDRATADA;AZITROMICINA', '40 MG/ML', 'Líquido', 'Similar', 'AM', '12 ML', '531600408134416', 'MACROLIDEOS E SIMILARES', '66.14'), 
  (default, '8', 'CRESTOR', 'ROSUVASTATINA CÁLCICA', '10 MG', 'Sólido', 'Novo', 'Liberado', '10', '502305301118212', 'ESTATINAS, INIBIDORES DA REDUTASE HMG-CoA', '93.99'), 
  (default, '28', 'VONAU', 'CLORIDRATO DE ONDANSETRONA', '4 MG', 'Sólido', 'Novo', 'Liberado', '10', '504118050063203', 'ANTIEMÉTICOS E ANTINAUSEANTES, ANTAGONISTAS DA SEROTONINA', '45.57'), 
  (default, '28', 'LISTO', 'CLORIDRATO DE ONDANSETRONA', '8 MG', 'Sólido', 'Similar', 'Liberado', '10', '504119010066217', 'ANTIEMÉTICOS E ANTINAUSEANTES, ANTAGONISTAS DA SEROTONINA', '78.94'), 
  (default, '21', 'CLORIDRATO DE ONDANSETRONA', 'CLORIDRATO DE ONDANSETRONA', '8,0 MG', 'Sólido', 'Genérico', 'Liberado', '10', '504417110065306', 'ANTIEMÉTICOS E ANTINAUSEANTES, ANTAGONISTAS DA SEROTONINA', '57.3'), 
  (default, '17', 'CEFACLOR', 'CEFACLOR MONOIDRATADO', '500 MG', 'Sólido', 'Genérico', 'AM', '10', '526120302115111', 'CEFALOSPORINAS ORAIS', '100.99'), 
  (default, '18', 'CECLOR', 'CEFACLOR MONOIDRATADO', '500 MG', 'Sólido', 'Similar', 'AM', '10', '531600804110412', 'CEFALOSPORINAS ORAIS', '100.85'), 
  (default, '24', 'MUCOSOLVAN', 'CLORIDRATO DE AMBROXOL', '75 MG', 'Sólido', 'Novo', 'Liberado', '10', '576720050069217', 'EXPECTORANTES', '49.34'), 
  (default, '35', 'CEDROXIL', 'CEFADROXILA', '500 MG', 'Sólido', 'Similar', 'AM', '8', '538818401116416', 'CEFALOSPORINAS ORAIS', '69.76'), 
  (default, '21', 'CEFTRIAXONA DISSÓDICA HEMIEPTAIDRATADA', 'CEFTRIAXONA DISSÓDICA HEMIEPTAIDRATADA', '1000 MG', 'Líquido', 'Genérico', 'AM', '3,5 ML', '504422080073306', 'CEFALOSPORINAS INJETÁVEIS', '135.0'), 
  (default, '13', 'TEUTRAZI', 'AZITROMICINA', '500 MG', 'Sólido', 'Similar', 'AM', '5', '520716040101403', 'MACROLIDEOS E SIMILARES', '62.67'), 
  (default, '13', 'TEUCEF', 'CEFTRIAXONA DISSÓDICA HEMIEPTAIDRATADA', '1G IM PO SOL INJ', 'Líquido', 'Similar', 'AM', '3,5 ML', '520720004159418', 'CEFALOSPORINAS INJETÁVEIS', '46.08'), 
  (default, '18', 'AZI', 'AZITROMICINA DI-HIDRATADA', '500 MG', 'Sólido', 'Similar', 'AM', '5', '531600405119416', 'MACROLIDEOS E SIMILARES', '78.14'), 
  (default, '24', 'NOOTROPIL', 'PIRACETAM', '200 MG/ML', 'Líquido', 'Novo', 'Liberado', '5 ML', '576720090087017', 'NOOTRÓPICOS', '44.27'), 
  (default, '28', 'SINTEZYS', 'IBANDRONATO DE SÓDIO', '150 MG', 'Sólido', 'Similar', 'Liberado', '3', '504121120071817', 'BISFOSFONATOS PARA OSTEOPOROSE E ALTERAÇÕES RELACIONADAS', '307.34'), 
  (default, '17', 'GLAMIGAN MT', 'MALEATO DE TIMOLOL;BIMATOPROSTA', '(0,3 + 5,0) MG/ML', 'Líquido', 'Similar', 'Liberado', '3 ML', '526121070143004', 'PREPARAÇÕES ANTIGLAUCOMAS E MIÓTICAS TÓPICAS', '155.59'), 
  (default, '18', 'ANAEROCID', 'FOSFATO DE CLINDAMICINA', '20 MG', 'Semissólido', 'Similar', 'AM', '20 G + 3 APLIC', '531613801166419', 'ANTIBIOTICOS GINECOLÓGICOS', '49.92'), 
  (default, '21', 'FUROSETRON', 'FUROSEMIDA', '10 MG/ML', 'Líquido', 'Similar', 'Liberado', '2 ML', '504422080071104', 'DIURÉTICOS DE ALÇA PUROS', '91.68'), 
  (default, '28', 'IBANDRONATO DE SÓDIO', 'IBANDRONATO DE SÓDIO', '150 MG', 'Sólido', 'Genérico', 'Liberado', '1', '504122050077517', 'BISFOSFONATOS PARA OSTEOPOROSE E ALTERAÇÕES RELACIONADAS', '194.36'), 
  (default, '36', 'CLARITROMICINA', 'CLARITROMICINA', '500 MG', 'Líquido', 'Genérico', 'AM', '500 MG PO LIOF SOL INFUS IV CT FA VD TRANS', '504622090089406', 'MACROLIDEOS E SIMILARES', '235.25'), 
  (default, '17', 'CEFACLOR', 'CEFACLOR', '75 MG/ML', 'Líquido', 'Genérico', 'AM', '100 ML + SER DOS', '526125702138111', 'CEFALOSPORINAS ORAIS', '127.27'), 
  (default, '37', 'NOVOLIN N', 'INSULINA HUMANA', '100 UI/ML', 'Líquido', 'Novo', 'Liberado', '5 SIST APLIC PLAS (FLEXPEN)', '526618040009207', 'INSULINA HUMANA + ANÁLOGOS DE AÇÃO NORMAL', '162.58'), 
  (default, '37', 'NOVOLIN R', 'INSULINA HUMANA', '100 UI/ML', 'Líquido', 'Similar', 'Liberado', '5 SIST APLIC PLAS (FLEXPEN)', '526618040009307', 'INSULINA HUMANA E ANÁLOGOS, DE AÇÃO RÁPIDA', '162.58'), 
  (default, '18', 'CECLOR', 'CEFACLOR', '50 MG/ML', 'Líquido', 'Similar', 'AM', '100 ML + SER DOS + COL', '531600707131419', 'CEFALOSPORINAS ORAIS', '115.31'), 
  (default, '34', 'UNI-CARBAMAZ', 'CARBAMAZEPINA', '20 MG/ML', 'Líquido', 'Similar', 'C1', '100 ML + COP', '533011902130416', 'ANTIEPILÉPTICOS', '27.59'), 
  (default, '1', 'CEFADROXILA', 'CEFADROXILA', '100 MG/ML', 'Líquido', 'Genérico', 'AM', '100 ML + DOSAD', '541819120114707', 'CEFALOSPORINAS ORAIS', '181.09'), 
  (default, '7', 'NOOTRON', 'PIRACETAM', '60 MG/ML', 'Líquido', 'Similar', 'Liberado', '110 ML + COP', '552919060079017', 'NOOTRÓPICOS', '18.99'), 
  (default, '7', 'FUMARATO DE CETOTIFENO', 'FUMARATO DE CETOTIFENO', '1 MG/ML', 'Líquido', 'Genérico', 'Liberado', '30 ML + CGT', '552920070127217', 'ANTIASMÁTICOS/DPOC ANTIINFLAMATORIOS NÃO ESTEROIDAIS RESPIRATÓRIOS SISTÊMICOS', '67.45'), 
  (default, '38', 'CLENIL HFA', 'DIPROPIONATO DE BECLOMETASONA', '200 MCG', 'Líquido', 'Novo', 'Liberado', '200 DOSES', '508503806177312', 'ANTIASMÁTICOS/DPOC CORTICOSTERÓIDES INALANTES', '81.81'), 
  (default, '38', 'DIPROPIONATO DE BECLOMETASONA', 'DIPROPIONATO DE BECLOMETASONA', '200 MCG', 'Líquido', 'Genérico', 'Liberado', '200 DOSES', '508518030011806', 'ANTIASMÁTICOS/DPOC CORTICOSTERÓIDES INALANTES', '68.65'), 
  (default, '39', 'MITRIP', 'CLORIDRATO DE AMITRIPTILINA', '10 MG', 'Sólido', 'Similar', 'C1', '10', '575222050009004', 'ANTIDEPRESSIVOS TODOS OS OUTROS', '4.95'), 
  (default, '38', 'ALERFIN', 'DIPROPIONATO DE BECLOMETASONA', '100 MCG', 'Líquido', 'Similar', 'Liberado', '120 DOS', '508500301171411', 'CORTICOSTERÓIDES NASAIS SEM ANTIINFECCIOSOS', '100.14'), 
  (default, '11', 'ZYRTEC', 'DICLORIDRATO DE CETIRIZINA', '1,0 MG/ML', 'Líquido', 'Novo', 'Liberado', '120 ML', '510609603131314', 'ANTI-HISTAMÍNICOS SISTÊMICOS', '73.17'), 
  (default, '7', 'BETADINE', 'CLORIDRATO DE BETAISTINA', '24 MG', 'Sólido', 'Similar', 'Liberado', '60', '500512030040704', 'ANTIVERTIGINOSOS', '118.6'), 
  (default, '8', 'SUCCINATO DE METOPROLOL', 'SUCCINATO DE METOPROLOL', '50 MG', 'Sólido', 'Genérico', 'Liberado', '60', '502315040026906', 'BETABLOQUEADORES PUROS', '100.7'), 
  (default, '28', 'PRESSAT', 'BESILATO DE ANLODIPINO', '10 MG', 'Sólido', 'Similar', 'Liberado', '60', '504118050062503', 'ANTAGONISTAS DO CÁLCIO PUROS', '297.2'), 
  (default, '1', 'DOMPLIV', 'DOMPERIDONA', '10 MG', 'Sólido', 'Similar', 'Liberado', '60', '507742602116410', 'GASTROPROCINÉTICOS', '56.94'), 
  (default, '10', 'INDAPAMIDA', 'INDAPAMIDA', '1,5 MG', 'Sólido', 'Genérico', 'Liberado', '60', '508019120125407', 'DIURÉTICOS TIAZIDAS E ANÁLOGOS PUROS', '67.41'), 
  (default, '33', 'GLIMEPIRIDA', 'GLIMEPIRIDA', '4 MG', 'Sólido', 'Genérico', 'Liberado', '60', '525315080045406', 'ANTIDIABÉTICOS SULFONILOURÉIAS PUROS', '165.02'), 
  (default, '33', 'LORAZEPAM', 'LORAZEPAM', '2 MG', 'Sólido', 'Genérico', 'B1', '60', '525319040060606', 'TRANQUILIZANTES', '66.21'), 
  (default, '17', 'CLONAZEPAM', 'CLONAZEPAM', '2 MG', 'Sólido', 'Genérico', 'B1', '60', '526118080099806', 'ANTIEPILÉPTICOS', '39.4'), 
  (default, '17', 'BESILATO DE ANLODIPINO + LOSARTANA POTÁSSICA', 'LOSARTANA POTÁSSICA;BESILATO DE ANLODIPINO', '5 MG', 'Sólido', 'Genérico', 'Liberado', '60', '526120050113107', 'ANTAGONISTAS DA ANGIOTENSINA II ASSOCIADOS A ANTAGONISTAS DO CÁLCIO', '246.78'), 
  (default, '35', 'GLIANSOR', 'GLIMEPIRIDA', '4MG', 'Sólido', 'Similar', 'Liberado', '60', '538820050074607', 'ANTIDIABÉTICOS SULFONILOURÉIAS PUROS', '219.12'), 
  (default, '5', 'ROSUVASTATINA CÁLCICA', 'ROSUVASTATINA CÁLCICA', '10 MG', 'Sólido', 'Genérico', 'Liberado', '60', '543819050036306', 'ESTATINAS, INIBIDORES DA REDUTASE HMG-CoA', '343.09'), 
  (default, '1', 'PROPIONATO DE CLOBETASOL', 'PROPIONATO DE CLOBETASOL', '0,5 MG/G', 'Líquido', 'Genérico', 'Liberado', '50 G', '507728603178112', 'CORTICOESTERÓIDES TÓPICOS PUROS', '38.27'), 
  (default, '35', 'BENECTRIN', 'TRIMETOPRIMA;SULFAMETOXAZOL', '400 MG', 'Sólido', 'Similar', 'AM', '50', '538822120116203', 'ASSOCIAÇÕES DE TRIMETOPRIMA E SIMILARES', '76.7'), 
  (default, '19', 'SYNTHROID', 'LEVOTIROXINA SÓDICA', '200 MCG', 'Sólido', 'Novo', 'Liberado', '30', '500207409112419', 'PREPARAÇÕES PARA TIREOIDE', '71.29'), 
  (default, '19', 'LANPEXIO', 'FENOFIBRATO', '160 MG', 'Sólido', 'Similar', 'Liberado', '30', '500218040041703', 'FIBRATOS', '136.34'), 
  (default, '36', 'ATORVASTEROL', 'ATORVASTATINA CÁLCICA', '80 MG', 'Sólido', 'Similar', 'Liberado', '30', '504614030020804', 'ESTATINAS, INIBIDORES DA REDUTASE HMG-CoA', '290.8'), 
  (default, '36', 'CIPROFIBRATO', 'CIPROFIBRATO', '100 MG', 'Sólido', 'Genérico', 'Liberado', '30', '504617090065117', 'FIBRATOS', '120.87'), 
  (default, '1', 'DIPROPIONATO DE BETAMETASONA', 'DIPROPIONATO DE BETAMETASONA', '0,5 MG/G', 'Semissólido', 'Genérico', 'Liberado', '30 G', '507727301161111', 'CORTICOESTERÓIDES TÓPICOS PUROS', '33.88'), 
  (default, '1', 'ATORVASTATINA CÁLCICA', 'ATORVASTATINA CÁLCICA', '40 MG', 'Sólido', 'Genérico', 'Liberado', '30', '507743404113111', 'ESTATINAS, INIBIDORES DA REDUTASE HMG-CoA', '340.84'), 
  (default, '10', 'CILOSTAZOL', 'CILOSTAZOL', '100 MG', 'Sólido', 'Genérico', 'Liberado', '30', '508024801116111', 'INIBIDORES DA AGREGAÇÃO PLAQUETÁRIA, REALÇADORES DO AMP CÍCLICO', '81.34'), 
  (default, '10', 'SIBUS', 'CLORIDRATO DE SIBUTRAMINA MONOIDRATADO', '15 MG', 'Sólido', 'Similar', 'B1', '30', '508027301114416', 'PREPARAÇÕES ANTIOBESIDADE, EXCETO OS DIETÉTICOS', '66.78'), 
  (default, '11', 'PSOREX', 'PROPIONATO DE CLOBETASOL', '0,5 MG/G', 'Semissólido', 'Novo', 'Liberado', '30 G', '510606003168311', 'CORTICOESTERÓIDES TÓPICOS PUROS', '49.13'), 
  (default, '13', 'FINARID', 'FINASTERIDA', '5MG', 'Sólido', 'Similar', 'Liberado', '30', '520715120098703', 'BPH INIBIDORES DA 5-ALFA TESTOSTERONA REDUTASE (5-ARI) PUROS', '172.24'), 
  (default, '20', 'LORAX', 'LORAZEPAM', '1 MG', 'Sólido', 'Novo', 'B1', '30', '522701603111417', 'TRANQUILIZANTES', '35.96'), 
  (default, '20', 'TROFODERMIN', 'SULFATO DE NEOMICINA;ACETATO DE CLOSTEBOL', '5 MG/G', 'Semissólido', 'Novo', 'Liberado', '30 G', '522718040079717', 'TODOS OUTROS PRODUTOS PARA TRATAMENTO DE FERIDAS', '51.91'), 
  (default, '24', 'ACETATO DE CLOSTEBOL + SULFATO DE NEOMICINA', 'SULFATO DE NEOMICINA;ACETATO DE CLOSTEBOL', '5 MG/G', 'Semissólido', 'Genérico', 'Liberado', '30 G', '525069602163112', 'TODOS OUTROS PRODUTOS PARA TRATAMENTO DE FERIDAS', '33.61'), 
  (default, '4', 'CLONETRIL', 'CLONAZEPAM', '2 MG', 'Sólido', 'Similar', 'B1', '30', '528520060173607', 'ANTIEPILÉPTICOS', '21.15'), 
  (default, '26', 'VALIUM', 'DIAZEPAM', '5 MG', 'Sólido', 'Novo', 'B1', '30', '529206105118311', 'TRANQUILIZANTES', '24.9'), 
  (default, '31', 'CLORIDRATO DE NORTRIPTILINA', 'CLORIDRATO DE NORTRIPTILINA', '50 MG', 'Sólido', 'Genérico', 'C1', '30', '529914403117112', 'ANTIDEPRESSIVOS TODOS OS OUTROS', '57.62'), 
  (default, '40', 'NOVADERM', 'SULFATO DE NEOMICINA;ACETATO DE CLOSTEBOL', '5 MG/G', 'Semissólido', 'Similar', 'Liberado', '30 G', '533802702161417', 'TODOS OUTROS PRODUTOS PARA TRATAMENTO DE FERIDAS', '37.01'), 
  (default, '35', 'DIAZEPAM', 'DIAZEPAM', '10 MG', 'Sólido', 'Genérico', 'B1', '30', '538812040040706', 'TRANQUILIZANTES', '21.61'), 
  (default, '1', 'HEMITARTARATO DE ZOLPIDEM', 'HEMITARTARATO DE ZOLPIDEM', '10 MG', 'Sólido', 'Genérico', 'C1', '30', '541822090185306', 'HIPNÓTICOS E SEDATIVOS NÃO BARBITÚRICOS PUROS', '207.99'), 
  (default, '41', 'TRAMAL RETARD', 'CLORIDRATO DE TRAMADOL', '50 MG', 'Sólido', 'Novo', 'A2', '30', '542820020006007', 'ANALGÉSICOS NARCÓTICOS', '223.93'), 
  (default, '7', 'CLORIDRATO DE SIBUTRAMINA MONOIDRATADO', 'CLORIDRATO DE SIBUTRAMINA MONOIDRATADO', '15 MG', 'Sólido', 'Genérico', 'B2', '30', '552919070080417', 'PREPARAÇÕES ANTIOBESIDADE, EXCETO OS DIETÉTICOS', '362.45'), 
  (default, '7', 'REVANGE', 'CLORIDRATO DE TRAMADOL;PARACETAMOL', '(37,5 + 325,0) MG', 'Sólido', 'Similar', 'A2', '30', '552919120092707', 'ANALGÉSICOS NARCÓTICOS', '137.68'), 
  (default, '7', 'EUPRESSIN H', 'HIDROCLOROTIAZIDA;MALEATO DE ENALAPRIL', '20 MG', 'Sólido', 'Similar', 'Liberado', '30', '552920020117417', 'INIBIDORES DA ECA ASSOCIADOS A ANTI-HIPERTERSIVOS (C2) E/OU DIURÉTICOS (C3)', '168.67'), 
  (default, '7', 'OMEPRAMIX', 'AMOXICILINA TRIHIDRATADA;OMEPRAZOL;CLARITROMICINA', '20 MG', 'Sólido', 'Similar', 'AM', '28', '500506103112412', 'INIBIDORES DA BOMBA DE PRÓTONS', '399.88'), 
  (default, '7', 'ADIPEPT', 'PANTOPRAZOL', '40 MG', 'Sólido', 'Similar', 'Liberado', '28', '500514030055803', 'INIBIDORES DA BOMBA DE PRÓTONS', '258.45'), 
  (default, '17', 'LANSOPRAZOL', 'LANSOPRAZOL', '30 MG', 'Semissólido', 'Genérico', 'Liberado', '28', '526119110093607', 'INIBIDORES DA BOMBA DE PRÓTONS', '189.26'), 
  (default, '4', 'LANZOPRAZOL + CLARITROMICINA + AMOXICILINA', 'AMOXICILINA TRIHIDRATADA;LANSOPRAZOL;CLARITROMICINA', '30 MG', 'Sólido', 'Genérico', 'AM', '28', '528531704116114', 'INIBIDORES DA BOMBA DE PRÓTONS', '273.56'), 
  (default, '42', 'THERAPSOR', 'PROPIONATO DE CLOBETASOL', '0,5 MG/ML', 'Líquido', 'Similar', 'Liberado', '25 ML', '512120020006807', 'CORTICOESTERÓIDES TÓPICOS PUROS', '40.91'), 
  (default, '20', 'PONSTAN', 'ÁCIDO MEFENÂMICO', '500 MG', 'Sólido', 'Novo', 'Liberado', '24', '522718010069917', 'ANTIRREUMÁTICOS NÃO ESTEROIDAIS PUROS', '43.16'), 
  (default, '18', 'HEMOBLOCK', 'ÁCIDO TRANEXÂMICO', '250 MG', 'Sólido', 'Similar', 'Liberado', '24', '531615060078417', 'ANTIFIBRINOLÍTICOS SINTÉTICOS', '122.33'), 
  (default, '43', 'BACTRIM', 'TRIMETOPRIMA;SULFAMETOXAZOL', '400 MG', 'Sólido', 'Novo', 'AM', '20', '509020090023517', 'ASSOCIAÇÕES DE TRIMETOPRIMA E SIMILARES', '35.74'), 
  (default, '31', 'AMOXICILINA + CLAVULANATO DE POTÁSSIO', 'AMOXICILINA TRIHIDRATADA;CLAVULANATO DE POTÁSSIO', '(875,0 + 125,0) MG', 'Sólido', 'Genérico', 'AM', '20', '529920110068907', 'PENICILINAS ORAIS DE AMPLO ESPECTRO', '280.33'), 
  (default, '1', 'AMOXICILINA + CLAVULANATO DE POTÁSSIO', 'CLAVULANATO DE POTÁSSIO;AMOXICILINA', '875 MG', 'Sólido', 'Genérico', 'AM', '20', '541817080020506', 'PENICILINAS ORAIS DE AMPLO ESPECTRO', '280.35'), 
  (default, '24', 'GARDENAL', 'FENOBARBITAL', '100 MG', 'Sólido', 'Novo', 'C1', '20', '576720040061917', 'ANTIEPILÉPTICOS', '12.46'), 
  (default, '30', 'UNOPROST', 'MESILATO DE DOXAZOSINA', '4 MG', 'Sólido', 'Similar', 'Liberado', '15', '501603104118411', 'ANTI-HIPERTENSIVOS PURO-AÇÃO PERIFÉRICA', '186.64'), 
  (default, '29', 'TRANQUINAL SLG', 'ALPRAZOLAM', '0.5 MG', 'Sólido', 'Novo', 'B1', '15', '536502101116317', 'TRANQUILIZANTES', '33.75'), 
  (default, '7', 'FAMOX', 'FAMOTIDINA', '20 MG', 'Sólido', 'Similar', 'Liberado', '15', '552920080131607', 'ANTAGONISTAS RECEPTORES H2', '97.92'), 
  (default, '35', 'ACIDO TRANEXAMICO', 'ÁCIDO TRANEXÂMICO', '250 MG', 'Sólido', 'Genérico', 'Liberado', '12', '538805701116118', 'ANTIFIBRINOLÍTICOS SINTÉTICOS', '53.48'), 
  (default, '44', 'ASPARGIL C', 'ASPARTATO DE ARGININA;ÁCIDO ASCÓRBICO', '1G + 1G', 'Sólido', 'Específico', 'Liberado', '10', '506320050033307', 'TODOS OS OUTROS TÔNICOS', '46.02'), 
  (default, '13', 'LEVOFLOXACINO', 'LEVOFLOXACINO HEMI-HIDRATADO', '500 MG', 'Sólido', 'Genérico', 'AM', '10', '520716030100606', 'FLUORQUINOLONAS ORAIS', '254.08'), 
  (default, '7', 'LEVOFLOXACINO', 'LEVOFLOXACINO', '500 MG', 'Sólido', 'Genérico', 'AM', '10', '552920020111817', 'FLUORQUINOLONAS ORAIS', '243.49'), 
  (default, '8', 'NEXIUM', 'ESOMEPRAZOL MAGNÉSICO', '20 MG', 'Sólido', 'Novo', 'Liberado', '7', '502302702111214', 'INIBIDORES DA BOMBA DE PRÓTONS', '62.27'), 
  (default, '7', 'LIVEPAX', 'LEVOFLOXACINO', '750 MG', 'Sólido', 'Similar', 'AM', '7', '552919120098407', 'FLUORQUINOLONAS ORAIS', '170.61'), 
  (default, '44', 'CYPCINO', 'CLORIDRATO DE CIPROFLOXACINO', '500 MG', 'Sólido', 'Similar', 'AM', '6', '506321010037007', 'FLUORQUINOLONAS ORAIS', '68.42'), 
  (default, '25', 'CIPRO', 'CLORIDRATO DE CIPROFLOXACINO', '500 MG', 'Sólido', 'Novo', 'AM', '6', '538921110033603', 'FLUORQUINOLONAS ORAIS', '218.9'), 
  (default, '23', 'BIAMOTIL D', 'CLORIDRATO DE CIPROFLOXACINO ;DEXAMETASONA', '3,5 MG/ML', 'Líquido', 'Similar', 'AM', '5 ML', '501001102176312', 'ASSOCIAÇÕES OFTALMOLÓGICAS CORTICOSTERÓIDES COM ANTIINFECCIOSOS', '49.48'), 
  (default, '1', 'OTOMIXYN', 'FLUOCINOLONA ACETONIDA;CLORIDRATO DE LIDOCAINA;SULFATO DE NEOMICINA;SULFATO DE POLIMIXINA B', '0,250 MG', 'Líquido', 'Genérico', 'AM', '5 ML', '507719602172413', 'ASSOCIAÇÕES OTOLÓGICAS CORTICOSTERÓIDES COM ANTIINFECCIOSOS', '11.05'), 
  (default, '43', 'INICOX DP', 'MELOXICAM', '15 MG', 'Sólido', 'Novo', 'Liberado', '5', '509021110027004', 'ANTIRREUMÁTICOS NÃO ESTEROIDAIS PUROS', '23.38'), 
  (default, '1', 'POLICLAVUMOXIL', 'CLAVULANATO DE POTÁSSIO;AMOXICILINA', '50 MG/ML', 'Líquido', 'Similar', 'AM', '75 ML + COL', '541817070020203', 'PENICILINAS ORAIS DE AMPLO ESPECTRO', '92.76'), 
  (default, '7', 'MALEATO DE TIMOLOL', 'MALEATO DE TIMOLOL', '2,5 MG/ML', 'Líquido', 'Genérico', 'Liberado', '5 ML', '552919110081117', 'PREPARAÇÕES ANTIGLAUCOMAS E MIÓTICAS TÓPICAS', '12.26'), 
  (default, '1', 'AZITROMICINA', 'AZITROMICINA', '500 MG', 'Sólido', 'Genérico', 'AM', '3', '541819020102606', 'MACROLIDEOS E SIMILARES', '96.22'), 
  (default, '13', 'CETOFENID', 'CETOPROFENO', '50 MG/ML', 'Líquido', 'Similar', 'Liberado', '2 ML', '520723040117704', 'ANTIRREUMÁTICOS NÃO ESTEROIDAIS PUROS', '258.34'), 
  (default, '14', 'PLAMET', 'BROMOPRIDA', '5 MG/ML', 'Líquido', 'Similar', 'Liberado', '2 ML', '523703704150411', 'GASTROPROCINÉTICOS', '72.46'), 
  (default, '14', 'SUMAX', 'SUCCINATO DE SUMATRIPTANA', '100 MG/ML', 'Líquido', 'Novo', 'Liberado', '0,2 ML', '523705006175413', 'ANTIENXAQUECOSOS TRIPTÂNICOS', '79.77'), 
  (default, '10', 'AZITROMICINA', 'AZITROMICINA DI-HIDRATADA', '1500 MG', 'Líquido', 'Genérico', 'AM', '22 ML + SER DOS', '508014050104406', 'MACROLIDEOS E SIMILARES', '134.47'), 
  (default, '16', 'DESALEX', 'DESLORATADINA', '0,5 MG/ML', 'Líquido', 'Novo', 'Liberado', '100 ML + SER DOS', '525515090017317', 'ANTI-HISTAMÍNICOS SISTÊMICOS', '89.92'), 
  (default, '17', 'NAPROXENO SÓDICO', 'NAPROXENO SÓDICO', '275 MG', 'Sólido', 'Genérico', 'Liberado', '4', '526120110127307', 'ANTIRREUMÁTICOS NÃO ESTEROIDAIS PUROS', '2.7'), 
  (default, '28', 'ICTUS', 'CARVEDILOL', '12,5 MG', 'Sólido', 'Similar', 'Liberado', '90', '504116030055003', 'BETABLOQUEADORES PUROS', '188.68'), 
  (default, '7', 'FEMINA', 'DESOGESTREL;ETINILESTRADIOL', '(0,15 + 0,02) MG', 'Sólido', 'Similar', 'Liberado', '63', '552921080139117', 'HORMÔNIOS CONTRACEPTIVOS MONOFÁSICOS COM ESTROGÊNIOS <50MCG', '173.8'), 
  (default, '18', 'BRASART BCC', 'VALSARTANA;BESILATO DE ANLODIPINO', '160 MG', 'Sólido', 'Similar', 'Liberado', '60', '531614040073404', 'ANTAGONISTAS DA ANGIOTENSINA II ASSOCIADOS A ANTAGONISTAS DO CÁLCIO', '396.58'), 
  (default, '30', 'MIOSAN', 'CLORIDRATO DE CICLOBENZAPRINA', '5 MG', 'Sólido', 'Novo', 'Liberado', '30', '501601802111319', 'RELAXANTE MUSCULAR DE AÇÃO CENTRAL', '60.53'), 
  (default, '8', 'ATENOL', 'ATENOLOL', '50 MG', 'Sólido', 'Novo', 'Liberado', '30', '502315030024103', 'BETABLOQUEADORES PUROS', '77.65'), 
  (default, '27', 'STUGERON', 'CINARIZINA', '25 MG', 'Sólido', 'Novo', 'Liberado', '30', '514504601115316', 'ANTAGONISTAS DO CÁLCIO COM AÇÃO CEREBRAL', '25.98'), 
  (default, '13', 'TEUSIL', 'CAPTOPRIL', '50 MG', 'Sólido', 'Similar', 'Liberado', '30', '520716050102108', 'INIBIDORES DA ECA PUROS', '44.63'), 
  (default, '15', 'GLIFAGE XR', 'CLORIDRATO DE METFORMINA', '1 G', 'Sólido', 'Novo', 'Liberado', '30', '525420304115317', 'ANTIDIABÉTICOS BIGUANIDAS PUROS', '53.62'), 
  (default, '1', 'CETOCONAZOL', 'CETOCONAZOL', '200 MG', 'Sólido', 'Genérico', 'Liberado', '30', '541819080111003', 'AGENTES SISTÊMICOS PARA INFECÇÕES FÚNGICAS', '132.81'), 
  (default, '7', 'VALSARTANA + ANLODIPINO', 'VALSARTANA;BESILATO DE ANLODIPINO', '(320,0+10,0) MG', 'Sólido', 'Genérico', 'Liberado', '30', '552920100134007', 'ANTAGONISTAS DA ANGIOTENSINA II ASSOCIADOS A ANTAGONISTAS DO CÁLCIO', '135.23'), 
  (default, '24', 'CLORANA', 'HIDROCLOROTIAZIDA', '25 MG', 'Sólido', 'Novo', 'Liberado', '30', '576720090086417', 'DIURÉTICOS TIAZIDAS E ANÁLOGOS PUROS', '14.21'), 
  (default, '3', 'DIOVAN AMLO FIX', 'VALSARTANA;BESILATO DE ANLODIPINO', '(160,00+10,00) MG', 'Sólido', 'Novo', 'Liberado', '28', '526528604118319', 'ANTAGONISTAS DA ANGIOTENSINA II ASSOCIADOS A ANTAGONISTAS DO CÁLCIO', '194.15'), 
  (default, '2', 'MUCOLITIC', 'CARBOCISTEÍNA', '50 MG/ML', 'Líquido', 'Novo', 'Liberado', '20 ML', '501101903138423', 'EXPECTORANTES', '30.68'), 
  (default, '1', 'BEZAFIBRATO', 'BEZAFIBRATO', '200 MG', 'Sólido', 'Genérico', 'Liberado', '20', '507726801118111', 'FIBRATOS', '39.37'), 
  (default, '13', 'AMINOFILINA', 'AMINOFILINA', '100 MG', 'Sólido', 'Genérico', 'Liberado', '20', '520701002111111', 'ANTIASMÁTICOS/DPOC XANTÍNICOS SISTÊMICOS', '6.15'), 
  (default, '13', 'NAPROX', 'NAPROXENO', '500 MG', 'Sólido', 'Similar', 'Liberado', '20', '520715102113416', 'ANTIRREUMÁTICOS NÃO ESTEROIDAIS PUROS', '38.48'), 
  (default, '30', 'MIOSAN CAF', 'CLORIDRATO DE CICLOBENZAPRINA;CAFEÍNA', '5 MG', 'Sólido', 'Novo', 'Liberado', '15', '501605004110318', 'RELAXANTE MUSCULAR DE AÇÃO CENTRAL', '30.14'), 
  (default, '18', 'HIDROQUINONA + TRETINOINA + FLUOCINOLONA ACETONIDA', 'FLUOCINOLONA ACETONIDA', '40 MG/G', 'Semissólido', 'Genérico', 'Liberado', '15 G', '531613070069606', 'OUTRAS PREPARAÇÕES DERMATOLOGICAS', '147.75'), 
  (default, '7', 'NISULID', 'NIMESULIDA', '100 MG', 'Sólido', 'Novo', 'Liberado', '12', '500509304119311', 'ANTIRREUMÁTICOS NÃO ESTEROIDAIS PUROS', '61.75'), 
  (default, '24', 'ALLEGRA D', 'CLORIDRATO DE FEXOFENADINA;CLORIDRATO DE PSEUDOEFEDRINA', '(60,0 + 120,0) MG', 'Sólido', 'Novo', 'Liberado', '10', '576720070075617', 'PREPARAÇÕES SISTÊMICAS NASAIS', '69.44'), 
  (default, '19', 'VIBRAL', 'DROPROPIZINA', '1,5 MG/ML', 'Líquido', 'Novo', 'Liberado', '120 ML + COP', '500214110033717', 'ANTITUSSÍGENOS PUROS', '25.01'), 
  (default, '38', 'FLUIBRON', 'CLORIDRATO DE AMBROXOL', '6 MG/ML', 'Líquido', 'Similar', 'Liberado', '100 ML + COP', '508501602132421', 'EXPECTORANTES', '50.85'), 
  (default, '45', 'SANDRENA', 'ESTRADIOL', '0,1 PCC', 'Semissólido', 'Novo', 'Liberado', '1,0 G', '527303502162316', 'HORMÔNIOS SEXUAIS TÓPICOS', '88.35'), 
  (default, '10', 'NOEX', 'BUDESONIDA', '50 MCG', 'Líquido', 'Similar', 'Liberado', '200 DOSES', '508020205179416', 'CORTICOSTERÓIDES NASAIS SEM ANTIINFECCIOSOS', '74.53'), 
  (default, '1', 'BUDESONIDA', 'BUDESONIDA', '32 MCG', 'Líquido', 'Genérico', 'Liberado', '120 ACION', '541817020018806', 'CORTICOSTERÓIDES NASAIS SEM ANTIINFECCIOSOS', '28.06'), 
  (default, '46', 'DICLORIDRATO DE BETAISTINA', 'CLORIDRATO DE BETAISTINA', '24 MG', 'Sólido', 'Genérico', 'Liberado', '60', '500118060026306', 'ANTIVERTIGINOSOS', '77.02'), 
  (default, '17', 'CLORIDRATO DE TRAMADOL + PARACETAMOL', 'CLORIDRATO DE TRAMADOL;PARACETAMOL', '(37,5 + 325) MG', 'Sólido', 'Genérico', 'A2', '60', '526123030169206', 'ANALGÉSICOS NARCÓTICOS', '242.69'), 
  (default, '34', 'VODOL', 'NITRATO DE MICONAZOL', '20 MG/ML', 'Líquido', 'Novo', 'Liberado', '60 ML', '533015405166415', 'ANTIFÚNGICOS DERMATOLÓGICOS TÓPICOS', '50.72'), 
  (default, '1', 'ATENOLOL + CLORTALIDONA', 'ATENOLOL;CLORTALIDONA', '50 MG', 'Sólido', 'Genérico', 'Liberado', '60', '541817090022006', 'BETABLOQUEADORES ASSOCIADOS COM ANTIHIPERTENSIVOS E/OU DIURÉTICOS', '79.89'), 
  (default, '4', 'PANTOPRAZOL', 'PANTOPRAZOL SÓDICO SESQUI-HIDRATADO', '20 MG', 'Sólido', 'Genérico', 'Liberado', '56', '528517110132206', 'INIBIDORES DA BOMBA DE PRÓTONS', '343.9'), 
  (default, '15', 'EUTHYROX', 'LEVOTIROXINA SÓDICA', '175 MCG', 'Sólido', 'Similar', 'Liberado', '50', '525404128111413', 'PREPARAÇÕES PARA TIREOIDE', '63.45'), 
  (default, '7', 'PANTOMIX', 'PANTOPRAZOL SÓDICO SESQUI-HIDRATADO', '40 MG', 'Sólido', 'Similar', 'Liberado', '42', '552922080148603', 'INIBIDORES DA BOMBA DE PRÓTONS', '394.24'), 
  (default, '10', 'PARACETAMOL + FOSFATO DE CODEÍNA', 'PARACETAMOL;FOSFATO DE CODEÍNA', '500MG', 'Sólido', 'Genérico', 'A2', '36', '508016100113406', 'ANALGÉSICOS NARCÓTICOS', '76.07'), 
  (default, '10', 'PACO', 'PARACETAMOL;FOSFATO DE CODEÍNA', '500MG', 'Sólido', 'Similar', 'A2', '36', '508016100113703', 'ANALGÉSICOS NARCÓTICOS', '74.88'), 
  (default, '36', 'NEO FEDIPINA', 'NIFEDIPINO', '10 MG', 'Sólido', 'Similar', 'Liberado', '30', '504614120026917', 'ANTAGONISTAS DO CÁLCIO PUROS', '21.51'), 
  (default, '36', 'MESILATO DE DOXAZOSINA', 'MESILATO DE DOXAZOSINA', '4 MG', 'Sólido', 'Genérico', 'Liberado', '30', '504616120048406', 'ANTI-HIPERTENSIVOS PURO-AÇÃO PERIFÉRICA', '211.51'), 
  (default, '1', 'ESPIRONOLACTONA', 'ESPIRONOLACTONA', '100 MG', 'Sólido', 'Genérico', 'Liberado', '30', '507725003110113', 'AGENTES DIURÉTICOS POUPADORES POTÁSSIO PUROS', '49.16'), 
  (default, '1', 'CLORIDRATO DE AMITRIPTILINA', 'CLORIDRATO DE AMITRIPTILINA', '75 MG', 'Sólido', 'Genérico', 'C1', '30', '507738802114111', 'ANTIDEPRESSIVOS TODOS OS OUTROS', '69.4'), 
  (default, '1', 'FENOFIBRATO', 'FENOFIBRATO', '200MG', 'Sólido', 'Genérico', 'Liberado', '30', '507740501118111', 'FIBRATOS', '119.87'), 
  (default, '17', 'FINASTERIDA', 'FINASTERIDA', '5 MG', 'Sólido', 'Genérico', 'Liberado', '30', '526105302118117', 'BPH INIBIDORES DA 5-ALFA TESTOSTERONA REDUTASE (5-ARI) PUROS', '177.13'), 
  (default, '17', 'CLORIDRATO DE TRAMADOL', 'CLORIDRATO DE TRAMADOL', '100 MG', 'Sólido', 'Genérico', 'A2', '30', '526123030168906', 'ANALGÉSICOS NARCÓTICOS', '291.07'), 
  (default, '25', 'BERLISON', 'ACETATO DE HIDROCORTISONA', '10 MG/G', 'Semissólido', 'Novo', 'Liberado', '30 G', '538912050014013', 'CORTICOESTERÓIDES TÓPICOS PUROS', '38.46'), 
  (default, '1', 'PANTOPRAZOL MAGNÉSICO DI-HIDRATADO', 'PANTOPRAZOL MAGNÉSICO DI-HIDRATADO', '40 MG', 'Sólido', 'Genérico', 'Liberado', '30', '541821060160206', 'INIBIDORES DA BOMBA DE PRÓTONS', '330.31'), 
  (default, '7', 'MALEATO DE ENALAPRIL + HIDROCLOROTIAZIDA', 'HIDROCLOROTIAZIDA;MALEATO DE ENALAPRIL', '20 MG', 'Sólido', 'Genérico', 'Liberado', '30', '552920060125917', 'INIBIDORES DA ECA ASSOCIADOS A ANTI-HIPERTERSIVOS (C2) E/OU DIURÉTICOS (C3)', '90.09'), 
  (default, '36', 'PANTOPRAZOL', 'PANTOPRAZOL', '40 MG', 'Sólido', 'Genérico', 'Liberado', '28', '504615030028406', 'INIBIDORES DA BOMBA DE PRÓTONS', '276.31'), 
  (default, '47', 'VOLNAC', 'NITRATO DE MICONAZOL', '20 MG/G', 'Semissólido', 'Similar', 'Liberado', '28G', '505515701168418', 'ANTIFÚNGICOS DERMATOLÓGICOS TÓPICOS', '33.16'), 
  (default, '13', 'HELMIZOL', 'METRONIDAZOL', '400 MG', 'Sólido', 'Similar', 'AM', '24', '520711808119416', 'TRICOMONICIDAS SISTÊMICOS', '36.1'), 
  (default, '31', 'ACECLOFENACO', 'ACECLOFENACO', '100 MG', 'Sólido', 'Genérico', 'Liberado', '24', '529900102111115', 'ANTIRREUMÁTICOS NÃO ESTEROIDAIS PUROS', '83.72'), 
  (default, '24', 'FLAGYL', 'METRONIDAZOL', '400 MG', 'Sólido', 'Novo', 'AM', '24', '576720050067317', 'TRICOMONICIDAS SISTÊMICOS', '36.1'), 
  (default, '7', 'SOMALIUM', 'BROMAZEPAM', '6 MG', 'Sólido', 'Similar', 'B1', '20', '500506602119412', 'TRANQUILIZANTES', '35.38'), 
  (default, '13', 'BACLOFENO', 'BACLOFENO', '10 MG', 'Sólido', 'Genérico', 'Liberado', '20', '520715060094306', 'RELAXANTE MUSCULAR DE AÇÃO CENTRAL', '35.04'), 
  (default, '34', 'BACLON', 'BACLOFENO', '10 MG', 'Sólido', 'Similar', 'Liberado', '20', '533000901111412', 'RELAXANTE MUSCULAR DE AÇÃO CENTRAL', '29.52'), 
  (default, '25', 'ADVANTAN', 'ACEPONATO DE METILPREDNISOLONA', '1 MG/G', 'Semissólido', 'Novo', 'Liberado', '20 G', '538912050012713', 'CORTICOESTERÓIDES TÓPICOS PUROS', '104.23'), 
  (default, '35', 'ACECLO-GRAN', 'ACECLOFENACO', '100 MG', 'Sólido', 'Similar', 'Liberado', '12', '538813080046904', 'ANTIRREUMÁTICOS NÃO ESTEROIDAIS PUROS', '57.09'), 
  (default, '36', 'TILOXINEO', 'TENOXICAM', '20 MG', 'Sólido', 'Similar', 'Liberado', '10', '504617080064717', 'ANTIRREUMÁTICOS NÃO ESTEROIDAIS PUROS', '53.64'), 
  (default, '1', 'TENOXICAM', 'TENOXICAM', '20 MG', 'Sólido', 'Genérico', 'Liberado', '10', '507723602114111', 'ANTIRREUMÁTICOS NÃO ESTEROIDAIS PUROS', '51.9'), 
  (default, '1', 'ACETONIDA DE TRIANCINOLONA', 'TRIANCINOLONA ACETONIDA', '1 MG/G', 'Semissólido', 'Genérico', 'Liberado', '10 G', '507727701168113', 'ANALGÉSICOS E ANTIINFLAMATÓRIOS BUCAIS DE USO TÓPICO', '16.34'), 
  (default, '10', 'GÉSICO', 'CLORIDRATO DE TRAMADOL', '100 MG', 'Sólido', 'Similar', 'A2', '10', '508018110123904', 'ANALGÉSICOS NARCÓTICOS', '122.18'), 
  (default, '4', 'METRONIDAZOL', 'METRONIDAZOL', '100 MG/G', 'Semissólido', 'Genérico', 'AM', '50 G + 10 APLIC', '528503907164118', 'TRICOMONICIDAS TÓPICOS', '34.55'), 
  (default, '1', 'MELOVAC', 'MELOXICAM', '15 MG', 'Sólido', 'Similar', 'Liberado', '10', '541817080020603', 'ANTIRREUMÁTICOS NÃO ESTEROIDAIS PUROS', '62.96'), 
  (default, '1', 'COLIAFT', 'TRIANCINOLONA ACETONIDA', '1 MG/G', 'Semissólido', 'Similar', 'Liberado', '10 G', '541818060085904', 'ANALGÉSICOS E ANTIINFLAMATÓRIOS BUCAIS DE USO TÓPICO', '16.34'), 
  (default, '1', 'TIOCONAZOL + TINIDAZOL', 'TINIDAZOL;TIOCONAZOL', '20 MG/G', 'Semissólido', 'Genérico', 'Liberado', '35 G + 7 APLIC', '507723901162116', 'TRICOMONICIDAS TÓPICOS', '71.44'), 
  (default, '17', 'OFLOXACINO', 'OFLOXACINO', '3 MG/ML', 'Líquido', 'Genérico', 'AM', '5 ML', '526123401173114', 'ANTIINFECCIOS OFTALMOLÓGICOS', '31.02'), 
  (default, '35', 'NEOCORTIN', 'FOSFATO DISSÓDICO DE DEXAMETASONA;SULFATO DE NEOMICINA', '1,0 MG+5,0 MG/ML', 'Líquido', 'Similar', 'Liberado', '5 ML', '538817501176412', 'ASSOCIAÇÕES OFTALMOLÓGICAS CORTICOSTERÓIDES COM ANTIINFECCIOSOS', '12.86'), 
  (default, '48', 'FOLIFER', 'ÁCIDO FÓLICO', '150 MG', 'Sólido', 'Específico', 'Liberado', '4', '560818020002708', 'ASSOCIAÇÕES DE FERRO', '10.7'), 
  (default, '28', 'SUCCINATO DE SUMATRIPTANA', 'SUCCINATO DE SUMATRIPTANA', '50 MG', 'Sólido', 'Genérico', 'Liberado', '2', '504122060078417', 'ANTIENXAQUECOSOS TRIPTÂNICOS', '29.13'), 
  (default, '7', 'DUO-DECADRON', 'FOSFATO DISSÓDICO DE DEXAMETASONA;ACETATO DE DEXAMETASONA', '8 MG/ML', 'Líquido', 'Similar', 'Liberado', '1 ML + SER DOS', '500508002151419', 'CORTICOSTERÓIDES INJETÁVEIS PUROS', '16.62'), 
  (default, '49', 'TAKIL', 'TINIDAZOL;TIOCONAZOL', '20 MG', 'Semissólido', 'Similar', 'Liberado', '35 G + 7 APLIC DESC', '524802201163418', 'TRICOMONICIDAS TÓPICOS', '97.58'), 
  (default, '23', 'PRED', 'ACETATO DE PREDNISOLONA', '10 MG/ML', 'Líquido', 'Novo', 'Liberado', '5 ML', '501004601173313', 'CORTICOSTERÓIDES OFTALMOLÓGICOS', '54.46'), 
  (default, '50', 'DOMPERIDONA', 'DOMPERIDONA', '10 MG', 'Sólido', 'Genérico', 'Liberado', '90', '506423070052606', 'GASTROPROCINÉTICOS', '58.51'), 
  (default, '10', 'DESOGESTREL + ETINILESTRADIOL', 'DESOGESTREL;ETINILESTRADIOL', '0,150 MG', 'Sólido', 'Genérico', 'Liberado', '63', '508021090142806', 'HORMÔNIOS CONTRACEPTIVOS MONOFÁSICOS COM ESTROGÊNIOS <50MCG', '105.98'), 
  (default, '7', 'FLUNARIN', 'DICLORIDRATO DE FLUNARIZINA', '10MG', 'Sólido', 'Similar', 'Liberado', '60', '500508102113411', 'ANTAGONISTAS DO CÁLCIO COM AÇÃO CEREBRAL', '34.2'), 
  (default, '33', 'CETOPROFENO', 'CETOPROFENO', '150 MG', 'Sólido', 'Genérico', 'Liberado', '60', '525319010054606', 'ANTIRREUMÁTICOS NÃO ESTEROIDAIS PUROS', '250.0'), 
  (default, '17', 'CARVEDILOL', 'CARVEDILOL', '25 MG', 'Sólido', 'Genérico', 'Liberado', '60', '526112070086006', 'BETABLOQUEADORES PUROS', '289.94'), 
  (default, '25', 'FLANAX', 'NAPROXENO SÓDICO', '550 MG', 'Sólido', 'Novo', 'Liberado', '4', '538919060029703', 'ANTIRREUMÁTICOS NÃO ESTEROIDAIS PUROS', '13.73'), 
  (default, '1', 'POMAGLÓS TRATAMENTO', 'NISTATINA;OXIDO DE ZINCO', '100.000 UI/G + 200 MG/G', 'Semissólido', 'Similar', 'Liberado', '60 G', '541820120155207', 'ANTIFÚNGICOS DERMATOLÓGICOS TÓPICOS', '30.82'), 
  (default, '34', 'FOLDAN', 'TIABENDAZOL', '50 MG/ML', 'Semissólido', 'Similar', 'Liberado', '50 ML', '533006103179418', 'ANTI-HELMÍNTICOS EXCETO ESQUISTOSSOMICIDAS (P1C)', '27.46'), 
  (default, '35', 'NEOTRICIN', 'SULFATO DE NEOMICINA;BACITRACINA ZÍNCICA', '5 MG', 'Semissólido', 'Similar', 'Liberado', '50G', '538812090044403', 'ANTIBIÓTICOS TÓPICOS', '43.46'), 
  (default, '35', 'MIOFIBRAX', 'CLORIDRATO DE CICLOBENZAPRINA', '10MG', 'Sólido', 'Similar', 'Liberado', '50', '538822030111703', 'RELAXANTE MUSCULAR DE AÇÃO CENTRAL', '83.14'), 
  (default, '5', 'PREDNISOLONA', 'PREDNISOLONA', '40 MG', 'Sólido', 'Genérico', 'Liberado', '40', '543819120047807', 'CORTICOSTERÓIDES ORAIS PUROS', '241.83'), 
  (default, '36', 'BROMAZEPAM (PORTARIA 344/98 - LISTA B1)', 'BROMAZEPAM', '6 MG', 'Sólido', 'Genérico', 'B1', '30', '504616020033817', 'TRANQUILIZANTES', '53.17'), 
  (default, '36', 'GLIONIL', 'GLIBENCLAMIDA', '5 MG', 'Sólido', 'Similar', 'Liberado', '30', '504617040060517', 'ANTIDIABÉTICOS SULFONILOURÉIAS PUROS', '14.0'), 
  (default, '13', 'ALPRAZOLAM', 'ALPRAZOLAM', '2,0 MG', 'Sólido', 'Genérico', 'B1', '30', '520731801111112', 'TRANQUILIZANTES', '123.44'), 
  (default, '24', 'GLIBENCLAMIDA', 'GLIBENCLAMIDA', '5 MG', 'Sólido', 'Genérico', 'Liberado', '30', '525072903111111', 'ANTIDIABÉTICOS SULFONILOURÉIAS PUROS', '15.21'), 
  (default, '33', 'CLORIDRATO DE METFORMINA +GLIBENCLAMIDA', 'GLIBENCLAMIDA;CLORIDRATO DE METFORMINA', '(500,0 + 2,5) MG', 'Sólido', 'Genérico', 'Liberado', '30', '525318050050106', 'ASSOCIAÇÕES DE ANTIDIABÉTICOS SULFONILOURÉIA COM BIGUANIDAS', '26.45'), 
  (default, '15', 'GLUCOVANCE', 'GLIBENCLAMIDA;CLORIDRATO DE METFORMINA', '500 MG', 'Sólido', 'Novo', 'Liberado', '30', '525405203117418', 'ASSOCIAÇÕES DE ANTIDIABÉTICOS SULFONILOURÉIA COM BIGUANIDAS', '41.54'), 
  (default, '15', 'LEVOTIROXINA SÓDICA', 'LEVOTIROXINA SÓDICA', '175 MCG', 'Sólido', 'Genérico', 'Liberado', '30', '525420605115111', 'PREPARAÇÕES PARA TIREOIDE', '20.99'), 
  (default, '4', 'DIPROPIONATO DE BETAMETASONA + ÁCIDO SALICÍLICO', 'ÁCIDO SALICÍLICO;DIPROPIONATO DE BETAMETASONA', '0, 64 MG/ML', 'Líquido', 'Genérico', 'Liberado', '30 ML', '528522901133111', 'ANTIPSORÍASE TÓPICOS', '33.88'), 
  (default, '22', 'DESLIN', 'DESLORATADINA', '5 MG', 'Sólido', 'Similar', 'Liberado', '30', '536217070008003', 'ANTI-HISTAMÍNICOS SISTÊMICOS', '179.5'), 
  (default, '29', 'TRANQUINAL', 'ALPRAZOLAM', '1 MG', 'Sólido', 'Similar', 'B1', '30', '536512010007103', 'TRANQUILIZANTES', '90.4'), 
  (default, '51', 'LUFTAL', 'SIMETICONA', '75 MG', 'Semissólido', 'Novo', 'Liberado', '30 ML', '540117100004117', 'Antiflatulentos Puros e Carminativos', '55.89'), 
  (default, '1', 'ENERGIL ZINCO', 'ÁCIDO ASCÓRBICO;CITRATO DE ZINCO', '1 G + 10 MG', 'Sólido', 'Específico', 'Liberado', '30', '541819120114507', 'ASSOCIAÇÕES COM VITAMINA C', '59.17'), 
  (default, '7', 'BESILATO DE ANLODIPINO', 'BESILATO DE ANLODIPINO', '10 MG', 'Sólido', 'Genérico', 'Liberado', '30', '552920040122417', 'ANTAGONISTAS DO CÁLCIO PUROS', '208.76'), 
  (default, '17', 'ÁCIDO MEFENÂMICO', 'ÁCIDO MEFENÂMICO', '500 MG', 'Sólido', 'Genérico', 'Liberado', '24', '526128701116117', 'ANTIRREUMÁTICOS NÃO ESTEROIDAIS PUROS', '28.05'), 
  (default, '34', 'MIRANOVA', 'LEVONORGESTREL MICRONIZADO;ETINILESTRADIOL', '(0,10 + 0,02 )MG', 'Sólido', 'Novo', 'Liberado', '21', '533022100081017', 'HORMÔNIOS CONTRACEPTIVOS MONOFÁSICOS COM ESTROGÊNIOS <50MCG', '28.12'), 
  (default, '13', 'DICLOFENACO RESINATO', 'DICLOFENACO DE POTÁSSIO', '15 MG/ML', 'Líquido', 'Genérico', 'Liberado', '20 ML', '520709101135111', 'ANTIRREUMÁTICOS NÃO ESTEROIDAIS PUROS', '17.67'), 
  (default, '33', 'DICLOFENACO RESINATO', 'DICLOFENACO', '15 MG/ML', 'Líquido', 'Genérico', 'Liberado', '20 ML', '525305901130111', 'ANTIRREUMÁTICOS NÃO ESTEROIDAIS PUROS', '19.52'), 
  (default, '3', 'VOLTAREN', 'DICLOFENACO SÓDICO', '75 MG', 'Sólido', 'Novo', 'Liberado', '20', '526516509115312', 'ANTIRREUMÁTICOS NÃO ESTEROIDAIS PUROS', '56.98'), 
  (default, '13', 'CIMETIDINA', 'CIMETIDINA', '400 MG', 'Sólido', 'Genérico', 'Liberado', '16', '520706104117118', 'ANTAGONISTAS RECEPTORES H2', '45.72'), 
  (default, '1', 'MUPIROX', 'CICLOPIROX OLAMINA', '10 MG/ML', 'Líquido', 'Similar', 'Liberado', '15 ML', '507741701171411', 'ANTIFÚNGICOS DERMATOLÓGICOS TÓPICOS', '31.62'), 
  (default, '2', 'MICOSTATIN', 'NISTATINA', '25.000 UI/G', 'Semissólido', 'Novo', 'Liberado', '60 G + 14 APLIC', '501113090020914', 'ANTIFÚNGICOS GINECOLÓGICOS', '30.14'), 
  (default, '4', 'NITRATO DE MICONAZOL', 'NITRATO DE MICONAZOL', '20 MG/G', 'Semissólido', 'Genérico', 'Liberado', '80 G + 14 APLIC', '528504311168111', 'ANTIFÚNGICOS GINECOLÓGICOS', '34.1'), 
  (default, '7', 'NOVOCILIN', 'AMOXICILINA TRI-HIDRATADA', '80 MG/ML', 'Líquido', 'Similar', 'AM', '10 ML', '500505902135415', 'PENICILINAS ORAIS DE AMPLO ESPECTRO', '82.66'), 
  (default, '7', 'DECADRON', 'DEXAMETASONA', '4 MG', 'Sólido', 'Similar', 'Liberado', '10', '500510404113416', 'CORTICOSTERÓIDES ORAIS PUROS', '23.99'), 
  (default, '1', 'MELOXICAM', 'MELOXICAM', '15 MG', 'Sólido', 'Genérico', 'Liberado', '10', '507717302112117', 'ANTIRREUMÁTICOS NÃO ESTEROIDAIS PUROS', '63.04'), 
  (default, '12', 'CLORIDRATO DE CIPROFLOXACINO', 'CLORIDRATO DE CIPROFLOXACINO', '500 MG', 'Sólido', 'Genérico', 'AM', '10', '511502005111117', 'FLUORQUINOLONAS ORAIS', '121.05'), 
  (default, '16', 'AVIANT EFE', 'DESLORATADINA;SULFATO DE PSEUDOEFEDRINA', '2,5 MG', 'Sólido', 'Similar', 'Liberado', '10', '525522040022017', 'PREPARAÇÕES SISTÊMICAS NASAIS', '62.53'), 
  (default, '3', 'CATAFLAM', 'DICLOFENACO POTÁSSICO', '50 MG', 'Sólido', 'Novo', 'Liberado', '10', '526502713114310', 'ANTIRREUMÁTICOS NÃO ESTEROIDAIS PUROS', '25.52'), 
  (default, '34', 'CEF', 'CEFALEXINA MONOIDRATADA', '500 MG', 'Sólido', 'Similar', 'AM', '10', '533020090071807', 'CEFALOSPORINAS ORAIS', '38.04'), 
  (default, '1', 'CLORIDRATO DE FEXOFENADINA + CLORIDRATO DE PSEUDOEFEDRINA', 'CLORIDRATO DE FEXOFENADINA;CLORIDRATO DE PSEUDOEFEDRINA', '60 MG', 'Sólido', 'Similar', 'Liberado', '10', '541821010156206', 'PREPARAÇÕES SISTÊMICAS NASAIS', '45.11'), 
  (default, '17', 'CEFALEXINA', 'CEFALEXINA MONOIDRATADA', '1G', 'Sólido', 'Genérico', 'AM', '8', '526120050113207', 'CEFALOSPORINAS ORAIS', '96.69'), 
  (default, '17', 'CLORIDRATO DE CIPROFLOXACINO MONOIDRATADO + DEXAMETASONA', 'CLORIDRATO DE CIPROFLOXACINO ;DEXAMETASONA', '3,5 MG/ML', 'Líquido', 'Genérico', 'AM', '5 ML', '526128801171111', 'ASSOCIAÇÕES OFTALMOLÓGICAS CORTICOSTERÓIDES COM ANTIINFECCIOSOS', '32.18'), 
  (default, '20', 'PLETIL', 'TINIDAZOL', '500 MG', 'Sólido', 'Novo', 'Liberado', '4', '522718050081317', 'TRICOMONICIDAS SISTÊMICOS', '21.18'), 
  (default, '17', 'TINIDAZOL', 'TINIDAZOL', '500 MG', 'Sólido', 'Genérico', 'Liberado', '4', '526128301118112', 'TRICOMONICIDAS SISTÊMICOS', '14.52'), 
  (default, '1', 'LEVERCTIN', 'IVERMECTINA', '6 MG', 'Sólido', 'Similar', 'Liberado', '4', '541814120009303', 'ANTI-HELMÍNTICOS EXCETO ESQUISTOSSOMICIDAS (P1C)', '42.91'), 
  (default, '24', 'TADALAFILA', 'TADALAFILA', '20 MG', 'Sólido', 'Genérico', 'Liberado', '2', '525014110106306', 'PRODUTOS PARA DISFUNÇÃO ERÉTIL, INIBIDORES DA PDE5', '31.44'), 
  (default, '36', 'NEODIA', 'LEVONORGESTREL', '1,5 MG', 'Sólido', 'Similar', 'Liberado', '1', '504616050040218', 'CONTRACEPTIVO SISTÊMICO DE EMERGÊNCIA', '35.25'), 
  (default, '7', 'NOTUSS TSS', 'DROPROPIZINA', '3 MG/ML', 'Líquido', 'Similar', 'Liberado', '120 ML + COP', '500513080052004', 'ANTITUSSÍGENOS PUROS', '26.06'), 
  (default, '13', 'DICLORIDRATO DE CETIRIZINA', 'DICLORIDRATO DE CETIRIZINA', '1 MG/ML', 'Líquido', 'Genérico', 'Liberado', '120 ML + COP', '520729101130112', 'ANTI-HISTAMÍNICOS SISTÊMICOS', '44.93'), 
  (default, '24', 'CEFALEXINA', 'CEFALEXINA', '50 MG/ML', 'Líquido', 'Genérico', 'AM', '100ML + SER DOSAD', '525064301130117', 'CEFALOSPORINAS ORAIS', '62.33'), 
  (default, '4', 'DOPROPIZINA', 'DROPROPIZINA', '3 MG/ML', 'Líquido', 'Genérico', 'Liberado', '120 ML + COP', '528502606136117', 'ANTITUSSÍGENOS PUROS', '23.49'), 
  (default, '34', 'STER', 'ACETATO DE PREDNISOLONA', '10 MG/ML', 'Líquido', 'Similar', 'Liberado', '5 ML', '533022902171411', 'CORTICOSTERÓIDES OFTALMOLÓGICOS', '31.14'), 
  (default, '1', 'BESILATO DE ANLODIPINO+ATENOLOL', 'ATENOLOL;BESILATO DE ANLODIPINO', '(5,0  + 25,0) MG', 'Sólido', 'Genérico', 'Liberado', '60', '541818110093406', 'ANTAGONISTAS DO CÁLCIO ASSOCIADOS A BETABLOQUEADORES', '123.44'), 
  (default, '52', 'ZYLORIC', 'ALOPURINOL', '100 MG', 'Sólido', 'Novo', 'Liberado', '30', '505609601116310', 'ANTIGOTOSOS', '21.8'), 
  (default, '1', 'CLORTALIDONA', 'CLORTALIDONA', '50 MG', 'Sólido', 'Genérico', 'Liberado', '30', '507708303111115', 'DIURÉTICOS TIAZIDAS E ANÁLOGOS PUROS', '26.94'), 
  (default, '3', 'ALOPURINOL', 'ALOPURINOL', '300 MG', 'Sólido', 'Genérico', 'Liberado', '30', '526518070093406', 'ANTIGOTOSOS', '41.68'), 
  (default, '31', 'AMOXICILINA', 'AMOXICILINA', '500 MG', 'Sólido', 'Genérico', 'AM', '21', '529921080073706', 'PENICILINAS ORAIS DE AMPLO ESPECTRO', '73.06'), 
  (default, '34', 'TANDRIFLAN', 'CARISOPRODOL', '300 MG', 'Sólido', 'Similar', 'Liberado', '15', '533012120058603', 'RELAXANTE MUSCULAR DE AÇÃO CENTRAL', '26.11'), 
  (default, '7', 'NOVOCILIN', 'AMOXICILINA TRIHIDRATADA', '875 MG', 'Sólido', 'Similar', 'AM', '14', '500505905118414', 'PENICILINAS ORAIS DE AMPLO ESPECTRO', '115.06'), 
  (default, '33', 'NORFLOXACINO', 'NORFLOXACINO', '400 MG', 'Sólido', 'Genérico', 'AM', '14', '525317080049006', 'FLUORQUINOLONAS ORAIS', '61.88'), 
  (default, '18', 'NORF', 'NORFLOXACINO', '400 MG', 'Sólido', 'Similar', 'AM', '14', '531615040077603', 'FLUORQUINOLONAS ORAIS', '36.99'), 
  (default, '7', 'AMOXICILINA TRI-HIDRATADA', 'AMOXICILINA TRIHIDRATADA', '875 MG', 'Sólido', 'Genérico', 'AM', '14', '552919060078817', 'PENICILINAS ORAIS DE AMPLO ESPECTRO', '90.58'), 
  (default, '18', 'OSTEOFORM', 'ALENDRONATO DE SÓDIO TRI-HIDRATADO', '70 MG', 'Sólido', 'Similar', 'Liberado', '8', '531602806110416', 'BISFOSFONATOS PARA OSTEOPOROSE E ALTERAÇÕES RELACIONADAS', '148.06'), 
  (default, '1', 'ALENDRONATO DE SÓDIO', 'ALENDRONATO DE SÓDIO TRI-HIDRATADO', '70 MG', 'Sólido', 'Genérico', 'Liberado', '4', '507731502115115', 'BISFOSFONATOS PARA OSTEOPOROSE E ALTERAÇÕES RELACIONADAS', '189.78'), 
  (default, '43', 'ALENDIL', 'ALENDRONATO SÓDICO TRIHIDRATADO', '70 MG', 'Sólido', 'Similar', 'Liberado', '4', '509000406118415', 'BISFOSFONATOS PARA OSTEOPOROSE E ALTERAÇÕES RELACIONADAS', '188.88'), 
  (default, '12', 'ALENDRONATO DE SÓDIO', 'ALENDRONATO DE SÓDIO', '70 MG', 'Sólido', 'Genérico', 'Liberado', '4', '511516202119110', 'BISFOSFONATOS PARA OSTEOPOROSE E ALTERAÇÕES RELACIONADAS', '72.04'), 
  (default, '13', 'ALBENDAZOL', 'ALBENDAZOL', '400 MG', 'Sólido', 'Genérico', 'Liberado', '3', '520717070108106', 'ANTI-HELMÍNTICOS EXCETO ESQUISTOSSOMICIDAS (P1C)', '33.12'), 
  (default, '35', 'MONOZOL', 'ALBENDAZOL', '400 MG', 'Sólido', 'Similar', 'Liberado', '1', '538818002114411', 'ANTI-HELMÍNTICOS EXCETO ESQUISTOSSOMICIDAS (P1C)', '16.52'), 
  (default, '10', 'AMOXICILINA', 'AMOXICILINA;AMOXICILINA TRI-HIDRATADA', '80 MG/ML', 'Líquido', 'Genérico', 'AM', '100 ML + SER DOS', '508000307138110', 'PENICILINAS ORAIS DE AMPLO ESPECTRO', '49.53'), 
  (default, '1', 'AMOXICILINA', 'AMOXICILINA TRI-HIDRATADA', '100 MG/ML', 'Líquido', 'Genérico', 'AM', '150 ML  + COP', '541818100091506', 'PENICILINAS ORAIS DE AMPLO ESPECTRO', '97.52'), 
  (default, '24', 'NOVALGINA', 'DIPIRONA MONOIDRATADA', '500 MG', 'Sólido', 'Novo', 'Liberado', '10', '576720070077517', 'ANALGÉSICOS NÃO NARCÓTICOS E ANTIPIRÉTICOS ISENTOS DE PRESCRIÇÃO', '15.78'), 
  (default, '47', 'CETOZOL', 'CETOCONAZOL', '20 MG/ML', 'Semissólido', 'Similar', 'Liberado', '100 ML', '505502702179411', 'ANTIFÚNGICOS TÓPICOS DO COURO CABELUDO', '89.69'), 
  (default, '33', 'BEZIANY', 'ACETATO DE CLORMADINONA;ETINILESTRADIOL', '(2 + 0,03) MG', 'Sólido', 'Similar', 'Liberado', '84', '525322030106604', 'HORMÔNIOS CONTRACEPTIVOS MONOFÁSICOS COM ESTROGÊNIOS <50MCG', '237.34'), 
  (default, '34', 'MYLUS', 'DESOGESTREL', '0,075 MG', 'Sólido', 'Similar', 'Liberado', '84', '533019120068107', 'PREPARAÇÕES ORAIS COM PROGESTAGÊNIOS SOMENTE', '137.53'), 
  (default, '5', 'DESOGESTREL', 'DESOGESTREL', '0,075 MG', 'Sólido', 'Genérico', 'Liberado', '84', '543820080057307', 'PREPARAÇÕES ORAIS COM PROGESTAGÊNIOS SOMENTE', '107.5'), 
  (default, '44', 'LINOFEME', 'LEVONORGESTREL;ETINILESTRADIOL', '(0,15 + 0,03) MG', 'Sólido', 'Similar', 'Liberado', '63', '506320110036317', 'HORMÔNIOS CONTRACEPTIVOS MONOFÁSICOS COM ESTROGÊNIOS <50MCG', '34.73'), 
  (default, '36', 'PEPSAMAR', 'HIDRÓXIDO DE ALUMÍNIO', '230 MG', 'Sólido', 'Específico', 'Liberado', '50', '504623020091417', 'ANTIÁCIDOS PUROS', '34.11'), 
  (default, '36', 'FLUXON', 'CINARIZINA', '75 MG', 'Sólido', 'Similar', 'Liberado', '30', '504620110079207', 'ANTAGONISTAS DO CÁLCIO COM AÇÃO CEREBRAL', '19.81'), 
  (default, '47', 'DIUREZIN', 'HIDROCLOROTIAZIDA', '50 MG', 'Sólido', 'Similar', 'Liberado', '30', '505521040022003', 'DIURÉTICOS TIAZIDAS E ANÁLOGOS PUROS', '14.9'), 
  (default, '31', 'CINARIZINA', 'CINARIZINA', '25 MG', 'Sólido', 'Genérico', 'Liberado', '30', '529912302119113', 'ANTAGONISTAS DO CÁLCIO COM AÇÃO CEREBRAL', '16.73'), 
  (default, '34', 'TRIQUILAR', 'LEVONORGESTREL;ETINILESTRADIOL', '(0,05 MG + 0,03 MG)', 'Sólido', 'Novo', 'Liberado', '(18 + 15 +30)', '533023050085403', 'PREPARAÇÕES CONTRACEPTIVAS TRIFÁSICAS', '37.57'), 
  (default, '28', 'GESTRELAN', 'LEVONORGESTREL MICRONIZADO;ETINILESTRADIOL', '(0,15 + 0,03) MG', 'Sólido', 'Similar', 'Liberado', '21', '504121010070503', 'HORMÔNIOS CONTRACEPTIVOS MONOFÁSICOS COM ESTROGÊNIOS <50MCG', '12.68'), 
  (default, '28', 'LEVONORGESTREL + ETINILESTRADIOL', 'LEVONORGESTREL MICRONIZADO;ETINILESTRADIOL', '(0,15 + 0,03) MG', 'Sólido', 'Genérico', 'Liberado', '21', '504121070071306', 'HORMÔNIOS CONTRACEPTIVOS MONOFÁSICOS COM ESTROGÊNIOS <50MCG', '8.23'), 
  (default, '16', 'MERCILON', 'DESOGESTREL;ETINILESTRADIOL', '0,15 MG', 'Sólido', 'Novo', 'Liberado', '21', '525522080025217', 'HORMÔNIOS CONTRACEPTIVOS MONOFÁSICOS COM ESTROGÊNIOS <50MCG', '60.39'), 
  (default, '24', 'CICLOPIROX OLAMINA', 'CICLOPIROX OLAMINA', '10 MG/G', 'Semissólido', 'Genérico', 'Liberado', '20G', '525066701160117', 'ANTIFÚNGICOS DERMATOLÓGICOS TÓPICOS', '34.52'), 
  (default, '47', 'ALBISTIN', 'NISTATINA', '25.000 UI/G', 'Semissólido', 'Similar', 'Liberado', '60 G +  14 APLIC', '505515080021403', 'ANTIFÚNGICOS GINECOLÓGICOS', '51.91'), 
  (default, '44', 'PREXULID', 'NIMESULIDA', '100 MG', 'Líquido', 'Similar', 'Liberado', '12', '506320120036907', 'ANALGÉSICOS NÃO NARCÓTICOS E ANTIPIRÉTICOS SOB PRESCRIÇÃO', '43.84'), 
  (default, '25', 'CLARITIN', 'LORATADINA', '10 MG', 'Sólido', 'Novo', 'Liberado', '12', '538917110028317', 'ANTI-HISTAMÍNICOS SISTÊMICOS', '21.49'), 
  (default, '13', 'NAPROXENO', 'NAPROXENO', '500 MG', 'Sólido', 'Genérico', 'Liberado', '10', '520716090105206', 'ANTIRREUMÁTICOS NÃO ESTEROIDAIS PUROS', '18.36'), 
  (default, '10', 'PERCOIDE', 'PREDNISOLONA', '40 MG', 'Sólido', 'Similar', 'Liberado', '7', '508022050161117', 'CORTICOSTERÓIDES ORAIS PUROS', '65.1'), 
  (default, '35', 'IVERMECTINA', 'IVERMECTINA', '6 MG', 'Sólido', 'Genérico', 'Liberado', '4', '538821020101006', 'ANTI-HELMÍNTICOS EXCETO ESQUISTOSSOMICIDAS (P1C)', '39.61'), 
  (default, '19', 'REVECTINA', 'IVERMECTINA', '6 MG', 'Sólido', 'Novo', 'Liberado', '2', '500214100032917', 'ANTI-HELMÍNTICOS EXCETO ESQUISTOSSOMICIDAS (P1C)', '32.4'), 
  (default, '50', 'TADALAFILA', 'TADALAFILA', '20 MG', 'Sólido', 'Genérico', 'Liberado', '2', '506421020046706', 'PRODUTOS PARA DISFUNÇÃO ERÉTIL, INIBIDORES DA PDE5', '38.31'), 
  (default, '13', 'FUROSEMIDA', 'FUROSEMIDA', '10 MG/ML', 'Líquido', 'Genérico', 'Liberado', '2 ML', '520711306156110', 'DIURÉTICOS DE ALÇA PUROS', '89.0'), 
  (default, '24', 'LASIX', 'FUROSEMIDA', '10 MG/ML', 'Líquido', 'Novo', 'Liberado', '2 ML', '576720040061617', 'DIURÉTICOS DE ALÇA PUROS', '13.96'), 
  (default, '24', 'TADALAFILA', 'TADALAFILA', '20 MG', 'Sólido', 'Genérico', 'Liberado', '1', '525014110106206', 'PRODUTOS PARA DISFUNÇÃO ERÉTIL, INIBIDORES DA PDE5', '24.52'), 
  (default, '7', 'LEVONORGESTREL', 'LEVONORGESTREL', '1,5 MG', 'Sólido', 'Genérico', 'Liberado', '1', '552922020142617', 'CONTRACEPTIVO SISTÊMICO DE EMERGÊNCIA', '28.63'), 
  (default, '7', 'ACEBROFILINA', 'ACEBROFILINA', '10 MG/ML', 'Líquido', 'Genérico', 'Liberado', '120 ML + CP MED', '552920020116617', 'EXPECTORANTES', '41.27'), 
  (default, '33', 'OMEPRAZOL', 'OMEPRAZOL', '40 MG', 'Sólido', 'Genérico', 'Liberado', '56', '525322010104606', 'INIBIDORES DA BOMBA DE PRÓTONS', '341.3'), 
  (default, '47', 'PRANOLAL', 'CLORIDRATO DE PROPRANOLOL', '40 MG', 'Sólido', 'Similar', 'Liberado', '50', '505508002111414', 'BETABLOQUEADORES PUROS', '18.12'), 
  (default, '36', 'CLORIDRATO DE PROPRANOLOL', 'CLORIDRATO DE PROPRANOLOL', '80 MG', 'Sólido', 'Genérico', 'Liberado', '30', '504616090044717', 'BETABLOQUEADORES PUROS', '15.54'), 
  (default, '13', 'CETOCORT', 'BETAMETASONA;CETOCONAZOL', '20 MG + 0,5 MG/G', 'Semissólido', 'Similar', 'Liberado', '30 G', '520705902168412', 'CORTICOESTERÓIDES ASSOCIADOS A ANTIMICOTICOS', '51.85'), 
  (default, '33', 'DESLORATADINA', 'DESLORATADINA', '5 MG', 'Sólido', 'Genérico', 'Liberado', '30', '525312050035106', 'ANTI-HISTAMÍNICOS SISTÊMICOS', '136.2'), 
  (default, '1', 'BROMOPRIDA', 'BROMOPRIDA', '10 MG', 'Sólido', 'Genérico', 'Liberado', '20', '507733103110116', 'GASTROPROCINÉTICOS', '33.64'), 
  (default, '13', 'ACETATO DE HIDROCORTISONA', 'ACETATO DE HIDROCORTISONA', '10 MG/G', 'Semissólido', 'Genérico', 'Liberado', '20 G', '520717040107406', 'CORTICOESTERÓIDES TÓPICOS PUROS', '16.87'), 
  (default, '34', 'UNIDEXA', 'FOSFATO DISSÓDICO DE DEXAMETASONA', '2 MG', 'Líquido', 'Similar', 'Liberado', '1 ML', '533012202159411', 'CORTICOSTERÓIDES INJETÁVEIS PUROS', '24.91'), 
  (default, '44', 'IBUCAPS', 'IBUPROFENO', '600 MG', 'Semissólido', 'Similar', 'Liberado', '10', '506321100039404', 'ANTIRREUMÁTICOS NÃO ESTEROIDAIS PUROS', '16.2'), 
  (default, '53', 'XAROPE 44 E', 'BROMIDRATO DE DEXTROMETORFANO;GUAIFENESINA', '1,30 MG/ML', 'Líquido', 'Similar', 'Liberado', '120 ML', '528700801131419', 'ANTITUSSÍGENOS ASSOCIADOS', '36.01'), 
  (default, '24', 'AAS', 'ACIDO ACETILSALICILICO', '100 MG', 'Sólido', 'Similar', 'Liberado', '10', '576720070076217', 'ANALGÉSICOS NÃO NARCÓTICOS E ANTIPIRÉTICOS ISENTOS DE PRESCRIÇÃO', '7.2'), 
  (default, '25', 'ASPIRINA PREVENT', 'ÁCIDO ACETILSALICÍLICO', '100 MG', 'Sólido', 'Novo', 'Liberado', '90', '538916010026303', 'INIBIDORES DA AGREGAÇÃO PLAQUETÁRIA, CICLO-OXIGENASE INIBIDORES ', '69.83'), 
  (default, '28', 'ABLOK', 'ATENOLOL', '100 MG', 'Sólido', 'Similar', 'Liberado', '60', '504114100052603', 'BETABLOQUEADORES PUROS', '116.53'), 
  (default, '54', 'BACTODERM', 'BACITRACINA;SULFATO DE NEOMICINA', '5,0 MG/G', 'Semissólido', 'Similar', 'Liberado', '50 G', '515114040011103', 'ANTIBIÓTICOS TÓPICOS', '24.45'), 
  (default, '20', 'MOTRIN', 'IBUPROFENO', '600 MG', 'Sólido', 'Novo', 'Liberado', '50', '522718030077417', 'ANTIRREUMÁTICOS NÃO ESTEROIDAIS PUROS', '106.78'), 
  (default, '35', 'CLORIDRATO DE CICLOBENZAPRINA', 'CLORIDRATO DE CICLOBENZAPRINA', '10MG', 'Sólido', 'Genérico', 'Liberado', '50', '538822070113006', 'RELAXANTE MUSCULAR DE AÇÃO CENTRAL', '72.17'), 
  (default, '5', 'IBUPROFENO', 'IBUPROFENO', '400 MG', 'Semissólido', 'Genérico', 'Liberado', '48', '543822080065707', 'ANALGÉSICOS NÃO NARCÓTICOS E ANTIPIRÉTICOS ISENTOS DE PRESCRIÇÃO', '88.47'), 
  (default, '1', 'MALEATO DE ENALAPRIL', 'MALEATO DE ENALAPRIL', '20 MG', 'Sólido', 'Genérico', 'Liberado', '30', '507717102113111', 'INIBIDORES DA ECA PUROS', '90.22'), 
  (default, '16', 'RENITEC', 'MALEATO DE ENALAPRIL', '5 MG', 'Sólido', 'Novo', 'Liberado', '30', '525501904112319', 'INIBIDORES DA ECA PUROS', '38.5'), 
  (default, '7', 'SINERGEN', 'MALEATO DE ENALAPRIL;BESILATO DE ANLODIPINO', '(5+20) MG', 'Sólido', 'Novo', 'Liberado', '30', '552920030120217', 'INIBIDORES DA ECA ASSOCIADOS A ANTAGONISTAS DO CÁLCIO (C8)', '153.62'), 
  (default, '27', 'TYLENOL SINUS', 'PARACETAMOL;CLORIDRATO DE PSEUDOEFEDRINA', '500 MG', 'Sólido', 'Novo', 'Liberado', '24', '514520050037417', 'ANTIGRIPAIS SEM ANTIINFECCIOSOS', '22.76'), 
  (default, '1', 'EMSFEB EFE', 'PARACETAMOL;CLORIDRATO DE PSEUDOEFEDRINA', '500 MG', 'Sólido', 'Genérico', 'Liberado', '24', '541818100090703', 'ANTIGRIPAIS SEM ANTIINFECCIOSOS', '14.74'), 
  (default, '44', 'DEXTAMINE', 'BETAMETASONA', '2 MG', 'Sólido', 'Similar', 'Liberado', '20', '506314070028604', 'ASSOCIAÇÕES DE CORTICOSTERÓIDES SISTÊMICOS', '27.65'), 
  (default, '33', 'PARACETAMOL + CAFEÍNA', 'PARACETAMOL;CAFEÍNA', '500 MG', 'Sólido', 'Genérico', 'Liberado', '20', '525320060076207', 'ANALGÉSICOS NÃO NARCÓTICOS E ANTIPIRÉTICOS ISENTOS DE PRESCRIÇÃO', '27.38'), 
  (default, '4', 'NIMESULIDA', 'NIMESULIDA', '100 MG', 'Sólido', 'Genérico', 'Liberado', '20', '528518070135206', 'ANTIRREUMÁTICOS NÃO ESTEROIDAIS PUROS', '66.77'), 
  (default, '7', 'DORILAX DT', 'PARACETAMOL;CAFEÍNA ANIDRA;CITRATO DE ORFENADRINA', '(450,0 + 50,0 + 35,0) MG', 'Sólido', 'Similar', 'Liberado', '12', '552920010102107', 'RELAXANTE MUSCULAR DE AÇÃO CENTRAL', '9.19'), 
  (default, '51', 'LUFTAFEM', 'IBUPROFENO;PARACETAMOL', '(200,0 + 500,0) MG', 'Sólido', 'Similar', 'Liberado', '6', '540121020004907', 'ANALGÉSICOS NÃO NARCÓTICOS E ANTIPIRÉTICOS ISENTOS DE PRESCRIÇÃO', '15.99'), 
  (default, '51', 'NUROMOL', 'IBUPROFENO;PARACETAMOL', '(200,0 + 500,0) MG', 'Sólido', 'Novo', 'Liberado', '6', '540121020005207', 'ANALGÉSICOS NÃO NARCÓTICOS E ANTIPIRÉTICOS ISENTOS DE PRESCRIÇÃO', '15.99'), 
  (default, '53', 'ALGINAC', 'DICLOFENACO DE SÓDIO;CLORIDRATO DE TIAMINA;CLORIDRATO DE PIRIDOXINA;CIANOCOBALAMINA', '(50,0 + 50,0) MG/ML', 'Líquido', 'Novo', 'Liberado', '1 ML', '528720070003317', 'ANTIRREUMÁTICOS NÃO ESTEROIDAIS ASSOCIADOS', '11.0'), 
  (default, '13', 'MALEATO DE DEXCLORFENIRAMINA + BETAMETASONA', 'BETAMETASONA', '0,4 MG/ML', 'Líquido', 'Genérico', 'Liberado', '120 ML + COP', '520721202132115', 'ASSOCIAÇÕES DE CORTICOSTERÓIDES SISTÊMICOS', '36.2'), 
  (default, '35', 'NISTATINA', 'NISTATINA', '100 000 UI/ML', 'Líquido', 'Genérico', 'Liberado', '50 ML+ CGT', '538816201136115', 'ANTIFÚNGICOS ORAIS TÓPICOS', '36.26'), 
  (default, '1', 'ACETATO DE DEXAMETASONA', 'ACETATO DE DEXAMETASONA', '1 MG/G', 'Semissólido', 'Genérico', 'Liberado', '10 G', '507739001166111', 'CORTICOESTERÓIDES TÓPICOS PUROS', '12.98'), 
  (default, '35', 'DEXADERMIL', 'ACETATO DE DEXAMETASONA', '1MG/G', 'Semissólido', 'Similar', 'Liberado', '10 G', '538811101168413', 'CORTICOESTERÓIDES TÓPICOS PUROS', '16.64'), 
  (default, '10', 'DIPROPIONATO DE BETAMETASONA + FOSFATO DISSÓDICO DE BETAMETASONA', 'FOSFATO DISSÓDICO DE BETAMETASONA;DIPROPIONATO DE BETAMETASONA', '5 MG/ML', 'Líquido', 'Genérico', 'Liberado', '1 ML', '508017040116406', 'CORTICOSTERÓIDES INJETÁVEIS PUROS', '24.71'), 
  (default, '10', 'BETATRINTA', 'FOSFATO DISSÓDICO DE BETAMETASONA;DIPROPIONATO DE BETAMETASONA', '5 MG/ML', 'Líquido', 'Similar', 'Liberado', '1 ML', '508021030138403', 'CORTICOSTERÓIDES INJETÁVEIS PUROS', '24.71'), 
  (default, '1', 'GRIPEN F', 'MALEATO DE CLORFENIRAMINA;PARACETAMOL;CLORIDRATO DE FENILEFRINA', '(400 + 4 + 4) MG', 'Sólido', 'Similar', 'Liberado', '10', '541820030122507', 'ANTIGRIPAIS SEM ANTIINFECCIOSOS', '11.26'), 
  (default, '54', 'RESFENOL', 'MALEATO DE CLORFENIRAMINA;PARACETAMOL;CLORIDRATO DE FENILEFRINA', '(400 + 4 + 4)MG', 'Sólido', 'Novo', 'Liberado', '4', '515102405115418', 'ANTIGRIPAIS SEM ANTIINFECCIOSOS', '4.7'), 
  (default, '50', 'CARBOCIN', 'CARBOCISTEÍNA', '50 MG/ML', 'Líquido', 'Similar', 'Liberado', '100 ML', '506401402135428', 'EXPECTORANTES', '27.15'), 
  (default, '24', 'DORFLEX UNO', 'DIPIRONA MONOIDRATADA', '1G', 'Sólido', 'Similar', 'Liberado', '10', '576723070102207', 'ANALGÉSICOS NÃO NARCÓTICOS E ANTIPIRÉTICOS ISENTOS DE PRESCRIÇÃO', '32.66'), 
  (default, '35', 'REPOPIL 35', 'ACETATO DE CIPROTERONA;ETINILESTRADIOL', '2,00 MG', 'Sólido', 'Similar', 'Liberado', '63', '538808402111410', 'HORMÔNIOS CONTRACEPTIVOS MONOFÁSICOS COM ESTROGÊNIOS <50MCG', '98.02'), 
  (default, '1', 'ACETATO DE CIPROTERONA+ETINILESTRADIOL', 'ACETATO DE CIPROTERONA;ETINILESTRADIOL', '2,00 MG', 'Sólido', 'Genérico', 'Liberado', '63', '541822120190006', 'HORMÔNIOS CONTRACEPTIVOS MONOFÁSICOS COM ESTROGÊNIOS <50MCG', '65.74'), 
  (default, '4', 'SULFATO DE NEOMICINA + BACITRACINA ZÍNCICA', 'SULFATO DE NEOMICINA;BACITRACINA ZÍNCICA', '5 MG/G', 'Semissólido', 'Genérico', 'Liberado', '50 G', '528524402169115', 'ANTIBIÓTICOS TÓPICOS', '26.18'), 
  (default, '34', 'TANDRIFLAN', 'CARISOPRODOL;PARACETAMOL;CAFEÍNA;DICLOFENACO SÓDICO', '300 MG', 'Sólido', 'Similar', 'Liberado', '30', '533010401111410', 'RELAXANTE MUSCULAR DE AÇÃO CENTRAL', '52.29'), 
  (default, '34', 'PARACETAMOL + CARISOPRODOL + DICLOFENACO SÓDICO + CAFEÍNA', 'CARISOPRODOL;PARACETAMOL;CAFEÍNA;DICLOFENACO SÓDICO', '(300 + 125 + 50 + 30) MG', 'Sólido', 'Genérico', 'Liberado', '30', '533023070086406', 'RELAXANTE MUSCULAR DE AÇÃO CENTRAL', '40.97'), 
  (default, '25', 'DIANE 35', 'ACETATO DE CIPROTERONA;ETINILESTRADIOL', '(2,000+ 0,035) MG', 'Sólido', 'Novo', 'Liberado', '21', '538912080018214', 'HORMÔNIOS CONTRACEPTIVOS MONOFÁSICOS COM ESTROGÊNIOS <50MCG', '39.41'), 
  (default, '36', 'DORALGINA', 'DIPIRONA MONOIDRATADA;CAFEÍNA ANIDRA;MUCATO DE ISOMETEPTENO', '30 MG', 'Sólido', 'Similar', 'Liberado', '20', '504614110026017', 'ASSOCIAÇÕES DE ANTIESPASMÓDICOS COM ANALGÉSICOS', '28.5'), 
  (default, '47', 'SEDOL', 'CAFEÍNA ANIDRA;MUCATO DE ISOMETEPTENO;DIPIRONA', '(300,0 + 30,0 +30,0) MG', 'Sólido', 'Similar', 'Liberado', '20', '505509302117416', 'ASSOCIAÇÕES DE ANTIESPASMÓDICOS COM ANALGÉSICOS', '23.04'), 
  (default, '54', 'RESFENOL', 'MALEATO DE CLORFENAMINA;PARACETAMOL;CLORIDRATO DE FENILEFRINA', '(400 + 4 + 4)MG', 'Sólido', 'Novo', 'Liberado', '20', '515102409110313', 'ANTIGRIPAIS SEM ANTIINFECCIOSOS', '23.4'), 
  (default, '13', 'ANTIDIN', 'CLORIDRATO DE RANITIDINA', '300 MG', 'Sólido', 'Similar', 'Liberado', '20', '520720020109807', 'ANTAGONISTAS RECEPTORES H2', '75.59'), 
  (default, '34', 'NEOCOPAN COMPOSTO', 'DIPIRONA MONOIDRATADA;BUTILBROMETO DE ESCOPOLAMINA', '(10,0 + 250,0) MG', 'Sólido', 'Similar', 'Liberado', '20', '533021020073517', 'ASSOCIAÇÕES DE ANTIESPASMÓDICOS COM ANALGÉSICOS', '18.21'), 
  (default, '7', 'CLORIDRATO DE RANITIDINA', 'CLORIDRATO DE RANITIDINA', '300 MG', 'Sólido', 'Genérico', 'Liberado', '20', '552920010101117', 'ANTAGONISTAS RECEPTORES H2', '131.82'), 
  (default, '10', 'TRIMUSK', 'DICLOFENACO DE SÓDIO;CARISOPRODOL;PARACETAMOL;CAFEÍNA', '(125,0 + 50,0 + 300,0 + 30,0) MG', 'Sólido', 'Similar', 'Liberado', '15', '508020010127107', 'RELAXANTE MUSCULAR DE AÇÃO CENTRAL', '26.53'), 
  (default, '10', 'CARISOPRODOL + DICLOFENACO DE SÓDIO + PARACETAMOL+ CAFEÍNA', 'DICLOFENACO DE SÓDIO;CARISOPRODOL;PARACETAMOL;CAFEÍNA', '(125,0 + 50,0 + 300,0 + 30,0) MG', 'Sólido', 'Genérico', 'Liberado', '15', '508020070132807', 'RELAXANTE MUSCULAR DE AÇÃO CENTRAL', '16.49'), 
  (default, '7', 'DORILAX', 'CARISOPRODOL;PARACETAMOL;CAFEÍNA', '350 MG', 'Sólido', 'Similar', 'Liberado', '12', '500503001114411', 'RELAXANTE MUSCULAR DE AÇÃO CENTRAL', '19.64'), 
  (default, '35', 'DORILEN', 'DIPIRONA MONOIDRATADA;CLORIDRATO DE PROMETAZINA;CLORIDRATO DE ADIFENINA', '500 MG', 'Sólido', 'Similar', 'Liberado', '12', '538816901111417', 'ANALGÉSICOS NÃO NARCÓTICOS E ANTIPIRÉTICOS ISENTOS DE PRESCRIÇÃO', '22.02'), 
  (default, '54', 'STILGRIP', 'MALEATO DE CLORFENAMINA;PARACETAMOL;CLORIDRATO DE FENILEFRINA', '400 MG', 'Líquido', 'Similar', 'Liberado', '5 G', '515123020013607', 'ANALGÉSICOS NÃO NARCÓTICOS E ANTIPIRÉTICOS ISENTOS DE PRESCRIÇÃO', '19.25'), 
  (default, '20', 'DEPO-PROVERA', 'ACETATO DE MEDROXIPROGESTERONA', '160 MG/ML', 'Líquido', 'Novo', 'Liberado', '0,65 ML + AGU', '522718030075303', 'OUTROS HORMÔNIOS CONTRACEPTIVOS SISTÊMICOS', '59.67'), 
  (default, '11', 'CATAFLAMPRO', 'DICLOFENACO DE POTÁSSIO;DICLOFENACO DIETILAMÔNIO', '25 MG', 'Sólido', 'Novo', 'Liberado', '4', '510617110059117', 'ANTIRREUMÁTICOS NÃO ESTEROIDAIS PUROS', '6.5'), 
  (default, '11', 'SONRIDOR', 'PARACETAMOL', '500 MG', 'Sólido', 'Novo', 'Liberado', '2', '510607201133421', 'ANALGÉSICOS NÃO NARCÓTICOS E ANTIPIRÉTICOS ISENTOS DE PRESCRIÇÃO', '88.98'), 
  (default, '34', 'DEMEDROX', 'ACETATO DE MEDROXIPROGESTERONA', '150 MG/ML', 'Líquido', 'Similar', 'Liberado', '1 ML', '533026207158411', 'OUTROS HORMÔNIOS CONTRACEPTIVOS SISTÊMICOS', '50.17'), 
  (default, '7', 'LABEL GOTAS', 'CLORIDRATO DE RANITIDINA', '40 MG/ML', 'Líquido', 'Novo', 'Liberado', '30 ML + CGT', '500513050048904', 'ANTAGONISTAS RECEPTORES H2', '38.46'), 
  (default, '1', 'CARBOCISTEÍNA', 'CARBOCISTEÍNA', '50 MG/ML', 'Líquido', 'Genérico', 'Liberado', '100 ML + CP MED', '507704101131120', 'EXPECTORANTES', '34.17'), 
  (default, '24', 'CLORIDRATO DE AMBROXOL', 'CLORIDRATO DE AMBROXOL', '6 MG/ML', 'Líquido', 'Genérico', 'Liberado', '120 ML + COP', '525003302137121', 'EXPECTORANTES', '36.2'), 
  (default, '1', 'CLORATADD D', 'LORATADINA;SULFATO DE PSEUDOEFEDRINA', '1 MG/ML', 'Líquido', 'Similar', 'Liberado', '60 ML + COP', '541818080088103', 'PREPARAÇÕES SISTÊMICAS NASAIS', '33.92'), 
  (default, '1', 'LORATADINA + SULFATO DE PSEUDOEFEDRINA', 'LORATADINA;SULFATO DE PSEUDOEFEDRINA', '1 MG/ML', 'Líquido', 'Genérico', 'Liberado', '60 ML + COP', '541820060130007', 'PREPARAÇÕES SISTÊMICAS NASAIS', '37.66'), 
  (default, '50', 'CITRATO DE SILDENAFILA', 'CITRATO DE SILDENAFILA', '50 MG', 'Sólido', 'Genérico', 'Liberado', '4', '506421030047006', 'PRODUTOS PARA DISFUNÇÃO ERÉTIL, INIBIDORES DA PDE5', '18.59'), 
  (default, '24', 'CITRATO DE SILDENAFILA', 'CITRATO DE SILDENAFILA', '50 MG', 'Sólido', 'Genérico', 'Liberado', '4', '525074113116118', 'PRODUTOS PARA DISFUNÇÃO ERÉTIL, INIBIDORES DA PDE5', '18.93'), 
  (default, '5', 'CITRATO DE SILDENAFILA', 'CITRATO DE SILDENAFILA', '50 MG', 'Sólido', 'Genérico', 'Liberado', '1', '542113040000406', 'PRODUTOS PARA DISFUNÇÃO ERÉTIL, INIBIDORES DA PDE5', '13.35'), 
  (default, '50', 'PROBENXIL', 'DICLOFENACO DE POTÁSSIO', '50 MG', 'Sólido', 'Similar', 'Liberado', '30', '506414010028103', 'ANTIRREUMÁTICOS NÃO ESTEROIDAIS PUROS', '32.45'), 
  (default, '17', 'ACETATO DE CLORMADINONA + ETINILESTRADIOL', 'ACETATO DE CLORMADINONA;ETINILESTRADIOL', '(2 + 0,03) MG', 'Sólido', 'Genérico', 'Liberado', '63', '526122080160206', 'HORMÔNIOS CONTRACEPTIVOS MONOFÁSICOS COM ESTROGÊNIOS <50MCG', '122.22'), 
  (default, '35', 'LOSARTANA POTÁSSICA', 'LOSARTANA POTÁSSICA', '50 MG', 'Sólido', 'Genérico', 'Liberado', '60', '538812030040006', 'ANTAGONISTAS DA ANGIOTENSINA II PUROS', '124.88'), 
  (default, '1', 'DEXAMETASONA', 'DEXAMETASONA', '4 MG', 'Sólido', 'Genérico', 'Liberado', '40', '541820100148707', 'CORTICOSTERÓIDES ORAIS PUROS', '62.33'), 
  (default, '7', 'CANDICORT', 'CETOCONAZOL;DIPROPIONATO DE BETAMETASONA', '(20,0 + 0,64) MG/G', 'Semissólido', 'Similar', 'Liberado', '30 G', '500501302168311', 'CORTICOESTERÓIDES ASSOCIADOS A ANTIMICOTICOS', '59.47'), 
  (default, '36', 'TORSILAX', 'CARISOPRODOL;PARACETAMOL;CAFEÍNA ANIDRA;DICLOFENACO SÓDICO', '(125 + 50 + 300 + 30) MG', 'Sólido', 'Similar', 'Liberado', '30', '504615010027917', 'RELAXANTE MUSCULAR DE AÇÃO CENTRAL', '47.88'), 
  (default, '36', 'ATENOLOL', 'ATENOLOL', '100MG', 'Sólido', 'Genérico', 'Liberado', '30', '504616030037406', 'BETABLOQUEADORES PUROS', '87.4'), 
  (default, '13', 'TEUTOFORMIN', 'CLORIDRATO DE METFORMINA', '500 MG', 'Sólido', 'Similar', 'Liberado', '30', '520719503112413', 'ANTIDIABÉTICOS BIGUANIDAS PUROS', '17.89'), 
  (default, '36', 'CORTICORTEN', 'PREDNISONA', '20 MG', 'Sólido', 'Similar', 'Liberado', '20', '504617030054117', 'CORTICOSTERÓIDES ORAIS PUROS', '29.32'), 
  (default, '36', 'PREDNISONA', 'PREDNISONA', '20 MG', 'Sólido', 'Genérico', 'Liberado', '20', '504620070077107', 'CORTICOSTERÓIDES ORAIS PUROS', '49.16'), 
  (default, '13', 'COLÍRIO TEUTO', 'CLORIDRATO DE NAFAZOLINA;SULFATO DE ZINCO', '0,15MG/ML', 'Líquido', 'Similar', 'Liberado', '20 ML', '520707801172410', 'DESCONGESTIONANTES OFTALMOLÓGICOS, SIMPATICOMIMÉTICOS', '14.86'), 
  (default, '13', 'FENAFLAN', 'DICLOFENACO', '44,3 MG', 'Sólido', 'Similar', 'Liberado', '20', '520717050107703', 'ANTIRREUMÁTICOS NÃO ESTEROIDAIS PUROS', '20.1'), 
  (default, '16', 'METICORTEN', 'PREDNISONA', '5 MG', 'Sólido', 'Novo', 'Liberado', '20', '525515100018117', 'CORTICOSTERÓIDES ORAIS PUROS', '24.17'), 
  (default, '35', 'DICLOFENACO SÓDICO', 'DICLOFENACO SÓDICO', '100MG', 'Sólido', 'Genérico', 'Liberado', '20', '538800701118111', 'ANTIRREUMÁTICOS NÃO ESTEROIDAIS PUROS', '65.04'), 
  (default, '35', 'INFLADEX', 'DICLOFENACO SÓDICO', '100MG', 'Sólido', 'Similar', 'Liberado', '20', '538803002113415', 'ANTIRREUMÁTICOS NÃO ESTEROIDAIS PUROS', '57.52'), 
  (default, '1', 'EMSGRIP CAF', 'PARACETAMOL;CAFEÍNA', '500 MG', 'Sólido', 'Similar', 'Liberado', '20', '541820070132507', 'ANALGÉSICOS NÃO NARCÓTICOS E ANTIPIRÉTICOS ISENTOS DE PRESCRIÇÃO', '36.69'), 
  (default, '7', 'TANDRILAX', 'CARISOPRODOL;PARACETAMOL;CAFEÍNA ANIDRA;DICLOFENACO SÓDICO', '(300,0 + 125,0 + 50,0 +30,0) MG', 'Sólido', 'Novo', 'Liberado', '15', '500506901116318', 'RELAXANTE MUSCULAR DE AÇÃO CENTRAL', '31.54'), 
  (default, '24', 'SULFATO DE NEOMICINA + BACITRACINA', 'BACITRACINA;SULFATO DE NEOMICINA', '5 MG/G', 'Semissólido', 'Genérico', 'Liberado', '15 G', '525011801163110', 'ANTIBIÓTICOS TÓPICOS', '13.34'), 
  (default, '36', 'CARISOPRODOL + DICLOFENACO SÓDICO + PARACETAMOL + CAFEÍNA', 'CARISOPRODOL;PARACETAMOL;CAFEÍNA ANIDRA;DICLOFENACO SÓDICO', '(125 + 50 + 300 + 30) MG', 'Sólido', 'Genérico', 'Liberado', '12', '504616080041606', 'RELAXANTE MUSCULAR DE AÇÃO CENTRAL', '16.37'), 
  (default, '36', 'LORATADINA', 'LORATADINA', '10 MG', 'Sólido', 'Genérico', 'Liberado', '12', '538512120020806', 'ANTI-HISTAMÍNICOS SISTÊMICOS', '50.21'), 
  (default, '1', 'DICLOFENACO POTÁSSICO', 'DICLOFENACO POTÁSSICO', '50 MG', 'Sólido', 'Genérico', 'Liberado', '10', '507710102118114', 'ANTIRREUMÁTICOS NÃO ESTEROIDAIS PUROS', '16.52'), 
  (default, '24', 'ANADOR', 'DIPIRONA', '500MG/ML', 'Líquido', 'Similar', 'Liberado', '10ML', '576720070078717', 'ANALGÉSICOS NÃO NARCÓTICOS E ANTIPIRÉTICOS ISENTOS DE PRESCRIÇÃO', '16.09'), 
  (default, '3', 'MAXIDEX', 'DEXAMETASONA', '1,0 MG/ML', 'Líquido', 'Novo', 'Liberado', '5 ML', '500902502176311', 'CORTICOSTERÓIDES OFTALMOLÓGICOS', '10.94'), 
  (default, '41', 'BELARA', 'ACETATO DE CLORMADINONA;ETINILESTRADIOL', '2 MG', 'Sólido', 'Novo', 'Liberado', '63 + 21 PLACEBOS', '542820050007107', 'HORMÔNIOS CONTRACEPTIVOS MONOFÁSICOS COM ESTROGÊNIOS <50MCG', '188.03'), 
  (default, '44', 'DEXTAMINE', 'BETAMETASONA;MALEATO DE DEXCLORFENIRAMINA', '(0,4 + 0,05) MG/ML', 'Líquido', 'Similar', 'Liberado', '120 ML+ COP', '506302902131415', 'ASSOCIAÇÕES DE CORTICOSTERÓIDES SISTÊMICOS', '49.23'), 
  (default, '1', 'MALEATO DE DEXCLORFENIRAMINA + BETAMETASONA', 'BETAMETASONA;MALEATO DE DEXCLORFENIRAMINA', '0,4 MG/ML', 'Líquido', 'Genérico', 'Liberado', '120 ML + COP', '507716901136112', 'ASSOCIAÇÕES DE CORTICOSTERÓIDES SISTÊMICOS', '43.99'), 
  (default, '35', 'ALERGALIV', 'LORATADINA', '1 MG/ML', 'Líquido', 'Similar', 'Liberado', '100 ML + DOSADOR', '538818902131418', 'ANTI-HISTAMÍNICOS SISTÊMICOS', '52.03'), 
  (default, '1', 'EMS-PRED', 'FOSFATO SÓDICO DE PREDNISOLONA', '3 MG/ML', 'Líquido', 'Similar', 'Liberado', '120 ML + SER DOS', '541815070013204', 'CORTICOSTERÓIDES ORAIS PUROS', '56.45'), 
  (default, '7', 'FOSFATO SÓDICO DE PREDNISOLONA', 'FOSFATO SÓDICO DE PREDNISOLONA', '3 MG/ML', 'Líquido', 'Genérico', 'Liberado', '120 ML + PIPETA DOSADORA', '552920110135117', 'CORTICOSTERÓIDES ORAIS PUROS', '44.33'), 
  (default, '24', 'DORFLEX', 'DIPIRONA MONOIDRATADA;CAFEÍNA ANIDRA;CITRATO DE ORFENADRINA', '300 MG', 'Sólido', 'Novo', 'Liberado', '10', '576720030059517', 'RELAXANTE MUSCULAR DE AÇÃO CENTRAL', '7.56'), 
  (default, '34', 'TERMOL', 'PARACETAMOL', '750 MG', 'Sólido', 'Similar', 'Liberado', '10', '533010702111428', 'ANALGÉSICOS NÃO NARCÓTICOS E ANTIPIRÉTICOS ISENTOS DE PRESCRIÇÃO', '16.47'), 
  (default, '34', 'PARACETAMOL', 'PARACETAMOL', '750 MG', 'Sólido', 'Genérico', 'Liberado', '10', '533018102113123', 'ANALGÉSICOS NÃO NARCÓTICOS E ANTIPIRÉTICOS ISENTOS DE PRESCRIÇÃO', '10.68'), 
  (default, '50', 'NEVRALGEX', 'CAFEÍNA ANIDRA;CITRATO DE ORFENADRINA;DIPIRONA', '300 MG', 'Sólido', 'Similar', 'Liberado', '10', '506412100026403', 'RELAXANTE MUSCULAR DE AÇÃO CENTRAL', '7.37'), 
  (default, '50', 'NEVRALGEX', 'DIPIRONA MONOIDRATADA;CAFEÍNA ANIDRA;CITRATO DE ORFENADRINA', '300 MG', 'Sólido', 'Similar', 'Liberado', '60', '506417100034004', 'RELAXANTE MUSCULAR DE AÇÃO CENTRAL', '37.6'), 
  (default, '18', 'CETOCONAZOL + DIPROPIONATO DE BETAMETASONA', 'CETOCONAZOL;DIPROPIONATO DE BETAMETASONA', '20 MG/G', 'Semissólido', 'Genérico', 'Liberado', '30G', '531613902167119', 'CORTICOESTERÓIDES ASSOCIADOS A ANTIMICOTICOS', '35.43'), 
  (default, '36', 'DORONA CAFI', 'CAFEÍNA ANIDRA;DIPIRONA', '500 MG', 'Sólido', 'Similar', 'Liberado', '16', '504616020034417', 'ANALGÉSICOS NÃO NARCÓTICOS E ANTIPIRÉTICOS ISENTOS DE PRESCRIÇÃO', '38.77'), 
  (default, '35', 'ALGESTONA ACETOFENIDA + ENANTATO DE ESTRADIOL', 'ENANTATO DE ESTRADIOL;ALGESTONA ACETOFENIDA', '150 MG/ML', 'Líquido', 'Genérico', 'Liberado', '1 ML', '538801301156111', 'OUTROS HORMÔNIOS CONTRACEPTIVOS SISTÊMICOS', '15.97'), 
  (default, '24', 'DIPIRONA', 'DIPIRONA', '50 MG/ML', 'Líquido', 'Genérico', 'Liberado', '100 ML + COP', '525005401132124', 'ANALGÉSICOS NÃO NARCÓTICOS E ANTIPIRÉTICOS ISENTOS DE PRESCRIÇÃO', '23.09'), 
  (default, '34', 'CICLOVULAR', 'ENANTATO DE ESTRADIOL;ALGESTONA ACETOFENIDA', '(150 + 10) MG/ML', 'Líquido', 'Similar', 'Liberado', '1 ML + SER + AGU', '533019010068403', 'OUTROS HORMÔNIOS CONTRACEPTIVOS SISTÊMICOS', '21.81'), 
  (default, '1', 'ACIDO ACETILSALICILICO', 'ÁCIDO ACETILSALICÍLICO', '500 MG', 'Sólido', 'Genérico', 'Liberado', '10', '507700101119128', 'ANALGÉSICOS NÃO NARCÓTICOS E ANTIPIRÉTICOS ISENTOS DE PRESCRIÇÃO', '3.67'), 
  (default, '17', 'DIPIRONA MONOIDRATADA', 'DIPIRONA MONOIDRATADA', '500 MG', 'Sólido', 'Genérico', 'Liberado', '10', '526120070118307', 'ANALGÉSICOS NÃO NARCÓTICOS E ANTIPIRÉTICOS ISENTOS DE PRESCRIÇÃO', '6.75'), 
  (default, '36', 'TERMOPIRONA', 'DIPIRONA  MAGNÉSICA', '1G', 'Sólido', 'Similar', 'Liberado', '10', '504612040012814', 'ANALGÉSICOS NÃO NARCÓTICOS E ANTIPIRÉTICOS ISENTOS DE PRESCRIÇÃO', '33.84');

-- pessoa
insert into pessoa (id, nome, logradouro, numero,  bairro, cep, cidade, estado, telefone) values 
  (1, 'Adônis Daniel Aranda Sobrinho','Rua Carlos José de Castilho', 29, 'Cambuci', 06168043, 'São Paulo', 'SP', 011928368496), 
  (2, 'Aldo João Paes Rivera dos Santos','Alameda Ibiracemas', 99, 'Cidade Líder', 07615900, 'São Paulo', 'SP', 011936020385), 
  (3, 'Andrea Quitéria Assunção','Rua Carneiro Leão', 82, 'Pari', 01843906, 'São Paulo', 'SP', 011961991053), 
  (4, 'Antônio Diego Aguiar de Galvão','Avenida Onze de Junho', 12, 'Santa Cecília', 05360307, 'São Paulo', 'SP', 011932772123), 
  (5, 'Bella Priscila Colaço Gil','Rua Filadélphia', 94, 'Vila Maria', 09912424, 'São Paulo', 'SP', 011975207230), 
  (6, 'Berenice Gonçalves Leon','Rua Engenheiro Toledo Malta', 94, 'Aricanduva', 08299462, 'São Paulo', 'SP', 011947284138), 
  (7, 'Damião Benites de Junqueira','Rua Delfino Casal de Rey', 30, 'Santa Cecília', 04274254, 'São Paulo', 'SP', 011946426695), 
  (8, 'Daniela Eloá de Aragão','Rua General Costa Campos', 36, 'Cidade Líder', 06594037, 'São Paulo', 'SP', 011947819562), 
  (9, 'Danielle Fátima Pontes de Quintana','Rua Barão da Cunha de Araripe', 60, 'Santo Amaro', 07454333, 'São Paulo', 'SP', 011940753992), 
  (10, 'Danilo Juan Burgos de Fernandes','Praça José Moreno', 22, 'Campo Limpo', 08635179, 'São Paulo', 'SP', 011932735226), 
  (11, 'Edivaldo Quintana Jr.','Rua Caiabu',1,'Lapa', 06459989, 'São Paulo', 'SP', 011962352421), 
  (12, 'Edson Esteves Marés','Rua Desembargador Isnard dos Reis', 36, 'São Miguel Paulista', 08920501, 'São Paulo', 'SP', 011923734049), 
  (13, 'Eduardo Godói Jr.','Praça Argemiro Alves de Sá', 14, 'Bom Retiro', 05456620, 'São Paulo', 'SP', 011947211180), 
  (14, 'Elias Dias Souto','Rua Emílio Baumgart', 62, 'Alto de Pinheiros', 09891591, 'São Paulo', 'SP', 011915708270), 
  (15, 'Francisco Aranda','Rua Frei Galvão', 28, 'Cidade Líder', 04592864, 'São Paulo', 'SP', 011956700938), 
  (16, 'Gilson Abreu de Aguiar','Rua Dario Vilares Barbosa', 29, 'São Miguel Paulista', 01123625, 'São Paulo', 'SP', 011927174666), 
  (17, 'Joaquim Saulo Oliveira Padrão de Cardoso','Rua Aracari', 73, 'Bela Vista', 05692120, 'São Paulo', 'SP', 011950535833), 
  (18, 'Laís Maria Maldonado Quintana','Rua Benício José da Fonseca', 34, 'Cambuci', 03128340, 'São Paulo', 'SP', 011994738091), 
  (19, 'Luara Elisângela Colaço da Silva','Alameda Olga', 47, 'Cangaíba', 04452012, 'São Paulo', 'SP', 011956712681), 
  (20, 'Martinho Aranda Feliciano','Rua Eusébio da Silva', 16, 'Ponte Rasa', 06892250, 'São Paulo', 'SP', 011991592293), 
  (21, 'Martinho Colaço Jr.','Parque Luiz Carlos Prestes', 36, 'Jaraguá', 05487508, 'São Paulo', 'SP', 011933809113), 
  (22, 'Micaela Ivone Domingues de Prado','Rua Aracena', 34, 'Moema', 04721519, 'São Paulo', 'SP', 011986932061), 
  (23, 'Nicole Duarte Jangada','Avenida Doutor Vital Brasil', 3, 'Moema', 09083759, 'São Paulo', 'SP', 011997160743), 
  (24, 'Samuel Batista de Marinho','Rua Brejo Alegre', 9, 'São Miguel Paulista', 07254951, 'São Paulo', 'SP', 011971500983), 
  (25, 'Tomás Rodrigo Lozano Madeira','Praça Memória do Jaçanã', 23, 'Barra Funda', 02136420, 'São Paulo', 'SP', 011987756463);

-- cliente
insert into cliente values 
  (1, 78930017253, '1973-2-2', 'M'), 
  (2, 79298401366, '1991-5-25', 'M'), 
  (3, 51301866175, '1984-12-11', 'M'), 
  (4, 23541139515, '1990-10-13', 'F'), 
  (5, 81285894012, '1985-7-18', 'M'), 
  (6, 88687662707, '1986-5-8', 'F'), 
  (7, 27083655243, '1986-5-16', 'F'), 
  (8, 50949967968, '1972-11-12', 'M'), 
  (9, 46786757450, '1987-5-6', 'F'), 
  (10, 58823171687, '1952-9-20', 'F'), 
  (11, 61265916930, '1965-6-16', 'M'), 
  (12, 74937483659, '1953-9-13', 'M'), 
  (13, 83224514706, '1993-5-20', 'M'), 
  (14, 79223348792, '1975-1-21', 'M'), 
  (15, 69667630559, '1987-8-27', 'M'), 
  (16, 96393555783, '1950-5-19', 'M'), 
  (17, 23717077615, '1994-10-3', 'M'), 
  (18, 68435004671, '1983-4-14', 'M'), 
  (19, 20611262083, '1977-5-22', 'F'), 
  (20, 26612046766, '1983-4-21', 'F');

-- profissional
insert into profissional values
  (21, '15487', 'Veterinário'), 
  (22, '150348', 'Médico'), 
  (23, '135001', 'Médico'), 
  (24, '189654', 'Médico'), 
  (25, '2589', 'Dentista');

-- estoque inicial
insert into estoque values (default, 1, 'lote 563480', '2022-11-08', '2024-07-30', 53.61, 10, 0, 10); 
insert into estoque_total values (default, 1, 10, 5, 9999); 
insert into estoque values (default, 2, 'lote 272314', '2022-11-08', '2024-10-28', 228.0, 10, 0, 10); 
insert into estoque_total values (default, 2, 10, 5, 9999); 
insert into estoque values (default, 3, 'lote 288866', '2022-11-08', '2024-07-30', 64.54, 10, 0, 10); 
insert into estoque_total values (default, 3, 10, 5, 9999); 
insert into estoque values (default, 4, 'lote 323659', '2022-11-08', '2024-10-28', 290.24, 10, 0, 10); 
insert into estoque_total values (default, 4, 10, 5, 9999); 
insert into estoque values (default, 5, 'lote 836184', '2022-11-08', '2024-07-30', 200.62, 10, 0, 10); 
insert into estoque_total values (default, 5, 10, 5, 9999); 
insert into estoque values (default, 6, 'lote 299478', '2022-11-08', '2024-07-30', 199.18, 10, 0, 10); 
insert into estoque_total values (default, 6, 10, 5, 9999); 
insert into estoque values (default, 7, 'lote 001249', '2022-11-08', '2025-01-26', 285.95, 10, 0, 10); 
insert into estoque_total values (default, 7, 10, 5, 9999); 
insert into estoque values (default, 8, 'lote 888179', '2022-11-08', '2024-02-01', 115.54, 10, 0, 10); 
insert into estoque_total values (default, 8, 10, 5, 9999); 
insert into estoque values (default, 9, 'lote 036313', '2022-11-08', '2024-10-28', 226.4, 10, 0, 10); 
insert into estoque_total values (default, 9, 10, 5, 9999); 
insert into estoque values (default, 10, 'lote 683433', '2022-11-08', '2024-10-28', 143.43, 10, 0, 10); 
insert into estoque_total values (default, 10, 10, 5, 9999); 
insert into estoque values (default, 11, 'lote 037077', '2022-11-08', '2025-04-26', 91.84, 10, 0, 10); 
insert into estoque_total values (default, 11, 10, 5, 9999); 
insert into estoque values (default, 12, 'lote 228365', '2022-11-08', '2025-01-26', 121.26, 10, 0, 10); 
insert into estoque_total values (default, 12, 10, 5, 9999); 
insert into estoque values (default, 13, 'lote 602113', '2022-11-08', '2025-04-26', 117.14, 10, 0, 10); 
insert into estoque_total values (default, 13, 10, 5, 9999); 
insert into estoque values (default, 14, 'lote 680417', '2022-11-08', '2024-10-28', 117.14, 10, 0, 10); 
insert into estoque_total values (default, 14, 10, 5, 9999); 
insert into estoque values (default, 15, 'lote 781193', '2022-11-08', '2024-02-01', 172.49, 10, 0, 10); 
insert into estoque_total values (default, 15, 10, 5, 9999); 
insert into estoque values (default, 16, 'lote 441875', '2022-11-08', '2024-10-28', 134.32, 10, 0, 10); 
insert into estoque_total values (default, 16, 10, 5, 9999); 
insert into estoque values (default, 17, 'lote 795578', '2022-11-08', '2025-04-26', 60.32, 10, 0, 10); 
insert into estoque_total values (default, 17, 10, 5, 9999); 
insert into estoque values (default, 18, 'lote 898134', '2022-11-08', '2025-04-26', 51.66, 10, 0, 10); 
insert into estoque_total values (default, 18, 10, 5, 9999); 
insert into estoque values (default, 19, 'lote 151813', '2022-11-08', '2025-01-26', 78.67, 10, 0, 10); 
insert into estoque_total values (default, 19, 10, 5, 9999); 
insert into estoque values (default, 20, 'lote 892311', '2022-11-08', '2024-02-01', 157.68, 10, 0, 10); 
insert into estoque_total values (default, 20, 10, 5, 9999); 
insert into estoque values (default, 21, 'lote 379407', '2022-11-08', '2024-02-01', 227.68, 10, 0, 10); 
insert into estoque_total values (default, 21, 10, 5, 9999); 
insert into estoque values (default, 22, 'lote 340198', '2022-11-08', '2024-05-01', 216.99, 10, 0, 10); 
insert into estoque_total values (default, 22, 10, 5, 9999); 
insert into estoque values (default, 23, 'lote 707848', '2022-11-08', '2024-05-01', 231.45, 10, 0, 10); 
insert into estoque_total values (default, 23, 10, 5, 9999); 
insert into estoque values (default, 24, 'lote 945274', '2022-11-08', '2025-01-26', 209.29, 10, 0, 10); 
insert into estoque_total values (default, 24, 10, 5, 9999); 
insert into estoque values (default, 25, 'lote 051809', '2022-11-08', '2024-10-28', 223.62, 10, 0, 10); 
insert into estoque_total values (default, 25, 10, 5, 9999); 
insert into estoque values (default, 26, 'lote 540814', '2022-11-08', '2024-10-28', 232.49, 10, 0, 10); 
insert into estoque_total values (default, 26, 10, 5, 9999); 
insert into estoque values (default, 27, 'lote 432599', '2022-11-08', '2024-05-01', 246.9, 10, 0, 10); 
insert into estoque_total values (default, 27, 10, 5, 9999); 
insert into estoque values (default, 28, 'lote 064075', '2022-11-08', '2024-02-01', 115.3, 10, 0, 10); 
insert into estoque_total values (default, 28, 10, 5, 9999); 
insert into estoque values (default, 29, 'lote 482581', '2022-11-08', '2024-07-30', 223.62, 10, 0, 10); 
insert into estoque_total values (default, 29, 10, 5, 9999); 
insert into estoque values (default, 30, 'lote 799020', '2022-11-08', '2025-04-26', 99.59, 10, 0, 10); 
insert into estoque_total values (default, 30, 10, 5, 9999); 
insert into estoque values (default, 31, 'lote 181123', '2022-11-08', '2025-01-26', 285.32, 10, 0, 10); 
insert into estoque_total values (default, 31, 10, 5, 9999); 
insert into estoque values (default, 32, 'lote 118881', '2022-11-08', '2024-10-28', 220.21, 10, 0, 10); 
insert into estoque_total values (default, 32, 10, 5, 9999); 
insert into estoque values (default, 33, 'lote 991567', '2022-11-08', '2025-04-26', 169.85, 10, 0, 10); 
insert into estoque_total values (default, 33, 10, 5, 9999); 
insert into estoque values (default, 34, 'lote 804863', '2022-11-08', '2025-04-26', 237.59, 10, 0, 10); 
insert into estoque_total values (default, 34, 10, 5, 9999); 
insert into estoque values (default, 35, 'lote 632075', '2022-11-08', '2025-04-26', 176.85, 10, 0, 10); 
insert into estoque_total values (default, 35, 10, 5, 9999); 
insert into estoque values (default, 36, 'lote 304655', '2022-11-08', '2024-07-30', 236.13, 10, 0, 10); 
insert into estoque_total values (default, 36, 10, 5, 9999); 
insert into estoque values (default, 37, 'lote 916905', '2022-11-08', '2024-10-28', 198.54, 10, 0, 10); 
insert into estoque_total values (default, 37, 10, 5, 9999); 
insert into estoque values (default, 38, 'lote 713278', '2022-11-08', '2024-10-28', 158.18, 10, 0, 10); 
insert into estoque_total values (default, 38, 10, 5, 9999); 
insert into estoque values (default, 39, 'lote 002422', '2022-11-08', '2025-04-26', 174.24, 10, 0, 10); 
insert into estoque_total values (default, 39, 10, 5, 9999); 
insert into estoque values (default, 40, 'lote 717882', '2022-11-08', '2024-07-30', 25.67, 10, 0, 10); 
insert into estoque_total values (default, 40, 10, 5, 9999); 
insert into estoque values (default, 41, 'lote 875926', '2022-11-08', '2025-04-26', 188.09, 10, 0, 10); 
insert into estoque_total values (default, 41, 10, 5, 9999); 
insert into estoque values (default, 42, 'lote 839666', '2022-11-08', '2024-10-28', 115.73, 10, 0, 10); 
insert into estoque_total values (default, 42, 10, 5, 9999); 
insert into estoque values (default, 43, 'lote 059365', '2022-11-08', '2024-07-30', 4.99, 10, 0, 10); 
insert into estoque_total values (default, 43, 10, 5, 9999); 
insert into estoque values (default, 44, 'lote 214748', '2022-11-08', '2024-02-01', 94.56, 10, 0, 10); 
insert into estoque_total values (default, 44, 10, 5, 9999); 
insert into estoque values (default, 45, 'lote 874258', '2022-11-08', '2024-07-30', 51.05, 10, 0, 10); 
insert into estoque_total values (default, 45, 10, 5, 9999); 
insert into estoque values (default, 46, 'lote 537458', '2022-11-08', '2024-02-01', 150.04, 10, 0, 10); 
insert into estoque_total values (default, 46, 10, 5, 9999); 
insert into estoque values (default, 47, 'lote 230995', '2022-11-08', '2024-10-28', 179.01, 10, 0, 10); 
insert into estoque_total values (default, 47, 10, 5, 9999); 
insert into estoque values (default, 48, 'lote 451981', '2022-11-08', '2024-05-01', 138.4, 10, 0, 10); 
insert into estoque_total values (default, 48, 10, 5, 9999); 
insert into estoque values (default, 49, 'lote 669381', '2022-11-08', '2025-01-26', 102.3, 10, 0, 10); 
insert into estoque_total values (default, 49, 10, 5, 9999); 
insert into estoque values (default, 50, 'lote 891942', '2022-11-08', '2024-02-01', 215.54, 10, 0, 10); 
insert into estoque_total values (default, 50, 10, 5, 9999); 
insert into estoque values (default, 51, 'lote 046100', '2022-11-08', '2024-02-01', 51.74, 10, 0, 10); 
insert into estoque_total values (default, 51, 10, 5, 9999); 
insert into estoque values (default, 52, 'lote 623862', '2022-11-08', '2025-01-26', 64.36, 10, 0, 10); 
insert into estoque_total values (default, 52, 10, 5, 9999); 
insert into estoque values (default, 53, 'lote 986459', '2022-11-08', '2024-05-01', 88.95, 10, 0, 10); 
insert into estoque_total values (default, 53, 10, 5, 9999); 
insert into estoque values (default, 54, 'lote 656425', '2022-11-08', '2024-10-28', 180.78, 10, 0, 10); 
insert into estoque_total values (default, 54, 10, 5, 9999); 
insert into estoque values (default, 55, 'lote 733365', '2022-11-08', '2024-02-01', 105.39, 10, 0, 10); 
insert into estoque_total values (default, 55, 10, 5, 9999); 
insert into estoque values (default, 56, 'lote 077257', '2022-11-08', '2025-01-26', 321.1, 10, 0, 10); 
insert into estoque_total values (default, 56, 10, 5, 9999); 
insert into estoque values (default, 57, 'lote 335734', '2022-11-08', '2024-05-01', 105.63, 10, 0, 10); 
insert into estoque_total values (default, 57, 10, 5, 9999); 
insert into estoque values (default, 58, 'lote 478290', '2022-11-08', '2024-10-28', 133.4, 10, 0, 10); 
insert into estoque_total values (default, 58, 10, 5, 9999); 
insert into estoque values (default, 59, 'lote 787529', '2022-11-08', '2024-02-01', 68.7, 10, 0, 10); 
insert into estoque_total values (default, 59, 10, 5, 9999); 
insert into estoque values (default, 60, 'lote 295979', '2022-11-08', '2024-07-30', 121.63, 10, 0, 10); 
insert into estoque_total values (default, 60, 10, 5, 9999); 
insert into estoque values (default, 61, 'lote 994097', '2022-11-08', '2025-01-26', 91.8, 10, 0, 10); 
insert into estoque_total values (default, 61, 10, 5, 9999); 
insert into estoque values (default, 62, 'lote 362136', '2022-11-08', '2025-04-26', 217.11, 10, 0, 10); 
insert into estoque_total values (default, 62, 10, 5, 9999); 
insert into estoque values (default, 63, 'lote 233546', '2022-11-08', '2024-10-28', 81.79, 10, 0, 10); 
insert into estoque_total values (default, 63, 10, 5, 9999); 
insert into estoque values (default, 64, 'lote 130266', '2022-11-08', '2024-02-01', 95.79, 10, 0, 10); 
insert into estoque_total values (default, 64, 10, 5, 9999); 
insert into estoque values (default, 65, 'lote 230360', '2022-11-08', '2025-01-26', 55.85, 10, 0, 10); 
insert into estoque_total values (default, 65, 10, 5, 9999); 
insert into estoque values (default, 66, 'lote 210134', '2022-11-08', '2025-01-26', 36.33, 10, 0, 10); 
insert into estoque_total values (default, 66, 10, 5, 9999); 
insert into estoque values (default, 67, 'lote 855775', '2022-11-08', '2024-02-01', 90.13, 10, 0, 10); 
insert into estoque_total values (default, 67, 10, 5, 9999); 
insert into estoque values (default, 68, 'lote 664251', '2022-11-08', '2025-04-26', 107.59, 10, 0, 10); 
insert into estoque_total values (default, 68, 10, 5, 9999); 
insert into estoque values (default, 69, 'lote 849478', '2022-11-08', '2025-04-26', 123.41, 10, 0, 10); 
insert into estoque_total values (default, 69, 10, 5, 9999); 
insert into estoque values (default, 70, 'lote 706999', '2022-11-08', '2025-04-26', 85.84, 10, 0, 10); 
insert into estoque_total values (default, 70, 10, 5, 9999); 
insert into estoque values (default, 71, 'lote 997973', '2022-11-08', '2024-07-30', 158.76, 10, 0, 10); 
insert into estoque_total values (default, 71, 10, 5, 9999); 
insert into estoque values (default, 72, 'lote 668462', '2022-11-08', '2024-02-01', 13.2, 10, 0, 10); 
insert into estoque_total values (default, 72, 10, 5, 9999); 
insert into estoque values (default, 73, 'lote 809932', '2022-11-08', '2024-05-01', 37.78, 10, 0, 10); 
insert into estoque_total values (default, 73, 10, 5, 9999); 
insert into estoque values (default, 74, 'lote 130525', '2022-11-08', '2025-04-26', 74.09, 20, 0, 20); 
insert into estoque_total values (default, 74, 20, 5, 9999); 
insert into estoque values (default, 75, 'lote 471868', '2022-11-08', '2025-01-26', 200.98, 20, 0, 20); 
insert into estoque_total values (default, 75, 20, 5, 9999); 
insert into estoque values (default, 76, 'lote 003455', '2022-11-08', '2024-07-30', 107.59, 20, 0, 20); 
insert into estoque_total values (default, 76, 20, 5, 9999); 
insert into estoque values (default, 77, 'lote 872807', '2022-11-08', '2025-01-26', 171.56, 20, 0, 20); 
insert into estoque_total values (default, 77, 20, 5, 9999); 
insert into estoque values (default, 78, 'lote 928895', '2022-11-08', '2024-10-28', 135.68, 20, 0, 20); 
insert into estoque_total values (default, 78, 20, 5, 9999); 
insert into estoque values (default, 79, 'lote 941274', '2022-11-08', '2024-10-28', 91.15, 20, 0, 20); 
insert into estoque_total values (default, 79, 20, 5, 9999); 
insert into estoque values (default, 80, 'lote 269278', '2022-11-08', '2024-02-01', 171.49, 20, 0, 20); 
insert into estoque_total values (default, 80, 20, 5, 9999); 
insert into estoque values (default, 81, 'lote 711501', '2022-11-08', '2024-05-01', 140.15, 20, 0, 20); 
insert into estoque_total values (default, 81, 20, 5, 9999); 
insert into estoque values (default, 82, 'lote 896732', '2022-11-08', '2025-01-26', 204.82, 20, 0, 20); 
insert into estoque_total values (default, 82, 20, 5, 9999); 
insert into estoque values (default, 83, 'lote 395423', '2022-11-08', '2024-10-28', 67.72, 20, 0, 20); 
insert into estoque_total values (default, 83, 20, 5, 9999); 
insert into estoque values (default, 84, 'lote 034908', '2022-11-08', '2024-10-28', 53.8, 20, 0, 20); 
insert into estoque_total values (default, 84, 20, 5, 9999); 
insert into estoque values (default, 85, 'lote 848120', '2022-11-08', '2024-05-01', 34.96, 20, 0, 20); 
insert into estoque_total values (default, 85, 20, 5, 9999); 
insert into estoque values (default, 86, 'lote 311177', '2022-11-08', '2024-05-01', 104.38, 20, 0, 20); 
insert into estoque_total values (default, 86, 20, 5, 9999); 
insert into estoque values (default, 87, 'lote 305981', '2022-11-08', '2024-05-01', 282.46, 20, 0, 20); 
insert into estoque_total values (default, 87, 20, 5, 9999); 
insert into estoque values (default, 88, 'lote 965905', '2022-11-08', '2024-10-28', 119.4, 20, 0, 20); 
insert into estoque_total values (default, 88, 20, 5, 9999); 
insert into estoque values (default, 89, 'lote 915880', '2022-11-08', '2025-04-26', 174.12, 20, 0, 20); 
insert into estoque_total values (default, 89, 20, 5, 9999); 
insert into estoque values (default, 90, 'lote 651888', '2022-11-08', '2024-05-01', 13.54, 20, 0, 20); 
insert into estoque_total values (default, 90, 20, 5, 9999); 
insert into estoque values (default, 91, 'lote 166922', '2022-11-08', '2024-07-30', 183.83, 20, 0, 20); 
insert into estoque_total values (default, 91, 20, 5, 9999); 
insert into estoque values (default, 92, 'lote 565288', '2022-11-08', '2024-02-01', 36.21, 20, 0, 20); 
insert into estoque_total values (default, 92, 20, 5, 9999); 
insert into estoque values (default, 93, 'lote 048911', '2022-11-08', '2025-01-26', 91.51, 20, 0, 20); 
insert into estoque_total values (default, 93, 20, 5, 9999); 
insert into estoque values (default, 94, 'lote 418354', '2022-11-08', '2025-01-26', 231.45, 20, 0, 20); 
insert into estoque_total values (default, 94, 20, 5, 9999); 
insert into estoque values (default, 95, 'lote 307617', '2022-11-08', '2024-10-28', 231.68, 20, 0, 20); 
insert into estoque_total values (default, 95, 20, 5, 9999); 
insert into estoque values (default, 96, 'lote 943540', '2022-11-08', '2024-02-01', 183.76, 20, 0, 20); 
insert into estoque_total values (default, 96, 20, 5, 9999); 
insert into estoque values (default, 97, 'lote 602485', '2022-11-08', '2024-02-01', 206.41, 20, 0, 20); 
insert into estoque_total values (default, 97, 20, 5, 9999); 
insert into estoque values (default, 98, 'lote 048039', '2022-11-08', '2024-05-01', 169.3, 20, 0, 20); 
insert into estoque_total values (default, 98, 20, 5, 9999); 
insert into estoque values (default, 99, 'lote 888671', '2022-11-08', '2025-01-26', 220.29, 20, 0, 20); 
insert into estoque_total values (default, 99, 20, 5, 9999); 
insert into estoque values (default, 100, 'lote 471769', '2022-11-08', '2025-04-26', 239.6, 20, 0, 20); 
insert into estoque_total values (default, 100, 20, 5, 9999); 
insert into estoque values (default, 101, 'lote 815609', '2022-11-08', '2025-04-26', 239.61, 20, 0, 20); 
insert into estoque_total values (default, 101, 20, 5, 9999); 
insert into estoque values (default, 102, 'lote 542460', '2022-11-08', '2024-10-28', 136.35, 20, 0, 20); 
insert into estoque_total values (default, 102, 20, 5, 9999); 
insert into estoque values (default, 103, 'lote 709332', '2022-11-08', '2024-07-30', 85.95, 20, 0, 20); 
insert into estoque_total values (default, 103, 20, 5, 9999); 
insert into estoque values (default, 104, 'lote 443936', '2022-11-08', '2024-10-28', 47.65, 20, 0, 20); 
insert into estoque_total values (default, 104, 20, 5, 9999); 
insert into estoque values (default, 105, 'lote 058962', '2022-11-08', '2024-05-01', 164.62, 20, 0, 20); 
insert into estoque_total values (default, 105, 20, 5, 9999); 
insert into estoque values (default, 106, 'lote 686231', '2022-11-08', '2024-10-28', 285.32, 20, 0, 20); 
insert into estoque_total values (default, 106, 20, 5, 9999); 
insert into estoque values (default, 107, 'lote 529541', '2022-11-08', '2024-10-28', 98.78, 20, 0, 20); 
insert into estoque_total values (default, 107, 20, 5, 9999); 
insert into estoque values (default, 108, 'lote 315211', '2022-11-08', '2025-01-26', 152.54, 20, 0, 20); 
insert into estoque_total values (default, 108, 20, 5, 9999); 
insert into estoque values (default, 109, 'lote 354472', '2022-11-08', '2024-05-01', 115.77, 20, 0, 20); 
insert into estoque_total values (default, 109, 20, 5, 9999); 
insert into estoque values (default, 110, 'lote 105604', '2022-11-08', '2024-05-01', 23.6, 20, 0, 20); 
insert into estoque_total values (default, 110, 20, 5, 9999); 
insert into estoque values (default, 111, 'lote 594861', '2022-11-08', '2025-04-26', 28.62, 20, 0, 20); 
insert into estoque_total values (default, 111, 20, 5, 9999); 
insert into estoque values (default, 112, 'lote 799936', '2022-11-08', '2025-04-26', 14.13, 20, 0, 20); 
insert into estoque_total values (default, 112, 20, 5, 9999); 
insert into estoque values (default, 113, 'lote 443599', '2022-11-08', '2025-04-26', 21.09, 20, 0, 20); 
insert into estoque_total values (default, 113, 20, 5, 9999); 
insert into estoque values (default, 114, 'lote 399940', '2022-11-08', '2024-07-30', 32.29, 20, 0, 20); 
insert into estoque_total values (default, 114, 20, 5, 9999); 
insert into estoque values (default, 115, 'lote 084289', '2022-11-08', '2025-01-26', 197.46, 20, 0, 20); 
insert into estoque_total values (default, 115, 20, 5, 9999); 
insert into estoque values (default, 116, 'lote 885372', '2022-11-08', '2024-05-01', 5.6, 20, 0, 20); 
insert into estoque_total values (default, 116, 20, 5, 9999); 
insert into estoque values (default, 117, 'lote 520378', '2022-11-08', '2024-10-28', 5.6, 20, 0, 20); 
insert into estoque_total values (default, 117, 20, 5, 9999); 
insert into estoque values (default, 118, 'lote 112095', '2022-11-08', '2024-07-30', 29.35, 20, 0, 20); 
insert into estoque_total values (default, 118, 20, 5, 9999); 
insert into estoque values (default, 119, 'lote 803506', '2022-11-08', '2025-04-26', 112.1, 20, 0, 20); 
insert into estoque_total values (default, 119, 20, 5, 9999); 
insert into estoque values (default, 120, 'lote 184618', '2022-11-08', '2025-04-26', 24.09, 20, 0, 20); 
insert into estoque_total values (default, 120, 20, 5, 9999); 
insert into estoque values (default, 121, 'lote 527960', '2022-11-08', '2024-05-01', 48.41, 20, 0, 20); 
insert into estoque_total values (default, 121, 20, 5, 9999); 
insert into estoque values (default, 122, 'lote 406916', '2022-11-08', '2024-02-01', 105.61, 20, 0, 20); 
insert into estoque_total values (default, 122, 20, 5, 9999); 
insert into estoque values (default, 123, 'lote 942172', '2022-11-08', '2025-04-26', 38.82, 20, 0, 20); 
insert into estoque_total values (default, 123, 20, 5, 9999); 
insert into estoque values (default, 124, 'lote 629962', '2022-11-08', '2025-04-26', 67.12, 20, 0, 20); 
insert into estoque_total values (default, 124, 20, 5, 9999); 
insert into estoque values (default, 125, 'lote 966188', '2022-11-08', '2025-04-26', 47.84, 20, 0, 20); 
insert into estoque_total values (default, 125, 20, 5, 9999); 
insert into estoque values (default, 126, 'lote 092624', '2022-11-08', '2024-10-28', 67.99, 20, 0, 20); 
insert into estoque_total values (default, 126, 20, 5, 9999); 
insert into estoque values (default, 127, 'lote 496441', '2022-11-08', '2025-04-26', 32.96, 20, 0, 20); 
insert into estoque_total values (default, 127, 20, 5, 9999); 
insert into estoque values (default, 128, 'lote 111791', '2022-11-08', '2025-04-26', 57.1, 20, 0, 20); 
insert into estoque_total values (default, 128, 20, 5, 9999); 
insert into estoque values (default, 129, 'lote 848431', '2022-11-08', '2024-02-01', 41.45, 20, 0, 20); 
insert into estoque_total values (default, 129, 20, 5, 9999); 
insert into estoque values (default, 130, 'lote 410089', '2022-11-08', '2025-01-26', 73.05, 20, 0, 20); 
insert into estoque_total values (default, 130, 20, 5, 9999); 
insert into estoque values (default, 131, 'lote 002467', '2022-11-08', '2024-10-28', 72.95, 20, 0, 20); 
insert into estoque_total values (default, 131, 20, 5, 9999); 
insert into estoque values (default, 132, 'lote 360743', '2022-11-08', '2025-04-26', 37.03, 20, 0, 20); 
insert into estoque_total values (default, 132, 20, 5, 9999); 
insert into estoque values (default, 133, 'lote 525006', '2022-11-08', '2024-10-28', 50.46, 20, 0, 20); 
insert into estoque_total values (default, 133, 20, 5, 9999); 
insert into estoque values (default, 134, 'lote 949330', '2022-11-08', '2024-02-01', 113.9, 20, 0, 20); 
insert into estoque_total values (default, 134, 20, 5, 9999); 
insert into estoque values (default, 135, 'lote 677706', '2022-11-08', '2025-01-26', 45.33, 20, 0, 20); 
insert into estoque_total values (default, 135, 20, 5, 9999); 
insert into estoque values (default, 136, 'lote 797010', '2022-11-08', '2024-07-30', 33.33, 20, 0, 20); 
insert into estoque_total values (default, 136, 20, 5, 9999); 
insert into estoque values (default, 137, 'lote 045486', '2022-11-08', '2025-04-26', 56.52, 20, 0, 20); 
insert into estoque_total values (default, 137, 20, 5, 9999); 
insert into estoque values (default, 138, 'lote 199495', '2022-11-08', '2024-05-01', 32.02, 20, 0, 20); 
insert into estoque_total values (default, 138, 20, 5, 9999); 
insert into estoque values (default, 139, 'lote 168244', '2022-11-08', '2024-05-01', 222.32, 20, 0, 20); 
insert into estoque_total values (default, 139, 20, 5, 9999); 
insert into estoque values (default, 140, 'lote 170185', '2022-11-08', '2024-05-01', 112.55, 20, 0, 20); 
insert into estoque_total values (default, 140, 20, 5, 9999); 
insert into estoque values (default, 141, 'lote 454651', '2022-11-08', '2025-01-26', 37.47, 20, 0, 20); 
insert into estoque_total values (default, 141, 20, 5, 9999); 
insert into estoque values (default, 142, 'lote 573985', '2022-11-08', '2025-04-26', 66.32, 20, 0, 20); 
insert into estoque_total values (default, 142, 20, 5, 9999); 
insert into estoque values (default, 143, 'lote 142410', '2022-11-08', '2024-05-01', 140.59, 20, 0, 20); 
insert into estoque_total values (default, 143, 20, 5, 9999); 
insert into estoque values (default, 144, 'lote 199970', '2022-11-08', '2024-02-01', 170.17, 20, 0, 20); 
insert into estoque_total values (default, 144, 20, 5, 9999); 
insert into estoque values (default, 145, 'lote 162024', '2022-11-08', '2024-10-28', 92.06, 20, 0, 20); 
insert into estoque_total values (default, 145, 20, 5, 9999); 
insert into estoque values (default, 146, 'lote 611446', '2022-11-08', '2024-07-30', 117.6, 20, 0, 20); 
insert into estoque_total values (default, 146, 20, 5, 9999); 
insert into estoque values (default, 147, 'lote 358738', '2022-11-08', '2024-02-01', 117.6, 20, 0, 20); 
insert into estoque_total values (default, 147, 20, 5, 9999); 
insert into estoque values (default, 148, 'lote 031802', '2022-11-08', '2024-02-01', 83.41, 20, 0, 20); 
insert into estoque_total values (default, 148, 20, 5, 9999); 
insert into estoque values (default, 149, 'lote 514824', '2022-11-08', '2024-10-28', 19.96, 20, 0, 20); 
insert into estoque_total values (default, 149, 20, 5, 9999); 
insert into estoque values (default, 150, 'lote 767437', '2022-11-08', '2025-04-26', 130.99, 20, 0, 20); 
insert into estoque_total values (default, 150, 20, 5, 9999); 
insert into estoque values (default, 151, 'lote 316464', '2022-11-08', '2025-04-26', 13.74, 20, 0, 20); 
insert into estoque_total values (default, 151, 20, 5, 9999); 
insert into estoque values (default, 152, 'lote 010162', '2022-11-08', '2025-04-26', 48.79, 20, 0, 20); 
insert into estoque_total values (default, 152, 20, 5, 9999); 
insert into estoque values (default, 153, 'lote 565566', '2022-11-08', '2024-05-01', 59.18, 20, 0, 20); 
insert into estoque_total values (default, 153, 20, 5, 9999); 
insert into estoque values (default, 154, 'lote 602620', '2022-11-08', '2025-01-26', 49.66, 20, 0, 20); 
insert into estoque_total values (default, 154, 20, 5, 9999); 
insert into estoque values (default, 155, 'lote 616967', '2022-11-08', '2024-02-01', 3.59, 20, 0, 20); 
insert into estoque_total values (default, 155, 20, 5, 9999); 
insert into estoque values (default, 156, 'lote 222901', '2022-11-08', '2025-04-26', 72.44, 20, 0, 20); 
insert into estoque_total values (default, 156, 20, 5, 9999); 
insert into estoque values (default, 157, 'lote 078742', '2022-11-08', '2024-10-28', 54.92, 20, 0, 20); 
insert into estoque_total values (default, 157, 20, 5, 9999); 
insert into estoque values (default, 158, 'lote 699498', '2022-11-08', '2025-01-26', 89.02, 20, 0, 20); 
insert into estoque_total values (default, 158, 20, 5, 9999); 
insert into estoque values (default, 159, 'lote 817715', '2022-11-08', '2025-01-26', 72.84, 20, 0, 20); 
insert into estoque_total values (default, 159, 20, 5, 9999); 
insert into estoque values (default, 160, 'lote 671821', '2022-11-08', '2024-07-30', 214.98, 20, 0, 20); 
insert into estoque_total values (default, 160, 20, 5, 9999); 
insert into estoque values (default, 161, 'lote 032720', '2022-11-08', '2024-05-01', 42.74, 20, 0, 20); 
insert into estoque_total values (default, 161, 20, 5, 9999); 
insert into estoque values (default, 162, 'lote 454430', '2022-11-08', '2024-10-28', 48.76, 20, 0, 20); 
insert into estoque_total values (default, 162, 20, 5, 9999); 
insert into estoque values (default, 163, 'lote 045022', '2022-11-08', '2024-05-01', 119.37, 20, 0, 20); 
insert into estoque_total values (default, 163, 20, 5, 9999); 
insert into estoque values (default, 164, 'lote 395316', '2022-11-08', '2024-07-30', 47.89, 20, 0, 20); 
insert into estoque_total values (default, 164, 20, 5, 9999); 
insert into estoque values (default, 165, 'lote 283196', '2022-11-08', '2024-02-01', 30.44, 20, 0, 20); 
insert into estoque_total values (default, 165, 20, 5, 9999); 
insert into estoque values (default, 166, 'lote 357630', '2022-11-08', '2025-01-26', 178.51, 20, 0, 20); 
insert into estoque_total values (default, 166, 20, 5, 9999); 
insert into estoque values (default, 167, 'lote 806536', '2022-11-08', '2025-01-26', 158.5, 20, 0, 20); 
insert into estoque_total values (default, 167, 20, 5, 9999); 
insert into estoque values (default, 168, 'lote 092196', '2022-11-08', '2024-05-01', 248.18, 20, 0, 20); 
insert into estoque_total values (default, 168, 20, 5, 9999); 
insert into estoque values (default, 169, 'lote 785658', '2022-11-08', '2024-02-01', 27.68, 20, 0, 20); 
insert into estoque_total values (default, 169, 20, 5, 9999); 
insert into estoque values (default, 170, 'lote 290013', '2022-11-08', '2024-05-01', 55.48, 20, 0, 20); 
insert into estoque_total values (default, 170, 20, 5, 9999); 
insert into estoque values (default, 171, 'lote 799257', '2022-11-08', '2025-04-26', 51.57, 20, 0, 20); 
insert into estoque_total values (default, 171, 20, 5, 9999); 
insert into estoque values (default, 172, 'lote 151977', '2022-11-08', '2024-05-01', 98.62, 20, 0, 20); 
insert into estoque_total values (default, 172, 20, 5, 9999); 
insert into estoque values (default, 173, 'lote 782800', '2022-11-08', '2024-05-01', 210.35, 20, 0, 20); 
insert into estoque_total values (default, 173, 20, 5, 9999); 
insert into estoque values (default, 174, 'lote 518567', '2022-11-08', '2024-02-01', 87.43, 20, 0, 20); 
insert into estoque_total values (default, 174, 20, 5, 9999); 
insert into estoque values (default, 175, 'lote 609831', '2022-11-08', '2025-01-26', 25.43, 20, 0, 20); 
insert into estoque_total values (default, 175, 20, 5, 9999); 
insert into estoque values (default, 176, 'lote 001055', '2022-11-08', '2024-10-28', 246.55, 20, 0, 20); 
insert into estoque_total values (default, 176, 20, 5, 9999); 
insert into estoque values (default, 177, 'lote 646021', '2022-11-08', '2025-04-26', 58.84, 20, 0, 20); 
insert into estoque_total values (default, 177, 20, 5, 9999); 
insert into estoque values (default, 178, 'lote 705574', '2022-11-08', '2025-01-26', 50.12, 20, 0, 20); 
insert into estoque_total values (default, 178, 20, 5, 9999); 
insert into estoque values (default, 179, 'lote 185518', '2022-11-08', '2025-01-26', 35.54, 20, 0, 20); 
insert into estoque_total values (default, 179, 20, 5, 9999); 
insert into estoque values (default, 180, 'lote 087210', '2022-11-08', '2025-01-26', 124.59, 20, 0, 20); 
insert into estoque_total values (default, 180, 20, 5, 9999); 
insert into estoque values (default, 181, 'lote 398324', '2022-11-08', '2025-01-26', 26.01, 20, 0, 20); 
insert into estoque_total values (default, 181, 20, 5, 9999); 
insert into estoque values (default, 182, 'lote 367551', '2022-11-08', '2024-10-28', 38.96, 20, 0, 20); 
insert into estoque_total values (default, 182, 20, 5, 9999); 
insert into estoque values (default, 183, 'lote 285581', '2022-11-08', '2024-10-28', 25.23, 20, 0, 20); 
insert into estoque_total values (default, 183, 20, 5, 9999); 
insert into estoque values (default, 184, 'lote 589044', '2022-11-08', '2024-07-30', 15.3, 20, 0, 20); 
insert into estoque_total values (default, 184, 20, 5, 9999); 
insert into estoque values (default, 185, 'lote 634873', '2022-11-08', '2024-10-28', 18.01, 20, 0, 20); 
insert into estoque_total values (default, 185, 20, 5, 9999); 
insert into estoque values (default, 186, 'lote 279643', '2022-11-08', '2024-05-01', 41.68, 20, 0, 20); 
insert into estoque_total values (default, 186, 20, 5, 9999); 
insert into estoque values (default, 187, 'lote 323875', '2022-11-08', '2025-01-26', 27.78, 20, 0, 20); 
insert into estoque_total values (default, 187, 20, 5, 9999); 
insert into estoque values (default, 188, 'lote 368254', '2022-11-08', '2024-02-01', 15.63, 20, 0, 20); 
insert into estoque_total values (default, 188, 20, 5, 9999); 
insert into estoque values (default, 189, 'lote 266661', '2022-11-08', '2025-01-26', 150.45, 20, 0, 20); 
insert into estoque_total values (default, 189, 20, 5, 9999); 
insert into estoque values (default, 190, 'lote 592042', '2022-11-08', '2024-05-01', 161.98, 20, 0, 20); 
insert into estoque_total values (default, 190, 20, 5, 9999); 
insert into estoque values (default, 191, 'lote 603333', '2022-11-08', '2025-01-26', 272.05, 20, 0, 20); 
insert into estoque_total values (default, 191, 20, 5, 9999); 
insert into estoque values (default, 192, 'lote 928159', '2022-11-08', '2024-02-01', 103.34, 20, 0, 20); 
insert into estoque_total values (default, 192, 20, 5, 9999); 
insert into estoque values (default, 193, 'lote 181546', '2022-11-08', '2024-10-28', 122.01, 20, 0, 20); 
insert into estoque_total values (default, 193, 20, 5, 9999); 
insert into estoque values (default, 194, 'lote 515629', '2022-11-08', '2025-01-26', 289.26, 20, 0, 20); 
insert into estoque_total values (default, 194, 20, 5, 9999); 
insert into estoque values (default, 195, 'lote 306019', '2022-11-08', '2025-01-26', 186.95, 20, 0, 20); 
insert into estoque_total values (default, 195, 20, 5, 9999); 
insert into estoque values (default, 196, 'lote 030133', '2022-11-08', '2024-02-01', 136.9, 20, 0, 20); 
insert into estoque_total values (default, 196, 20, 5, 9999); 
insert into estoque values (default, 197, 'lote 935964', '2022-11-08', '2024-05-01', 197.88, 20, 0, 20); 
insert into estoque_total values (default, 197, 20, 5, 9999); 
insert into estoque values (default, 198, 'lote 718844', '2022-11-08', '2025-04-26', 29.59, 20, 0, 20); 
insert into estoque_total values (default, 198, 20, 5, 9999); 
insert into estoque values (default, 199, 'lote 665997', '2022-11-08', '2024-07-30', 31.22, 20, 0, 20); 
insert into estoque_total values (default, 199, 20, 5, 9999); 
insert into estoque values (default, 200, 'lote 863252', '2022-11-08', '2024-10-28', 91.82, 20, 0, 20); 
insert into estoque_total values (default, 200, 20, 5, 9999); 
insert into estoque values (default, 201, 'lote 692045', '2022-11-08', '2025-04-26', 25.85, 20, 0, 20); 
insert into estoque_total values (default, 201, 20, 5, 9999); 
insert into estoque values (default, 202, 'lote 714017', '2022-11-08', '2024-10-28', 202.78, 20, 0, 20); 
insert into estoque_total values (default, 202, 20, 5, 9999); 
insert into estoque values (default, 203, 'lote 599752', '2022-11-08', '2024-10-28', 202.79, 20, 0, 20); 
insert into estoque_total values (default, 203, 20, 5, 9999); 
insert into estoque values (default, 204, 'lote 975924', '2022-11-08', '2024-05-01', 9.01, 20, 0, 20); 
insert into estoque_total values (default, 204, 20, 5, 9999); 
insert into estoque values (default, 205, 'lote 097235', '2022-11-08', '2025-01-26', 135.01, 20, 0, 20); 
insert into estoque_total values (default, 205, 20, 5, 9999); 
insert into estoque values (default, 206, 'lote 582143', '2022-11-08', '2024-02-01', 24.41, 20, 0, 20); 
insert into estoque_total values (default, 206, 20, 5, 9999); 
insert into estoque values (default, 207, 'lote 050422', '2022-11-08', '2024-10-28', 70.83, 20, 0, 20); 
insert into estoque_total values (default, 207, 20, 5, 9999); 
insert into estoque values (default, 208, 'lote 148111', '2022-11-08', '2024-07-30', 40.14, 20, 0, 20); 
insert into estoque_total values (default, 208, 20, 5, 9999); 
insert into estoque values (default, 209, 'lote 388099', '2022-11-08', '2024-02-01', 34.54, 20, 0, 20); 
insert into estoque_total values (default, 209, 20, 5, 9999); 
insert into estoque values (default, 210, 'lote 527515', '2022-11-08', '2024-07-30', 183.79, 20, 0, 20); 
insert into estoque_total values (default, 210, 20, 5, 9999); 
insert into estoque values (default, 211, 'lote 772786', '2022-11-08', '2024-02-01', 176.13, 20, 0, 20); 
insert into estoque_total values (default, 211, 20, 5, 9999); 
insert into estoque values (default, 212, 'lote 064361', '2022-11-08', '2024-02-01', 45.04, 20, 0, 20); 
insert into estoque_total values (default, 212, 20, 5, 9999); 
insert into estoque values (default, 213, 'lote 695999', '2022-11-08', '2025-04-26', 123.41, 20, 0, 20); 
insert into estoque_total values (default, 213, 20, 5, 9999); 
insert into estoque values (default, 214, 'lote 801430', '2022-11-08', '2025-04-26', 49.49, 20, 0, 20); 
insert into estoque_total values (default, 214, 20, 5, 9999); 
insert into estoque values (default, 215, 'lote 585436', '2022-11-08', '2025-04-26', 158.34, 20, 0, 20); 
insert into estoque_total values (default, 215, 20, 5, 9999); 
insert into estoque values (default, 216, 'lote 100887', '2022-11-08', '2024-02-01', 35.79, 20, 0, 20); 
insert into estoque_total values (default, 216, 20, 5, 9999); 
insert into estoque values (default, 217, 'lote 544036', '2022-11-08', '2024-10-28', 7.99, 20, 0, 20); 
insert into estoque_total values (default, 217, 20, 5, 9999); 
insert into estoque values (default, 218, 'lote 244158', '2022-11-08', '2024-05-01', 16.91, 20, 0, 20); 
insert into estoque_total values (default, 218, 20, 5, 9999); 
insert into estoque values (default, 219, 'lote 583507', '2022-11-08', '2024-05-01', 67.1, 20, 0, 20); 
insert into estoque_total values (default, 219, 20, 5, 9999); 
insert into estoque values (default, 220, 'lote 987231', '2022-11-08', '2025-04-26', 8.87, 20, 0, 20); 
insert into estoque_total values (default, 220, 20, 5, 9999); 
insert into estoque values (default, 221, 'lote 913528', '2022-11-08', '2024-10-28', 69.6, 20, 0, 20); 
insert into estoque_total values (default, 221, 20, 5, 9999); 
insert into estoque values (default, 222, 'lote 998570', '2022-11-08', '2025-04-26', 186.87, 20, 0, 20); 
insert into estoque_total values (default, 222, 20, 5, 9999); 
insert into estoque values (default, 223, 'lote 425638', '2022-11-08', '2025-04-26', 54.39, 20, 0, 20); 
insert into estoque_total values (default, 223, 20, 5, 9999); 
insert into estoque values (default, 224, 'lote 663426', '2022-11-08', '2024-10-28', 57.7, 20, 0, 20); 
insert into estoque_total values (default, 224, 20, 5, 9999); 
insert into estoque values (default, 225, 'lote 441324', '2022-11-08', '2024-07-30', 97.27, 20, 0, 20); 
insert into estoque_total values (default, 225, 20, 5, 9999); 
insert into estoque values (default, 226, 'lote 565062', '2022-11-08', '2024-05-01', 67.49, 20, 0, 20); 
insert into estoque_total values (default, 226, 20, 5, 9999); 
insert into estoque values (default, 227, 'lote 652672', '2022-11-08', '2024-10-28', 2.03, 30, 0, 30); 
insert into estoque_total values (default, 227, 30, 5, 9999); 
insert into estoque values (default, 228, 'lote 704417', '2022-11-08', '2025-01-26', 136.48, 30, 0, 30); 
insert into estoque_total values (default, 228, 30, 5, 9999); 
insert into estoque values (default, 229, 'lote 404948', '2022-11-08', '2024-10-28', 125.72, 30, 0, 30); 
insert into estoque_total values (default, 229, 30, 5, 9999); 
insert into estoque values (default, 230, 'lote 187155', '2022-11-08', '2024-07-30', 286.87, 30, 0, 30); 
insert into estoque_total values (default, 230, 30, 5, 9999); 
insert into estoque values (default, 231, 'lote 563433', '2022-11-08', '2024-02-01', 45.43, 30, 0, 30); 
insert into estoque_total values (default, 231, 30, 5, 9999); 
insert into estoque values (default, 232, 'lote 704708', '2022-11-08', '2024-05-01', 56.17, 30, 0, 30); 
insert into estoque_total values (default, 232, 30, 5, 9999); 
insert into estoque values (default, 233, 'lote 669584', '2022-11-08', '2024-02-01', 18.79, 30, 0, 30); 
insert into estoque_total values (default, 233, 30, 5, 9999); 
insert into estoque values (default, 234, 'lote 200563', '2022-11-08', '2024-10-28', 32.28, 30, 0, 30); 
insert into estoque_total values (default, 234, 30, 5, 9999); 
insert into estoque values (default, 235, 'lote 740790', '2022-11-08', '2025-04-26', 38.79, 30, 0, 30); 
insert into estoque_total values (default, 235, 30, 5, 9999); 
insert into estoque values (default, 236, 'lote 743697', '2022-11-08', '2025-01-26', 96.07, 30, 0, 30); 
insert into estoque_total values (default, 236, 30, 5, 9999); 
insert into estoque values (default, 237, 'lote 310835', '2022-11-08', '2025-04-26', 97.82, 30, 0, 30); 
insert into estoque_total values (default, 237, 30, 5, 9999); 
insert into estoque values (default, 238, 'lote 331567', '2022-11-08', '2024-07-30', 10.28, 30, 0, 30); 
insert into estoque_total values (default, 238, 30, 5, 9999); 
insert into estoque values (default, 239, 'lote 922709', '2022-11-08', '2025-01-26', 140.44, 30, 0, 30); 
insert into estoque_total values (default, 239, 30, 5, 9999); 
insert into estoque values (default, 240, 'lote 874494', '2022-11-08', '2025-01-26', 23.03, 30, 0, 30); 
insert into estoque_total values (default, 240, 30, 5, 9999); 
insert into estoque values (default, 241, 'lote 987606', '2022-11-08', '2025-01-26', 28.48, 30, 0, 30); 
insert into estoque_total values (default, 241, 30, 5, 9999); 
insert into estoque values (default, 242, 'lote 303165', '2022-11-08', '2024-07-30', 4.45, 30, 0, 30); 
insert into estoque_total values (default, 242, 30, 5, 9999); 
insert into estoque values (default, 243, 'lote 942343', '2022-11-08', '2024-10-28', 28.88, 30, 0, 30); 
insert into estoque_total values (default, 243, 30, 5, 9999); 
insert into estoque values (default, 244, 'lote 967807', '2022-11-08', '2024-02-01', 22.62, 30, 0, 30); 
insert into estoque_total values (default, 244, 30, 5, 9999); 
insert into estoque values (default, 245, 'lote 665123', '2022-11-08', '2024-02-01', 110.9, 30, 0, 30); 
insert into estoque_total values (default, 245, 30, 5, 9999); 
insert into estoque values (default, 246, 'lote 518648', '2022-11-08', '2024-07-30', 44.67, 30, 0, 30); 
insert into estoque_total values (default, 246, 30, 5, 9999); 
insert into estoque values (default, 247, 'lote 209080', '2022-11-08', '2024-10-28', 52.12, 30, 0, 30); 
insert into estoque_total values (default, 247, 30, 5, 9999); 
insert into estoque values (default, 248, 'lote 020773', '2022-11-08', '2024-05-01', 18.77, 30, 0, 30); 
insert into estoque_total values (default, 248, 30, 5, 9999); 
insert into estoque values (default, 249, 'lote 411786', '2022-11-08', '2024-07-30', 38.17, 30, 0, 30); 
insert into estoque_total values (default, 249, 30, 5, 9999); 
insert into estoque values (default, 250, 'lote 056661', '2022-11-08', '2025-01-26', 63.91, 30, 0, 30); 
insert into estoque_total values (default, 250, 30, 5, 9999); 
insert into estoque values (default, 251, 'lote 526107', '2022-11-08', '2025-04-26', 53.91, 30, 0, 30); 
insert into estoque_total values (default, 251, 30, 5, 9999); 
insert into estoque values (default, 252, 'lote 620685', '2022-11-08', '2024-05-01', 20.3, 30, 0, 30); 
insert into estoque_total values (default, 252, 30, 5, 9999); 
insert into estoque values (default, 253, 'lote 837316', '2022-11-08', '2024-07-30', 57.81, 30, 0, 30); 
insert into estoque_total values (default, 253, 30, 5, 9999); 
insert into estoque values (default, 254, 'lote 920439', '2022-11-08', '2025-01-26', 182.16, 30, 0, 30); 
insert into estoque_total values (default, 254, 30, 5, 9999); 
insert into estoque values (default, 255, 'lote 282651', '2022-11-08', '2024-10-28', 38.07, 30, 0, 30); 
insert into estoque_total values (default, 255, 30, 5, 9999); 
insert into estoque values (default, 256, 'lote 383499', '2022-11-08', '2024-07-30', 57.79, 30, 0, 30); 
insert into estoque_total values (default, 256, 30, 5, 9999); 
insert into estoque values (default, 257, 'lote 106292', '2022-11-08', '2024-10-28', 248.76, 30, 0, 30); 
insert into estoque_total values (default, 257, 30, 5, 9999); 
insert into estoque values (default, 258, 'lote 216281', '2022-11-08', '2025-01-26', 45.9, 30, 0, 30); 
insert into estoque_total values (default, 258, 30, 5, 9999); 
insert into estoque values (default, 259, 'lote 562255', '2022-11-08', '2024-10-28', 285.18, 30, 0, 30); 
insert into estoque_total values (default, 259, 30, 5, 9999); 
insert into estoque values (default, 260, 'lote 143175', '2022-11-08', '2024-07-30', 57.1, 30, 0, 30); 
insert into estoque_total values (default, 260, 30, 5, 9999); 
insert into estoque values (default, 261, 'lote 496538', '2022-11-08', '2025-01-26', 56.2, 30, 0, 30); 
insert into estoque_total values (default, 261, 30, 5, 9999); 
insert into estoque values (default, 262, 'lote 189275', '2022-11-08', '2025-01-26', 15.56, 30, 0, 30); 
insert into estoque_total values (default, 262, 30, 5, 9999); 
insert into estoque values (default, 263, 'lote 872247', '2022-11-08', '2024-07-30', 153.0, 30, 0, 30); 
insert into estoque_total values (default, 263, 30, 5, 9999); 
insert into estoque values (default, 264, 'lote 800193', '2022-11-08', '2024-10-28', 35.56, 30, 0, 30); 
insert into estoque_total values (default, 264, 30, 5, 9999); 
insert into estoque values (default, 265, 'lote 691965', '2022-11-08', '2024-05-01', 50.2, 30, 0, 30); 
insert into estoque_total values (default, 265, 30, 5, 9999); 
insert into estoque values (default, 266, 'lote 218191', '2022-11-08', '2024-05-01', 86.71, 30, 0, 30); 
insert into estoque_total values (default, 266, 30, 5, 9999); 
insert into estoque values (default, 267, 'lote 588236', '2022-11-08', '2024-02-01', 128.13, 30, 0, 30); 
insert into estoque_total values (default, 267, 30, 5, 9999); 
insert into estoque values (default, 268, 'lote 509299', '2022-11-08', '2025-04-26', 210.55, 30, 0, 30); 
insert into estoque_total values (default, 268, 30, 5, 9999); 
insert into estoque values (default, 269, 'lote 761648', '2022-11-08', '2025-04-26', 28.87, 30, 0, 30); 
insert into estoque_total values (default, 269, 30, 5, 9999); 
insert into estoque values (default, 270, 'lote 288695', '2022-11-08', '2025-01-26', 247.92, 30, 0, 30); 
insert into estoque_total values (default, 270, 30, 5, 9999); 
insert into estoque values (default, 271, 'lote 334482', '2022-11-08', '2025-04-26', 65.17, 30, 0, 30); 
insert into estoque_total values (default, 271, 30, 5, 9999); 
insert into estoque values (default, 272, 'lote 095382', '2022-11-08', '2024-02-01', 199.87, 30, 0, 30); 
insert into estoque_total values (default, 272, 30, 5, 9999); 
insert into estoque values (default, 273, 'lote 635566', '2022-11-08', '2024-07-30', 24.89, 30, 0, 30); 
insert into estoque_total values (default, 273, 30, 5, 9999); 
insert into estoque values (default, 274, 'lote 431676', '2022-11-08', '2024-02-01', 26.11, 30, 0, 30); 
insert into estoque_total values (default, 274, 30, 5, 9999); 
insert into estoque values (default, 275, 'lote 404218', '2022-11-08', '2024-05-01', 60.56, 30, 0, 30); 
insert into estoque_total values (default, 275, 30, 5, 9999); 
insert into estoque values (default, 276, 'lote 093208', '2022-11-08', '2024-10-28', 26.11, 30, 0, 30); 
insert into estoque_total values (default, 276, 30, 5, 9999); 
insert into estoque values (default, 277, 'lote 877344', '2022-11-08', '2024-07-30', 25.59, 30, 0, 30); 
insert into estoque_total values (default, 277, 30, 5, 9999); 
insert into estoque values (default, 278, 'lote 565079', '2022-11-08', '2024-07-30', 25.35, 30, 0, 30); 
insert into estoque_total values (default, 278, 30, 5, 9999); 
insert into estoque values (default, 279, 'lote 708925', '2022-11-08', '2025-01-26', 21.35, 30, 0, 30); 
insert into estoque_total values (default, 279, 30, 5, 9999); 
insert into estoque values (default, 280, 'lote 962478', '2022-11-08', '2025-04-26', 78.23, 30, 0, 30); 
insert into estoque_total values (default, 280, 30, 5, 9999); 
insert into estoque values (default, 281, 'lote 187630', '2022-11-08', '2025-01-26', 41.3, 30, 0, 30); 
insert into estoque_total values (default, 281, 30, 5, 9999); 
insert into estoque values (default, 282, 'lote 120598', '2022-11-08', '2024-07-30', 38.8, 30, 0, 30); 
insert into estoque_total values (default, 282, 30, 5, 9999); 
insert into estoque values (default, 283, 'lote 346092', '2022-11-08', '2024-05-01', 37.54, 30, 0, 30); 
insert into estoque_total values (default, 283, 30, 5, 9999); 
insert into estoque values (default, 284, 'lote 915550', '2022-11-08', '2024-05-01', 11.82, 30, 0, 30); 
insert into estoque_total values (default, 284, 30, 5, 9999); 
insert into estoque values (default, 285, 'lote 400757', '2022-11-08', '2025-04-26', 88.38, 30, 0, 30); 
insert into estoque_total values (default, 285, 30, 5, 9999); 
insert into estoque values (default, 286, 'lote 842358', '2022-11-08', '2024-05-01', 24.99, 30, 0, 30); 
insert into estoque_total values (default, 286, 30, 5, 9999); 
insert into estoque values (default, 287, 'lote 486501', '2022-11-08', '2024-05-01', 45.54, 30, 0, 30); 
insert into estoque_total values (default, 287, 30, 5, 9999); 
insert into estoque values (default, 288, 'lote 247694', '2022-11-08', '2024-10-28', 11.82, 30, 0, 30); 
insert into estoque_total values (default, 288, 30, 5, 9999); 
insert into estoque values (default, 289, 'lote 986088', '2022-11-08', '2024-10-28', 53.62, 30, 0, 30); 
insert into estoque_total values (default, 289, 30, 5, 9999); 
insert into estoque values (default, 290, 'lote 042879', '2022-11-08', '2025-04-26', 22.44, 30, 0, 30); 
insert into estoque_total values (default, 290, 30, 5, 9999); 
insert into estoque values (default, 291, 'lote 778485', '2022-11-08', '2024-10-28', 9.3, 30, 0, 30); 
insert into estoque_total values (default, 291, 30, 5, 9999); 
insert into estoque values (default, 292, 'lote 365162', '2022-11-08', '2024-07-30', 8.03, 30, 0, 30); 
insert into estoque_total values (default, 292, 30, 5, 9999); 
insert into estoque values (default, 293, 'lote 363253', '2022-11-08', '2024-10-28', 21.07, 30, 0, 30); 
insert into estoque_total values (default, 293, 30, 5, 9999); 
insert into estoque values (default, 294, 'lote 413534', '2022-11-08', '2024-07-30', 12.02, 30, 0, 30); 
insert into estoque_total values (default, 294, 30, 5, 9999); 
insert into estoque values (default, 295, 'lote 021877', '2022-11-08', '2025-01-26', 73.24, 30, 0, 30); 
insert into estoque_total values (default, 295, 30, 5, 9999); 
insert into estoque values (default, 296, 'lote 873180', '2022-11-08', '2025-01-26', 40.88, 30, 0, 30); 
insert into estoque_total values (default, 296, 30, 5, 9999); 
insert into estoque values (default, 297, 'lote 147796', '2022-11-08', '2025-04-26', 43.92, 40, 0, 40); 
insert into estoque_total values (default, 297, 40, 5, 9999); 
insert into estoque values (default, 298, 'lote 174509', '2022-11-08', '2024-10-28', 76.66, 40, 0, 40); 
insert into estoque_total values (default, 298, 40, 5, 9999); 
insert into estoque values (default, 299, 'lote 665545', '2022-11-08', '2024-02-01', 24.74, 40, 0, 40); 
insert into estoque_total values (default, 299, 40, 5, 9999); 
insert into estoque values (default, 300, 'lote 732746', '2022-11-08', '2024-02-01', 219.11, 40, 0, 40); 
insert into estoque_total values (default, 300, 40, 5, 9999); 
insert into estoque values (default, 301, 'lote 592006', '2022-11-08', '2024-02-01', 209.73, 40, 0, 40); 
insert into estoque_total values (default, 301, 40, 5, 9999); 
insert into estoque values (default, 302, 'lote 717170', '2022-11-08', '2024-07-30', 10.31, 40, 0, 40); 
insert into estoque_total values (default, 302, 40, 5, 9999); 
insert into estoque values (default, 303, 'lote 878674', '2022-11-08', '2024-07-30', 23.13, 40, 0, 40); 
insert into estoque_total values (default, 303, 40, 5, 9999); 
insert into estoque values (default, 304, 'lote 639726', '2022-11-08', '2024-07-30', 20.61, 40, 0, 40); 
insert into estoque_total values (default, 304, 40, 5, 9999); 
insert into estoque values (default, 305, 'lote 911071', '2022-11-08', '2025-01-26', 32.62, 40, 0, 40); 
insert into estoque_total values (default, 305, 40, 5, 9999); 
insert into estoque values (default, 306, 'lote 353529', '2022-11-08', '2024-10-28', 62.4, 40, 0, 40); 
insert into estoque_total values (default, 306, 40, 5, 9999); 
insert into estoque values (default, 307, 'lote 655906', '2022-11-08', '2025-04-26', 174.93, 40, 0, 40); 
insert into estoque_total values (default, 307, 40, 5, 9999); 
insert into estoque values (default, 308, 'lote 974990', '2022-11-08', '2024-05-01', 38.46, 40, 0, 40); 
insert into estoque_total values (default, 308, 40, 5, 9999); 
insert into estoque values (default, 309, 'lote 095318', '2022-11-08', '2024-02-01', 10.13, 40, 0, 40); 
insert into estoque_total values (default, 309, 40, 5, 9999); 
insert into estoque values (default, 310, 'lote 944539', '2022-11-08', '2025-04-26', 89.29, 40, 0, 40); 
insert into estoque_total values (default, 310, 40, 5, 9999); 
insert into estoque values (default, 311, 'lote 697905', '2022-11-08', '2024-07-30', 11.0, 40, 0, 40); 
insert into estoque_total values (default, 311, 40, 5, 9999); 
insert into estoque values (default, 312, 'lote 921084', '2022-11-08', '2024-02-01', 19.13, 40, 0, 40); 
insert into estoque_total values (default, 312, 40, 5, 9999); 
insert into estoque values (default, 313, 'lote 329575', '2022-11-08', '2025-04-26', 30.05, 40, 0, 40); 
insert into estoque_total values (default, 313, 40, 5, 9999); 
insert into estoque values (default, 314, 'lote 592342', '2022-11-08', '2024-02-01', 15.18, 40, 0, 40); 
insert into estoque_total values (default, 314, 40, 5, 9999); 
insert into estoque values (default, 315, 'lote 988002', '2022-11-08', '2024-07-30', 25.43, 40, 0, 40); 
insert into estoque_total values (default, 315, 40, 5, 9999); 
insert into estoque values (default, 316, 'lote 150554', '2022-11-08', '2024-10-28', 134.73, 40, 0, 40); 
insert into estoque_total values (default, 316, 40, 5, 9999); 
insert into estoque values (default, 317, 'lote 938912', '2022-11-08', '2024-07-30', 65.39, 40, 0, 40); 
insert into estoque_total values (default, 317, 40, 5, 9999); 
insert into estoque values (default, 318, 'lote 330749', '2022-11-08', '2024-10-28', 41.95, 40, 0, 40); 
insert into estoque_total values (default, 318, 40, 5, 9999); 
insert into estoque values (default, 319, 'lote 505183', '2022-11-08', '2024-02-01', 44.41, 40, 0, 40); 
insert into estoque_total values (default, 319, 40, 5, 9999); 
insert into estoque values (default, 320, 'lote 441640', '2022-11-08', '2024-05-01', 151.01, 40, 0, 40); 
insert into estoque_total values (default, 320, 40, 5, 9999); 
insert into estoque values (default, 321, 'lote 151283', '2022-11-08', '2024-05-01', 20.29, 40, 0, 40); 
insert into estoque_total values (default, 321, 40, 5, 9999); 
insert into estoque values (default, 322, 'lote 936477', '2022-11-08', '2024-07-30', 20.34, 40, 0, 40); 
insert into estoque_total values (default, 322, 40, 5, 9999); 
insert into estoque values (default, 323, 'lote 849767', '2022-11-08', '2024-10-28', 12.78, 40, 0, 40); 
insert into estoque_total values (default, 323, 40, 5, 9999); 
insert into estoque values (default, 324, 'lote 227273', '2022-11-08', '2024-07-30', 14.12, 40, 0, 40); 
insert into estoque_total values (default, 324, 40, 5, 9999); 
insert into estoque values (default, 325, 'lote 329897', '2022-11-08', '2024-07-30', 41.22, 40, 0, 40); 
insert into estoque_total values (default, 325, 40, 5, 9999); 
insert into estoque values (default, 326, 'lote 262234', '2022-11-08', '2024-05-01', 33.07, 40, 0, 40); 
insert into estoque_total values (default, 326, 40, 5, 9999); 
insert into estoque values (default, 327, 'lote 811329', '2022-11-08', '2024-05-01', 23.73, 40, 0, 40); 
insert into estoque_total values (default, 327, 40, 5, 9999); 
insert into estoque values (default, 328, 'lote 172686', '2022-11-08', '2024-10-28', 21.8, 40, 0, 40); 
insert into estoque_total values (default, 328, 40, 5, 9999); 
insert into estoque values (default, 329, 'lote 179717', '2022-11-08', '2024-10-28', 24.67, 40, 0, 40); 
insert into estoque_total values (default, 329, 40, 5, 9999); 
insert into estoque values (default, 330, 'lote 246956', '2022-11-08', '2024-02-01', 59.79, 40, 0, 40); 
insert into estoque_total values (default, 330, 40, 5, 9999); 
insert into estoque values (default, 331, 'lote 791777', '2022-11-08', '2024-10-28', 17.35, 40, 0, 40); 
insert into estoque_total values (default, 331, 40, 5, 9999); 
insert into estoque values (default, 332, 'lote 313404', '2022-11-08', '2025-01-26', 45.6, 40, 0, 40); 
insert into estoque_total values (default, 332, 40, 5, 9999); 
insert into estoque values (default, 333, 'lote 004625', '2022-11-08', '2024-10-28', 87.56, 40, 0, 40); 
insert into estoque_total values (default, 333, 40, 5, 9999); 
insert into estoque values (default, 334, 'lote 737514', '2022-11-08', '2024-10-28', 46.93, 40, 0, 40); 
insert into estoque_total values (default, 334, 40, 5, 9999); 
insert into estoque values (default, 335, 'lote 739483', '2022-11-08', '2024-07-30', 18.46, 40, 0, 40); 
insert into estoque_total values (default, 335, 40, 5, 9999); 
insert into estoque values (default, 336, 'lote 387997', '2022-11-08', '2024-10-28', 27.52, 40, 0, 40); 
insert into estoque_total values (default, 336, 40, 5, 9999); 
insert into estoque values (default, 337, 'lote 157175', '2022-11-08', '2024-02-01', 33.86, 40, 0, 40); 
insert into estoque_total values (default, 337, 40, 5, 9999); 
insert into estoque values (default, 338, 'lote 997941', '2022-11-08', '2025-01-26', 69.94, 40, 0, 40); 
insert into estoque_total values (default, 338, 40, 5, 9999); 
insert into estoque values (default, 339, 'lote 616400', '2022-11-08', '2024-02-01', 23.28, 40, 0, 40); 
insert into estoque_total values (default, 339, 40, 5, 9999); 
insert into estoque values (default, 340, 'lote 939879', '2022-11-08', '2024-05-01', 15.9, 40, 0, 40); 
insert into estoque_total values (default, 340, 40, 5, 9999); 
insert into estoque values (default, 341, 'lote 891965', '2022-11-08', '2024-07-30', 10.9, 40, 0, 40); 
insert into estoque_total values (default, 341, 40, 5, 9999); 
insert into estoque values (default, 342, 'lote 841483', '2022-11-08', '2024-05-01', 31.04, 40, 0, 40); 
insert into estoque_total values (default, 342, 40, 5, 9999); 
insert into estoque values (default, 343, 'lote 695842', '2022-11-08', '2024-07-30', 22.74, 40, 0, 40); 
insert into estoque_total values (default, 343, 40, 5, 9999); 
insert into estoque values (default, 344, 'lote 391036', '2022-11-08', '2024-10-28', 25.5, 40, 0, 40); 
insert into estoque_total values (default, 344, 40, 5, 9999); 
insert into estoque values (default, 345, 'lote 553092', '2022-11-08', '2024-07-30', 19.56, 40, 0, 40); 
insert into estoque_total values (default, 345, 40, 5, 9999); 
insert into estoque values (default, 346, 'lote 030784', '2022-11-08', '2024-05-01', 33.72, 40, 0, 40); 
insert into estoque_total values (default, 346, 40, 5, 9999); 
insert into estoque values (default, 347, 'lote 491987', '2022-11-08', '2025-01-26', 45.09, 40, 0, 40); 
insert into estoque_total values (default, 347, 40, 5, 9999); 
insert into estoque values (default, 348, 'lote 262564', '2022-11-08', '2025-04-26', 17.63, 40, 0, 40); 
insert into estoque_total values (default, 348, 40, 5, 9999); 
insert into estoque values (default, 349, 'lote 220193', '2022-11-08', '2024-10-28', 23.37, 40, 0, 40); 
insert into estoque_total values (default, 349, 40, 5, 9999); 
insert into estoque values (default, 350, 'lote 104172', '2022-11-08', '2024-02-01', 89.29, 40, 0, 40); 
insert into estoque_total values (default, 350, 40, 5, 9999); 
insert into estoque values (default, 351, 'lote 768129', '2022-11-08', '2024-10-28', 15.77, 40, 0, 40); 
insert into estoque_total values (default, 351, 40, 5, 9999); 
insert into estoque values (default, 352, 'lote 162160', '2022-11-08', '2024-05-01', 19.49, 40, 0, 40); 
insert into estoque_total values (default, 352, 40, 5, 9999); 
insert into estoque values (default, 353, 'lote 075390', '2022-11-08', '2025-01-26', 30.15, 40, 0, 40); 
insert into estoque_total values (default, 353, 40, 5, 9999); 
insert into estoque values (default, 354, 'lote 901397', '2022-11-08', '2024-02-01', 52.85, 40, 0, 40); 
insert into estoque_total values (default, 354, 40, 5, 9999); 
insert into estoque values (default, 355, 'lote 513395', '2022-11-08', '2025-01-26', 19.6, 40, 0, 40); 
insert into estoque_total values (default, 355, 40, 5, 9999); 
insert into estoque values (default, 356, 'lote 497394', '2022-11-08', '2024-05-01', 83.23, 40, 0, 40); 
insert into estoque_total values (default, 356, 40, 5, 9999); 
insert into estoque values (default, 357, 'lote 788192', '2022-11-08', '2024-05-01', 44.76, 40, 0, 40); 
insert into estoque_total values (default, 357, 40, 5, 9999); 
insert into estoque values (default, 358, 'lote 504343', '2022-11-08', '2024-05-01', 26.76, 40, 0, 40); 
insert into estoque_total values (default, 358, 40, 5, 9999); 
insert into estoque values (default, 359, 'lote 892329', '2022-11-08', '2024-07-30', 65.52, 40, 0, 40); 
insert into estoque_total values (default, 359, 40, 5, 9999); 
insert into estoque values (default, 360, 'lote 451824', '2022-11-08', '2024-10-28', 107.1, 40, 0, 40); 
insert into estoque_total values (default, 360, 40, 5, 9999); 
insert into estoque values (default, 361, 'lote 894986', '2022-11-08', '2024-10-28', 137.28, 40, 0, 40); 
insert into estoque_total values (default, 361, 40, 5, 9999); 
insert into estoque values (default, 362, 'lote 626840', '2022-11-08', '2025-01-26', 136.63, 40, 0, 40); 
insert into estoque_total values (default, 362, 40, 5, 9999); 
insert into estoque values (default, 363, 'lote 488769', '2022-11-08', '2024-07-30', 52.11, 40, 0, 40); 
insert into estoque_total values (default, 363, 40, 5, 9999); 
insert into estoque values (default, 364, 'lote 986862', '2022-11-08', '2025-01-26', 23.96, 40, 0, 40); 
insert into estoque_total values (default, 364, 40, 5, 9999); 
insert into estoque values (default, 365, 'lote 065976', '2022-11-08', '2024-02-01', 11.95, 40, 0, 40); 
insert into estoque_total values (default, 365, 40, 5, 9999); 
insert into estoque values (default, 366, 'lote 157853', '2022-11-08', '2025-04-26', 35.83, 40, 0, 40); 
insert into estoque_total values (default, 366, 40, 5, 9999); 
insert into estoque values (default, 367, 'lote 134295', '2022-11-08', '2024-05-01', 70.54, 40, 0, 40); 
insert into estoque_total values (default, 367, 40, 5, 9999); 
insert into estoque values (default, 368, 'lote 854910', '2022-11-08', '2024-10-28', 11.85, 50, 0, 50); 
insert into estoque_total values (default, 368, 50, 5, 9999); 
insert into estoque values (default, 369, 'lote 317354', '2022-11-08', '2025-01-26', 67.32, 50, 0, 50); 
insert into estoque_total values (default, 369, 50, 5, 9999); 
insert into estoque values (default, 370, 'lote 439481', '2022-11-08', '2025-04-26', 171.68, 50, 0, 50); 
insert into estoque_total values (default, 370, 50, 5, 9999); 
insert into estoque values (default, 371, 'lote 326271', '2022-11-08', '2025-04-26', 99.48, 50, 0, 50); 
insert into estoque_total values (default, 371, 50, 5, 9999); 
insert into estoque values (default, 372, 'lote 866847', '2022-11-08', '2025-01-26', 77.76, 50, 0, 50); 
insert into estoque_total values (default, 372, 50, 5, 9999); 
insert into estoque values (default, 373, 'lote 213124', '2022-11-08', '2024-05-01', 25.12, 50, 0, 50); 
insert into estoque_total values (default, 373, 50, 5, 9999); 
insert into estoque values (default, 374, 'lote 874506', '2022-11-08', '2024-02-01', 25.6, 50, 0, 50); 
insert into estoque_total values (default, 374, 50, 5, 9999); 
insert into estoque values (default, 375, 'lote 959454', '2022-11-08', '2024-07-30', 14.33, 50, 0, 50); 
insert into estoque_total values (default, 375, 50, 5, 9999); 
insert into estoque values (default, 376, 'lote 243305', '2022-11-08', '2025-04-26', 10.78, 50, 0, 50); 
insert into estoque_total values (default, 376, 50, 5, 9999); 
insert into estoque values (default, 377, 'lote 176562', '2022-11-08', '2024-10-28', 12.1, 50, 0, 50); 
insert into estoque_total values (default, 377, 50, 5, 9999); 
insert into estoque values (default, 378, 'lote 886581', '2022-11-08', '2025-04-26', 27.18, 50, 0, 50); 
insert into estoque_total values (default, 378, 50, 5, 9999); 
insert into estoque values (default, 379, 'lote 231705', '2022-11-08', '2024-07-30', 9.17, 50, 0, 50); 
insert into estoque_total values (default, 379, 50, 5, 9999); 
insert into estoque values (default, 380, 'lote 637339', '2022-11-08', '2025-01-26', 5.95, 50, 0, 50); 
insert into estoque_total values (default, 380, 50, 5, 9999); 
insert into estoque values (default, 381, 'lote 214977', '2022-11-08', '2025-04-26', 43.68, 50, 0, 50); 
insert into estoque_total values (default, 381, 50, 5, 9999); 
insert into estoque values (default, 382, 'lote 467011', '2022-11-08', '2024-02-01', 25.91, 50, 0, 50); 
insert into estoque_total values (default, 382, 50, 5, 9999); 
insert into estoque values (default, 383, 'lote 505116', '2022-11-08', '2024-07-30', 37.55, 50, 0, 50); 
insert into estoque_total values (default, 383, 50, 5, 9999); 
insert into estoque values (default, 384, 'lote 986912', '2022-11-08', '2024-07-30', 31.71, 50, 0, 50); 
insert into estoque_total values (default, 384, 50, 5, 9999); 
insert into estoque values (default, 385, 'lote 489485', '2022-11-08', '2025-04-26', 16.13, 50, 0, 50); 
insert into estoque_total values (default, 385, 50, 5, 9999); 
insert into estoque values (default, 386, 'lote 807421', '2022-11-08', '2024-05-01', 13.78, 50, 0, 50); 
insert into estoque_total values (default, 386, 50, 5, 9999); 
insert into estoque values (default, 387, 'lote 624662', '2022-11-08', '2024-10-28', 47.09, 50, 0, 50); 
insert into estoque_total values (default, 387, 50, 5, 9999); 
insert into estoque values (default, 388, 'lote 601211', '2022-11-08', '2024-07-30', 28.65, 50, 0, 50); 
insert into estoque_total values (default, 388, 50, 5, 9999); 
insert into estoque values (default, 389, 'lote 040562', '2022-11-08', '2024-07-30', 23.44, 50, 0, 50); 
insert into estoque_total values (default, 389, 50, 5, 9999); 
insert into estoque values (default, 390, 'lote 209574', '2022-11-08', '2025-04-26', 27.71, 50, 0, 50); 
insert into estoque_total values (default, 390, 50, 5, 9999); 
insert into estoque values (default, 391, 'lote 158220', '2022-11-08', '2024-10-28', 74.7, 50, 0, 50); 
insert into estoque_total values (default, 391, 50, 5, 9999); 
insert into estoque values (default, 392, 'lote 713640', '2022-11-08', '2024-02-01', 10.1, 50, 0, 50); 
insert into estoque_total values (default, 392, 50, 5, 9999); 
insert into estoque values (default, 393, 'lote 166068', '2022-11-08', '2024-07-30', 17.74, 50, 0, 50); 
insert into estoque_total values (default, 393, 50, 5, 9999); 
insert into estoque values (default, 394, 'lote 992846', '2022-11-08', '2024-02-01', 20.71, 50, 0, 50); 
insert into estoque_total values (default, 394, 50, 5, 9999); 
insert into estoque values (default, 395, 'lote 391816', '2022-11-08', '2024-07-30', 29.85, 50, 0, 50); 
insert into estoque_total values (default, 395, 50, 5, 9999); 
insert into estoque values (default, 396, 'lote 121509', '2022-11-08', '2025-01-26', 246.88, 50, 0, 50); 
insert into estoque_total values (default, 396, 50, 5, 9999); 
insert into estoque values (default, 397, 'lote 141489', '2022-11-08', '2024-05-01', 13.11, 50, 0, 50); 
insert into estoque_total values (default, 397, 50, 5, 9999); 
insert into estoque values (default, 398, 'lote 544155', '2022-11-08', '2024-05-01', 11.24, 50, 0, 50); 
insert into estoque_total values (default, 398, 50, 5, 9999); 
insert into estoque values (default, 399, 'lote 981960', '2022-11-08', '2024-05-01', 38.92, 50, 0, 50); 
insert into estoque_total values (default, 399, 50, 5, 9999); 
insert into estoque values (default, 400, 'lote 251027', '2022-11-08', '2025-01-26', 102.23, 50, 0, 50); 
insert into estoque_total values (default, 400, 50, 5, 9999); 
insert into estoque values (default, 401, 'lote 563873', '2022-11-08', '2024-02-01', 25.25, 50, 0, 50); 
insert into estoque_total values (default, 401, 50, 5, 9999); 
insert into estoque values (default, 402, 'lote 741899', '2022-11-08', '2025-01-26', 12.66, 50, 0, 50); 
insert into estoque_total values (default, 402, 50, 5, 9999); 
insert into estoque values (default, 403, 'lote 873705', '2022-11-08', '2024-07-30', 18.02, 50, 0, 50); 
insert into estoque_total values (default, 403, 50, 5, 9999); 
insert into estoque values (default, 404, 'lote 150441', '2022-11-08', '2024-02-01', 12.2, 60, 0, 60); 
insert into estoque_total values (default, 404, 60, 10, 9999); 
insert into estoque values (default, 405, 'lote 072587', '2022-11-08', '2024-07-30', 27.03, 60, 0, 60); 
insert into estoque_total values (default, 405, 60, 10, 9999); 
insert into estoque values (default, 406, 'lote 546466', '2022-11-08', '2025-01-26', 5.41, 60, 0, 60); 
insert into estoque_total values (default, 406, 60, 10, 9999); 
insert into estoque values (default, 407, 'lote 456804', '2022-11-08', '2024-10-28', 52.41, 60, 0, 60); 
insert into estoque_total values (default, 407, 60, 10, 9999); 
insert into estoque values (default, 408, 'lote 345216', '2022-11-08', '2024-10-28', 84.29, 60, 0, 60); 
insert into estoque_total values (default, 408, 60, 10, 9999); 
insert into estoque values (default, 409, 'lote 829741', '2022-11-08', '2024-02-01', 18.35, 60, 0, 60); 
insert into estoque_total values (default, 409, 60, 10, 9999); 
insert into estoque values (default, 410, 'lote 182788', '2022-11-08', '2024-02-01', 77.24, 60, 0, 60); 
insert into estoque_total values (default, 410, 60, 10, 9999); 
insert into estoque values (default, 411, 'lote 229886', '2022-11-08', '2025-01-26', 54.17, 60, 0, 60); 
insert into estoque_total values (default, 411, 60, 10, 9999); 
insert into estoque values (default, 412, 'lote 316803', '2022-11-08', '2024-02-01', 66.4, 60, 0, 60); 
insert into estoque_total values (default, 412, 60, 10, 9999); 
insert into estoque values (default, 413, 'lote 138842', '2022-11-08', '2025-04-26', 65.26, 60, 0, 60); 
insert into estoque_total values (default, 413, 60, 10, 9999); 
insert into estoque values (default, 414, 'lote 295966', '2022-11-08', '2024-02-01', 27.85, 60, 0, 60); 
insert into estoque_total values (default, 414, 60, 10, 9999); 
insert into estoque values (default, 415, 'lote 133485', '2022-11-08', '2024-05-01', 111.12, 60, 0, 60); 
insert into estoque_total values (default, 415, 60, 10, 9999); 
insert into estoque values (default, 416, 'lote 398752', '2022-11-08', '2025-01-26', 17.08, 60, 0, 60); 
insert into estoque_total values (default, 416, 60, 10, 9999); 
insert into estoque values (default, 417, 'lote 536122', '2022-11-08', '2024-10-28', 11.06, 60, 0, 60); 
insert into estoque_total values (default, 417, 60, 10, 9999); 
insert into estoque values (default, 418, 'lote 237711', '2022-11-08', '2024-07-30', 20.75, 60, 0, 60); 
insert into estoque_total values (default, 418, 60, 10, 9999); 
insert into estoque values (default, 419, 'lote 256757', '2022-11-08', '2024-02-01', 20.55, 60, 0, 60); 
insert into estoque_total values (default, 419, 60, 10, 9999); 
insert into estoque values (default, 420, 'lote 892077', '2022-11-08', '2024-07-30', 48.3, 60, 0, 60); 
insert into estoque_total values (default, 420, 60, 10, 9999); 
insert into estoque values (default, 421, 'lote 412397', '2022-11-08', '2024-07-30', 6.9, 60, 0, 60); 
insert into estoque_total values (default, 421, 60, 10, 9999); 
insert into estoque values (default, 422, 'lote 113781', '2022-11-08', '2024-10-28', 12.0, 60, 0, 60); 
insert into estoque_total values (default, 422, 60, 10, 9999); 
insert into estoque values (default, 423, 'lote 046435', '2022-11-08', '2025-04-26', 12.0, 60, 0, 60); 
insert into estoque_total values (default, 423, 60, 10, 9999); 
insert into estoque values (default, 424, 'lote 884526', '2022-11-08', '2025-04-26', 7.96, 60, 0, 60); 
insert into estoque_total values (default, 424, 60, 10, 9999); 
insert into estoque values (default, 425, 'lote 234515', '2022-11-08', '2024-02-01', 27.17, 60, 0, 60); 
insert into estoque_total values (default, 425, 60, 10, 9999); 
insert into estoque values (default, 426, 'lote 594321', '2022-11-08', '2025-04-26', 26.23, 60, 0, 60); 
insert into estoque_total values (default, 426, 60, 10, 9999); 
insert into estoque values (default, 427, 'lote 408594', '2022-11-08', '2024-07-30', 9.39, 60, 0, 60); 
insert into estoque_total values (default, 427, 60, 10, 9999); 
insert into estoque values (default, 428, 'lote 514363', '2022-11-08', '2024-05-01', 12.04, 60, 0, 60); 
insert into estoque_total values (default, 428, 60, 10, 9999); 
insert into estoque values (default, 429, 'lote 274253', '2022-11-08', '2024-05-01', 17.88, 60, 0, 60); 
insert into estoque_total values (default, 429, 60, 10, 9999); 
insert into estoque values (default, 430, 'lote 123769', '2022-11-08', '2024-02-01', 17.88, 60, 0, 60); 
insert into estoque_total values (default, 430, 60, 10, 9999); 
insert into estoque values (default, 431, 'lote 966242', '2022-11-08', '2024-02-01', 8.45, 70, 0, 70); 
insert into estoque_total values (default, 431, 70, 10, 9999); 
insert into estoque values (default, 432, 'lote 600449', '2022-11-08', '2024-02-01', 3.53, 70, 0, 70); 
insert into estoque_total values (default, 432, 70, 10, 9999); 
insert into estoque values (default, 433, 'lote 420239', '2022-11-08', '2025-04-26', 20.38, 70, 0, 70); 
insert into estoque_total values (default, 433, 70, 10, 9999); 
insert into estoque values (default, 434, 'lote 153346', '2022-11-08', '2024-07-30', 24.51, 70, 0, 70); 
insert into estoque_total values (default, 434, 70, 10, 9999); 
insert into estoque values (default, 435, 'lote 431640', '2022-11-08', '2024-05-01', 70.9, 70, 0, 70); 
insert into estoque_total values (default, 435, 70, 10, 9999); 
insert into estoque values (default, 436, 'lote 863341', '2022-11-08', '2025-04-26', 47.55, 70, 0, 70); 
insert into estoque_total values (default, 436, 70, 10, 9999); 
insert into estoque values (default, 437, 'lote 071886', '2022-11-08', '2024-07-30', 19.65, 70, 0, 70); 
insert into estoque_total values (default, 437, 70, 10, 9999); 
insert into estoque values (default, 438, 'lote 600782', '2022-11-08', '2025-01-26', 39.25, 70, 0, 70); 
insert into estoque_total values (default, 438, 70, 10, 9999); 
insert into estoque values (default, 439, 'lote 796192', '2022-11-08', '2025-04-26', 30.75, 70, 0, 70); 
insert into estoque_total values (default, 439, 70, 10, 9999); 
insert into estoque values (default, 440, 'lote 567762', '2022-11-08', '2024-10-28', 28.51, 70, 0, 70); 
insert into estoque_total values (default, 440, 70, 10, 9999); 
insert into estoque values (default, 441, 'lote 785166', '2022-11-08', '2024-05-01', 21.39, 70, 0, 70); 
insert into estoque_total values (default, 441, 70, 10, 9999); 
insert into estoque values (default, 442, 'lote 287572', '2022-11-08', '2025-01-26', 17.29, 70, 0, 70); 
insert into estoque_total values (default, 442, 70, 10, 9999); 
insert into estoque values (default, 443, 'lote 260670', '2022-11-08', '2024-10-28', 17.56, 70, 0, 70); 
insert into estoque_total values (default, 443, 70, 10, 9999); 
insert into estoque values (default, 444, 'lote 305479', '2022-11-08', '2025-01-26', 54.68, 70, 0, 70); 
insert into estoque_total values (default, 444, 70, 10, 9999); 
insert into estoque values (default, 445, 'lote 892204', '2022-11-08', '2025-01-26', 13.67, 70, 0, 70); 
insert into estoque_total values (default, 445, 70, 10, 9999); 
insert into estoque values (default, 446, 'lote 450793', '2022-11-08', '2024-02-01', 95.35, 70, 0, 70); 
insert into estoque_total values (default, 446, 70, 10, 9999); 
insert into estoque values (default, 447, 'lote 148467', '2022-11-08', '2024-07-30', 19.91, 70, 0, 70); 
insert into estoque_total values (default, 447, 70, 10, 9999); 
insert into estoque values (default, 448, 'lote 985723', '2022-11-08', '2024-07-30', 12.38, 70, 0, 70); 
insert into estoque_total values (default, 448, 70, 10, 9999); 
insert into estoque values (default, 449, 'lote 163779', '2022-11-08', '2024-07-30', 14.74, 70, 0, 70); 
insert into estoque_total values (default, 449, 70, 10, 9999); 
insert into estoque values (default, 450, 'lote 691786', '2022-11-08', '2025-04-26', 16.53, 70, 0, 70); 
insert into estoque_total values (default, 450, 70, 10, 9999); 
insert into estoque values (default, 451, 'lote 935346', '2022-11-08', '2025-01-26', 14.45, 70, 0, 70); 
insert into estoque_total values (default, 451, 70, 10, 9999); 
insert into estoque values (default, 452, 'lote 967450', '2022-11-08', '2024-07-30', 43.16, 70, 0, 70); 
insert into estoque_total values (default, 452, 70, 10, 9999); 
insert into estoque values (default, 453, 'lote 691919', '2022-11-08', '2024-05-01', 4.7, 70, 0, 70); 
insert into estoque_total values (default, 453, 70, 10, 9999); 
insert into estoque values (default, 454, 'lote 938822', '2022-11-08', '2024-07-30', 66.79, 70, 0, 70); 
insert into estoque_total values (default, 454, 70, 10, 9999); 
insert into estoque values (default, 455, 'lote 109382', '2022-11-08', '2024-02-01', 36.29, 70, 0, 70); 
insert into estoque_total values (default, 455, 70, 10, 9999); 
insert into estoque values (default, 456, 'lote 999234', '2022-11-08', '2024-07-30', 27.82, 70, 0, 70); 
insert into estoque_total values (default, 456, 70, 10, 9999); 
insert into estoque values (default, 457, 'lote 835797', '2022-11-08', '2025-04-26', 25.65, 70, 0, 70); 
insert into estoque_total values (default, 457, 70, 10, 9999); 
insert into estoque values (default, 458, 'lote 368588', '2022-11-08', '2024-07-30', 27.17, 70, 0, 70); 
insert into estoque_total values (default, 458, 70, 10, 9999); 
insert into estoque values (default, 459, 'lote 809246', '2022-11-08', '2024-10-28', 25.46, 70, 0, 70); 
insert into estoque_total values (default, 459, 70, 10, 9999); 
insert into estoque values (default, 460, 'lote 392900', '2022-11-08', '2024-02-01', 28.27, 70, 0, 70); 
insert into estoque_total values (default, 460, 70, 10, 9999); 
insert into estoque values (default, 461, 'lote 904703', '2022-11-08', '2025-01-26', 13.95, 70, 0, 70); 
insert into estoque_total values (default, 461, 70, 10, 9999); 
insert into estoque values (default, 462, 'lote 432418', '2022-11-08', '2024-05-01', 14.21, 70, 0, 70); 
insert into estoque_total values (default, 462, 70, 10, 9999); 
insert into estoque values (default, 463, 'lote 431251', '2022-11-08', '2024-02-01', 10.02, 70, 0, 70); 
insert into estoque_total values (default, 463, 70, 10, 9999); 
insert into estoque values (default, 464, 'lote 678077', '2022-11-08', '2025-01-26', 24.7, 80, 0, 80); 
insert into estoque_total values (default, 464, 80, 10, 9999); 
insert into estoque values (default, 465, 'lote 698664', '2022-11-08', '2025-01-26', 88.41, 80, 0, 80); 
insert into estoque_total values (default, 465, 80, 10, 9999); 
insert into estoque values (default, 466, 'lote 257629', '2022-11-08', '2025-01-26', 90.33, 80, 0, 80); 
insert into estoque_total values (default, 466, 80, 10, 9999); 
insert into estoque values (default, 467, 'lote 339590', '2022-11-08', '2024-05-01', 45.09, 80, 0, 80); 
insert into estoque_total values (default, 467, 80, 10, 9999); 
insert into estoque values (default, 468, 'lote 209211', '2022-11-08', '2025-01-26', 44.64, 80, 0, 80); 
insert into estoque_total values (default, 468, 80, 10, 9999); 
insert into estoque values (default, 469, 'lote 409875', '2022-11-08', '2024-07-30', 35.94, 80, 0, 80); 
insert into estoque_total values (default, 469, 80, 10, 9999); 
insert into estoque values (default, 470, 'lote 672070', '2022-11-08', '2024-10-28', 63.22, 80, 0, 80); 
insert into estoque_total values (default, 470, 80, 10, 9999); 
insert into estoque values (default, 471, 'lote 064792', '2022-11-08', '2024-05-01', 12.94, 80, 0, 80); 
insert into estoque_total values (default, 471, 80, 10, 9999); 
insert into estoque values (default, 472, 'lote 621387', '2022-11-08', '2024-07-30', 21.21, 80, 0, 80); 
insert into estoque_total values (default, 472, 80, 10, 9999); 
insert into estoque values (default, 473, 'lote 546987', '2022-11-08', '2024-10-28', 35.56, 80, 0, 80); 
insert into estoque_total values (default, 473, 80, 10, 9999); 
insert into estoque values (default, 474, 'lote 578692', '2022-11-08', '2024-02-01', 11.15, 80, 0, 80); 
insert into estoque_total values (default, 474, 80, 10, 9999); 
insert into estoque values (default, 475, 'lote 114813', '2022-11-08', '2024-02-01', 14.54, 80, 0, 80); 
insert into estoque_total values (default, 475, 80, 10, 9999); 
insert into estoque values (default, 476, 'lote 219379', '2022-11-08', '2025-04-26', 17.48, 80, 0, 80); 
insert into estoque_total values (default, 476, 80, 10, 9999); 
insert into estoque values (default, 477, 'lote 981151', '2022-11-08', '2024-07-30', 47.05, 80, 0, 80); 
insert into estoque_total values (default, 477, 80, 10, 9999); 
insert into estoque values (default, 478, 'lote 641899', '2022-11-08', '2024-05-01', 41.61, 80, 0, 80); 
insert into estoque_total values (default, 478, 80, 10, 9999); 
insert into estoque values (default, 479, 'lote 499351', '2022-11-08', '2024-07-30', 27.54, 80, 0, 80); 
insert into estoque_total values (default, 479, 80, 10, 9999); 
insert into estoque values (default, 480, 'lote 767095', '2022-11-08', '2024-07-30', 23.67, 80, 0, 80); 
insert into estoque_total values (default, 480, 80, 10, 9999); 
insert into estoque values (default, 481, 'lote 538831', '2022-11-08', '2024-10-28', 10.01, 80, 0, 80); 
insert into estoque_total values (default, 481, 80, 10, 9999); 
insert into estoque values (default, 482, 'lote 205278', '2022-11-08', '2024-07-30', 12.29, 80, 0, 80); 
insert into estoque_total values (default, 482, 80, 10, 9999); 
insert into estoque values (default, 483, 'lote 030954', '2022-11-08', '2025-01-26', 37.69, 80, 0, 80); 
insert into estoque_total values (default, 483, 80, 10, 9999); 
insert into estoque values (default, 484, 'lote 672120', '2022-11-08', '2024-05-01', 11.95, 80, 0, 80); 
insert into estoque_total values (default, 484, 80, 10, 9999); 
insert into estoque values (default, 485, 'lote 350390', '2022-11-08', '2024-05-01', 12.08, 80, 0, 80); 
insert into estoque_total values (default, 485, 80, 10, 9999); 
insert into estoque values (default, 486, 'lote 786346', '2022-11-08', '2024-02-01', 7.91, 80, 0, 80); 
insert into estoque_total values (default, 486, 80, 10, 9999); 
insert into estoque values (default, 487, 'lote 936376', '2022-11-08', '2025-01-26', 136.01, 80, 0, 80); 
insert into estoque_total values (default, 487, 80, 10, 9999); 
insert into estoque values (default, 488, 'lote 267331', '2022-11-08', '2025-04-26', 36.95, 80, 0, 80); 
insert into estoque_total values (default, 488, 80, 10, 9999); 
insert into estoque values (default, 489, 'lote 237453', '2022-11-08', '2024-07-30', 33.02, 80, 0, 80); 
insert into estoque_total values (default, 489, 80, 10, 9999); 
insert into estoque values (default, 490, 'lote 257579', '2022-11-08', '2024-07-30', 39.05, 80, 0, 80); 
insert into estoque_total values (default, 490, 80, 10, 9999); 
insert into estoque values (default, 491, 'lote 724103', '2022-11-08', '2024-02-01', 40.83, 80, 0, 80); 
insert into estoque_total values (default, 491, 80, 10, 9999); 
insert into estoque values (default, 492, 'lote 227659', '2022-11-08', '2024-05-01', 32.07, 80, 0, 80); 
insert into estoque_total values (default, 492, 80, 10, 9999); 
insert into estoque values (default, 493, 'lote 280343', '2022-11-08', '2024-07-30', 5.67, 90, 0, 90); 
insert into estoque_total values (default, 493, 90, 10, 9999); 
insert into estoque values (default, 494, 'lote 288437', '2022-11-08', '2025-01-26', 12.37, 90, 0, 90); 
insert into estoque_total values (default, 494, 90, 10, 9999); 
insert into estoque values (default, 495, 'lote 207723', '2022-11-08', '2024-07-30', 8.02, 90, 0, 90); 
insert into estoque_total values (default, 495, 90, 10, 9999); 
insert into estoque values (default, 496, 'lote 151931', '2022-11-08', '2025-01-26', 5.53, 90, 0, 90); 
insert into estoque_total values (default, 496, 90, 10, 9999); 
insert into estoque values (default, 497, 'lote 498369', '2022-11-08', '2025-01-26', 28.22, 90, 0, 90); 
insert into estoque_total values (default, 497, 90, 10, 9999); 
insert into estoque values (default, 498, 'lote 149967', '2022-11-08', '2024-02-01', 26.59, 90, 0, 90); 
insert into estoque_total values (default, 498, 90, 10, 9999); 
insert into estoque values (default, 499, 'lote 158005', '2022-11-08', '2024-05-01', 29.1, 90, 0, 90); 
insert into estoque_total values (default, 499, 90, 10, 9999); 
insert into estoque values (default, 500, 'lote 721496', '2022-11-08', '2025-04-26', 11.55, 90, 0, 90); 
insert into estoque_total values (default, 500, 90, 10, 9999); 
insert into estoque values (default, 501, 'lote 076442', '2022-11-08', '2025-01-26', 17.33, 90, 0, 90); 
insert into estoque_total values (default, 501, 90, 10, 9999); 
insert into estoque values (default, 502, 'lote 362647', '2022-11-08', '2025-01-26', 15.78, 90, 0, 90); 
insert into estoque_total values (default, 502, 90, 10, 9999); 
insert into estoque values (default, 503, 'lote 887455', '2022-11-08', '2024-02-01', 2.76, 100, 0, 100); 
insert into estoque_total values (default, 503, 100, 10, 9999); 
insert into estoque values (default, 504, 'lote 712725', '2022-11-08', '2024-07-30', 5.06, 100, 0, 100); 
insert into estoque_total values (default, 504, 100, 10, 9999); 
insert into estoque values (default, 505, 'lote 619652', '2022-11-08', '2024-10-28', 25.4, 100, 0, 100); 
insert into estoque_total values (default, 505, 100, 10, 9999); 

-- vendas, itens de venda
insert into venda values (1, '2022-11-09 07:16:55', 428.46, 5, null); 
insert into itens_venda values (default, 1, 230, 230, 1, 3.90, 392.68); 
update estoque set quant_venda = quant_venda + 1, quant_atual = quant_atual - 1 where id = 230; 
update estoque_total set total = total - 1 where medicamento_id = 230; 
insert into itens_venda values (default, 1, 449, 449, 2, 3.50, 35.78); 
update estoque set quant_venda = quant_venda + 2, quant_atual = quant_atual - 2 where id = 449; 
update estoque_total set total = total - 2 where medicamento_id = 449; 

insert into venda values (2, '2022-11-09 07:33:48', 175.04, 18, null); 
insert into itens_venda values (default, 2, 413, 413, 2, 5.40, 175.04); 
update estoque set quant_venda = quant_venda + 2, quant_atual = quant_atual - 2 where id = 413; 
update estoque_total set total = total - 2 where medicamento_id = 413; 

insert into venda values (3, '2022-11-09 08:55:37', 136.70, 10, 23); 
insert into itens_venda values (default, 3, 324, 324, 1, 1.50, 18.02); 
update estoque set quant_venda = quant_venda + 1, quant_atual = quant_atual - 1 where id = 324; 
update estoque_total set total = total - 1 where medicamento_id = 324; 
insert into itens_venda values (default, 3, 433, 433, 2, 2.10, 52.20); 
update estoque set quant_venda = quant_venda + 2, quant_atual = quant_atual - 2 where id = 433; 
update estoque_total set total = total - 2 where medicamento_id = 433; 
insert into itens_venda values (default, 3, 201, 201, 2, 5.00, 66.48); 
update estoque set quant_venda = quant_venda + 2, quant_atual = quant_atual - 2 where id = 201; 
update estoque_total set total = total - 2 where medicamento_id = 201; 

insert into venda values (4, '2022-11-09 09:50:32', 270.33, 17, null); 
insert into itens_venda values (default, 4, 487, 487, 1, 11.20, 176.83); 
update estoque set quant_venda = quant_venda + 1, quant_atual = quant_atual - 1 where id = 487; 
update estoque_total set total = total - 1 where medicamento_id = 487; 
insert into itens_venda values (default, 4, 432, 432, 3, 0.20, 13.90); 
update estoque set quant_venda = quant_venda + 3, quant_atual = quant_atual - 3 where id = 432; 
update estoque_total set total = total - 3 where medicamento_id = 432; 
insert into itens_venda values (default, 4, 470, 470, 1, 7.80, 79.60); 
update estoque set quant_venda = quant_venda + 1, quant_atual = quant_atual - 1 where id = 470; 
update estoque_total set total = total - 1 where medicamento_id = 470; 

insert into venda values (5, '2022-11-09 10:18:50', 191.90, 20, 21); 
insert into itens_venda values (default, 5, 86, 86, 1, 5.70, 138.60); 
update estoque set quant_venda = quant_venda + 1, quant_atual = quant_atual - 1 where id = 86; 
update estoque_total set total = total - 1 where medicamento_id = 86; 
insert into itens_venda values (default, 5, 433, 433, 2, 1.00, 53.30); 
update estoque set quant_venda = quant_venda + 2, quant_atual = quant_atual - 2 where id = 433; 
update estoque_total set total = total - 2 where medicamento_id = 433; 

insert into venda values (6, '2022-11-09 11:19:17', 111.77, 4, 22); 
insert into itens_venda values (default, 6, 286, 286, 1, 0.60, 33.95); 
update estoque set quant_venda = quant_venda + 1, quant_atual = quant_atual - 1 where id = 286; 
update estoque_total set total = total - 1 where medicamento_id = 286; 
insert into itens_venda values (default, 6, 198, 198, 2, 4.00, 77.82); 
update estoque set quant_venda = quant_venda + 2, quant_atual = quant_atual - 2 where id = 198; 
update estoque_total set total = total - 2 where medicamento_id = 198; 

insert into venda values (7, '2022-11-09 11:57:30', 130.85, 4, null); 
insert into itens_venda values (default, 7, 207, 207, 1, 0.00, 97.92); 
update estoque set quant_venda = quant_venda + 1, quant_atual = quant_atual - 1 where id = 207; 
update estoque_total set total = total - 1 where medicamento_id = 207; 
insert into itens_venda values (default, 7, 500, 500, 1, 0.00, 15.97); 
update estoque set quant_venda = quant_venda + 1, quant_atual = quant_atual - 1 where id = 500; 
update estoque_total set total = total - 1 where medicamento_id = 500; 
insert into itens_venda values (default, 7, 386, 386, 1, 1.40, 16.96); 
update estoque set quant_venda = quant_venda + 1, quant_atual = quant_atual - 1 where id = 386; 
update estoque_total set total = total - 1 where medicamento_id = 386; 

insert into venda values (8, '2022-11-09 12:35:07', 141.63, null, null); 
insert into itens_venda values (default, 8, 451, 451, 3, 0.50, 57.25); 
update estoque set quant_venda = quant_venda + 3, quant_atual = quant_atual - 3 where id = 451; 
update estoque_total set total = total - 3 where medicamento_id = 451; 
insert into itens_venda values (default, 8, 241, 241, 1, 1.50, 37.87); 
update estoque set quant_venda = quant_venda + 1, quant_atual = quant_atual - 1 where id = 241; 
update estoque_total set total = total - 1 where medicamento_id = 241; 
insert into itens_venda values (default, 8, 500, 500, 3, 1.40, 46.51); 
update estoque set quant_venda = quant_venda + 3, quant_atual = quant_atual - 3 where id = 500; 
update estoque_total set total = total - 3 where medicamento_id = 500; 

insert into venda values (9, '2022-11-09 13:05:00', 15.87, null, null); 
insert into itens_venda values (default, 9, 500, 500, 1, 0.10, 15.87); 
update estoque set quant_venda = quant_venda + 1, quant_atual = quant_atual - 1 where id = 500; 
update estoque_total set total = total - 1 where medicamento_id = 500; 

insert into venda values (10, '2022-11-10 07:54:36', 261.67, 2, null); 
insert into itens_venda values (default, 10, 316, 316, 1, 16.10, 163.40); 
update estoque set quant_venda = quant_venda + 1, quant_atual = quant_atual - 1 where id = 316; 
update estoque_total set total = total - 1 where medicamento_id = 316; 
insert into itens_venda values (default, 10, 315, 315, 2, 5.40, 62.36); 
update estoque set quant_venda = quant_venda + 2, quant_atual = quant_atual - 2 where id = 315; 
update estoque_total set total = total - 2 where medicamento_id = 315; 
insert into itens_venda values (default, 10, 440, 440, 1, 3.50, 35.91); 
update estoque set quant_venda = quant_venda + 1, quant_atual = quant_atual - 1 where id = 440; 
update estoque_total set total = total - 1 where medicamento_id = 440; 

insert into venda values (11, '2022-11-10 09:42:17', 84.62, null, null); 
insert into itens_venda values (default, 11, 199, 199, 2, 1.70, 84.62); 
update estoque set quant_venda = quant_venda + 2, quant_atual = quant_atual - 2 where id = 199; 
update estoque_total set total = total - 2 where medicamento_id = 199; 

insert into venda values (12, '2022-11-10 12:21:53', 67.72, 15, null); 
insert into itens_venda values (default, 12, 405, 405, 2, 4.30, 67.72); 
update estoque set quant_venda = quant_venda + 2, quant_atual = quant_atual - 2 where id = 405; 
update estoque_total set total = total - 2 where medicamento_id = 405; 

insert into venda values (13, '2022-11-10 14:38:47', 263.46, 16, 23); 
insert into itens_venda values (default, 13, 261, 261, 2, 11.90, 137.86); 
update estoque set quant_venda = quant_venda + 2, quant_atual = quant_atual - 2 where id = 261; 
update estoque_total set total = total - 2 where medicamento_id = 261; 
insert into itens_venda values (default, 13, 134, 134, 1, 9.40, 125.60); 
update estoque set quant_venda = quant_venda + 1, quant_atual = quant_atual - 1 where id = 134; 
update estoque_total set total = total - 1 where medicamento_id = 134; 

insert into venda values (14, '2022-11-10 16:24:03', 88.80, null, null); 
insert into itens_venda values (default, 14, 469, 469, 1, 1.90, 45.98); 
update estoque set quant_venda = quant_venda + 1, quant_atual = quant_atual - 1 where id = 469; 
update estoque_total set total = total - 1 where medicamento_id = 469; 
insert into itens_venda values (default, 14, 502, 502, 2, 0.80, 42.82); 
update estoque set quant_venda = quant_venda + 2, quant_atual = quant_atual - 2 where id = 502; 
update estoque_total set total = total - 2 where medicamento_id = 502; 

insert into venda values (15, '2022-11-10 17:03:51', 98.02, null, null); 
insert into itens_venda values (default, 15, 435, 435, 1, 0.00, 98.02); 
update estoque set quant_venda = quant_venda + 1, quant_atual = quant_atual - 1 where id = 435; 
update estoque_total set total = total - 1 where medicamento_id = 435; 

insert into venda values (16, '2022-11-10 19:10:16', 199.36, null, null); 
insert into itens_venda values (default, 16, 389, 389, 2, 2.50, 62.30); 
update estoque set quant_venda = quant_venda + 2, quant_atual = quant_atual - 2 where id = 389; 
update estoque_total set total = total - 2 where medicamento_id = 389; 
insert into itens_venda values (default, 16, 428, 428, 3, 1.40, 48.52); 
update estoque set quant_venda = quant_venda + 3, quant_atual = quant_atual - 3 where id = 428; 
update estoque_total set total = total - 3 where medicamento_id = 428; 
insert into itens_venda values (default, 16, 138, 138, 2, 0.00, 88.54); 
update estoque set quant_venda = quant_venda + 2, quant_atual = quant_atual - 2 where id = 138; 
update estoque_total set total = total - 2 where medicamento_id = 138; 

insert into venda values (17, '2022-11-11 06:45:13', 57.00, 1, null); 
insert into itens_venda values (default, 17, 443, 443, 2, 3.70, 43.10); 
update estoque set quant_venda = quant_venda + 2, quant_atual = quant_atual - 2 where id = 443; 
update estoque_total set total = total - 2 where medicamento_id = 443; 
insert into itens_venda values (default, 17, 406, 406, 2, 0.50, 13.90); 
update estoque set quant_venda = quant_venda + 2, quant_atual = quant_atual - 2 where id = 406; 
update estoque_total set total = total - 2 where medicamento_id = 406; 

insert into venda values (18, '2022-11-11 09:01:10', 384.06, null, 21); 
insert into itens_venda values (default, 18, 215, 215, 1, 6.50, 212.40); 
update estoque set quant_venda = quant_venda + 1, quant_atual = quant_atual - 1 where id = 215; 
update estoque_total set total = total - 1 where medicamento_id = 215; 
insert into itens_venda values (default, 18, 322, 322, 2, 1.10, 55.14); 
update estoque set quant_venda = quant_venda + 2, quant_atual = quant_atual - 2 where id = 322; 
update estoque_total set total = total - 2 where medicamento_id = 322; 
insert into itens_venda values (default, 18, 103, 103, 1, 2.30, 116.52); 
update estoque set quant_venda = quant_venda + 1, quant_atual = quant_atual - 1 where id = 103; 
update estoque_total set total = total - 1 where medicamento_id = 103; 

insert into venda values (19, '2022-11-11 09:34:55', 38.18, 17, null); 
insert into itens_venda values (default, 19, 392, 392, 3, 3.70, 38.18); 
update estoque set quant_venda = quant_venda + 3, quant_atual = quant_atual - 3 where id = 392; 
update estoque_total set total = total - 3 where medicamento_id = 392; 

insert into venda values (20, '2022-11-11 12:07:59', 277.76, 16, 24); 
insert into itens_venda values (default, 20, 62, 62, 1, 11.50, 277.76); 
update estoque set quant_venda = quant_venda + 1, quant_atual = quant_atual - 1 where id = 62; 
update estoque_total set total = total - 1 where medicamento_id = 62; 

insert into venda values (21, '2022-11-11 12:25:31', 30.94, null, null); 
insert into itens_venda values (default, 21, 480, 480, 1, 0.60, 30.94); 
update estoque set quant_venda = quant_venda + 1, quant_atual = quant_atual - 1 where id = 480; 
update estoque_total set total = total - 1 where medicamento_id = 480; 

insert into venda values (22, '2022-11-12 07:21:33', 105.38, null, null); 
insert into itens_venda values (default, 22, 179, 179, 1, 0.40, 48.73); 
update estoque set quant_venda = quant_venda + 1, quant_atual = quant_atual - 1 where id = 179; 
update estoque_total set total = total - 1 where medicamento_id = 179; 
insert into itens_venda values (default, 22, 451, 451, 3, 1.10, 56.65); 
update estoque set quant_venda = quant_venda + 3, quant_atual = quant_atual - 3 where id = 451; 
update estoque_total set total = total - 3 where medicamento_id = 451; 

insert into venda values (23, '2022-11-12 08:27:33', 87.99, null, null); 
insert into itens_venda values (default, 23, 369, 369, 1, 1.70, 87.99); 
update estoque set quant_venda = quant_venda + 1, quant_atual = quant_atual - 1 where id = 369; 
update estoque_total set total = total - 1 where medicamento_id = 369; 

insert into venda values (24, '2022-11-12 09:58:12', 32.40, 2, null); 
insert into itens_venda values (default, 24, 389, 389, 1, 0.00, 32.40); 
update estoque set quant_venda = quant_venda + 1, quant_atual = quant_atual - 1 where id = 389; 
update estoque_total set total = total - 1 where medicamento_id = 389; 

insert into venda values (25, '2022-11-13 07:15:27', 358.09, null, null); 
insert into itens_venda values (default, 25, 427, 427, 3, 1.10, 37.84); 
update estoque set quant_venda = quant_venda + 3, quant_atual = quant_atual - 3 where id = 427; 
update estoque_total set total = total - 3 where medicamento_id = 427; 
insert into itens_venda values (default, 25, 352, 352, 3, 2.40, 78.42); 
update estoque set quant_venda = quant_venda + 3, quant_atual = quant_atual - 3 where id = 352; 
update estoque_total set total = total - 3 where medicamento_id = 352; 
insert into itens_venda values (default, 25, 307, 307, 1, 0.00, 241.83); 
update estoque set quant_venda = quant_venda + 1, quant_atual = quant_atual - 1 where id = 307; 
update estoque_total set total = total - 1 where medicamento_id = 307; 

insert into venda values (26, '2022-11-13 08:15:03', 582.42, null, 23); 
insert into itens_venda values (default, 26, 296, 296, 1, 0.50, 53.96); 
update estoque set quant_venda = quant_venda + 1, quant_atual = quant_atual - 1 where id = 296; 
update estoque_total set total = total - 1 where medicamento_id = 296; 
insert into itens_venda values (default, 26, 87, 87, 1, 11.70, 378.78); 
update estoque set quant_venda = quant_venda + 1, quant_atual = quant_atual - 1 where id = 87; 
update estoque_total set total = total - 1 where medicamento_id = 87; 
insert into itens_venda values (default, 26, 444, 444, 2, 1.50, 149.68); 
update estoque set quant_venda = quant_venda + 2, quant_atual = quant_atual - 2 where id = 444; 
update estoque_total set total = total - 2 where medicamento_id = 444; 

insert into venda values (27, '2022-11-13 09:06:48', 32.68, 11, null); 
insert into itens_venda values (default, 27, 284, 284, 2, 0.00, 32.68); 
update estoque set quant_venda = quant_venda + 2, quant_atual = quant_atual - 2 where id = 284; 
update estoque_total set total = total - 2 where medicamento_id = 284; 

insert into venda values (28, '2022-11-13 10:20:19', 260.92, 5, null); 
insert into itens_venda values (default, 28, 229, 229, 1, 0.00, 173.80); 
update estoque set quant_venda = quant_venda + 1, quant_atual = quant_atual - 1 where id = 229; 
update estoque_total set total = total - 1 where medicamento_id = 229; 
insert into itens_venda values (default, 28, 355, 355, 2, 0.50, 51.72); 
update estoque set quant_venda = quant_venda + 2, quant_atual = quant_atual - 2 where id = 355; 
update estoque_total set total = total - 2 where medicamento_id = 355; 
insert into itens_venda values (default, 28, 497, 497, 1, 2.20, 35.40); 
update estoque set quant_venda = quant_venda + 1, quant_atual = quant_atual - 1 where id = 497; 
update estoque_total set total = total - 1 where medicamento_id = 497; 

insert into venda values (29, '2022-11-13 10:29:59', 274.12, null, null); 
insert into itens_venda values (default, 29, 490, 490, 1, 0.00, 52.03); 
update estoque set quant_venda = quant_venda + 1, quant_atual = quant_atual - 1 where id = 490; 
update estoque_total set total = total - 1 where medicamento_id = 490; 
insert into itens_venda values (default, 29, 361, 361, 1, 5.60, 184.18); 
update estoque set quant_venda = quant_venda + 1, quant_atual = quant_atual - 1 where id = 361; 
update estoque_total set total = total - 1 where medicamento_id = 361; 
insert into itens_venda values (default, 29, 440, 440, 1, 1.50, 37.91); 
update estoque set quant_venda = quant_venda + 1, quant_atual = quant_atual - 1 where id = 440; 
update estoque_total set total = total - 1 where medicamento_id = 440; 

insert into venda values (30, '2022-11-13 11:24:10', 405.90, null, null); 
insert into itens_venda values (default, 30, 312, 312, 2, 0.00, 52.90); 
update estoque set quant_venda = quant_venda + 2, quant_atual = quant_atual - 2 where id = 312; 
update estoque_total set total = total - 2 where medicamento_id = 312; 
insert into itens_venda values (default, 30, 270, 270, 1, 0.00, 330.31); 
update estoque set quant_venda = quant_venda + 1, quant_atual = quant_atual - 1 where id = 270; 
update estoque_total set total = total - 1 where medicamento_id = 270; 
insert into itens_venda values (default, 30, 501, 501, 1, 0.40, 22.69); 
update estoque set quant_venda = quant_venda + 1, quant_atual = quant_atual - 1 where id = 501; 
update estoque_total set total = total - 1 where medicamento_id = 501; 

insert into venda values (31, '2022-11-13 12:35:52', 266.74, null, null); 
insert into itens_venda values (default, 31, 444, 444, 1, 3.00, 72.59); 
update estoque set quant_venda = quant_venda + 1, quant_atual = quant_atual - 1 where id = 444; 
update estoque_total set total = total - 1 where medicamento_id = 444; 
insert into itens_venda values (default, 31, 239, 239, 1, 0.00, 194.15); 
update estoque set quant_venda = quant_venda + 1, quant_atual = quant_atual - 1 where id = 239; 
update estoque_total set total = total - 1 where medicamento_id = 239; 

insert into venda values (32, '2022-11-13 13:51:28', 201.73, null, null); 
insert into itens_venda values (default, 32, 154, 154, 1, 2.70, 65.95); 
update estoque set quant_venda = quant_venda + 1, quant_atual = quant_atual - 1 where id = 154; 
update estoque_total set total = total - 1 where medicamento_id = 154; 
insert into itens_venda values (default, 32, 337, 337, 2, 3.60, 86.62); 
update estoque set quant_venda = quant_venda + 2, quant_atual = quant_atual - 2 where id = 337; 
update estoque_total set total = total - 2 where medicamento_id = 337; 
insert into itens_venda values (default, 32, 473, 473, 1, 0.00, 49.16); 
update estoque set quant_venda = quant_venda + 1, quant_atual = quant_atual - 1 where id = 473; 
update estoque_total set total = total - 1 where medicamento_id = 473; 

insert into venda values (33, '2022-11-13 14:18:19', 115.04, 1, null); 
insert into itens_venda values (default, 33, 493, 493, 1, 0.10, 7.46); 
update estoque set quant_venda = quant_venda + 1, quant_atual = quant_atual - 1 where id = 493; 
update estoque_total set total = total - 1 where medicamento_id = 493; 
insert into itens_venda values (default, 33, 493, 493, 3, 1.50, 21.18); 
update estoque set quant_venda = quant_venda + 3, quant_atual = quant_atual - 3 where id = 493; 
update estoque_total set total = total - 3 where medicamento_id = 493; 
insert into itens_venda values (default, 33, 391, 391, 1, 2.60, 86.40); 
update estoque set quant_venda = quant_venda + 1, quant_atual = quant_atual - 1 where id = 391; 
update estoque_total set total = total - 1 where medicamento_id = 391; 

insert into venda values (34, '2022-11-14 06:28:02', 126.71, 11, null); 
insert into itens_venda values (default, 34, 418, 418, 1, 1.60, 26.05); 
update estoque set quant_venda = quant_venda + 1, quant_atual = quant_atual - 1 where id = 418; 
update estoque_total set total = total - 1 where medicamento_id = 418; 
insert into itens_venda values (default, 34, 73, 73, 2, 0.00, 100.66); 
update estoque set quant_venda = quant_venda + 2, quant_atual = quant_atual - 2 where id = 73; 
update estoque_total set total = total - 2 where medicamento_id = 73; 

insert into venda values (35, '2022-11-14 08:05:28', 98.38, null, null); 
insert into itens_venda values (default, 35, 401, 401, 2, 1.30, 65.98); 
update estoque set quant_venda = quant_venda + 2, quant_atual = quant_atual - 2 where id = 401; 
update estoque_total set total = total - 2 where medicamento_id = 401; 
insert into itens_venda values (default, 35, 424, 424, 3, 0.60, 32.40); 
update estoque set quant_venda = quant_venda + 3, quant_atual = quant_atual - 3 where id = 424; 
update estoque_total set total = total - 3 where medicamento_id = 424; 

insert into venda values (36, '2022-11-14 09:04:48', 266.68, null, 22); 
insert into itens_venda values (default, 36, 80, 80, 1, 0.00, 237.07); 
update estoque set quant_venda = quant_venda + 1, quant_atual = quant_atual - 1 where id = 80; 
update estoque_total set total = total - 1 where medicamento_id = 80; 
insert into itens_venda values (default, 36, 494, 494, 1, 0.00, 16.47); 
update estoque set quant_venda = quant_venda + 1, quant_atual = quant_atual - 1 where id = 494; 
update estoque_total set total = total - 1 where medicamento_id = 494; 
insert into itens_venda values (default, 36, 481, 481, 1, 0.20, 13.14); 
update estoque set quant_venda = quant_venda + 1, quant_atual = quant_atual - 1 where id = 481; 
update estoque_total set total = total - 1 where medicamento_id = 481; 

insert into venda values (37, '2022-11-14 09:27:15', 24.25, null, null); 
insert into itens_venda values (default, 37, 409, 409, 1, 0.20, 24.25); 
update estoque set quant_venda = quant_venda + 1, quant_atual = quant_atual - 1 where id = 409; 
update estoque_total set total = total - 1 where medicamento_id = 409; 

insert into venda values (38, '2022-11-14 11:39:29', 179.00, null, 24); 
insert into itens_venda values (default, 38, 317, 317, 2, 1.80, 179.00); 
update estoque set quant_venda = quant_venda + 2, quant_atual = quant_atual - 2 where id = 317; 
update estoque_total set total = total - 2 where medicamento_id = 317; 

insert into venda values (39, '2022-11-14 12:30:11', 51.22, null, null); 
insert into itens_venda values (default, 39, 123, 123, 1, 0.50, 51.22); 
update estoque set quant_venda = quant_venda + 1, quant_atual = quant_atual - 1 where id = 123; 
update estoque_total set total = total - 1 where medicamento_id = 123; 

insert into venda values (40, '2022-11-14 13:56:03', 181.58, 7, null); 
insert into itens_venda values (default, 40, 418, 418, 3, 4.90, 78.05); 
update estoque set quant_venda = quant_venda + 3, quant_atual = quant_atual - 3 where id = 418; 
update estoque_total set total = total - 3 where medicamento_id = 418; 
insert into itens_venda values (default, 40, 437, 437, 2, 4.10, 48.26); 
update estoque set quant_venda = quant_venda + 2, quant_atual = quant_atual - 2 where id = 437; 
update estoque_total set total = total - 2 where medicamento_id = 437; 
insert into itens_venda values (default, 40, 461, 461, 3, 0.50, 55.27); 
update estoque set quant_venda = quant_venda + 3, quant_atual = quant_atual - 3 where id = 461; 
update estoque_total set total = total - 3 where medicamento_id = 461; 

insert into venda values (41, '2022-11-15 07:02:28', 231.85, null, null); 
insert into itens_venda values (default, 41, 323, 323, 1, 0.50, 17.17); 
update estoque set quant_venda = quant_venda + 1, quant_atual = quant_atual - 1 where id = 323; 
update estoque_total set total = total - 1 where medicamento_id = 323; 
insert into itens_venda values (default, 41, 411, 411, 2, 5.70, 138.64); 
update estoque set quant_venda = quant_venda + 2, quant_atual = quant_atual - 2 where id = 411; 
update estoque_total set total = total - 2 where medicamento_id = 411; 
insert into itens_venda values (default, 41, 499, 499, 2, 1.50, 76.04); 
update estoque set quant_venda = quant_venda + 2, quant_atual = quant_atual - 2 where id = 499; 
update estoque_total set total = total - 2 where medicamento_id = 499; 

insert into venda values (42, '2022-11-15 09:48:17', 239.58, null, 25); 
insert into itens_venda values (default, 42, 357, 357, 2, 1.20, 122.56); 
update estoque set quant_venda = quant_venda + 2, quant_atual = quant_atual - 2 where id = 357; 
update estoque_total set total = total - 2 where medicamento_id = 357; 
insert into itens_venda values (default, 42, 297, 297, 2, 0.00, 117.02); 
update estoque set quant_venda = quant_venda + 2, quant_atual = quant_atual - 2 where id = 297; 
update estoque_total set total = total - 2 where medicamento_id = 297; 

insert into venda values (43, '2022-11-15 11:15:35', 47.63, 3, 24); 
insert into itens_venda values (default, 43, 366, 366, 1, 1.90, 47.63); 
update estoque set quant_venda = quant_venda + 1, quant_atual = quant_atual - 1 where id = 366; 
update estoque_total set total = total - 1 where medicamento_id = 366; 

insert into venda values (44, '2022-11-15 13:40:10', 80.87, 12, 21); 
insert into itens_venda values (default, 44, 451, 451, 1, 1.10, 18.15); 
update estoque set quant_venda = quant_venda + 1, quant_atual = quant_atual - 1 where id = 451; 
update estoque_total set total = total - 1 where medicamento_id = 451; 
insert into itens_venda values (default, 44, 277, 277, 1, 2.80, 32.58); 
update estoque set quant_venda = quant_venda + 1, quant_atual = quant_atual - 1 where id = 277; 
update estoque_total set total = total - 1 where medicamento_id = 277; 
insert into itens_venda values (default, 44, 484, 484, 2, 2.90, 30.14); 
update estoque set quant_venda = quant_venda + 2, quant_atual = quant_atual - 2 where id = 484; 
update estoque_total set total = total - 2 where medicamento_id = 484; 

insert into venda values (45, '2022-11-15 15:27:11', 126.36, 1, null); 
insert into itens_venda values (default, 45, 398, 398, 3, 0.40, 46.22); 
update estoque set quant_venda = quant_venda + 3, quant_atual = quant_atual - 3 where id = 398; 
update estoque_total set total = total - 3 where medicamento_id = 398; 
insert into itens_venda values (default, 45, 395, 395, 2, 2.40, 80.14); 
update estoque set quant_venda = quant_venda + 2, quant_atual = quant_atual - 2 where id = 395; 
update estoque_total set total = total - 2 where medicamento_id = 395; 

insert into venda values (46, '2022-11-15 15:46:16', 10.56, 3, null); 
insert into itens_venda values (default, 46, 431, 431, 1, 0.70, 10.56); 
update estoque set quant_venda = quant_venda + 1, quant_atual = quant_atual - 1 where id = 431; 
update estoque_total set total = total - 1 where medicamento_id = 431; 

insert into venda values (47, '2022-11-15 16:45:48', 148.74, 12, null); 
insert into itens_venda values (default, 47, 466, 466, 1, 4.90, 119.98); 
update estoque set quant_venda = quant_venda + 1, quant_atual = quant_atual - 1 where id = 466; 
update estoque_total set total = total - 1 where medicamento_id = 466; 
insert into itens_venda values (default, 47, 368, 368, 2, 2.80, 28.76); 
update estoque set quant_venda = quant_venda + 2, quant_atual = quant_atual - 2 where id = 368; 
update estoque_total set total = total - 2 where medicamento_id = 368; 

insert into venda values (48, '2022-11-16 07:13:09', 61.13, 12, null); 
insert into itens_venda values (default, 48, 467, 467, 1, 1.20, 61.13); 
update estoque set quant_venda = quant_venda + 1, quant_atual = quant_atual - 1 where id = 467; 
update estoque_total set total = total - 1 where medicamento_id = 467; 

insert into venda values (49, '2022-11-16 08:16:30', 131.22, 15, 25); 
insert into itens_venda values (default, 49, 133, 133, 2, 8.30, 131.22); 
update estoque set quant_venda = quant_venda + 2, quant_atual = quant_atual - 2 where id = 133; 
update estoque_total set total = total - 2 where medicamento_id = 133; 

insert into venda values (50, '2022-11-16 09:20:01', 250.73, null, 24); 
insert into itens_venda values (default, 50, 292, 292, 3, 0.90, 31.20); 
update estoque set quant_venda = quant_venda + 3, quant_atual = quant_atual - 3 where id = 292; 
update estoque_total set total = total - 3 where medicamento_id = 292; 
insert into itens_venda values (default, 50, 190, 190, 1, 4.40, 219.53); 
update estoque set quant_venda = quant_venda + 1, quant_atual = quant_atual - 1 where id = 190; 
update estoque_total set total = total - 1 where medicamento_id = 190; 

insert into venda values (51, '2022-11-16 09:33:18', 216.04, 2, null); 
insert into itens_venda values (default, 51, 370, 370, 1, 21.30, 216.04); 
update estoque set quant_venda = quant_venda + 1, quant_atual = quant_atual - 1 where id = 370; 
update estoque_total set total = total - 1 where medicamento_id = 370; 

insert into venda values (52, '2022-11-16 10:30:16', 34.22, null, null); 
insert into itens_venda values (default, 52, 382, 382, 1, 0.30, 34.22); 
update estoque set quant_venda = quant_venda + 1, quant_atual = quant_atual - 1 where id = 382; 
update estoque_total set total = total - 1 where medicamento_id = 382; 

insert into venda values (53, '2022-11-16 11:00:29', 227.58, 14, null); 
insert into itens_venda values (default, 53, 393, 393, 3, 1.40, 72.16); 
update estoque set quant_venda = quant_venda + 3, quant_atual = quant_atual - 3 where id = 393; 
update estoque_total set total = total - 3 where medicamento_id = 393; 
insert into itens_venda values (default, 53, 443, 443, 3, 6.30, 63.90); 
update estoque set quant_venda = quant_venda + 3, quant_atual = quant_atual - 3 where id = 443; 
update estoque_total set total = total - 3 where medicamento_id = 443; 
insert into itens_venda values (default, 53, 264, 264, 2, 6.80, 91.52); 
update estoque set quant_venda = quant_venda + 2, quant_atual = quant_atual - 2 where id = 264; 
update estoque_total set total = total - 2 where medicamento_id = 264; 

insert into venda values (54, '2022-11-16 11:51:13', 473.69, 5, 23); 
insert into itens_venda values (default, 54, 429, 429, 3, 1.40, 72.73); 
update estoque set quant_venda = quant_venda + 3, quant_atual = quant_atual - 3 where id = 429; 
update estoque_total set total = total - 3 where medicamento_id = 429; 
insert into itens_venda values (default, 54, 106, 106, 1, 19.70, 374.74); 
update estoque set quant_venda = quant_venda + 1, quant_atual = quant_atual - 1 where id = 106; 
update estoque_total set total = total - 1 where medicamento_id = 106; 
insert into itens_venda values (default, 54, 238, 238, 2, 2.20, 26.22); 
update estoque set quant_venda = quant_venda + 2, quant_atual = quant_atual - 2 where id = 238; 
update estoque_total set total = total - 2 where medicamento_id = 238; 

insert into venda values (55, '2022-11-16 12:55:26', 357.89, null, null); 
insert into itens_venda values (default, 55, 272, 272, 1, 0.00, 276.31); 
update estoque set quant_venda = quant_venda + 1, quant_atual = quant_atual - 1 where id = 272; 
update estoque_total set total = total - 1 where medicamento_id = 272; 
insert into itens_venda values (default, 55, 304, 304, 3, 0.80, 81.58); 
update estoque set quant_venda = quant_venda + 3, quant_atual = quant_atual - 3 where id = 304; 
update estoque_total set total = total - 3 where medicamento_id = 304; 

insert into venda values (56, '2022-11-16 13:37:32', 251.44, null, null); 
insert into itens_venda values (default, 56, 391, 391, 2, 1.70, 176.30); 
update estoque set quant_venda = quant_venda + 2, quant_atual = quant_atual - 2 where id = 391; 
update estoque_total set total = total - 2 where medicamento_id = 391; 
insert into itens_venda values (default, 56, 378, 378, 2, 0.00, 75.14); 
update estoque set quant_venda = quant_venda + 2, quant_atual = quant_atual - 2 where id = 378; 
update estoque_total set total = total - 2 where medicamento_id = 378; 

insert into venda values (57, '2022-11-16 14:34:56', 108.00, null, 23); 
insert into itens_venda values (default, 57, 497, 497, 1, 1.10, 36.50); 
update estoque set quant_venda = quant_venda + 1, quant_atual = quant_atual - 1 where id = 497; 
update estoque_total set total = total - 1 where medicamento_id = 497; 
insert into itens_venda values (default, 57, 276, 276, 2, 0.70, 71.50); 
update estoque set quant_venda = quant_venda + 2, quant_atual = quant_atual - 2 where id = 276; 
update estoque_total set total = total - 2 where medicamento_id = 276; 

insert into venda values (58, '2022-11-16 15:10:40', 63.84, null, null); 
insert into itens_venda values (default, 58, 436, 436, 1, 1.90, 63.84); 
update estoque set quant_venda = quant_venda + 1, quant_atual = quant_atual - 1 where id = 436; 
update estoque_total set total = total - 1 where medicamento_id = 436; 

insert into venda values (59, '2022-11-16 16:06:49', 72.94, null, null); 
insert into itens_venda values (default, 59, 378, 378, 2, 2.20, 72.94); 
update estoque set quant_venda = quant_venda + 2, quant_atual = quant_atual - 2 where id = 378; 
update estoque_total set total = total - 2 where medicamento_id = 378; 

insert into venda values (60, '2022-11-16 16:57:02', 30.78, null, null); 
insert into itens_venda values (default, 60, 423, 423, 2, 1.20, 30.78); 
update estoque set quant_venda = quant_venda + 2, quant_atual = quant_atual - 2 where id = 423; 
update estoque_total set total = total - 2 where medicamento_id = 423; 

insert into venda values (61, '2022-11-17 07:19:01', 279.47, 2, 23); 
insert into itens_venda values (default, 61, 268, 268, 1, 11.60, 279.47); 
update estoque set quant_venda = quant_venda + 1, quant_atual = quant_atual - 1 where id = 268; 
update estoque_total set total = total - 1 where medicamento_id = 268; 

insert into venda values (62, '2022-11-17 08:37:59', 164.02, null, null); 
insert into itens_venda values (default, 62, 498, 498, 2, 0.70, 70.16); 
update estoque set quant_venda = quant_venda + 2, quant_atual = quant_atual - 2 where id = 498; 
update estoque_total set total = total - 2 where medicamento_id = 498; 
insert into itens_venda values (default, 62, 469, 469, 2, 1.90, 93.86); 
update estoque set quant_venda = quant_venda + 2, quant_atual = quant_atual - 2 where id = 469; 
update estoque_total set total = total - 2 where medicamento_id = 469; 

insert into venda values (63, '2022-11-17 08:58:57', 168.41, null, null); 
insert into itens_venda values (default, 63, 448, 448, 3, 0.00, 49.47); 
update estoque set quant_venda = quant_venda + 3, quant_atual = quant_atual - 3 where id = 448; 
update estoque_total set total = total - 3 where medicamento_id = 448; 
insert into itens_venda values (default, 63, 398, 398, 1, 0.40, 15.14); 
update estoque set quant_venda = quant_venda + 1, quant_atual = quant_atual - 1 where id = 398; 
update estoque_total set total = total - 1 where medicamento_id = 398; 
insert into itens_venda values (default, 63, 283, 283, 2, 0.00, 103.80); 
update estoque set quant_venda = quant_venda + 2, quant_atual = quant_atual - 2 where id = 283; 
update estoque_total set total = total - 2 where medicamento_id = 283; 

insert into venda values (64, '2022-11-17 09:53:48', 392.87, 6, 21); 
insert into itens_venda values (default, 64, 106, 106, 1, 27.60, 366.84); 
update estoque set quant_venda = quant_venda + 1, quant_atual = quant_atual - 1 where id = 106; 
update estoque_total set total = total - 1 where medicamento_id = 106; 
insert into itens_venda values (default, 64, 447, 447, 1, 0.50, 26.03); 
update estoque set quant_venda = quant_venda + 1, quant_atual = quant_atual - 1 where id = 447; 
update estoque_total set total = total - 1 where medicamento_id = 447; 

insert into venda values (65, '2022-11-17 10:43:37', 146.57, null, null); 
insert into itens_venda values (default, 65, 470, 470, 1, 0.00, 87.40); 
update estoque set quant_venda = quant_venda + 1, quant_atual = quant_atual - 1 where id = 470; 
update estoque_total set total = total - 1 where medicamento_id = 470; 
insert into itens_venda values (default, 65, 452, 452, 1, 0.50, 59.17); 
update estoque set quant_venda = quant_venda + 1, quant_atual = quant_atual - 1 where id = 452; 
update estoque_total set total = total - 1 where medicamento_id = 452; 

insert into venda values (66, '2022-11-17 11:17:52', 270.50, null, null); 
insert into itens_venda values (default, 66, 487, 487, 1, 5.60, 182.43); 
update estoque set quant_venda = quant_venda + 1, quant_atual = quant_atual - 1 where id = 487; 
update estoque_total set total = total - 1 where medicamento_id = 487; 
insert into itens_venda values (default, 66, 402, 402, 1, 0.50, 16.37); 
update estoque set quant_venda = quant_venda + 1, quant_atual = quant_atual - 1 where id = 402; 
update estoque_total set total = total - 1 where medicamento_id = 402; 
insert into itens_venda values (default, 66, 425, 425, 2, 0.70, 71.70); 
update estoque set quant_venda = quant_venda + 2, quant_atual = quant_atual - 2 where id = 425; 
update estoque_total set total = total - 2 where medicamento_id = 425; 

insert into venda values (67, '2022-11-17 11:30:19', 105.00, null, 22); 
insert into itens_venda values (default, 67, 377, 377, 2, 0.60, 32.86); 
update estoque set quant_venda = quant_venda + 2, quant_atual = quant_atual - 2 where id = 377; 
update estoque_total set total = total - 2 where medicamento_id = 377; 
insert into itens_venda values (default, 67, 336, 336, 1, 1.10, 36.94); 
update estoque set quant_venda = quant_venda + 1, quant_atual = quant_atual - 1 where id = 336; 
update estoque_total set total = total - 1 where medicamento_id = 336; 
insert into itens_venda values (default, 67, 458, 458, 1, 1.00, 35.20); 
update estoque set quant_venda = quant_venda + 1, quant_atual = quant_atual - 1 where id = 458; 
update estoque_total set total = total - 1 where medicamento_id = 458; 

insert into venda values (68, '2022-11-17 11:51:46', 57.44, 1, null); 
insert into itens_venda values (default, 68, 332, 332, 1, 5.60, 57.44); 
update estoque set quant_venda = quant_venda + 1, quant_atual = quant_atual - 1 where id = 332; 
update estoque_total set total = total - 1 where medicamento_id = 332; 

insert into venda values (69, '2022-11-17 13:03:37', 132.20, null, null); 
insert into itens_venda values (default, 69, 400, 400, 1, 4.00, 132.20); 
update estoque set quant_venda = quant_venda + 1, quant_atual = quant_atual - 1 where id = 400; 
update estoque_total set total = total - 1 where medicamento_id = 400; 

insert into venda values (70, '2022-11-17 14:18:04', 192.63, null, 23); 
insert into itens_venda values (default, 70, 285, 285, 1, 0.00, 122.18); 
update estoque set quant_venda = quant_venda + 1, quant_atual = quant_atual - 1 where id = 285; 
update estoque_total set total = total - 1 where medicamento_id = 285; 
insert into itens_venda values (default, 70, 72, 72, 2, 1.00, 35.50); 
update estoque set quant_venda = quant_venda + 2, quant_atual = quant_atual - 2 where id = 72; 
update estoque_total set total = total - 2 where medicamento_id = 72; 
insert into itens_venda values (default, 70, 344, 344, 1, 0.30, 34.95); 
update estoque set quant_venda = quant_venda + 1, quant_atual = quant_atual - 1 where id = 344; 
update estoque_total set total = total - 1 where medicamento_id = 344; 

insert into venda values (71, '2022-11-17 14:39:19', 299.78, null, null); 
insert into itens_venda values (default, 71, 370, 370, 1, 0.00, 237.34); 
update estoque set quant_venda = quant_venda + 1, quant_atual = quant_atual - 1 where id = 370; 
update estoque_total set total = total - 1 where medicamento_id = 370; 
insert into itens_venda values (default, 71, 477, 477, 1, 2.60, 62.44); 
update estoque set quant_venda = quant_venda + 1, quant_atual = quant_atual - 1 where id = 477; 
update estoque_total set total = total - 1 where medicamento_id = 477; 

insert into venda values (72, '2022-11-17 15:04:38', 321.14, null, null); 
insert into itens_venda values (default, 72, 269, 269, 2, 0.00, 76.92); 
update estoque set quant_venda = quant_venda + 2, quant_atual = quant_atual - 2 where id = 269; 
update estoque_total set total = total - 2 where medicamento_id = 269; 
insert into itens_venda values (default, 72, 420, 420, 2, 5.30, 128.24); 
update estoque set quant_venda = quant_venda + 2, quant_atual = quant_atual - 2 where id = 420; 
update estoque_total set total = total - 2 where medicamento_id = 420; 
insert into itens_venda values (default, 72, 381, 381, 2, 4.80, 115.98); 
update estoque set quant_venda = quant_venda + 2, quant_atual = quant_atual - 2 where id = 381; 
update estoque_total set total = total - 2 where medicamento_id = 381; 

insert into venda values (73, '2022-11-17 15:53:45', 163.48, 18, null); 
insert into itens_venda values (default, 73, 456, 456, 2, 1.50, 75.42); 
update estoque set quant_venda = quant_venda + 2, quant_atual = quant_atual - 2 where id = 456; 
update estoque_total set total = total - 2 where medicamento_id = 456; 
insert into itens_venda values (default, 73, 85, 85, 2, 8.60, 88.06); 
update estoque set quant_venda = quant_venda + 2, quant_atual = quant_atual - 2 where id = 85; 
update estoque_total set total = total - 2 where medicamento_id = 85; 

insert into venda values (74, '2022-11-18 06:41:05', 323.46, null, null); 
insert into itens_venda values (default, 74, 399, 399, 1, 2.00, 49.85); 
update estoque set quant_venda = quant_venda + 1, quant_atual = quant_atual - 1 where id = 399; 
update estoque_total set total = total - 1 where medicamento_id = 399; 
insert into itens_venda values (default, 74, 272, 272, 1, 2.70, 273.61); 
update estoque set quant_venda = quant_venda + 1, quant_atual = quant_atual - 1 where id = 272; 
update estoque_total set total = total - 1 where medicamento_id = 272; 

insert into venda values (75, '2022-11-18 06:48:59', 224.64, 14, null); 
insert into itens_venda values (default, 75, 469, 469, 2, 0.00, 95.76); 
update estoque set quant_venda = quant_venda + 2, quant_atual = quant_atual - 2 where id = 469; 
update estoque_total set total = total - 2 where medicamento_id = 469; 
insert into itens_venda values (default, 75, 436, 436, 2, 2.60, 128.88); 
update estoque set quant_venda = quant_venda + 2, quant_atual = quant_atual - 2 where id = 436; 
update estoque_total set total = total - 2 where medicamento_id = 436; 

insert into venda values (76, '2022-11-18 07:12:54', 151.52, 7, null); 
insert into itens_venda values (default, 76, 501, 501, 2, 0.40, 45.78); 
update estoque set quant_venda = quant_venda + 2, quant_atual = quant_atual - 2 where id = 501; 
update estoque_total set total = total - 2 where medicamento_id = 501; 
insert into itens_venda values (default, 76, 493, 493, 1, 0.20, 7.36); 
update estoque set quant_venda = quant_venda + 1, quant_atual = quant_atual - 1 where id = 493; 
update estoque_total set total = total - 1 where medicamento_id = 493; 
insert into itens_venda values (default, 76, 438, 438, 2, 6.20, 98.38); 
update estoque set quant_venda = quant_venda + 2, quant_atual = quant_atual - 2 where id = 438; 
update estoque_total set total = total - 2 where medicamento_id = 438; 

insert into venda values (77, '2022-11-18 08:02:50', 125.04, 14, null); 
insert into itens_venda values (default, 77, 302, 302, 2, 0.80, 26.66); 
update estoque set quant_venda = quant_venda + 2, quant_atual = quant_atual - 2 where id = 302; 
update estoque_total set total = total - 2 where medicamento_id = 302; 
insert into itens_venda values (default, 77, 438, 438, 2, 6.20, 98.38); 
update estoque set quant_venda = quant_venda + 2, quant_atual = quant_atual - 2 where id = 438; 
update estoque_total set total = total - 2 where medicamento_id = 438; 

insert into venda values (78, '2022-11-18 08:48:48', 287.30, null, 22); 
insert into itens_venda values (default, 78, 97, 97, 1, 11.40, 273.95); 
update estoque set quant_venda = quant_venda + 1, quant_atual = quant_atual - 1 where id = 97; 
update estoque_total set total = total - 1 where medicamento_id = 97; 
insert into itens_venda values (default, 78, 463, 463, 1, 0.00, 13.35); 
update estoque set quant_venda = quant_venda + 1, quant_atual = quant_atual - 1 where id = 463; 
update estoque_total set total = total - 1 where medicamento_id = 463; 

insert into venda values (79, '2022-11-18 10:07:46', 46.70, null, null); 
insert into itens_venda values (default, 79, 404, 404, 3, 1.90, 46.70); 
update estoque set quant_venda = quant_venda + 3, quant_atual = quant_atual - 3 where id = 404; 
update estoque_total set total = total - 3 where medicamento_id = 404; 

insert into venda values (80, '2022-11-18 11:26:08', 144.85, null, null); 
insert into itens_venda values (default, 80, 245, 245, 1, 2.90, 144.85); 
update estoque set quant_venda = quant_venda + 1, quant_atual = quant_atual - 1 where id = 245; 
update estoque_total set total = total - 1 where medicamento_id = 245; 

insert into venda values (81, '2022-11-18 12:01:15', 171.40, 20, null); 
insert into itens_venda values (default, 81, 470, 470, 2, 3.40, 171.40); 
update estoque set quant_venda = quant_venda + 2, quant_atual = quant_atual - 2 where id = 470; 
update estoque_total set total = total - 2 where medicamento_id = 470; 

insert into venda values (82, '2022-11-18 13:17:54', 181.20, null, null); 
insert into itens_venda values (default, 82, 489, 489, 1, 0.40, 43.59); 
update estoque set quant_venda = quant_venda + 1, quant_atual = quant_atual - 1 where id = 489; 
update estoque_total set total = total - 1 where medicamento_id = 489; 
insert into itens_venda values (default, 82, 501, 501, 3, 0.00, 69.27); 
update estoque set quant_venda = quant_venda + 3, quant_atual = quant_atual - 3 where id = 501; 
update estoque_total set total = total - 3 where medicamento_id = 501; 
insert into itens_venda values (default, 82, 457, 457, 2, 0.00, 68.34); 
update estoque set quant_venda = quant_venda + 2, quant_atual = quant_atual - 2 where id = 457; 
update estoque_total set total = total - 2 where medicamento_id = 457; 

insert into venda values (83, '2022-11-19 08:27:13', 161.30, null, null); 
insert into itens_venda values (default, 83, 469, 469, 1, 0.40, 47.48); 
update estoque set quant_venda = quant_venda + 1, quant_atual = quant_atual - 1 where id = 469; 
update estoque_total set total = total - 1 where medicamento_id = 469; 
insert into itens_venda values (default, 83, 398, 398, 3, 0.40, 46.22); 
update estoque set quant_venda = quant_venda + 3, quant_atual = quant_atual - 3 where id = 398; 
update estoque_total set total = total - 3 where medicamento_id = 398; 
insert into itens_venda values (default, 83, 329, 329, 2, 0.60, 67.60); 
update estoque set quant_venda = quant_venda + 2, quant_atual = quant_atual - 2 where id = 329; 
update estoque_total set total = total - 2 where medicamento_id = 329; 

insert into venda values (84, '2022-11-19 09:09:15', 176.38, 18, null); 
insert into itens_venda values (default, 84, 503, 503, 2, 0.50, 6.84); 
update estoque set quant_venda = quant_venda + 2, quant_atual = quant_atual - 2 where id = 503; 
update estoque_total set total = total - 2 where medicamento_id = 503; 
insert into itens_venda values (default, 84, 466, 466, 1, 4.90, 119.98); 
update estoque set quant_venda = quant_venda + 1, quant_atual = quant_atual - 1 where id = 466; 
update estoque_total set total = total - 1 where medicamento_id = 466; 
insert into itens_venda values (default, 84, 397, 397, 3, 4.80, 49.56); 
update estoque set quant_venda = quant_venda + 3, quant_atual = quant_atual - 3 where id = 397; 
update estoque_total set total = total - 3 where medicamento_id = 397; 

insert into venda values (85, '2022-11-19 10:23:26', 56.53, null, null); 
insert into itens_venda values (default, 85, 397, 397, 2, 0.70, 35.54); 
update estoque set quant_venda = quant_venda + 2, quant_atual = quant_atual - 2 where id = 397; 
update estoque_total set total = total - 2 where medicamento_id = 397; 
insert into itens_venda values (default, 85, 314, 314, 1, 0.00, 20.99); 
update estoque set quant_venda = quant_venda + 1, quant_atual = quant_atual - 1 where id = 314; 
update estoque_total set total = total - 1 where medicamento_id = 314; 

insert into venda values (86, '2022-11-19 11:01:50', 186.11, 11, null); 
insert into itens_venda values (default, 86, 341, 341, 3, 3.40, 40.16); 
update estoque set quant_venda = quant_venda + 3, quant_atual = quant_atual - 3 where id = 341; 
update estoque_total set total = total - 3 where medicamento_id = 341; 
insert into itens_venda values (default, 86, 468, 468, 1, 5.30, 54.17); 
update estoque set quant_venda = quant_venda + 1, quant_atual = quant_atual - 1 where id = 468; 
update estoque_total set total = total - 1 where medicamento_id = 468; 
insert into itens_venda values (default, 86, 295, 295, 1, 5.80, 91.78); 
update estoque set quant_venda = quant_venda + 1, quant_atual = quant_atual - 1 where id = 295; 
update estoque_total set total = total - 1 where medicamento_id = 295; 

insert into venda values (87, '2022-11-19 11:53:43', 114.39, null, null); 
insert into itens_venda values (default, 87, 447, 447, 1, 0.00, 26.53); 
update estoque set quant_venda = quant_venda + 1, quant_atual = quant_atual - 1 where id = 447; 
update estoque_total set total = total - 1 where medicamento_id = 447; 
insert into itens_venda values (default, 87, 492, 492, 2, 0.80, 87.86); 
update estoque set quant_venda = quant_venda + 2, quant_atual = quant_atual - 2 where id = 492; 
update estoque_total set total = total - 2 where medicamento_id = 492; 

insert into venda values (88, '2022-11-19 13:15:47', 34.34, null, null); 
insert into itens_venda values (default, 88, 278, 278, 1, 0.70, 34.34); 
update estoque set quant_venda = quant_venda + 1, quant_atual = quant_atual - 1 where id = 278; 
update estoque_total set total = total - 1 where medicamento_id = 278; 

insert into venda values (89, '2022-11-19 14:18:41', 184.92, 17, null); 
insert into itens_venda values (default, 89, 417, 417, 2, 2.30, 27.18); 
update estoque set quant_venda = quant_venda + 2, quant_atual = quant_atual - 2 where id = 417; 
update estoque_total set total = total - 2 where medicamento_id = 417; 
insert into itens_venda values (default, 89, 452, 452, 2, 1.10, 118.24); 
update estoque set quant_venda = quant_venda + 2, quant_atual = quant_atual - 2 where id = 452; 
update estoque_total set total = total - 2 where medicamento_id = 452; 
insert into itens_venda values (default, 89, 309, 309, 3, 2.50, 39.50); 
update estoque set quant_venda = quant_venda + 3, quant_atual = quant_atual - 3 where id = 309; 
update estoque_total set total = total - 3 where medicamento_id = 309; 

insert into venda values (90, '2022-11-20 07:18:33', 18.63, 2, null); 
insert into itens_venda values (default, 90, 462, 462, 1, 0.30, 18.63); 
update estoque set quant_venda = quant_venda + 1, quant_atual = quant_atual - 1 where id = 462; 
update estoque_total set total = total - 1 where medicamento_id = 462; 

insert into venda values (91, '2022-11-20 10:00:27', 182.84, 6, null); 
insert into itens_venda values (default, 91, 295, 295, 1, 2.90, 94.68); 
update estoque set quant_venda = quant_venda + 1, quant_atual = quant_atual - 1 where id = 295; 
update estoque_total set total = total - 1 where medicamento_id = 295; 
insert into itens_venda values (default, 91, 346, 346, 2, 1.70, 88.16); 
update estoque set quant_venda = quant_venda + 2, quant_atual = quant_atual - 2 where id = 346; 
update estoque_total set total = total - 2 where medicamento_id = 346; 

insert into venda values (92, '2022-11-21 06:49:01', 24.73, 20, null); 
insert into itens_venda values (default, 92, 447, 447, 1, 1.80, 24.73); 
update estoque set quant_venda = quant_venda + 1, quant_atual = quant_atual - 1 where id = 447; 
update estoque_total set total = total - 1 where medicamento_id = 447; 

insert into venda values (93, '2022-11-21 09:20:27', 24.91, null, null); 
insert into itens_venda values (default, 93, 403, 403, 1, 0.00, 24.91); 
update estoque set quant_venda = quant_venda + 1, quant_atual = quant_atual - 1 where id = 403; 
update estoque_total set total = total - 1 where medicamento_id = 403; 

insert into venda values (94, '2022-11-22 06:44:56', 101.60, null, 24); 
insert into itens_venda values (default, 94, 395, 395, 1, 0.80, 40.47); 
update estoque set quant_venda = quant_venda + 1, quant_atual = quant_atual - 1 where id = 395; 
update estoque_total set total = total - 1 where medicamento_id = 395; 
insert into itens_venda values (default, 94, 347, 347, 1, 1.20, 61.13); 
update estoque set quant_venda = quant_venda + 1, quant_atual = quant_atual - 1 where id = 347; 
update estoque_total set total = total - 1 where medicamento_id = 347; 

insert into venda values (95, '2022-11-22 09:15:34', 93.29, null, null); 
insert into itens_venda values (default, 95, 373, 373, 2, 2.70, 66.76); 
update estoque set quant_venda = quant_venda + 2, quant_atual = quant_atual - 2 where id = 373; 
update estoque_total set total = total - 2 where medicamento_id = 373; 
insert into itens_venda values (default, 95, 447, 447, 1, 0.00, 26.53); 
update estoque set quant_venda = quant_venda + 1, quant_atual = quant_atual - 1 where id = 447; 
update estoque_total set total = total - 1 where medicamento_id = 447; 

insert into venda values (96, '2022-11-24 08:36:56', 13.33, 20, null); 
insert into itens_venda values (default, 96, 302, 302, 1, 0.40, 13.33); 
update estoque set quant_venda = quant_venda + 1, quant_atual = quant_atual - 1 where id = 302; 
update estoque_total set total = total - 1 where medicamento_id = 302; 

insert into venda values (97, '2022-11-24 10:32:52', 354.36, null, 23); 
insert into itens_venda values (default, 97, 437, 437, 2, 1.00, 51.36); 
update estoque set quant_venda = quant_venda + 2, quant_atual = quant_atual - 2 where id = 437; 
update estoque_total set total = total - 2 where medicamento_id = 437; 
insert into itens_venda values (default, 97, 408, 408, 1, 1.10, 115.43); 
update estoque set quant_venda = quant_venda + 1, quant_atual = quant_atual - 1 where id = 408; 
update estoque_total set total = total - 1 where medicamento_id = 408; 
insert into itens_venda values (default, 97, 78, 78, 1, 0.00, 187.57); 
update estoque set quant_venda = quant_venda + 1, quant_atual = quant_atual - 1 where id = 78; 
update estoque_total set total = total - 1 where medicamento_id = 78; 

insert into venda values (98, '2022-11-24 12:57:06', 113.35, null, null); 
insert into itens_venda values (default, 98, 416, 416, 3, 2.00, 66.28); 
update estoque set quant_venda = quant_venda + 3, quant_atual = quant_atual - 3 where id = 416; 
update estoque_total set total = total - 3 where medicamento_id = 416; 
insert into itens_venda values (default, 98, 423, 423, 3, 0.90, 47.07); 
update estoque set quant_venda = quant_venda + 3, quant_atual = quant_atual - 3 where id = 423; 
update estoque_total set total = total - 3 where medicamento_id = 423; 

insert into venda values (99, '2022-11-24 13:23:30', 143.17, 5, 21); 
insert into itens_venda values (default, 99, 490, 490, 1, 3.10, 48.93); 
update estoque set quant_venda = quant_venda + 1, quant_atual = quant_atual - 1 where id = 490; 
update estoque_total set total = total - 1 where medicamento_id = 490; 
insert into itens_venda values (default, 99, 422, 422, 3, 4.30, 43.67); 
update estoque set quant_venda = quant_venda + 3, quant_atual = quant_atual - 3 where id = 422; 
update estoque_total set total = total - 3 where medicamento_id = 422; 
insert into itens_venda values (default, 99, 308, 308, 1, 2.60, 50.57); 
update estoque set quant_venda = quant_venda + 1, quant_atual = quant_atual - 1 where id = 308; 
update estoque_total set total = total - 1 where medicamento_id = 308; 

insert into venda values (100, '2022-11-25 07:21:44', 143.86, 5, null); 
insert into itens_venda values (default, 100, 281, 281, 2, 0.00, 114.18); 
update estoque set quant_venda = quant_venda + 2, quant_atual = quant_atual - 2 where id = 281; 
update estoque_total set total = total - 2 where medicamento_id = 281; 
insert into itens_venda values (default, 100, 485, 485, 2, 2.50, 29.68); 
update estoque set quant_venda = quant_venda + 2, quant_atual = quant_atual - 2 where id = 485; 
update estoque_total set total = total - 2 where medicamento_id = 485; 

insert into venda values (101, '2022-11-25 08:10:22', 190.62, null, 25); 
insert into itens_venda values (default, 101, 265, 265, 2, 2.70, 136.10); 
update estoque set quant_venda = quant_venda + 2, quant_atual = quant_atual - 2 where id = 265; 
update estoque_total set total = total - 2 where medicamento_id = 265; 
insert into itens_venda values (default, 101, 252, 252, 2, 1.60, 54.52); 
update estoque set quant_venda = quant_venda + 2, quant_atual = quant_atual - 2 where id = 252; 
update estoque_total set total = total - 2 where medicamento_id = 252; 

insert into venda values (102, '2022-11-25 09:11:51', 143.19, null, null); 
insert into itens_venda values (default, 102, 298, 298, 1, 1.00, 104.98); 
update estoque set quant_venda = quant_venda + 1, quant_atual = quant_atual - 1 where id = 298; 
update estoque_total set total = total - 1 where medicamento_id = 298; 
insert into itens_venda values (default, 102, 377, 377, 1, 0.60, 16.13); 
update estoque set quant_venda = quant_venda + 1, quant_atual = quant_atual - 1 where id = 377; 
update estoque_total set total = total - 1 where medicamento_id = 377; 
insert into itens_venda values (default, 102, 493, 493, 3, 0.60, 22.08); 
update estoque set quant_venda = quant_venda + 3, quant_atual = quant_atual - 3 where id = 493; 
update estoque_total set total = total - 3 where medicamento_id = 493; 

insert into venda values (103, '2022-11-25 09:44:03', 135.56, null, null); 
insert into itens_venda values (default, 103, 486, 486, 2, 0.20, 21.68); 
update estoque set quant_venda = quant_venda + 2, quant_atual = quant_atual - 2 where id = 486; 
update estoque_total set total = total - 2 where medicamento_id = 486; 
insert into itens_venda values (default, 103, 399, 399, 1, 0.00, 51.85); 
update estoque set quant_venda = quant_venda + 1, quant_atual = quant_atual - 1 where id = 399; 
update estoque_total set total = total - 1 where medicamento_id = 399; 
insert into itens_venda values (default, 103, 262, 262, 3, 2.50, 62.03); 
update estoque set quant_venda = quant_venda + 3, quant_atual = quant_atual - 3 where id = 262; 
update estoque_total set total = total - 3 where medicamento_id = 262; 

insert into venda values (104, '2022-11-25 09:50:04', 323.32, 3, null); 
insert into itens_venda values (default, 104, 420, 420, 1, 4.00, 62.77); 
update estoque set quant_venda = quant_venda + 1, quant_atual = quant_atual - 1 where id = 420; 
update estoque_total set total = total - 1 where medicamento_id = 420; 
insert into itens_venda values (default, 104, 167, 167, 1, 0.00, 219.12); 
update estoque set quant_venda = quant_venda + 1, quant_atual = quant_atual - 1 where id = 167; 
update estoque_total set total = total - 1 where medicamento_id = 167; 
insert into itens_venda values (default, 104, 346, 346, 1, 3.50, 41.43); 
update estoque set quant_venda = quant_venda + 1, quant_atual = quant_atual - 1 where id = 346; 
update estoque_total set total = total - 1 where medicamento_id = 346; 

insert into venda values (105, '2022-11-25 09:56:52', 277.74, 8, 25); 
insert into itens_venda values (default, 105, 428, 428, 2, 1.30, 31.98); 
update estoque set quant_venda = quant_venda + 2, quant_atual = quant_atual - 2 where id = 428; 
update estoque_total set total = total - 2 where medicamento_id = 428; 
insert into itens_venda values (default, 105, 278, 278, 2, 4.20, 65.88); 
update estoque set quant_venda = quant_venda + 2, quant_atual = quant_atual - 2 where id = 278; 
update estoque_total set total = total - 2 where medicamento_id = 278; 
insert into itens_venda values (default, 105, 338, 338, 2, 13.50, 179.88); 
update estoque set quant_venda = quant_venda + 2, quant_atual = quant_atual - 2 where id = 338; 
update estoque_total set total = total - 2 where medicamento_id = 338; 

insert into venda values (106, '2022-11-25 11:08:52', 331.25, 19, null); 
insert into itens_venda values (default, 106, 101, 101, 1, 0.00, 331.25); 
update estoque set quant_venda = quant_venda + 1, quant_atual = quant_atual - 1 where id = 101; 
update estoque_total set total = total - 1 where medicamento_id = 101; 

insert into venda values (107, '2022-11-25 12:22:34', 228.16, null, null); 
insert into itens_venda values (default, 107, 430, 430, 3, 1.40, 72.73); 
update estoque set quant_venda = quant_venda + 3, quant_atual = quant_atual - 3 where id = 430; 
update estoque_total set total = total - 3 where medicamento_id = 430; 
insert into itens_venda values (default, 107, 455, 455, 2, 0.00, 100.34); 
update estoque set quant_venda = quant_venda + 2, quant_atual = quant_atual - 2 where id = 455; 
update estoque_total set total = total - 2 where medicamento_id = 455; 
insert into itens_venda values (default, 107, 462, 462, 3, 1.70, 55.09); 
update estoque set quant_venda = quant_venda + 3, quant_atual = quant_atual - 3 where id = 462; 
update estoque_total set total = total - 3 where medicamento_id = 462; 

insert into venda values (108, '2022-11-25 12:48:29', 35.25, null, null); 
insert into itens_venda values (default, 108, 344, 344, 1, 0.00, 35.25); 
update estoque set quant_venda = quant_venda + 1, quant_atual = quant_atual - 1 where id = 344; 
update estoque_total set total = total - 1 where medicamento_id = 344; 

insert into venda values (109, '2022-11-25 13:40:49', 47.96, 3, null); 
insert into itens_venda values (default, 109, 294, 294, 3, 1.90, 47.96); 
update estoque set quant_venda = quant_venda + 3, quant_atual = quant_atual - 3 where id = 294; 
update estoque_total set total = total - 3 where medicamento_id = 294; 

insert into venda values (110, '2022-11-27 06:52:28', 60.65, null, null); 
insert into itens_venda values (default, 110, 501, 501, 1, 0.60, 22.49); 
update estoque set quant_venda = quant_venda + 1, quant_atual = quant_atual - 1 where id = 501; 
update estoque_total set total = total - 1 where medicamento_id = 501; 
insert into itens_venda values (default, 110, 456, 456, 1, 0.30, 38.16); 
update estoque set quant_venda = quant_venda + 1, quant_atual = quant_atual - 1 where id = 456; 
update estoque_total set total = total - 1 where medicamento_id = 456; 

insert into venda values (111, '2022-11-27 07:04:56', 13.00, null, null); 
insert into itens_venda values (default, 111, 453, 453, 2, 0.00, 13.00); 
update estoque set quant_venda = quant_venda + 2, quant_atual = quant_atual - 2 where id = 453; 
update estoque_total set total = total - 2 where medicamento_id = 453; 

insert into venda values (112, '2022-11-28 06:33:31', 90.72, null, null); 
insert into itens_venda values (default, 112, 434, 434, 1, 0.90, 31.76); 
update estoque set quant_venda = quant_venda + 1, quant_atual = quant_atual - 1 where id = 434; 
update estoque_total set total = total - 1 where medicamento_id = 434; 
insert into itens_venda values (default, 112, 240, 240, 2, 2.40, 58.96); 
update estoque set quant_venda = quant_venda + 2, quant_atual = quant_atual - 2 where id = 240; 
update estoque_total set total = total - 2 where medicamento_id = 240; 

insert into venda values (113, '2022-11-28 09:16:47', 87.91, null, null); 
insert into itens_venda values (default, 113, 494, 494, 2, 0.30, 32.64); 
update estoque set quant_venda = quant_venda + 2, quant_atual = quant_atual - 2 where id = 494; 
update estoque_total set total = total - 2 where medicamento_id = 494; 
insert into itens_venda values (default, 113, 461, 461, 3, 0.50, 55.27); 
update estoque set quant_venda = quant_venda + 3, quant_atual = quant_atual - 3 where id = 461; 
update estoque_total set total = total - 3 where medicamento_id = 461; 

insert into venda values (114, '2022-11-29 07:05:14', 200.40, 11, null); 
insert into itens_venda values (default, 114, 400, 400, 1, 6.80, 129.40); 
update estoque set quant_venda = quant_venda + 1, quant_atual = quant_atual - 1 where id = 400; 
update estoque_total set total = total - 1 where medicamento_id = 400; 
insert into itens_venda values (default, 114, 425, 425, 2, 1.40, 71.00); 
update estoque set quant_venda = quant_venda + 2, quant_atual = quant_atual - 2 where id = 425; 
update estoque_total set total = total - 2 where medicamento_id = 425; 

insert into venda values (115, '2022-11-29 08:08:46', 542.12, 18, null); 
insert into itens_venda values (default, 115, 481, 481, 3, 3.60, 36.42); 
update estoque set quant_venda = quant_venda + 3, quant_atual = quant_atual - 3 where id = 481; 
update estoque_total set total = total - 3 where medicamento_id = 481; 
insert into itens_venda values (default, 115, 257, 257, 1, 3.40, 340.50); 
update estoque set quant_venda = quant_venda + 1, quant_atual = quant_atual - 1 where id = 257; 
update estoque_total set total = total - 1 where medicamento_id = 257; 
insert into itens_venda values (default, 115, 316, 316, 1, 14.30, 165.20); 
update estoque set quant_venda = quant_venda + 1, quant_atual = quant_atual - 1 where id = 316; 
update estoque_total set total = total - 1 where medicamento_id = 316; 

insert into venda values (116, '2022-11-29 08:44:55', 337.30, null, null); 
insert into itens_venda values (default, 116, 318, 318, 2, 1.10, 110.68); 
update estoque set quant_venda = quant_venda + 2, quant_atual = quant_atual - 2 where id = 318; 
update estoque_total set total = total - 2 where medicamento_id = 318; 
insert into itens_venda values (default, 116, 263, 263, 1, 0.00, 211.51); 
update estoque set quant_venda = quant_venda + 1, quant_atual = quant_atual - 1 where id = 263; 
update estoque_total set total = total - 1 where medicamento_id = 263; 
insert into itens_venda values (default, 116, 311, 311, 1, 0.10, 15.11); 
update estoque set quant_venda = quant_venda + 1, quant_atual = quant_atual - 1 where id = 311; 
update estoque_total set total = total - 1 where medicamento_id = 311; 

insert into venda values (117, '2022-11-29 10:00:37', 240.45, null, null); 
insert into itens_venda values (default, 117, 446, 446, 1, 0.00, 131.82); 
update estoque set quant_venda = quant_venda + 1, quant_atual = quant_atual - 1 where id = 446; 
update estoque_total set total = total - 1 where medicamento_id = 446; 
insert into itens_venda values (default, 117, 258, 258, 1, 0.00, 63.45); 
update estoque set quant_venda = quant_venda + 1, quant_atual = quant_atual - 1 where id = 258; 
update estoque_total set total = total - 1 where medicamento_id = 258; 
insert into itens_venda values (default, 117, 442, 442, 2, 0.90, 45.18); 
update estoque set quant_venda = quant_venda + 2, quant_atual = quant_atual - 2 where id = 442; 
update estoque_total set total = total - 2 where medicamento_id = 442; 

insert into venda values (118, '2022-11-29 11:14:04', 154.81, 15, null); 
insert into itens_venda values (default, 118, 430, 430, 1, 0.70, 24.01); 
update estoque set quant_venda = quant_venda + 1, quant_atual = quant_atual - 1 where id = 430; 
update estoque_total set total = total - 1 where medicamento_id = 430; 
insert into itens_venda values (default, 118, 400, 400, 1, 5.40, 130.80); 
update estoque set quant_venda = quant_venda + 1, quant_atual = quant_atual - 1 where id = 400; 
update estoque_total set total = total - 1 where medicamento_id = 400; 

insert into venda values (119, '2022-11-29 12:13:10', 138.29, 5, null); 
insert into itens_venda values (default, 119, 490, 490, 1, 1.00, 51.03); 
update estoque set quant_venda = quant_venda + 1, quant_atual = quant_atual - 1 where id = 490; 
update estoque_total set total = total - 1 where medicamento_id = 490; 
insert into itens_venda values (default, 119, 440, 440, 2, 5.50, 73.32); 
update estoque set quant_venda = quant_venda + 2, quant_atual = quant_atual - 2 where id = 440; 
update estoque_total set total = total - 2 where medicamento_id = 440; 
insert into itens_venda values (default, 119, 417, 417, 1, 0.80, 13.94); 
update estoque set quant_venda = quant_venda + 1, quant_atual = quant_atual - 1 where id = 417; 
update estoque_total set total = total - 1 where medicamento_id = 417; 

insert into venda values (120, '2022-11-29 13:23:33', 180.62, 4, 23); 
insert into itens_venda values (default, 120, 330, 330, 1, 5.70, 76.96); 
update estoque set quant_venda = quant_venda + 1, quant_atual = quant_atual - 1 where id = 330; 
update estoque_total set total = total - 1 where medicamento_id = 330; 
insert into itens_venda values (default, 120, 409, 409, 3, 5.80, 67.55); 
update estoque set quant_venda = quant_venda + 3, quant_atual = quant_atual - 3 where id = 409; 
update estoque_total set total = total - 3 where medicamento_id = 409; 
insert into itens_venda values (default, 120, 388, 388, 1, 3.50, 36.11); 
update estoque set quant_venda = quant_venda + 1, quant_atual = quant_atual - 1 where id = 388; 
update estoque_total set total = total - 1 where medicamento_id = 388; 

insert into venda values (121, '2022-11-29 13:54:11', 409.35, null, null); 
insert into itens_venda values (default, 121, 413, 413, 2, 3.60, 176.84); 
update estoque set quant_venda = quant_venda + 2, quant_atual = quant_atual - 2 where id = 413; 
update estoque_total set total = total - 2 where medicamento_id = 413; 
insert into itens_venda values (default, 121, 33, 33, 1, 2.30, 232.51); 
update estoque set quant_venda = quant_venda + 1, quant_atual = quant_atual - 1 where id = 33; 
update estoque_total set total = total - 1 where medicamento_id = 33; 

insert into venda values (122, '2022-11-29 14:19:34', 86.18, 10, 23); 
insert into itens_venda values (default, 122, 403, 403, 3, 5.90, 68.83); 
update estoque set quant_venda = quant_venda + 3, quant_atual = quant_atual - 3 where id = 403; 
update estoque_total set total = total - 3 where medicamento_id = 403; 
insert into itens_venda values (default, 122, 116, 116, 1, 0.50, 7.24); 
update estoque set quant_venda = quant_venda + 1, quant_atual = quant_atual - 1 where id = 116; 
update estoque_total set total = total - 1 where medicamento_id = 116; 
insert into itens_venda values (default, 122, 503, 503, 3, 0.90, 10.11); 
update estoque set quant_venda = quant_venda + 3, quant_atual = quant_atual - 3 where id = 503; 
update estoque_total set total = total - 3 where medicamento_id = 503; 

insert into venda values (123, '2022-11-29 15:18:31', 342.54, null, null); 
insert into itens_venda values (default, 123, 435, 435, 2, 0.00, 196.04); 
update estoque set quant_venda = quant_venda + 2, quant_atual = quant_atual - 2 where id = 435; 
update estoque_total set total = total - 2 where medicamento_id = 435; 
insert into itens_venda values (default, 123, 11, 11, 1, 0.00, 126.96); 
update estoque set quant_venda = quant_venda + 1, quant_atual = quant_atual - 1 where id = 11; 
update estoque_total set total = total - 1 where medicamento_id = 11; 
insert into itens_venda values (default, 123, 449, 449, 1, 0.10, 19.54); 
update estoque set quant_venda = quant_venda + 1, quant_atual = quant_atual - 1 where id = 449; 
update estoque_total set total = total - 1 where medicamento_id = 449; 

insert into venda values (124, '2022-11-29 16:14:43', 184.48, 15, null); 
insert into itens_venda values (default, 124, 351, 351, 3, 0.60, 64.80); 
update estoque set quant_venda = quant_venda + 3, quant_atual = quant_atual - 3 where id = 351; 
update estoque_total set total = total - 3 where medicamento_id = 351; 
insert into itens_venda values (default, 124, 436, 436, 2, 11.80, 119.68); 
update estoque set quant_venda = quant_venda + 2, quant_atual = quant_atual - 2 where id = 436; 
update estoque_total set total = total - 2 where medicamento_id = 436; 

insert into venda values (125, '2022-11-30 07:00:51', 269.57, null, null); 
insert into itens_venda values (default, 125, 251, 251, 2, 1.40, 147.66); 
update estoque set quant_venda = quant_venda + 2, quant_atual = quant_atual - 2 where id = 251; 
update estoque_total set total = total - 2 where medicamento_id = 251; 
insert into itens_venda values (default, 125, 468, 468, 1, 0.00, 59.47); 
update estoque set quant_venda = quant_venda + 1, quant_atual = quant_atual - 1 where id = 468; 
update estoque_total set total = total - 1 where medicamento_id = 468; 
insert into itens_venda values (default, 125, 477, 477, 1, 2.60, 62.44); 
update estoque set quant_venda = quant_venda + 1, quant_atual = quant_atual - 1 where id = 477; 
update estoque_total set total = total - 1 where medicamento_id = 477; 

insert into venda values (126, '2022-11-30 07:02:12', 188.37, null, null); 
insert into itens_venda values (default, 126, 494, 494, 2, 0.90, 32.04); 
update estoque set quant_venda = quant_venda + 2, quant_atual = quant_atual - 2 where id = 494; 
update estoque_total set total = total - 2 where medicamento_id = 494; 
insert into itens_venda values (default, 126, 472, 472, 3, 0.00, 87.96); 
update estoque set quant_venda = quant_venda + 3, quant_atual = quant_atual - 3 where id = 472; 
update estoque_total set total = total - 3 where medicamento_id = 472; 
insert into itens_venda values (default, 126, 348, 348, 3, 2.10, 68.37); 
update estoque set quant_venda = quant_venda + 3, quant_atual = quant_atual - 3 where id = 348; 
update estoque_total set total = total - 3 where medicamento_id = 348; 

insert into venda values (127, '2022-11-30 07:32:22', 116.56, null, null); 
insert into itens_venda values (default, 127, 381, 381, 1, 1.80, 58.59); 
update estoque set quant_venda = quant_venda + 1, quant_atual = quant_atual - 1 where id = 381; 
update estoque_total set total = total - 1 where medicamento_id = 381; 
insert into itens_venda values (default, 127, 452, 452, 1, 1.70, 57.97); 
update estoque set quant_venda = quant_venda + 1, quant_atual = quant_atual - 1 where id = 452; 
update estoque_total set total = total - 1 where medicamento_id = 452; 

insert into venda values (128, '2022-11-30 08:29:19', 61.14, 3, null); 
insert into itens_venda values (default, 128, 436, 436, 1, 4.60, 61.14); 
update estoque set quant_venda = quant_venda + 1, quant_atual = quant_atual - 1 where id = 436; 
update estoque_total set total = total - 1 where medicamento_id = 436; 

insert into venda values (129, '2022-11-30 08:54:57', 162.60, 18, null); 
insert into itens_venda values (default, 129, 250, 250, 2, 14.10, 162.60); 
update estoque set quant_venda = quant_venda + 2, quant_atual = quant_atual - 2 where id = 250; 
update estoque_total set total = total - 2 where medicamento_id = 250; 

insert into venda values (130, '2022-11-30 09:22:54', 229.29, null, 21); 
insert into itens_venda values (default, 130, 354, 354, 1, 1.40, 71.66); 
update estoque set quant_venda = quant_venda + 1, quant_atual = quant_atual - 1 where id = 354; 
update estoque_total set total = total - 1 where medicamento_id = 354; 
insert into itens_venda values (default, 130, 475, 475, 1, 0.00, 20.10); 
update estoque set quant_venda = quant_venda + 1, quant_atual = quant_atual - 1 where id = 475; 
update estoque_total set total = total - 1 where medicamento_id = 475; 
insert into itens_venda values (default, 130, 371, 371, 1, 0.00, 137.53); 
update estoque set quant_venda = quant_venda + 1, quant_atual = quant_atual - 1 where id = 371; 
update estoque_total set total = total - 1 where medicamento_id = 371; 

insert into venda values (131, '2022-11-30 09:24:31', 26.80, 19, null); 
insert into itens_venda values (default, 131, 441, 441, 1, 1.70, 26.80); 
update estoque set quant_venda = quant_venda + 1, quant_atual = quant_atual - 1 where id = 441; 
update estoque_total set total = total - 1 where medicamento_id = 441; 

insert into venda values (132, '2022-11-30 09:50:36', 30.04, 18, null); 
insert into itens_venda values (default, 132, 500, 500, 2, 1.90, 30.04); 
update estoque set quant_venda = quant_venda + 2, quant_atual = quant_atual - 2 where id = 500; 
update estoque_total set total = total - 2 where medicamento_id = 500; 

insert into venda values (133, '2022-11-30 09:51:27', 256.95, null, 25); 
insert into itens_venda values (default, 133, 211, 211, 1, 2.40, 241.09); 
update estoque set quant_venda = quant_venda + 1, quant_atual = quant_atual - 1 where id = 211; 
update estoque_total set total = total - 1 where medicamento_id = 211; 
insert into itens_venda values (default, 133, 380, 380, 2, 0.60, 15.86); 
update estoque set quant_venda = quant_venda + 2, quant_atual = quant_atual - 2 where id = 380; 
update estoque_total set total = total - 2 where medicamento_id = 380; 

insert into venda values (134, '2022-11-30 10:45:18', 78.48, 14, null); 
insert into itens_venda values (default, 134, 495, 495, 2, 1.00, 20.36); 
update estoque set quant_venda = quant_venda + 2, quant_atual = quant_atual - 2 where id = 495; 
update estoque_total set total = total - 2 where medicamento_id = 495; 
insert into itens_venda values (default, 134, 328, 328, 1, 1.80, 28.34); 
update estoque set quant_venda = quant_venda + 1, quant_atual = quant_atual - 1 where id = 328; 
update estoque_total set total = total - 1 where medicamento_id = 328; 
insert into itens_venda values (default, 134, 422, 422, 2, 2.20, 29.78); 
update estoque set quant_venda = quant_venda + 2, quant_atual = quant_atual - 2 where id = 422; 
update estoque_total set total = total - 2 where medicamento_id = 422; 

insert into venda values (135, '2022-11-30 11:58:18', 340.38, 9, 22); 
insert into itens_venda values (default, 135, 485, 485, 3, 3.80, 44.47); 
update estoque set quant_venda = quant_venda + 3, quant_atual = quant_atual - 3 where id = 485; 
update estoque_total set total = total - 3 where medicamento_id = 485; 
insert into itens_venda values (default, 135, 311, 311, 3, 0.90, 44.73); 
update estoque set quant_venda = quant_venda + 3, quant_atual = quant_atual - 3 where id = 311; 
update estoque_total set total = total - 3 where medicamento_id = 311; 
insert into itens_venda values (default, 135, 115, 115, 1, 21.80, 251.18); 
update estoque set quant_venda = quant_venda + 1, quant_atual = quant_atual - 1 where id = 115; 
update estoque_total set total = total - 1 where medicamento_id = 115; 

insert into venda values (136, '2022-11-30 12:18:31', 110.93, null, null); 
insert into itens_venda values (default, 136, 404, 404, 3, 0.00, 48.60); 
update estoque set quant_venda = quant_venda + 3, quant_atual = quant_atual - 3 where id = 404; 
update estoque_total set total = total - 3 where medicamento_id = 404; 
insert into itens_venda values (default, 136, 467, 467, 1, 0.00, 62.33); 
update estoque set quant_venda = quant_venda + 1, quant_atual = quant_atual - 1 where id = 467; 
update estoque_total set total = total - 1 where medicamento_id = 467; 

insert into venda values (137, '2022-11-30 12:28:27', 204.07, null, null); 
insert into itens_venda values (default, 137, 487, 487, 1, 0.00, 188.03); 
update estoque set quant_venda = quant_venda + 1, quant_atual = quant_atual - 1 where id = 487; 
update estoque_total set total = total - 1 where medicamento_id = 487; 
insert into itens_venda values (default, 137, 428, 428, 1, 0.60, 16.04); 
update estoque set quant_venda = quant_venda + 1, quant_atual = quant_atual - 1 where id = 428; 
update estoque_total set total = total - 1 where medicamento_id = 428; 

insert into venda values (138, '2022-12-02 06:24:16', 116.25, null, 23); 
insert into itens_venda values (default, 138, 333, 333, 1, 4.80, 116.25); 
update estoque set quant_venda = quant_venda + 1, quant_atual = quant_atual - 1 where id = 333; 
update estoque_total set total = total - 1 where medicamento_id = 333; 

insert into venda values (139, '2022-12-02 07:36:27', 67.48, 7, 21); 
insert into itens_venda values (default, 139, 343, 343, 1, 0.90, 30.54); 
update estoque set quant_venda = quant_venda + 1, quant_atual = quant_atual - 1 where id = 343; 
update estoque_total set total = total - 1 where medicamento_id = 343; 
insert into itens_venda values (default, 139, 336, 336, 1, 1.10, 36.94); 
update estoque set quant_venda = quant_venda + 1, quant_atual = quant_atual - 1 where id = 336; 
update estoque_total set total = total - 1 where medicamento_id = 336; 

insert into venda values (140, '2022-12-02 07:45:45', 33.30, null, 25); 
insert into itens_venda values (default, 140, 120, 120, 1, 0.00, 33.30); 
update estoque set quant_venda = quant_venda + 1, quant_atual = quant_atual - 1 where id = 120; 
update estoque_total set total = total - 1 where medicamento_id = 120; 

insert into venda values (141, '2022-12-02 08:43:45', 222.03, 1, null); 
insert into itens_venda values (default, 141, 237, 237, 1, 0.00, 135.23); 
update estoque set quant_venda = quant_venda + 1, quant_atual = quant_atual - 1 where id = 237; 
update estoque_total set total = total - 1 where medicamento_id = 237; 
insert into itens_venda values (default, 141, 495, 495, 1, 0.40, 10.28); 
update estoque set quant_venda = quant_venda + 1, quant_atual = quant_atual - 1 where id = 495; 
update estoque_total set total = total - 1 where medicamento_id = 495; 
insert into itens_venda values (default, 141, 440, 440, 2, 2.30, 76.52); 
update estoque set quant_venda = quant_venda + 2, quant_atual = quant_atual - 2 where id = 440; 
update estoque_total set total = total - 2 where medicamento_id = 440; 

insert into venda values (142, '2022-12-02 09:29:14', 187.42, null, 25); 
insert into itens_venda values (default, 142, 186, 186, 2, 0.00, 115.24); 
update estoque set quant_venda = quant_venda + 2, quant_atual = quant_atual - 2 where id = 186; 
update estoque_total set total = total - 2 where medicamento_id = 186; 
insert into itens_venda values (default, 142, 84, 84, 1, 2.20, 72.18); 
update estoque set quant_venda = quant_venda + 1, quant_atual = quant_atual - 1 where id = 84; 
update estoque_total set total = total - 1 where medicamento_id = 84; 

insert into venda values (143, '2022-12-02 10:32:20', 65.78, 8, null); 
insert into itens_venda values (default, 143, 294, 294, 2, 0.90, 32.34); 
update estoque set quant_venda = quant_venda + 2, quant_atual = quant_atual - 2 where id = 294; 
update estoque_total set total = total - 2 where medicamento_id = 294; 
insert into itens_venda values (default, 143, 397, 397, 2, 2.80, 33.44); 
update estoque set quant_venda = quant_venda + 2, quant_atual = quant_atual - 2 where id = 397; 
update estoque_total set total = total - 2 where medicamento_id = 397; 

insert into venda values (144, '2022-12-02 11:27:51', 35.50, 6, null); 
insert into itens_venda values (default, 144, 425, 425, 1, 0.70, 35.50); 
update estoque set quant_venda = quant_venda + 1, quant_atual = quant_atual - 1 where id = 425; 
update estoque_total set total = total - 1 where medicamento_id = 425; 

insert into venda values (145, '2022-12-02 12:24:42', 471.38, 12, null); 
insert into itens_venda values (default, 145, 477, 477, 1, 5.20, 59.84); 
update estoque set quant_venda = quant_venda + 1, quant_atual = quant_atual - 1 where id = 477; 
update estoque_total set total = total - 1 where medicamento_id = 477; 
insert into itens_venda values (default, 145, 176, 176, 1, 0.00, 340.84); 
update estoque set quant_venda = quant_venda + 1, quant_atual = quant_atual - 1 where id = 176; 
update estoque_total set total = total - 1 where medicamento_id = 176; 
insert into itens_venda values (default, 145, 497, 497, 2, 4.50, 70.70); 
update estoque set quant_venda = quant_venda + 2, quant_atual = quant_atual - 2 where id = 497; 
update estoque_total set total = total - 2 where medicamento_id = 497; 

insert into venda values (146, '2022-12-02 13:03:18', 165.03, 15, null); 
insert into itens_venda values (default, 146, 418, 418, 3, 3.30, 79.65); 
update estoque set quant_venda = quant_venda + 3, quant_atual = quant_atual - 3 where id = 418; 
update estoque_total set total = total - 3 where medicamento_id = 418; 
insert into itens_venda values (default, 146, 489, 489, 2, 2.60, 85.38); 
update estoque set quant_venda = quant_venda + 2, quant_atual = quant_atual - 2 where id = 489; 
update estoque_total set total = total - 2 where medicamento_id = 489; 

insert into venda values (147, '2022-12-02 13:44:29', 32.22, 19, null); 
insert into itens_venda values (default, 147, 486, 486, 3, 0.60, 32.22); 
update estoque set quant_venda = quant_venda + 3, quant_atual = quant_atual - 3 where id = 486; 
update estoque_total set total = total - 3 where medicamento_id = 486; 

insert into venda values (148, '2022-12-02 14:53:42', 170.40, 3, null); 
insert into itens_venda values (default, 148, 446, 446, 1, 5.20, 126.62); 
update estoque set quant_venda = quant_venda + 1, quant_atual = quant_atual - 1 where id = 446; 
update estoque_total set total = total - 1 where medicamento_id = 446; 
insert into itens_venda values (default, 148, 442, 442, 2, 2.30, 43.78); 
update estoque set quant_venda = quant_venda + 2, quant_atual = quant_atual - 2 where id = 442; 
update estoque_total set total = total - 2 where medicamento_id = 442; 

insert into venda values (149, '2022-12-02 15:19:42', 50.17, null, null); 
insert into itens_venda values (default, 149, 455, 455, 1, 0.00, 50.17); 
update estoque set quant_venda = quant_venda + 1, quant_atual = quant_atual - 1 where id = 455; 
update estoque_total set total = total - 1 where medicamento_id = 455; 

insert into venda values (150, '2022-12-03 07:13:43', 50.17, null, null); 
insert into itens_venda values (default, 150, 455, 455, 1, 0.00, 50.17); 
update estoque set quant_venda = quant_venda + 1, quant_atual = quant_atual - 1 where id = 455; 
update estoque_total set total = total - 1 where medicamento_id = 455; 

insert into venda values (151, '2022-12-03 07:43:04', 85.22, null, null); 
insert into itens_venda values (default, 151, 305, 305, 2, 1.70, 85.22); 
update estoque set quant_venda = quant_venda + 2, quant_atual = quant_atual - 2 where id = 305; 
update estoque_total set total = total - 2 where medicamento_id = 305; 

insert into venda values (152, '2022-12-03 08:10:45', 366.92, 19, null); 
insert into itens_venda values (default, 152, 410, 410, 1, 9.60, 97.18); 
update estoque set quant_venda = quant_venda + 1, quant_atual = quant_atual - 1 where id = 410; 
update estoque_total set total = total - 1 where medicamento_id = 410; 
insert into itens_venda values (default, 152, 301, 301, 1, 20.20, 269.74); 
update estoque set quant_venda = quant_venda + 1, quant_atual = quant_atual - 1 where id = 301; 
update estoque_total set total = total - 1 where medicamento_id = 301; 

insert into venda values (153, '2022-12-03 08:20:59', 26.94, null, null); 
insert into itens_venda values (default, 153, 352, 352, 1, 0.00, 26.94); 
update estoque set quant_venda = quant_venda + 1, quant_atual = quant_atual - 1 where id = 352; 
update estoque_total set total = total - 1 where medicamento_id = 352; 

insert into venda values (154, '2022-12-03 08:40:04', 74.13, null, null); 
insert into itens_venda values (default, 154, 430, 430, 3, 0.00, 74.13); 
update estoque set quant_venda = quant_venda + 3, quant_atual = quant_atual - 3 where id = 430; 
update estoque_total set total = total - 3 where medicamento_id = 430; 

insert into venda values (155, '2022-12-03 08:51:53', 274.47, null, null); 
insert into itens_venda values (default, 155, 465, 465, 1, 2.40, 119.82); 
update estoque set quant_venda = quant_venda + 1, quant_atual = quant_atual - 1 where id = 465; 
update estoque_total set total = total - 1 where medicamento_id = 465; 
insert into itens_venda values (default, 155, 409, 409, 1, 0.00, 24.45); 
update estoque set quant_venda = quant_venda + 1, quant_atual = quant_atual - 1 where id = 409; 
update estoque_total set total = total - 1 where medicamento_id = 409; 
insert into itens_venda values (default, 155, 387, 387, 2, 0.00, 130.20); 
update estoque set quant_venda = quant_venda + 2, quant_atual = quant_atual - 2 where id = 387; 
update estoque_total set total = total - 2 where medicamento_id = 387; 

insert into venda values (156, '2022-12-03 09:39:58', 34.44, 20, null); 
insert into itens_venda values (default, 156, 397, 397, 2, 1.80, 34.44); 
update estoque set quant_venda = quant_venda + 2, quant_atual = quant_atual - 2 where id = 397; 
update estoque_total set total = total - 2 where medicamento_id = 397; 

insert into venda values (157, '2022-12-03 10:29:43', 191.46, 3, null); 
insert into itens_venda values (default, 157, 237, 237, 1, 4.00, 131.23); 
update estoque set quant_venda = quant_venda + 1, quant_atual = quant_atual - 1 where id = 237; 
update estoque_total set total = total - 1 where medicamento_id = 237; 
insert into itens_venda values (default, 157, 502, 502, 3, 5.20, 60.23); 
update estoque set quant_venda = quant_venda + 3, quant_atual = quant_atual - 3 where id = 502; 
update estoque_total set total = total - 3 where medicamento_id = 502; 

insert into venda values (158, '2022-12-03 11:50:19', 22.79, null, null); 
insert into itens_venda values (default, 158, 348, 348, 1, 0.70, 22.79); 
update estoque set quant_venda = quant_venda + 1, quant_atual = quant_atual - 1 where id = 348; 
update estoque_total set total = total - 1 where medicamento_id = 348; 

insert into venda values (159, '2022-12-04 07:05:03', 61.77, null, null); 
insert into itens_venda values (default, 159, 314, 314, 3, 1.20, 61.77); 
update estoque set quant_venda = quant_venda + 3, quant_atual = quant_atual - 3 where id = 314; 
update estoque_total set total = total - 3 where medicamento_id = 314; 

insert into venda values (160, '2022-12-04 08:04:17', 219.22, null, null); 
insert into itens_venda values (default, 160, 305, 305, 2, 0.00, 86.92); 
update estoque set quant_venda = quant_venda + 2, quant_atual = quant_atual - 2 where id = 305; 
update estoque_total set total = total - 2 where medicamento_id = 305; 
insert into itens_venda values (default, 160, 152, 152, 2, 2.60, 132.30); 
update estoque set quant_venda = quant_venda + 2, quant_atual = quant_atual - 2 where id = 152; 
update estoque_total set total = total - 2 where medicamento_id = 152; 

insert into venda values (161, '2022-12-04 10:16:59', 177.75, 10, null); 
insert into itens_venda values (default, 161, 151, 151, 3, 5.10, 51.87); 
update estoque set quant_venda = quant_venda + 3, quant_atual = quant_atual - 3 where id = 151; 
update estoque_total set total = total - 3 where medicamento_id = 151; 
insert into itens_venda values (default, 161, 459, 459, 2, 2.70, 65.14); 
update estoque set quant_venda = quant_venda + 2, quant_atual = quant_atual - 2 where id = 459; 
update estoque_total set total = total - 2 where medicamento_id = 459; 
insert into itens_venda values (default, 161, 327, 327, 2, 2.50, 60.74); 
update estoque set quant_venda = quant_venda + 2, quant_atual = quant_atual - 2 where id = 327; 
update estoque_total set total = total - 2 where medicamento_id = 327; 

insert into venda values (162, '2022-12-04 11:19:32', 101.83, null, null); 
insert into itens_venda values (default, 162, 232, 232, 1, 2.30, 75.35); 
update estoque set quant_venda = quant_venda + 1, quant_atual = quant_atual - 1 where id = 232; 
update estoque_total set total = total - 1 where medicamento_id = 232; 
insert into itens_venda values (default, 162, 481, 481, 2, 0.20, 26.48); 
update estoque set quant_venda = quant_venda + 2, quant_atual = quant_atual - 2 where id = 481; 
update estoque_total set total = total - 2 where medicamento_id = 481; 

insert into venda values (163, '2022-12-04 12:08:19', 66.40, null, 24); 
insert into itens_venda values (default, 163, 286, 286, 2, 2.70, 66.40); 
update estoque set quant_venda = quant_venda + 2, quant_atual = quant_atual - 2 where id = 286; 
update estoque_total set total = total - 2 where medicamento_id = 286; 

insert into venda values (164, '2022-12-04 13:19:20', 101.82, null, null); 
insert into itens_venda values (default, 164, 383, 383, 2, 2.00, 101.82); 
update estoque set quant_venda = quant_venda + 2, quant_atual = quant_atual - 2 where id = 383; 
update estoque_total set total = total - 2 where medicamento_id = 383; 

insert into venda values (165, '2022-12-05 08:34:12', 137.96, null, null); 
insert into itens_venda values (default, 165, 488, 488, 2, 0.90, 97.56); 
update estoque set quant_venda = quant_venda + 2, quant_atual = quant_atual - 2 where id = 488; 
update estoque_total set total = total - 2 where medicamento_id = 488; 
insert into itens_venda values (default, 165, 309, 309, 3, 1.60, 40.40); 
update estoque set quant_venda = quant_venda + 3, quant_atual = quant_atual - 3 where id = 309; 
update estoque_total set total = total - 3 where medicamento_id = 309; 

insert into venda values (166, '2022-12-05 08:37:43', 461.99, 19, null); 
insert into itens_venda values (default, 166, 370, 370, 1, 9.40, 227.94); 
update estoque set quant_venda = quant_venda + 1, quant_atual = quant_atual - 1 where id = 370; 
update estoque_total set total = total - 1 where medicamento_id = 370; 
insert into itens_venda values (default, 166, 98, 98, 1, 0.00, 234.05); 
update estoque set quant_venda = quant_venda + 1, quant_atual = quant_atual - 1 where id = 98; 
update estoque_total set total = total - 1 where medicamento_id = 98; 

insert into venda values (167, '2022-12-06 08:42:06', 91.42, null, null); 
insert into itens_venda values (default, 167, 489, 489, 1, 1.70, 42.29); 
update estoque set quant_venda = quant_venda + 1, quant_atual = quant_atual - 1 where id = 489; 
update estoque_total set total = total - 1 where medicamento_id = 489; 
insert into itens_venda values (default, 167, 179, 179, 1, 0.00, 49.13); 
update estoque set quant_venda = quant_venda + 1, quant_atual = quant_atual - 1 where id = 179; 
update estoque_total set total = total - 1 where medicamento_id = 179; 

insert into venda values (168, '2022-12-08 06:55:22', 137.71, 16, 25); 
insert into itens_venda values (default, 168, 148, 148, 1, 6.90, 108.41); 
update estoque set quant_venda = quant_venda + 1, quant_atual = quant_atual - 1 where id = 148; 
update estoque_total set total = total - 1 where medicamento_id = 148; 
insert into itens_venda values (default, 168, 292, 292, 3, 2.80, 29.30); 
update estoque set quant_venda = quant_venda + 3, quant_atual = quant_atual - 3 where id = 292; 
update estoque_total set total = total - 3 where medicamento_id = 292; 

insert into venda values (169, '2022-12-08 08:04:14', 67.08, null, null); 
insert into itens_venda values (default, 169, 505, 505, 2, 0.60, 67.08); 
update estoque set quant_venda = quant_venda + 2, quant_atual = quant_atual - 2 where id = 505; 
update estoque_total set total = total - 2 where medicamento_id = 505; 

insert into venda values (170, '2022-12-08 09:01:51', 69.12, null, null); 
insert into itens_venda values (default, 170, 442, 442, 3, 0.00, 69.12); 
update estoque set quant_venda = quant_venda + 3, quant_atual = quant_atual - 3 where id = 442; 
update estoque_total set total = total - 3 where medicamento_id = 442; 

insert into venda values (171, '2022-12-08 10:24:24', 380.70, 9, 23); 
insert into itens_venda values (default, 171, 312, 312, 1, 1.00, 25.45); 
update estoque set quant_venda = quant_venda + 1, quant_atual = quant_atual - 1 where id = 312; 
update estoque_total set total = total - 1 where medicamento_id = 312; 
insert into itens_venda values (default, 171, 191, 191, 1, 7.20, 355.25); 
update estoque set quant_venda = quant_venda + 1, quant_atual = quant_atual - 1 where id = 191; 
update estoque_total set total = total - 1 where medicamento_id = 191; 

insert into venda values (172, '2022-12-08 10:58:36', 245.76, 14, 23); 
insert into itens_venda values (default, 172, 438, 438, 1, 4.70, 47.59); 
update estoque set quant_venda = quant_venda + 1, quant_atual = quant_atual - 1 where id = 438; 
update estoque_total set total = total - 1 where medicamento_id = 438; 
insert into itens_venda values (default, 172, 148, 148, 1, 5.70, 109.61); 
update estoque set quant_venda = quant_venda + 1, quant_atual = quant_atual - 1 where id = 148; 
update estoque_total set total = total - 1 where medicamento_id = 148; 
insert into itens_venda values (default, 172, 136, 136, 2, 3.60, 88.56); 
update estoque set quant_venda = quant_venda + 2, quant_atual = quant_atual - 2 where id = 136; 
update estoque_total set total = total - 2 where medicamento_id = 136; 

insert into venda values (173, '2022-12-08 12:06:33', 52.76, 10, null); 
insert into itens_venda values (default, 173, 394, 394, 2, 4.50, 52.76); 
update estoque set quant_venda = quant_venda + 2, quant_atual = quant_atual - 2 where id = 394; 
update estoque_total set total = total - 2 where medicamento_id = 394; 

insert into venda values (174, '2022-12-08 13:02:41', 400.67, null, 21); 
insert into itens_venda values (default, 174, 484, 484, 1, 0.30, 16.22); 
update estoque set quant_venda = quant_venda + 1, quant_atual = quant_atual - 1 where id = 484; 
update estoque_total set total = total - 1 where medicamento_id = 484; 
insert into itens_venda values (default, 174, 268, 268, 1, 11.60, 279.47); 
update estoque set quant_venda = quant_venda + 1, quant_atual = quant_atual - 1 where id = 268; 
update estoque_total set total = total - 1 where medicamento_id = 268; 
insert into itens_venda values (default, 174, 298, 298, 1, 1.00, 104.98); 
update estoque set quant_venda = quant_venda + 1, quant_atual = quant_atual - 1 where id = 298; 
update estoque_total set total = total - 1 where medicamento_id = 298; 

insert into venda values (175, '2022-12-08 13:33:39', 82.36, 12, null); 
insert into itens_venda values (default, 175, 479, 479, 1, 1.40, 35.29); 
update estoque set quant_venda = quant_venda + 1, quant_atual = quant_atual - 1 where id = 479; 
update estoque_total set total = total - 1 where medicamento_id = 479; 
insert into itens_venda values (default, 175, 423, 423, 3, 0.90, 47.07); 
update estoque set quant_venda = quant_venda + 3, quant_atual = quant_atual - 3 where id = 423; 
update estoque_total set total = total - 3 where medicamento_id = 423; 

insert into venda values (176, '2022-12-08 14:26:04', 196.27, 14, null); 
insert into itens_venda values (default, 176, 345, 345, 1, 0.50, 25.56); 
update estoque set quant_venda = quant_venda + 1, quant_atual = quant_atual - 1 where id = 345; 
update estoque_total set total = total - 1 where medicamento_id = 345; 
insert into itens_venda values (default, 176, 468, 468, 2, 3.50, 115.44); 
update estoque set quant_venda = quant_venda + 2, quant_atual = quant_atual - 2 where id = 468; 
update estoque_total set total = total - 2 where medicamento_id = 468; 
insert into itens_venda values (default, 176, 461, 461, 3, 0.50, 55.27); 
update estoque set quant_venda = quant_venda + 3, quant_atual = quant_atual - 3 where id = 461; 
update estoque_total set total = total - 3 where medicamento_id = 461; 

insert into venda values (177, '2022-12-08 15:18:12', 132.63, null, 21); 
insert into itens_venda values (default, 177, 378, 378, 1, 1.10, 36.47); 
update estoque set quant_venda = quant_venda + 1, quant_atual = quant_atual - 1 where id = 378; 
update estoque_total set total = total - 1 where medicamento_id = 378; 
insert into itens_venda values (default, 177, 366, 366, 2, 2.90, 96.16); 
update estoque set quant_venda = quant_venda + 2, quant_atual = quant_atual - 2 where id = 366; 
update estoque_total set total = total - 2 where medicamento_id = 366; 

insert into venda values (178, '2022-12-08 16:25:15', 486.44, 2, null); 
insert into itens_venda values (default, 178, 501, 501, 2, 2.70, 43.48); 
update estoque set quant_venda = quant_venda + 2, quant_atual = quant_atual - 2 where id = 501; 
update estoque_total set total = total - 2 where medicamento_id = 501; 
insert into itens_venda values (default, 178, 257, 257, 1, 30.90, 313.00); 
update estoque set quant_venda = quant_venda + 1, quant_atual = quant_atual - 1 where id = 257; 
update estoque_total set total = total - 1 where medicamento_id = 257; 
insert into itens_venda values (default, 178, 407, 407, 2, 9.70, 129.96); 
update estoque set quant_venda = quant_venda + 2, quant_atual = quant_atual - 2 where id = 407; 
update estoque_total set total = total - 2 where medicamento_id = 407; 

insert into venda values (179, '2022-12-09 06:59:55', 469.75, 2, null); 
insert into itens_venda values (default, 179, 270, 270, 1, 16.50, 313.81); 
update estoque set quant_venda = quant_venda + 1, quant_atual = quant_atual - 1 where id = 270; 
update estoque_total set total = total - 1 where medicamento_id = 270; 
insert into itens_venda values (default, 179, 438, 438, 2, 1.00, 103.58); 
update estoque set quant_venda = quant_venda + 2, quant_atual = quant_atual - 2 where id = 438; 
update estoque_total set total = total - 2 where medicamento_id = 438; 
insert into itens_venda values (default, 179, 296, 296, 1, 2.10, 52.36); 
update estoque set quant_venda = quant_venda + 1, quant_atual = quant_atual - 1 where id = 296; 
update estoque_total set total = total - 1 where medicamento_id = 296; 

insert into venda values (180, '2022-12-09 07:13:11', 380.24, 4, 23); 
insert into itens_venda values (default, 180, 391, 391, 2, 10.60, 167.40); 
update estoque set quant_venda = quant_venda + 2, quant_atual = quant_atual - 2 where id = 391; 
update estoque_total set total = total - 2 where medicamento_id = 391; 
insert into itens_venda values (default, 180, 330, 330, 2, 0.00, 165.32); 
update estoque set quant_venda = quant_venda + 2, quant_atual = quant_atual - 2 where id = 330; 
update estoque_total set total = total - 2 where medicamento_id = 330; 
insert into itens_venda values (default, 180, 430, 430, 2, 1.90, 47.52); 
update estoque set quant_venda = quant_venda + 2, quant_atual = quant_atual - 2 where id = 430; 
update estoque_total set total = total - 2 where medicamento_id = 430; 

insert into venda values (181, '2022-12-09 07:54:28', 38.46, null, null); 
insert into itens_venda values (default, 181, 456, 456, 1, 0.00, 38.46); 
update estoque set quant_venda = quant_venda + 1, quant_atual = quant_atual - 1 where id = 456; 
update estoque_total set total = total - 1 where medicamento_id = 456; 

insert into venda values (182, '2022-12-09 08:45:09', 76.62, null, null); 
insert into itens_venda values (default, 182, 390, 390, 2, 0.00, 76.62); 
update estoque set quant_venda = quant_venda + 2, quant_atual = quant_atual - 2 where id = 390; 
update estoque_total set total = total - 2 where medicamento_id = 390; 

insert into venda values (183, '2022-12-09 09:28:16', 266.54, null, null); 
insert into itens_venda values (default, 183, 153, 153, 2, 1.60, 162.02); 
update estoque set quant_venda = quant_venda + 2, quant_atual = quant_atual - 2 where id = 153; 
update estoque_total set total = total - 2 where medicamento_id = 153; 
insert into itens_venda values (default, 183, 441, 441, 2, 0.00, 57.00); 
update estoque set quant_venda = quant_venda + 2, quant_atual = quant_atual - 2 where id = 441; 
update estoque_total set total = total - 2 where medicamento_id = 441; 
insert into itens_venda values (default, 183, 429, 429, 2, 1.90, 47.52); 
update estoque set quant_venda = quant_venda + 2, quant_atual = quant_atual - 2 where id = 429; 
update estoque_total set total = total - 2 where medicamento_id = 429; 

insert into venda values (184, '2022-12-10 06:22:39', 254.60, null, null); 
insert into itens_venda values (default, 184, 322, 322, 1, 1.10, 27.02); 
update estoque set quant_venda = quant_venda + 1, quant_atual = quant_atual - 1 where id = 322; 
update estoque_total set total = total - 1 where medicamento_id = 322; 
insert into itens_venda values (default, 184, 105, 105, 1, 0.00, 227.58); 
update estoque set quant_venda = quant_venda + 1, quant_atual = quant_atual - 1 where id = 105; 
update estoque_total set total = total - 1 where medicamento_id = 105; 

insert into venda values (185, '2022-12-10 07:25:26', 99.02, null, null); 
insert into itens_venda values (default, 185, 418, 418, 2, 0.50, 54.80); 
update estoque set quant_venda = quant_venda + 2, quant_atual = quant_atual - 2 where id = 418; 
update estoque_total set total = total - 2 where medicamento_id = 418; 
insert into itens_venda values (default, 185, 416, 416, 2, 1.30, 44.22); 
update estoque set quant_venda = quant_venda + 2, quant_atual = quant_atual - 2 where id = 416; 
update estoque_total set total = total - 2 where medicamento_id = 416; 

insert into venda values (186, '2022-12-10 08:14:33', 255.26, null, null); 
insert into itens_venda values (default, 186, 327, 327, 1, 0.60, 31.02); 
update estoque set quant_venda = quant_venda + 1, quant_atual = quant_atual - 1 where id = 327; 
update estoque_total set total = total - 1 where medicamento_id = 327; 
insert into itens_venda values (default, 186, 415, 415, 1, 0.00, 153.62); 
update estoque set quant_venda = quant_venda + 1, quant_atual = quant_atual - 1 where id = 415; 
update estoque_total set total = total - 1 where medicamento_id = 415; 
insert into itens_venda values (default, 186, 405, 405, 2, 1.40, 70.62); 
update estoque set quant_venda = quant_venda + 2, quant_atual = quant_atual - 2 where id = 405; 
update estoque_total set total = total - 2 where medicamento_id = 405; 

insert into venda values (187, '2022-12-10 08:54:25', 102.17, null, null); 
insert into itens_venda values (default, 187, 334, 334, 1, 2.50, 60.03); 
update estoque set quant_venda = quant_venda + 1, quant_atual = quant_atual - 1 where id = 334; 
update estoque_total set total = total - 1 where medicamento_id = 334; 
insert into itens_venda values (default, 187, 384, 384, 1, 1.70, 42.14); 
update estoque set quant_venda = quant_venda + 1, quant_atual = quant_atual - 1 where id = 384; 
update estoque_total set total = total - 1 where medicamento_id = 384; 

insert into venda values (188, '2022-12-10 09:54:55', 85.08, null, null); 
insert into itens_venda values (default, 188, 384, 384, 2, 2.60, 85.08); 
update estoque set quant_venda = quant_venda + 2, quant_atual = quant_atual - 2 where id = 384; 
update estoque_total set total = total - 2 where medicamento_id = 384; 

insert into venda values (189, '2022-12-10 10:28:14', 106.46, 12, null); 
insert into itens_venda values (default, 189, 475, 475, 1, 0.80, 19.30); 
update estoque set quant_venda = quant_venda + 1, quant_atual = quant_atual - 1 where id = 475; 
update estoque_total set total = total - 1 where medicamento_id = 475; 
insert into itens_venda values (default, 189, 469, 469, 2, 8.60, 87.16); 
update estoque set quant_venda = quant_venda + 2, quant_atual = quant_atual - 2 where id = 469; 
update estoque_total set total = total - 2 where medicamento_id = 469; 

insert into venda values (190, '2022-12-10 10:46:14', 165.04, null, null); 
insert into itens_venda values (default, 190, 182, 182, 2, 3.10, 100.72); 
update estoque set quant_venda = quant_venda + 2, quant_atual = quant_atual - 2 where id = 182; 
update estoque_total set total = total - 2 where medicamento_id = 182; 
insert into itens_venda values (default, 190, 392, 392, 3, 0.00, 41.88); 
update estoque set quant_venda = quant_venda + 3, quant_atual = quant_atual - 3 where id = 392; 
update estoque_total set total = total - 3 where medicamento_id = 392; 
insert into itens_venda values (default, 190, 442, 442, 1, 0.60, 22.44); 
update estoque set quant_venda = quant_venda + 1, quant_atual = quant_atual - 1 where id = 442; 
update estoque_total set total = total - 1 where medicamento_id = 442; 

insert into venda values (191, '2022-12-10 11:20:58', 189.26, null, null); 
insert into itens_venda values (default, 191, 196, 196, 1, 0.00, 189.26); 
update estoque set quant_venda = quant_venda + 1, quant_atual = quant_atual - 1 where id = 196; 
update estoque_total set total = total - 1 where medicamento_id = 196; 

insert into venda values (192, '2022-12-10 12:40:39', 109.34, null, null); 
insert into itens_venda values (default, 192, 472, 472, 1, 0.20, 29.12); 
update estoque set quant_venda = quant_venda + 1, quant_atual = quant_atual - 1 where id = 472; 
update estoque_total set total = total - 1 where medicamento_id = 472; 
insert into itens_venda values (default, 192, 491, 491, 1, 0.00, 56.45); 
update estoque set quant_venda = quant_venda + 1, quant_atual = quant_atual - 1 where id = 491; 
update estoque_total set total = total - 1 where medicamento_id = 491; 
insert into itens_venda values (default, 192, 476, 476, 1, 0.40, 23.77); 
update estoque set quant_venda = quant_venda + 1, quant_atual = quant_atual - 1 where id = 476; 
update estoque_total set total = total - 1 where medicamento_id = 476; 

insert into venda values (193, '2022-12-11 06:18:29', 85.68, 11, 22); 
insert into itens_venda values (default, 193, 252, 252, 2, 5.00, 51.12); 
update estoque set quant_venda = quant_venda + 2, quant_atual = quant_atual - 2 where id = 252; 
update estoque_total set total = total - 2 where medicamento_id = 252; 
insert into itens_venda values (default, 193, 181, 181, 1, 1.40, 34.56); 
update estoque set quant_venda = quant_venda + 1, quant_atual = quant_atual - 1 where id = 181; 
update estoque_total set total = total - 1 where medicamento_id = 181; 

insert into venda values (194, '2022-12-11 06:40:35', 126.16, null, null); 
insert into itens_venda values (default, 194, 326, 326, 1, 0.40, 45.32); 
update estoque set quant_venda = quant_venda + 1, quant_atual = quant_atual - 1 where id = 326; 
update estoque_total set total = total - 1 where medicamento_id = 326; 
insert into itens_venda values (default, 194, 473, 473, 1, 0.00, 49.16); 
update estoque set quant_venda = quant_venda + 1, quant_atual = quant_atual - 1 where id = 473; 
update estoque_total set total = total - 1 where medicamento_id = 473; 
insert into itens_venda values (default, 194, 423, 423, 2, 0.30, 31.68); 
update estoque set quant_venda = quant_venda + 2, quant_atual = quant_atual - 2 where id = 423; 
update estoque_total set total = total - 2 where medicamento_id = 423; 

insert into venda values (195, '2022-12-11 06:53:02', 32.62, 11, null); 
insert into itens_venda values (default, 195, 459, 459, 1, 1.30, 32.62); 
update estoque set quant_venda = quant_venda + 1, quant_atual = quant_atual - 1 where id = 459; 
update estoque_total set total = total - 1 where medicamento_id = 459; 

insert into venda values (196, '2022-12-11 07:18:56', 254.77, null, null); 
insert into itens_venda values (default, 196, 489, 489, 2, 1.70, 86.28); 
update estoque set quant_venda = quant_venda + 2, quant_atual = quant_atual - 2 where id = 489; 
update estoque_total set total = total - 2 where medicamento_id = 489; 
insert into itens_venda values (default, 196, 266, 266, 1, 1.10, 118.77); 
update estoque set quant_venda = quant_venda + 1, quant_atual = quant_atual - 1 where id = 266; 
update estoque_total set total = total - 1 where medicamento_id = 266; 
insert into itens_venda values (default, 196, 255, 255, 1, 1.00, 49.72); 
update estoque set quant_venda = quant_venda + 1, quant_atual = quant_atual - 1 where id = 255; 
update estoque_total set total = total - 1 where medicamento_id = 255; 

insert into venda values (197, '2022-12-11 07:46:00', 34.20, null, null); 
insert into itens_venda values (default, 197, 299, 299, 1, 0.00, 34.20); 
update estoque set quant_venda = quant_venda + 1, quant_atual = quant_atual - 1 where id = 299; 
update estoque_total set total = total - 1 where medicamento_id = 299; 

insert into venda values (198, '2022-12-11 08:42:23', 178.65, 19, null); 
insert into itens_venda values (default, 198, 239, 239, 1, 15.50, 178.65); 
update estoque set quant_venda = quant_venda + 1, quant_atual = quant_atual - 1 where id = 239; 
update estoque_total set total = total - 1 where medicamento_id = 239; 

insert into venda values (199, '2022-12-11 08:59:13', 52.37, null, null); 
insert into itens_venda values (default, 199, 425, 425, 1, 1.40, 34.80); 
update estoque set quant_venda = quant_venda + 1, quant_atual = quant_atual - 1 where id = 425; 
update estoque_total set total = total - 1 where medicamento_id = 425; 
insert into itens_venda values (default, 199, 323, 323, 1, 0.10, 17.57); 
update estoque set quant_venda = quant_venda + 1, quant_atual = quant_atual - 1 where id = 323; 
update estoque_total set total = total - 1 where medicamento_id = 323; 

insert into venda values (200, '2022-12-11 09:16:24', 66.17, null, null); 
insert into itens_venda values (default, 200, 420, 420, 1, 0.60, 66.17); 
update estoque set quant_venda = quant_venda + 1, quant_atual = quant_atual - 1 where id = 420; 
update estoque_total set total = total - 1 where medicamento_id = 420; 

insert into venda values (201, '2022-12-11 10:08:02', 171.19, 16, null); 
insert into itens_venda values (default, 201, 418, 418, 2, 0.50, 54.80); 
update estoque set quant_venda = quant_venda + 2, quant_atual = quant_atual - 2 where id = 418; 
update estoque_total set total = total - 2 where medicamento_id = 418; 
insert into itens_venda values (default, 201, 464, 464, 1, 2.90, 29.55); 
update estoque set quant_venda = quant_venda + 1, quant_atual = quant_atual - 1 where id = 464; 
update estoque_total set total = total - 1 where medicamento_id = 464; 
insert into itens_venda values (default, 201, 138, 138, 2, 1.70, 86.84); 
update estoque set quant_venda = quant_venda + 2, quant_atual = quant_atual - 2 where id = 138; 
update estoque_total set total = total - 2 where medicamento_id = 138; 

insert into venda values (202, '2022-12-11 11:10:50', 27.80, 7, null); 
insert into itens_venda values (default, 202, 376, 376, 2, 2.00, 27.80); 
update estoque set quant_venda = quant_venda + 2, quant_atual = quant_atual - 2 where id = 376; 
update estoque_total set total = total - 2 where medicamento_id = 376; 

insert into venda values (203, '2022-12-11 12:32:28', 111.18, 6, null); 
insert into itens_venda values (default, 203, 381, 381, 2, 9.60, 111.18); 
update estoque set quant_venda = quant_venda + 2, quant_atual = quant_atual - 2 where id = 381; 
update estoque_total set total = total - 2 where medicamento_id = 381; 

insert into venda values (204, '2022-12-11 12:56:19', 115.51, 12, null); 
insert into itens_venda values (default, 204, 488, 488, 1, 2.40, 46.83); 
update estoque set quant_venda = quant_venda + 1, quant_atual = quant_atual - 1 where id = 488; 
update estoque_total set total = total - 1 where medicamento_id = 488; 
insert into itens_venda values (default, 204, 278, 278, 2, 1.40, 68.68); 
update estoque set quant_venda = quant_venda + 2, quant_atual = quant_atual - 2 where id = 278; 
update estoque_total set total = total - 2 where medicamento_id = 278; 

insert into venda values (205, '2022-12-12 07:02:14', 160.59, 20, null); 
insert into itens_venda values (default, 205, 498, 498, 2, 2.80, 68.06); 
update estoque set quant_venda = quant_venda + 2, quant_atual = quant_atual - 2 where id = 498; 
update estoque_total set total = total - 2 where medicamento_id = 498; 
insert into itens_venda values (default, 205, 127, 127, 1, 1.30, 44.27); 
update estoque set quant_venda = quant_venda + 1, quant_atual = quant_atual - 1 where id = 127; 
update estoque_total set total = total - 1 where medicamento_id = 127; 
insert into itens_venda values (default, 205, 437, 437, 2, 4.10, 48.26); 
update estoque set quant_venda = quant_venda + 2, quant_atual = quant_atual - 2 where id = 437; 
update estoque_total set total = total - 2 where medicamento_id = 437; 

insert into venda values (206, '2022-12-12 07:59:24', 47.02, 5, null); 
insert into itens_venda values (default, 206, 429, 429, 2, 2.40, 47.02); 
update estoque set quant_venda = quant_venda + 2, quant_atual = quant_atual - 2 where id = 429; 
update estoque_total set total = total - 2 where medicamento_id = 429; 

insert into venda values (207, '2022-12-12 08:34:44', 256.90, null, null); 
insert into itens_venda values (default, 207, 436, 436, 1, 1.30, 64.44); 
update estoque set quant_venda = quant_venda + 1, quant_atual = quant_atual - 1 where id = 436; 
update estoque_total set total = total - 1 where medicamento_id = 436; 
insert into itens_venda values (default, 207, 143, 143, 1, 1.90, 192.46); 
update estoque set quant_venda = quant_venda + 1, quant_atual = quant_atual - 1 where id = 143; 
update estoque_total set total = total - 1 where medicamento_id = 143; 

insert into venda values (208, '2022-12-12 09:27:40', 215.83, 4, null); 
insert into itens_venda values (default, 208, 369, 369, 1, 6.20, 83.49); 
update estoque set quant_venda = quant_venda + 1, quant_atual = quant_atual - 1 where id = 369; 
update estoque_total set total = total - 1 where medicamento_id = 369; 
insert into itens_venda values (default, 208, 172, 172, 1, 4.00, 132.34); 
update estoque set quant_venda = quant_venda + 1, quant_atual = quant_atual - 1 where id = 172; 
update estoque_total set total = total - 1 where medicamento_id = 172; 

insert into venda values (209, '2022-12-12 10:37:58', 73.70, null, 23); 
insert into itens_venda values (default, 209, 170, 170, 1, 3.00, 73.70); 
update estoque set quant_venda = quant_venda + 1, quant_atual = quant_atual - 1 where id = 170; 
update estoque_total set total = total - 1 where medicamento_id = 170; 

insert into venda values (210, '2022-12-12 11:15:03', 191.26, 1, null); 
insert into itens_venda values (default, 210, 297, 297, 2, 9.30, 107.72); 
update estoque set quant_venda = quant_venda + 2, quant_atual = quant_atual - 2 where id = 297; 
update estoque_total set total = total - 2 where medicamento_id = 297; 
insert into itens_venda values (default, 210, 500, 500, 2, 1.50, 30.44); 
update estoque set quant_venda = quant_venda + 2, quant_atual = quant_atual - 2 where id = 500; 
update estoque_total set total = total - 2 where medicamento_id = 500; 
insert into itens_venda values (default, 210, 441, 441, 2, 3.90, 53.10); 
update estoque set quant_venda = quant_venda + 2, quant_atual = quant_atual - 2 where id = 441; 
update estoque_total set total = total - 2 where medicamento_id = 441; 

insert into venda values (211, '2022-12-12 12:18:53', 21.60, null, null); 
insert into itens_venda values (default, 211, 424, 424, 2, 0.40, 21.60); 
update estoque set quant_venda = quant_venda + 2, quant_atual = quant_atual - 2 where id = 424; 
update estoque_total set total = total - 2 where medicamento_id = 424; 

insert into venda values (212, '2022-12-12 12:24:41', 182.67, null, null); 
insert into itens_venda values (default, 212, 337, 337, 1, 1.80, 43.31); 
update estoque set quant_venda = quant_venda + 1, quant_atual = quant_atual - 1 where id = 337; 
update estoque_total set total = total - 1 where medicamento_id = 337; 
insert into itens_venda values (default, 212, 283, 283, 2, 0.00, 103.80); 
update estoque set quant_venda = quant_venda + 2, quant_atual = quant_atual - 2 where id = 283; 
update estoque_total set total = total - 2 where medicamento_id = 283; 
insert into itens_venda values (default, 212, 426, 426, 1, 0.70, 35.56); 
update estoque set quant_venda = quant_venda + 1, quant_atual = quant_atual - 1 where id = 426; 
update estoque_total set total = total - 1 where medicamento_id = 426; 

insert into venda values (213, '2022-12-12 12:45:15', 253.70, null, null); 
insert into itens_venda values (default, 213, 498, 498, 2, 0.00, 70.86); 
update estoque set quant_venda = quant_venda + 2, quant_atual = quant_atual - 2 where id = 498; 
update estoque_total set total = total - 2 where medicamento_id = 498; 
insert into itens_venda values (default, 213, 92, 92, 2, 0.00, 96.48); 
update estoque set quant_venda = quant_venda + 2, quant_atual = quant_atual - 2 where id = 92; 
update estoque_total set total = total - 2 where medicamento_id = 92; 
insert into itens_venda values (default, 213, 346, 346, 2, 3.50, 86.36); 
update estoque set quant_venda = quant_venda + 2, quant_atual = quant_atual - 2 where id = 346; 
update estoque_total set total = total - 2 where medicamento_id = 346; 

insert into venda values (214, '2022-12-12 13:05:54', 96.78, null, null); 
insert into itens_venda values (default, 214, 328, 328, 2, 0.00, 60.28); 
update estoque set quant_venda = quant_venda + 2, quant_atual = quant_atual - 2 where id = 328; 
update estoque_total set total = total - 2 where medicamento_id = 328; 
insert into itens_venda values (default, 214, 72, 72, 2, 0.00, 36.50); 
update estoque set quant_venda = quant_venda + 2, quant_atual = quant_atual - 2 where id = 72; 
update estoque_total set total = total - 2 where medicamento_id = 72; 

insert into venda values (215, '2022-12-12 13:53:27', 32.98, 9, 22); 
insert into itens_venda values (default, 215, 277, 277, 1, 2.40, 32.98); 
update estoque set quant_venda = quant_venda + 1, quant_atual = quant_atual - 1 where id = 277; 
update estoque_total set total = total - 1 where medicamento_id = 277; 

insert into venda values (216, '2022-12-12 15:15:41', 291.61, null, null); 
insert into itens_venda values (default, 216, 355, 355, 2, 1.50, 50.72); 
update estoque set quant_venda = quant_venda + 2, quant_atual = quant_atual - 2 where id = 355; 
update estoque_total set total = total - 2 where medicamento_id = 355; 
insert into itens_venda values (default, 216, 465, 465, 1, 1.20, 121.02); 
update estoque set quant_venda = quant_venda + 1, quant_atual = quant_atual - 1 where id = 465; 
update estoque_total set total = total - 1 where medicamento_id = 465; 
insert into itens_venda values (default, 216, 266, 266, 1, 0.00, 119.87); 
update estoque set quant_venda = quant_venda + 1, quant_atual = quant_atual - 1 where id = 266; 
update estoque_total set total = total - 1 where medicamento_id = 266; 

insert into venda values (217, '2022-12-13 08:39:14', 117.39, null, null); 
insert into itens_venda values (default, 217, 256, 256, 1, 0.70, 79.19); 
update estoque set quant_venda = quant_venda + 1, quant_atual = quant_atual - 1 where id = 256; 
update estoque_total set total = total - 1 where medicamento_id = 256; 
insert into itens_venda values (default, 217, 414, 414, 1, 0.30, 38.20); 
update estoque set quant_venda = quant_venda + 1, quant_atual = quant_atual - 1 where id = 414; 
update estoque_total set total = total - 1 where medicamento_id = 414; 

insert into venda values (218, '2022-12-13 09:40:03', 156.81, null, null); 
insert into itens_venda values (default, 218, 79, 79, 1, 0.00, 126.01); 
update estoque set quant_venda = quant_venda + 1, quant_atual = quant_atual - 1 where id = 79; 
update estoque_total set total = total - 1 where medicamento_id = 79; 
insert into itens_venda values (default, 218, 422, 422, 1, 0.30, 15.69); 
update estoque set quant_venda = quant_venda + 1, quant_atual = quant_atual - 1 where id = 422; 
update estoque_total set total = total - 1 where medicamento_id = 422; 
insert into itens_venda values (default, 218, 311, 311, 1, 0.10, 15.11); 
update estoque set quant_venda = quant_venda + 1, quant_atual = quant_atual - 1 where id = 311; 
update estoque_total set total = total - 1 where medicamento_id = 311; 

insert into venda values (219, '2022-12-13 10:56:17', 100.21, null, null); 
insert into itens_venda values (default, 219, 243, 243, 1, 0.00, 38.48); 
update estoque set quant_venda = quant_venda + 1, quant_atual = quant_atual - 1 where id = 243; 
update estoque_total set total = total - 1 where medicamento_id = 243; 
insert into itens_venda values (default, 219, 467, 467, 1, 0.60, 61.73); 
update estoque set quant_venda = quant_venda + 1, quant_atual = quant_atual - 1 where id = 467; 
update estoque_total set total = total - 1 where medicamento_id = 467; 

insert into venda values (220, '2022-12-13 11:31:54', 93.99, null, null); 
insert into itens_venda values (default, 220, 126, 126, 1, 0.00, 93.99); 
update estoque set quant_venda = quant_venda + 1, quant_atual = quant_atual - 1 where id = 126; 
update estoque_total set total = total - 1 where medicamento_id = 126; 

insert into venda values (221, '2022-12-13 13:27:13', 338.69, 2, 21); 
insert into itens_venda values (default, 221, 131, 131, 1, 1.00, 99.85); 
update estoque set quant_venda = quant_venda + 1, quant_atual = quant_atual - 1 where id = 131; 
update estoque_total set total = total - 1 where medicamento_id = 131; 
insert into itens_venda values (default, 221, 96, 96, 1, 15.20, 238.84); 
update estoque set quant_venda = quant_venda + 1, quant_atual = quant_atual - 1 where id = 96; 
update estoque_total set total = total - 1 where medicamento_id = 96; 

insert into venda values (222, '2022-12-13 15:05:15', 276.32, null, null); 
insert into itens_venda values (default, 222, 505, 505, 2, 2.00, 65.68); 
update estoque set quant_venda = quant_venda + 2, quant_atual = quant_atual - 2 where id = 505; 
update estoque_total set total = total - 2 where medicamento_id = 505; 
insert into itens_venda values (default, 222, 400, 400, 1, 0.00, 136.20); 
update estoque set quant_venda = quant_venda + 1, quant_atual = quant_atual - 1 where id = 400; 
update estoque_total set total = total - 1 where medicamento_id = 400; 
insert into itens_venda values (default, 222, 499, 499, 2, 3.10, 74.44); 
update estoque set quant_venda = quant_venda + 2, quant_atual = quant_atual - 2 where id = 499; 
update estoque_total set total = total - 2 where medicamento_id = 499; 

insert into venda values (223, '2022-12-14 06:37:56', 33.87, null, null); 
insert into itens_venda values (default, 223, 457, 457, 1, 0.30, 33.87); 
update estoque set quant_venda = quant_venda + 1, quant_atual = quant_atual - 1 where id = 457; 
update estoque_total set total = total - 1 where medicamento_id = 457; 

insert into venda values (224, '2022-12-14 07:13:59', 276.36, 4, null); 
insert into itens_venda values (default, 224, 435, 435, 1, 0.90, 97.12); 
update estoque set quant_venda = quant_venda + 1, quant_atual = quant_atual - 1 where id = 435; 
update estoque_total set total = total - 1 where medicamento_id = 435; 
insert into itens_venda values (default, 224, 205, 205, 1, 7.40, 179.24); 
update estoque set quant_venda = quant_venda + 1, quant_atual = quant_atual - 1 where id = 205; 
update estoque_total set total = total - 1 where medicamento_id = 205; 

insert into venda values (225, '2022-12-14 07:48:50', 68.20, null, null); 
insert into itens_venda values (default, 225, 478, 478, 1, 0.00, 57.52); 
update estoque set quant_venda = quant_venda + 1, quant_atual = quant_atual - 1 where id = 478; 
update estoque_total set total = total - 1 where medicamento_id = 478; 
insert into itens_venda values (default, 225, 495, 495, 1, 0.00, 10.68); 
update estoque set quant_venda = quant_venda + 1, quant_atual = quant_atual - 1 where id = 495; 
update estoque_total set total = total - 1 where medicamento_id = 495; 

insert into venda values (226, '2022-12-14 09:02:27', 219.63, 6, 25); 
insert into itens_venda values (default, 226, 333, 333, 1, 7.20, 113.85); 
update estoque set quant_venda = quant_venda + 1, quant_atual = quant_atual - 1 where id = 333; 
update estoque_total set total = total - 1 where medicamento_id = 333; 
insert into itens_venda values (default, 226, 410, 410, 1, 1.00, 105.78); 
update estoque set quant_venda = quant_venda + 1, quant_atual = quant_atual - 1 where id = 410; 
update estoque_total set total = total - 1 where medicamento_id = 410; 

insert into venda values (227, '2022-12-14 09:45:44', 196.83, null, null); 
insert into itens_venda values (default, 227, 407, 407, 2, 0.00, 139.66); 
update estoque set quant_venda = quant_venda + 2, quant_atual = quant_atual - 2 where id = 407; 
update estoque_total set total = total - 2 where medicamento_id = 407; 
insert into itens_venda values (default, 227, 468, 468, 1, 2.30, 57.17); 
update estoque set quant_venda = quant_venda + 1, quant_atual = quant_atual - 1 where id = 468; 
update estoque_total set total = total - 1 where medicamento_id = 468; 

insert into venda values (228, '2022-12-14 10:30:29', 189.44, 15, null); 
insert into itens_venda values (default, 228, 465, 465, 1, 4.80, 117.42); 
update estoque set quant_venda = quant_venda + 1, quant_atual = quant_atual - 1 where id = 465; 
update estoque_total set total = total - 1 where medicamento_id = 465; 
insert into itens_venda values (default, 228, 405, 405, 2, 0.00, 72.02); 
update estoque set quant_venda = quant_venda + 2, quant_atual = quant_atual - 2 where id = 405; 
update estoque_total set total = total - 2 where medicamento_id = 405; 

insert into venda values (229, '2022-12-14 10:37:45', 26.20, null, null); 
insert into itens_venda values (default, 229, 463, 463, 2, 0.50, 26.20); 
update estoque set quant_venda = quant_venda + 2, quant_atual = quant_atual - 2 where id = 463; 
update estoque_total set total = total - 2 where medicamento_id = 463; 

insert into venda values (230, '2022-12-14 11:58:06', 188.30, null, 25); 
insert into itens_venda values (default, 230, 359, 359, 2, 7.20, 173.96); 
update estoque set quant_venda = quant_venda + 2, quant_atual = quant_atual - 2 where id = 359; 
update estoque_total set total = total - 2 where medicamento_id = 359; 
insert into itens_venda values (default, 230, 496, 496, 2, 0.40, 14.34); 
update estoque set quant_venda = quant_venda + 2, quant_atual = quant_atual - 2 where id = 496; 
update estoque_total set total = total - 2 where medicamento_id = 496; 

insert into venda values (231, '2022-12-14 12:29:34', 187.23, 4, 25); 
insert into itens_venda values (default, 231, 480, 480, 2, 5.60, 57.48); 
update estoque set quant_venda = quant_venda + 2, quant_atual = quant_atual - 2 where id = 480; 
update estoque_total set total = total - 2 where medicamento_id = 480; 
insert into itens_venda values (default, 231, 339, 339, 2, 5.70, 58.66); 
update estoque set quant_venda = quant_venda + 2, quant_atual = quant_atual - 2 where id = 339; 
update estoque_total set total = total - 2 where medicamento_id = 339; 
insert into itens_venda values (default, 231, 444, 444, 1, 4.50, 71.09); 
update estoque set quant_venda = quant_venda + 1, quant_atual = quant_atual - 1 where id = 444; 
update estoque_total set total = total - 1 where medicamento_id = 444; 

insert into venda values (232, '2022-12-14 13:04:06', 218.31, null, 23); 
insert into itens_venda values (default, 232, 164, 164, 1, 0.60, 65.61); 
update estoque set quant_venda = quant_venda + 1, quant_atual = quant_atual - 1 where id = 164; 
update estoque_total set total = total - 1 where medicamento_id = 164; 
insert into itens_venda values (default, 232, 374, 374, 2, 0.60, 67.62); 
update estoque set quant_venda = quant_venda + 2, quant_atual = quant_atual - 2 where id = 374; 
update estoque_total set total = total - 2 where medicamento_id = 374; 
insert into itens_venda values (default, 232, 384, 384, 2, 2.60, 85.08); 
update estoque set quant_venda = quant_venda + 2, quant_atual = quant_atual - 2 where id = 384; 
update estoque_total set total = total - 2 where medicamento_id = 384; 

insert into venda values (233, '2022-12-15 07:57:32', 231.61, null, null); 
insert into itens_venda values (default, 233, 318, 318, 1, 1.60, 54.29); 
update estoque set quant_venda = quant_venda + 1, quant_atual = quant_atual - 1 where id = 318; 
update estoque_total set total = total - 1 where medicamento_id = 318; 
insert into itens_venda values (default, 233, 399, 399, 2, 1.00, 102.70); 
update estoque set quant_venda = quant_venda + 2, quant_atual = quant_atual - 2 where id = 399; 
update estoque_total set total = total - 2 where medicamento_id = 399; 
insert into itens_venda values (default, 233, 460, 460, 2, 0.70, 74.62); 
update estoque set quant_venda = quant_venda + 2, quant_atual = quant_atual - 2 where id = 460; 
update estoque_total set total = total - 2 where medicamento_id = 460; 

insert into venda values (234, '2022-12-15 08:03:16', 126.10, 8, null); 
insert into itens_venda values (default, 234, 392, 392, 1, 1.10, 12.86); 
update estoque set quant_venda = quant_venda + 1, quant_atual = quant_atual - 1 where id = 392; 
update estoque_total set total = total - 1 where medicamento_id = 392; 
insert into itens_venda values (default, 234, 443, 443, 2, 1.40, 45.40); 
update estoque set quant_venda = quant_venda + 2, quant_atual = quant_atual - 2 where id = 443; 
update estoque_total set total = total - 2 where medicamento_id = 443; 
insert into itens_venda values (default, 234, 459, 459, 2, 0.00, 67.84); 
update estoque set quant_venda = quant_venda + 2, quant_atual = quant_atual - 2 where id = 459; 
update estoque_total set total = total - 2 where medicamento_id = 459; 

insert into venda values (235, '2022-12-16 07:00:24', 195.17, null, 21); 
insert into itens_venda values (default, 235, 293, 293, 3, 0.80, 86.59); 
update estoque set quant_venda = quant_venda + 3, quant_atual = quant_atual - 3 where id = 293; 
update estoque_total set total = total - 3 where medicamento_id = 293; 
insert into itens_venda values (default, 235, 448, 448, 2, 0.90, 32.08); 
update estoque set quant_venda = quant_venda + 2, quant_atual = quant_atual - 2 where id = 448; 
update estoque_total set total = total - 2 where medicamento_id = 448; 
insert into itens_venda values (default, 235, 165, 165, 2, 2.30, 76.50); 
update estoque set quant_venda = quant_venda + 2, quant_atual = quant_atual - 2 where id = 165; 
update estoque_total set total = total - 2 where medicamento_id = 165; 

insert into venda values (236, '2022-12-17 06:37:15', 31.38, null, null); 
insert into itens_venda values (default, 236, 288, 288, 2, 1.30, 31.38); 
update estoque set quant_venda = quant_venda + 2, quant_atual = quant_atual - 2 where id = 288; 
update estoque_total set total = total - 2 where medicamento_id = 288; 

insert into venda values (237, '2022-12-17 06:51:33', 139.46, null, null); 
insert into itens_venda values (default, 237, 255, 255, 1, 0.00, 50.72); 
update estoque set quant_venda = quant_venda + 1, quant_atual = quant_atual - 1 where id = 255; 
update estoque_total set total = total - 1 where medicamento_id = 255; 
insert into itens_venda values (default, 237, 326, 326, 2, 2.70, 88.74); 
update estoque set quant_venda = quant_venda + 2, quant_atual = quant_atual - 2 where id = 326; 
update estoque_total set total = total - 2 where medicamento_id = 326; 

insert into venda values (238, '2022-12-17 07:59:03', 7.83, 5, null); 
insert into itens_venda values (default, 238, 380, 380, 1, 0.40, 7.83); 
update estoque set quant_venda = quant_venda + 1, quant_atual = quant_atual - 1 where id = 380; 
update estoque_total set total = total - 1 where medicamento_id = 380; 

insert into venda values (239, '2022-12-17 08:03:36', 181.78, 7, 22); 
insert into itens_venda values (default, 239, 338, 338, 2, 11.60, 181.78); 
update estoque set quant_venda = quant_venda + 2, quant_atual = quant_atual - 2 where id = 338; 
update estoque_total set total = total - 2 where medicamento_id = 338; 

insert into venda values (240, '2022-12-17 08:58:57', 167.99, 17, 24); 
insert into itens_venda values (default, 240, 469, 469, 1, 0.00, 47.88); 
update estoque set quant_venda = quant_venda + 1, quant_atual = quant_atual - 1 where id = 469; 
update estoque_total set total = total - 1 where medicamento_id = 469; 
insert into itens_venda values (default, 240, 287, 287, 1, 0.60, 62.36); 
update estoque set quant_venda = quant_venda + 1, quant_atual = quant_atual - 1 where id = 287; 
update estoque_total set total = total - 1 where medicamento_id = 287; 
insert into itens_venda values (default, 240, 184, 184, 3, 5.70, 57.75); 
update estoque set quant_venda = quant_venda + 3, quant_atual = quant_atual - 3 where id = 184; 
update estoque_total set total = total - 3 where medicamento_id = 184; 

insert into venda values (241, '2022-12-17 09:19:42', 55.56, null, null); 
insert into itens_venda values (default, 241, 394, 394, 2, 1.70, 55.56); 
update estoque set quant_venda = quant_venda + 2, quant_atual = quant_atual - 2 where id = 394; 
update estoque_total set total = total - 2 where medicamento_id = 394; 

insert into venda values (242, '2022-12-17 09:41:50', 173.10, null, null); 
insert into itens_venda values (default, 242, 470, 470, 2, 1.70, 173.10); 
update estoque set quant_venda = quant_venda + 2, quant_atual = quant_atual - 2 where id = 470; 
update estoque_total set total = total - 2 where medicamento_id = 470; 

insert into venda values (243, '2022-12-17 10:11:17', 185.74, null, null); 
insert into itens_venda values (default, 243, 413, 413, 1, 0.90, 89.32); 
update estoque set quant_venda = quant_venda + 1, quant_atual = quant_atual - 1 where id = 413; 
update estoque_total set total = total - 1 where medicamento_id = 413; 
insert into itens_venda values (default, 243, 483, 483, 2, 4.00, 96.42); 
update estoque set quant_venda = quant_venda + 2, quant_atual = quant_atual - 2 where id = 483; 
update estoque_total set total = total - 2 where medicamento_id = 483; 

insert into venda values (244, '2022-12-17 11:06:27', 250.00, null, null); 
insert into itens_venda values (default, 244, 300, 300, 1, 0.00, 250.00); 
update estoque set quant_venda = quant_venda + 1, quant_atual = quant_atual - 1 where id = 300; 
update estoque_total set total = total - 1 where medicamento_id = 300; 

insert into venda values (245, '2022-12-17 11:48:30', 510.31, null, 25); 
insert into itens_venda values (default, 245, 473, 473, 1, 0.00, 49.16); 
update estoque set quant_venda = quant_venda + 1, quant_atual = quant_atual - 1 where id = 473; 
update estoque_total set total = total - 1 where medicamento_id = 473; 
insert into itens_venda values (default, 245, 333, 333, 1, 1.20, 119.85); 
update estoque set quant_venda = quant_venda + 1, quant_atual = quant_atual - 1 where id = 333; 
update estoque_total set total = total - 1 where medicamento_id = 333; 
insert into itens_venda values (default, 245, 396, 396, 1, 0.00, 341.30); 
update estoque set quant_venda = quant_venda + 1, quant_atual = quant_atual - 1 where id = 396; 
update estoque_total set total = total - 1 where medicamento_id = 396; 

insert into venda values (246, '2022-12-17 12:32:23', 74.30, null, 22); 
insert into itens_venda values (default, 246, 500, 500, 1, 0.40, 15.57); 
update estoque set quant_venda = quant_venda + 1, quant_atual = quant_atual - 1 where id = 500; 
update estoque_total set total = total - 1 where medicamento_id = 500; 
insert into itens_venda values (default, 246, 155, 155, 2, 0.00, 9.90); 
update estoque set quant_venda = quant_venda + 2, quant_atual = quant_atual - 2 where id = 155; 
update estoque_total set total = total - 2 where medicamento_id = 155; 
insert into itens_venda values (default, 246, 488, 488, 1, 0.40, 48.83); 
update estoque set quant_venda = quant_venda + 1, quant_atual = quant_atual - 1 where id = 488; 
update estoque_total set total = total - 1 where medicamento_id = 488; 

insert into venda values (247, '2022-12-18 06:03:06', 34.38, null, null); 
insert into itens_venda values (default, 247, 471, 471, 2, 1.40, 34.38); 
update estoque set quant_venda = quant_venda + 2, quant_atual = quant_atual - 2 where id = 471; 
update estoque_total set total = total - 2 where medicamento_id = 471; 

insert into venda values (248, '2022-12-18 07:45:03', 66.77, null, null); 
insert into itens_venda values (default, 248, 420, 420, 1, 0.00, 66.77); 
update estoque set quant_venda = quant_venda + 1, quant_atual = quant_atual - 1 where id = 420; 
update estoque_total set total = total - 1 where medicamento_id = 420; 

insert into venda values (249, '2022-12-18 10:02:47', 31.62, 6, null); 
insert into itens_venda values (default, 249, 327, 327, 1, 0.00, 31.62); 
update estoque set quant_venda = quant_venda + 1, quant_atual = quant_atual - 1 where id = 327; 
update estoque_total set total = total - 1 where medicamento_id = 327; 

insert into venda values (250, '2022-12-19 06:51:22', 270.13, null, null); 
insert into itens_venda values (default, 250, 477, 477, 2, 0.00, 130.08); 
update estoque set quant_venda = quant_venda + 2, quant_atual = quant_atual - 2 where id = 477; 
update estoque_total set total = total - 2 where medicamento_id = 477; 
insert into itens_venda values (default, 250, 400, 400, 1, 2.70, 133.50); 
update estoque set quant_venda = quant_venda + 1, quant_atual = quant_atual - 1 where id = 400; 
update estoque_total set total = total - 1 where medicamento_id = 400; 
insert into itens_venda values (default, 250, 504, 504, 1, 0.20, 6.55); 
update estoque set quant_venda = quant_venda + 1, quant_atual = quant_atual - 1 where id = 504; 
update estoque_total set total = total - 1 where medicamento_id = 504; 

insert into venda values (251, '2022-12-19 07:38:41', 83.80, null, null); 
insert into itens_venda values (default, 251, 441, 441, 3, 1.70, 83.80); 
update estoque set quant_venda = quant_venda + 3, quant_atual = quant_atual - 3 where id = 441; 
update estoque_total set total = total - 3 where medicamento_id = 441; 

insert into venda values (252, '2022-12-19 08:22:16', 305.60, 18, 25); 
insert into itens_venda values (default, 252, 121, 121, 1, 3.30, 63.62); 
update estoque set quant_venda = quant_venda + 1, quant_atual = quant_atual - 1 where id = 121; 
update estoque_total set total = total - 1 where medicamento_id = 121; 
insert into itens_venda values (default, 252, 320, 320, 1, 0.00, 208.76); 
update estoque set quant_venda = quant_venda + 1, quant_atual = quant_atual - 1 where id = 320; 
update estoque_total set total = total - 1 where medicamento_id = 320; 
insert into itens_venda values (default, 252, 382, 382, 1, 1.30, 33.22); 
update estoque set quant_venda = quant_venda + 1, quant_atual = quant_atual - 1 where id = 382; 
update estoque_total set total = total - 1 where medicamento_id = 382; 

insert into venda values (253, '2022-12-19 09:21:06', 65.43, null, null); 
insert into itens_venda values (default, 253, 502, 502, 3, 0.00, 65.43); 
update estoque set quant_venda = quant_venda + 3, quant_atual = quant_atual - 3 where id = 502; 
update estoque_total set total = total - 3 where medicamento_id = 502; 

insert into venda values (254, '2022-12-19 10:21:58', 230.56, null, null); 
insert into itens_venda values (default, 254, 474, 474, 2, 0.00, 29.72); 
update estoque set quant_venda = quant_venda + 2, quant_atual = quant_atual - 2 where id = 474; 
update estoque_total set total = total - 2 where medicamento_id = 474; 
insert into itens_venda values (default, 254, 441, 441, 2, 0.50, 56.50); 
update estoque set quant_venda = quant_venda + 2, quant_atual = quant_atual - 2 where id = 441; 
update estoque_total set total = total - 2 where medicamento_id = 441; 
insert into itens_venda values (default, 254, 411, 411, 2, 0.00, 144.34); 
update estoque set quant_venda = quant_venda + 2, quant_atual = quant_atual - 2 where id = 411; 
update estoque_total set total = total - 2 where medicamento_id = 411; 

insert into venda values (255, '2022-12-19 11:13:28', 205.24, null, null); 
insert into itens_venda values (default, 255, 482, 482, 2, 0.00, 32.74); 
update estoque set quant_venda = quant_venda + 2, quant_atual = quant_atual - 2 where id = 482; 
update estoque_total set total = total - 2 where medicamento_id = 482; 
insert into itens_venda values (default, 255, 248, 248, 2, 0.00, 50.02); 
update estoque set quant_venda = quant_venda + 2, quant_atual = quant_atual - 2 where id = 248; 
update estoque_total set total = total - 2 where medicamento_id = 248; 
insert into itens_venda values (default, 255, 466, 466, 1, 2.40, 122.48); 
update estoque set quant_venda = quant_venda + 1, quant_atual = quant_atual - 1 where id = 466; 
update estoque_total set total = total - 1 where medicamento_id = 466; 

insert into venda values (256, '2022-12-19 11:30:46', 35.25, null, null); 
insert into itens_venda values (default, 256, 504, 504, 3, 0.60, 19.65); 
update estoque set quant_venda = quant_venda + 3, quant_atual = quant_atual - 3 where id = 504; 
update estoque_total set total = total - 3 where medicamento_id = 504; 
insert into itens_venda values (default, 256, 404, 404, 1, 0.60, 15.60); 
update estoque set quant_venda = quant_venda + 1, quant_atual = quant_atual - 1 where id = 404; 
update estoque_total set total = total - 1 where medicamento_id = 404; 

insert into venda values (257, '2022-12-19 11:45:23', 452.55, 19, 21); 
insert into itens_venda values (default, 257, 228, 228, 1, 7.50, 181.18); 
update estoque set quant_venda = quant_venda + 1, quant_atual = quant_atual - 1 where id = 228; 
update estoque_total set total = total - 1 where medicamento_id = 228; 
insert into itens_venda values (default, 257, 443, 443, 1, 1.80, 21.60); 
update estoque set quant_venda = quant_venda + 1, quant_atual = quant_atual - 1 where id = 443; 
update estoque_total set total = total - 1 where medicamento_id = 443; 
insert into itens_venda values (default, 257, 37, 37, 1, 24.70, 249.77); 
update estoque set quant_venda = quant_venda + 1, quant_atual = quant_atual - 1 where id = 37; 
update estoque_total set total = total - 1 where medicamento_id = 37; 

insert into venda values (258, '2022-12-19 13:01:19', 246.40, 3, null); 
insert into itens_venda values (default, 258, 376, 376, 3, 1.30, 43.40); 
update estoque set quant_venda = quant_venda + 3, quant_atual = quant_atual - 3 where id = 376; 
update estoque_total set total = total - 3 where medicamento_id = 376; 
insert into itens_venda values (default, 258, 472, 472, 3, 4.30, 83.66); 
update estoque set quant_venda = quant_venda + 3, quant_atual = quant_atual - 3 where id = 472; 
update estoque_total set total = total - 3 where medicamento_id = 472; 
insert into itens_venda values (default, 258, 452, 452, 2, 0.00, 119.34); 
update estoque set quant_venda = quant_venda + 2, quant_atual = quant_atual - 2 where id = 452; 
update estoque_total set total = total - 2 where medicamento_id = 452; 

insert into venda values (259, '2022-12-19 13:15:41', 127.10, null, null); 
insert into itens_venda values (default, 259, 282, 282, 1, 2.10, 51.54); 
update estoque set quant_venda = quant_venda + 1, quant_atual = quant_atual - 1 where id = 282; 
update estoque_total set total = total - 1 where medicamento_id = 282; 
insert into itens_venda values (default, 259, 401, 401, 1, 1.30, 32.34); 
update estoque set quant_venda = quant_venda + 1, quant_atual = quant_atual - 1 where id = 401; 
update estoque_total set total = total - 1 where medicamento_id = 401; 
insert into itens_venda values (default, 259, 502, 502, 2, 0.40, 43.22); 
update estoque set quant_venda = quant_venda + 2, quant_atual = quant_atual - 2 where id = 502; 
update estoque_total set total = total - 2 where medicamento_id = 502; 

insert into venda values (260, '2022-12-19 13:21:48', 120.00, null, null); 
insert into itens_venda values (default, 260, 373, 373, 1, 0.60, 34.13); 
update estoque set quant_venda = quant_venda + 1, quant_atual = quant_atual - 1 where id = 373; 
update estoque_total set total = total - 1 where medicamento_id = 373; 
insert into itens_venda values (default, 260, 412, 412, 1, 2.60, 85.87); 
update estoque set quant_venda = quant_venda + 1, quant_atual = quant_atual - 1 where id = 412; 
update estoque_total set total = total - 1 where medicamento_id = 412; 

insert into venda values (261, '2022-12-19 14:07:09', 76.59, null, null); 
insert into itens_venda values (default, 261, 502, 502, 1, 0.00, 21.81); 
update estoque set quant_venda = quant_venda + 1, quant_atual = quant_atual - 1 where id = 502; 
update estoque_total set total = total - 1 where medicamento_id = 502; 
insert into itens_venda values (default, 261, 325, 325, 1, 2.20, 54.78); 
update estoque set quant_venda = quant_venda + 1, quant_atual = quant_atual - 1 where id = 325; 
update estoque_total set total = total - 1 where medicamento_id = 325; 

insert into venda values (262, '2022-12-19 14:16:13', 54.42, 8, null); 
insert into itens_venda values (default, 262, 503, 503, 3, 0.40, 10.61); 
update estoque set quant_venda = quant_venda + 3, quant_atual = quant_atual - 3 where id = 503; 
update estoque_total set total = total - 3 where medicamento_id = 503; 
insert into itens_venda values (default, 262, 337, 337, 1, 1.30, 43.81); 
update estoque set quant_venda = quant_venda + 1, quant_atual = quant_atual - 1 where id = 337; 
update estoque_total set total = total - 1 where medicamento_id = 337; 

insert into venda values (263, '2022-12-20 06:50:44', 164.68, 11, 25); 
insert into itens_venda values (default, 263, 484, 484, 1, 0.90, 15.62); 
update estoque set quant_venda = quant_venda + 1, quant_atual = quant_atual - 1 where id = 484; 
update estoque_total set total = total - 1 where medicamento_id = 484; 
insert into itens_venda values (default, 263, 201, 201, 2, 5.00, 66.48); 
update estoque set quant_venda = quant_venda + 2, quant_atual = quant_atual - 2 where id = 201; 
update estoque_total set total = total - 2 where medicamento_id = 201; 
insert into itens_venda values (default, 263, 252, 252, 3, 1.60, 82.58); 
update estoque set quant_venda = quant_venda + 3, quant_atual = quant_atual - 3 where id = 252; 
update estoque_total set total = total - 3 where medicamento_id = 252; 

insert into venda values (264, '2022-12-20 08:03:38', 45.12, null, null); 
insert into itens_venda values (default, 264, 416, 416, 2, 0.40, 45.12); 
update estoque set quant_venda = quant_venda + 2, quant_atual = quant_atual - 2 where id = 416; 
update estoque_total set total = total - 2 where medicamento_id = 416; 

insert into venda values (265, '2022-12-20 08:27:30', 225.16, 8, null); 
insert into itens_venda values (default, 265, 447, 447, 2, 2.10, 50.96); 
update estoque set quant_venda = quant_venda + 2, quant_atual = quant_atual - 2 where id = 447; 
update estoque_total set total = total - 2 where medicamento_id = 447; 
insert into itens_venda values (default, 265, 316, 316, 1, 5.30, 174.20); 
update estoque set quant_venda = quant_venda + 1, quant_atual = quant_atual - 1 where id = 316; 
update estoque_total set total = total - 1 where medicamento_id = 316; 

insert into venda values (266, '2022-12-20 09:00:15', 44.33, null, null); 
insert into itens_venda values (default, 266, 492, 492, 1, 0.00, 44.33); 
update estoque set quant_venda = quant_venda + 1, quant_atual = quant_atual - 1 where id = 492; 
update estoque_total set total = total - 1 where medicamento_id = 492; 

insert into venda values (267, '2022-12-20 09:41:32', 518.55, null, null); 
insert into itens_venda values (default, 267, 458, 458, 2, 0.00, 72.40); 
update estoque set quant_venda = quant_venda + 2, quant_atual = quant_atual - 2 where id = 458; 
update estoque_total set total = total - 2 where medicamento_id = 458; 
insert into itens_venda values (default, 267, 327, 327, 2, 0.60, 62.64); 
update estoque set quant_venda = quant_venda + 2, quant_atual = quant_atual - 2 where id = 327; 
update estoque_total set total = total - 2 where medicamento_id = 327; 
insert into itens_venda values (default, 267, 7, 7, 1, 11.80, 383.51); 
update estoque set quant_venda = quant_venda + 1, quant_atual = quant_atual - 1 where id = 7; 
update estoque_total set total = total - 1 where medicamento_id = 7; 

insert into venda values (268, '2022-12-20 10:25:35', 383.59, null, null); 
insert into itens_venda values (default, 268, 466, 466, 1, 4.90, 119.98); 
update estoque set quant_venda = quant_venda + 1, quant_atual = quant_atual - 1 where id = 466; 
update estoque_total set total = total - 1 where medicamento_id = 466; 
insert into itens_venda values (default, 268, 493, 493, 3, 0.90, 21.78); 
update estoque set quant_venda = quant_venda + 3, quant_atual = quant_atual - 3 where id = 493; 
update estoque_total set total = total - 3 where medicamento_id = 493; 
insert into itens_venda values (default, 268, 307, 307, 1, 0.00, 241.83); 
update estoque set quant_venda = quant_venda + 1, quant_atual = quant_atual - 1 where id = 307; 
update estoque_total set total = total - 1 where medicamento_id = 307; 

insert into venda values (269, '2022-12-20 11:23:47', 252.30, null, null); 
insert into itens_venda values (default, 269, 124, 124, 2, 1.80, 183.78); 
update estoque set quant_venda = quant_venda + 2, quant_atual = quant_atual - 2 where id = 124; 
update estoque_total set total = total - 2 where medicamento_id = 124; 
insert into itens_venda values (default, 269, 442, 442, 3, 0.60, 68.52); 
update estoque set quant_venda = quant_venda + 3, quant_atual = quant_atual - 3 where id = 442; 
update estoque_total set total = total - 3 where medicamento_id = 442; 

insert into venda values (270, '2022-12-20 12:14:43', 361.77, 19, null); 
insert into itens_venda values (default, 270, 270, 270, 1, 16.50, 313.81); 
update estoque set quant_venda = quant_venda + 1, quant_atual = quant_atual - 1 where id = 270; 
update estoque_total set total = total - 1 where medicamento_id = 270; 
insert into itens_venda values (default, 270, 294, 294, 3, 1.90, 47.96); 
update estoque set quant_venda = quant_venda + 3, quant_atual = quant_atual - 3 where id = 294; 
update estoque_total set total = total - 3 where medicamento_id = 294; 

insert into venda values (271, '2022-12-20 13:06:06', 323.99, 3, 23); 
insert into itens_venda values (default, 271, 150, 150, 1, 16.20, 164.89); 
update estoque set quant_venda = quant_venda + 1, quant_atual = quant_atual - 1 where id = 150; 
update estoque_total set total = total - 1 where medicamento_id = 150; 
insert into itens_venda values (default, 271, 470, 470, 2, 15.70, 159.10); 
update estoque set quant_venda = quant_venda + 2, quant_atual = quant_atual - 2 where id = 470; 
update estoque_total set total = total - 2 where medicamento_id = 470; 

insert into venda values (272, '2022-12-21 07:29:13', 49.30, 7, null); 
insert into itens_venda values (default, 272, 405, 405, 1, 2.10, 33.91); 
update estoque set quant_venda = quant_venda + 1, quant_atual = quant_atual - 1 where id = 405; 
update estoque_total set total = total - 1 where medicamento_id = 405; 
insert into itens_venda values (default, 272, 448, 448, 1, 1.10, 15.39); 
update estoque set quant_venda = quant_venda + 1, quant_atual = quant_atual - 1 where id = 448; 
update estoque_total set total = total - 1 where medicamento_id = 448; 

insert into venda values (273, '2022-12-21 08:59:58', 29.30, 2, null); 
insert into itens_venda values (default, 273, 376, 376, 2, 0.50, 29.30); 
update estoque set quant_venda = quant_venda + 2, quant_atual = quant_atual - 2 where id = 376; 
update estoque_total set total = total - 2 where medicamento_id = 376; 

insert into venda values (274, '2022-12-21 09:51:25', 177.12, null, null); 
insert into itens_venda values (default, 274, 58, 58, 1, 7.30, 177.12); 
update estoque set quant_venda = quant_venda + 1, quant_atual = quant_atual - 1 where id = 58; 
update estoque_total set total = total - 1 where medicamento_id = 58; 

insert into venda values (275, '2022-12-21 12:25:22', 94.03, null, 22); 
insert into itens_venda values (default, 275, 113, 113, 2, 0.00, 58.32); 
update estoque set quant_venda = quant_venda + 2, quant_atual = quant_atual - 2 where id = 113; 
update estoque_total set total = total - 2 where medicamento_id = 113; 
insert into itens_venda values (default, 275, 405, 405, 1, 0.30, 35.71); 
update estoque set quant_venda = quant_venda + 1, quant_atual = quant_atual - 1 where id = 405; 
update estoque_total set total = total - 1 where medicamento_id = 405; 

insert into venda values (276, '2022-12-21 15:07:51', 126.57, null, null); 
insert into itens_venda values (default, 276, 343, 343, 2, 2.50, 60.38); 
update estoque set quant_venda = quant_venda + 2, quant_atual = quant_atual - 2 where id = 343; 
update estoque_total set total = total - 2 where medicamento_id = 343; 
insert into itens_venda values (default, 276, 457, 457, 1, 0.60, 33.57); 
update estoque set quant_venda = quant_venda + 1, quant_atual = quant_atual - 1 where id = 457; 
update estoque_total set total = total - 1 where medicamento_id = 457; 
insert into itens_venda values (default, 276, 459, 459, 1, 1.30, 32.62); 
update estoque set quant_venda = quant_venda + 1, quant_atual = quant_atual - 1 where id = 459; 
update estoque_total set total = total - 1 where medicamento_id = 459; 

insert into venda values (277, '2022-12-21 15:32:37', 470.94, null, 22); 
insert into itens_venda values (default, 277, 413, 413, 2, 1.80, 178.64); 
update estoque set quant_venda = quant_venda + 2, quant_atual = quant_atual - 2 where id = 413; 
update estoque_total set total = total - 2 where medicamento_id = 413; 
insert into itens_venda values (default, 277, 347, 347, 1, 0.00, 62.33); 
update estoque set quant_venda = quant_venda + 1, quant_atual = quant_atual - 1 where id = 347; 
update estoque_total set total = total - 1 where medicamento_id = 347; 
insert into itens_venda values (default, 277, 80, 80, 1, 7.10, 229.97); 
update estoque set quant_venda = quant_venda + 1, quant_atual = quant_atual - 1 where id = 80; 
update estoque_total set total = total - 1 where medicamento_id = 80; 

insert into venda values (278, '2022-12-21 17:57:19', 199.19, null, null); 
insert into itens_venda values (default, 278, 465, 465, 1, 3.60, 118.62); 
update estoque set quant_venda = quant_venda + 1, quant_atual = quant_atual - 1 where id = 465; 
update estoque_total set total = total - 1 where medicamento_id = 465; 
insert into itens_venda values (default, 278, 448, 448, 3, 0.40, 49.07); 
update estoque set quant_venda = quant_venda + 3, quant_atual = quant_atual - 3 where id = 448; 
update estoque_total set total = total - 3 where medicamento_id = 448; 
insert into itens_venda values (default, 278, 389, 389, 1, 0.90, 31.50); 
update estoque set quant_venda = quant_venda + 1, quant_atual = quant_atual - 1 where id = 389; 
update estoque_total set total = total - 1 where medicamento_id = 389; 

insert into venda values (279, '2022-12-23 06:47:43', 109.44, 1, null); 
insert into itens_venda values (default, 279, 393, 393, 3, 2.90, 70.66); 
update estoque set quant_venda = quant_venda + 3, quant_atual = quant_atual - 3 where id = 393; 
update estoque_total set total = total - 3 where medicamento_id = 393; 
insert into itens_venda values (default, 279, 353, 353, 1, 2.90, 38.78); 
update estoque set quant_venda = quant_venda + 1, quant_atual = quant_atual - 1 where id = 353; 
update estoque_total set total = total - 1 where medicamento_id = 353; 

insert into venda values (280, '2022-12-23 07:59:36', 118.56, null, null); 
insert into itens_venda values (default, 280, 304, 304, 1, 0.20, 27.26); 
update estoque set quant_venda = quant_venda + 1, quant_atual = quant_atual - 1 where id = 304; 
update estoque_total set total = total - 1 where medicamento_id = 304; 
insert into itens_venda values (default, 280, 498, 498, 1, 0.00, 35.43); 
update estoque set quant_venda = quant_venda + 1, quant_atual = quant_atual - 1 where id = 498; 
update estoque_total set total = total - 1 where medicamento_id = 498; 
insert into itens_venda values (default, 280, 151, 151, 3, 1.10, 55.87); 
update estoque set quant_venda = quant_venda + 3, quant_atual = quant_atual - 3 where id = 151; 
update estoque_total set total = total - 3 where medicamento_id = 151; 

insert into venda values (281, '2022-12-23 08:46:20', 569.64, null, null); 
insert into itens_venda values (default, 281, 2, 2, 1, 0.00, 303.77); 
update estoque set quant_venda = quant_venda + 1, quant_atual = quant_atual - 1 where id = 2; 
update estoque_total set total = total - 1 where medicamento_id = 2; 
insert into itens_venda values (default, 281, 451, 451, 3, 2.30, 55.45); 
update estoque set quant_venda = quant_venda + 3, quant_atual = quant_atual - 3 where id = 451; 
update estoque_total set total = total - 3 where medicamento_id = 451; 
insert into itens_venda values (default, 281, 167, 167, 1, 8.70, 210.42); 
update estoque set quant_venda = quant_venda + 1, quant_atual = quant_atual - 1 where id = 167; 
update estoque_total set total = total - 1 where medicamento_id = 167; 

insert into venda values (282, '2022-12-23 08:56:03', 228.19, null, 22); 
insert into itens_venda values (default, 282, 408, 408, 1, 3.40, 113.13); 
update estoque set quant_venda = quant_venda + 1, quant_atual = quant_atual - 1 where id = 408; 
update estoque_total set total = total - 1 where medicamento_id = 408; 
insert into itens_venda values (default, 282, 356, 356, 1, 0.00, 115.06); 
update estoque set quant_venda = quant_venda + 1, quant_atual = quant_atual - 1 where id = 356; 
update estoque_total set total = total - 1 where medicamento_id = 356; 

insert into venda values (283, '2022-12-23 09:10:08', 439.20, 17, 24); 
insert into itens_venda values (default, 283, 194, 194, 1, 0.00, 399.88); 
update estoque set quant_venda = quant_venda + 1, quant_atual = quant_atual - 1 where id = 194; 
update estoque_total set total = total - 1 where medicamento_id = 194; 
insert into itens_venda values (default, 283, 375, 375, 2, 0.30, 39.32); 
update estoque set quant_venda = quant_venda + 2, quant_atual = quant_atual - 2 where id = 375; 
update estoque_total set total = total - 2 where medicamento_id = 375; 

insert into venda values (284, '2022-12-23 10:15:10', 38.47, null, null); 
insert into itens_venda values (default, 284, 499, 499, 1, 0.30, 38.47); 
update estoque set quant_venda = quant_venda + 1, quant_atual = quant_atual - 1 where id = 499; 
update estoque_total set total = total - 1 where medicamento_id = 499; 

insert into venda values (285, '2022-12-23 10:47:31', 87.39, null, null); 
insert into itens_venda values (default, 285, 271, 271, 1, 2.70, 87.39); 
update estoque set quant_venda = quant_venda + 1, quant_atual = quant_atual - 1 where id = 271; 
update estoque_total set total = total - 1 where medicamento_id = 271; 

insert into venda values (286, '2022-12-23 11:16:14', 116.27, 3, null); 
insert into itens_venda values (default, 286, 379, 379, 3, 1.50, 36.54); 
update estoque set quant_venda = quant_venda + 3, quant_atual = quant_atual - 3 where id = 379; 
update estoque_total set total = total - 3 where medicamento_id = 379; 
insert into itens_venda values (default, 286, 430, 430, 3, 4.40, 69.73); 
update estoque set quant_venda = quant_venda + 3, quant_atual = quant_atual - 3 where id = 430; 
update estoque_total set total = total - 3 where medicamento_id = 430; 
insert into itens_venda values (default, 286, 292, 292, 1, 0.70, 10.00); 
update estoque set quant_venda = quant_venda + 1, quant_atual = quant_atual - 1 where id = 292; 
update estoque_total set total = total - 1 where medicamento_id = 292; 

insert into venda values (287, '2022-12-23 12:06:45', 194.85, null, null); 
insert into itens_venda values (default, 287, 415, 415, 1, 6.10, 147.52); 
update estoque set quant_venda = quant_venda + 1, quant_atual = quant_atual - 1 where id = 415; 
update estoque_total set total = total - 1 where medicamento_id = 415; 
insert into itens_venda values (default, 287, 488, 488, 1, 1.90, 47.33); 
update estoque set quant_venda = quant_venda + 1, quant_atual = quant_atual - 1 where id = 488; 
update estoque_total set total = total - 1 where medicamento_id = 488; 

insert into venda values (288, '2022-12-23 13:28:25', 62.50, null, null); 
insert into itens_venda values (default, 288, 387, 387, 1, 2.60, 62.50); 
update estoque set quant_venda = quant_venda + 1, quant_atual = quant_atual - 1 where id = 387; 
update estoque_total set total = total - 1 where medicamento_id = 387; 

insert into venda values (289, '2022-12-24 07:09:16', 67.14, null, 22); 
insert into itens_venda values (default, 289, 484, 484, 2, 1.30, 31.74); 
update estoque set quant_venda = quant_venda + 2, quant_atual = quant_atual - 2 where id = 484; 
update estoque_total set total = total - 2 where medicamento_id = 484; 
insert into itens_venda values (default, 289, 276, 276, 1, 0.70, 35.40); 
update estoque set quant_venda = quant_venda + 1, quant_atual = quant_atual - 1 where id = 276; 
update estoque_total set total = total - 1 where medicamento_id = 276; 

insert into venda values (290, '2022-12-24 08:20:43', 25.25, 10, null); 
insert into itens_venda values (default, 290, 418, 418, 1, 2.40, 25.25); 
update estoque set quant_venda = quant_venda + 1, quant_atual = quant_atual - 1 where id = 418; 
update estoque_total set total = total - 1 where medicamento_id = 418; 

insert into venda values (291, '2022-12-24 08:58:10', 148.18, null, null); 
insert into itens_venda values (default, 291, 444, 444, 2, 3.00, 148.18); 
update estoque set quant_venda = quant_venda + 2, quant_atual = quant_atual - 2 where id = 444; 
update estoque_total set total = total - 2 where medicamento_id = 444; 

insert into venda values (292, '2022-12-25 07:11:13', 184.19, 4, null); 
insert into itens_venda values (default, 292, 430, 430, 1, 0.20, 24.51); 
update estoque set quant_venda = quant_venda + 1, quant_atual = quant_atual - 1 where id = 430; 
update estoque_total set total = total - 1 where medicamento_id = 430; 
insert into itens_venda values (default, 292, 446, 446, 1, 2.60, 129.22); 
update estoque set quant_venda = quant_venda + 1, quant_atual = quant_atual - 1 where id = 446; 
update estoque_total set total = total - 1 where medicamento_id = 446; 
insert into itens_venda values (default, 292, 434, 434, 1, 2.20, 30.46); 
update estoque set quant_venda = quant_venda + 1, quant_atual = quant_atual - 1 where id = 434; 
update estoque_total set total = total - 1 where medicamento_id = 434; 

insert into venda values (293, '2022-12-25 08:07:55', 527.78, null, 23); 
insert into itens_venda values (default, 293, 295, 295, 2, 1.90, 193.26); 
update estoque set quant_venda = quant_venda + 2, quant_atual = quant_atual - 2 where id = 295; 
update estoque_total set total = total - 2 where medicamento_id = 295; 
insert into itens_venda values (default, 293, 27, 27, 1, 6.80, 334.52); 
update estoque set quant_venda = quant_venda + 1, quant_atual = quant_atual - 1 where id = 27; 
update estoque_total set total = total - 1 where medicamento_id = 27; 

insert into venda values (294, '2022-12-25 08:21:40', 441.87, null, null); 
insert into itens_venda values (default, 294, 396, 396, 1, 10.20, 331.10); 
update estoque set quant_venda = quant_venda + 1, quant_atual = quant_atual - 1 where id = 396; 
update estoque_total set total = total - 1 where medicamento_id = 396; 
insert into itens_venda values (default, 294, 439, 439, 1, 0.40, 40.57); 
update estoque set quant_venda = quant_venda + 1, quant_atual = quant_atual - 1 where id = 439; 
update estoque_total set total = total - 1 where medicamento_id = 439; 
insert into itens_venda values (default, 294, 443, 443, 3, 0.00, 70.20); 
update estoque set quant_venda = quant_venda + 3, quant_atual = quant_atual - 3 where id = 443; 
update estoque_total set total = total - 3 where medicamento_id = 443; 

insert into venda values (295, '2022-12-25 08:54:18', 362.45, null, 25); 
insert into itens_venda values (default, 295, 191, 191, 1, 0.00, 362.45); 
update estoque set quant_venda = quant_venda + 1, quant_atual = quant_atual - 1 where id = 191; 
update estoque_total set total = total - 1 where medicamento_id = 191; 

insert into venda values (296, '2022-12-25 09:38:57', 86.40, null, null); 
insert into itens_venda values (default, 296, 391, 391, 1, 2.60, 86.40); 
update estoque set quant_venda = quant_venda + 1, quant_atual = quant_atual - 1 where id = 391; 
update estoque_total set total = total - 1 where medicamento_id = 391; 

insert into venda values (297, '2022-12-25 09:53:18', 78.74, null, null); 
insert into itens_venda values (default, 297, 439, 439, 2, 3.20, 78.74); 
update estoque set quant_venda = quant_venda + 2, quant_atual = quant_atual - 2 where id = 439; 
update estoque_total set total = total - 2 where medicamento_id = 439; 

insert into venda values (298, '2022-12-25 10:25:00', 158.99, null, 22); 
insert into itens_venda values (default, 298, 121, 121, 1, 2.60, 64.32); 
update estoque set quant_venda = quant_venda + 1, quant_atual = quant_atual - 1 where id = 121; 
update estoque_total set total = total - 1 where medicamento_id = 121; 
insert into itens_venda values (default, 298, 345, 345, 3, 0.00, 78.18); 
update estoque set quant_venda = quant_venda + 3, quant_atual = quant_atual - 3 where id = 345; 
update estoque_total set total = total - 3 where medicamento_id = 345; 
insert into itens_venda values (default, 298, 448, 448, 1, 0.00, 16.49); 
update estoque set quant_venda = quant_venda + 1, quant_atual = quant_atual - 1 where id = 448; 
update estoque_total set total = total - 1 where medicamento_id = 448; 

insert into venda values (299, '2022-12-25 11:30:14', 259.17, null, null); 
insert into itens_venda values (default, 299, 77, 77, 1, 0.00, 237.17); 
update estoque set quant_venda = quant_venda + 1, quant_atual = quant_atual - 1 where id = 77; 
update estoque_total set total = total - 1 where medicamento_id = 77; 
insert into itens_venda values (default, 299, 424, 424, 2, 0.00, 22.00); 
update estoque set quant_venda = quant_venda + 2, quant_atual = quant_atual - 2 where id = 424; 
update estoque_total set total = total - 2 where medicamento_id = 424; 

insert into venda values (300, '2022-12-26 07:19:37', 303.32, null, null); 
insert into itens_venda values (default, 300, 282, 282, 1, 0.00, 53.64); 
update estoque set quant_venda = quant_venda + 1, quant_atual = quant_atual - 1 where id = 282; 
update estoque_total set total = total - 1 where medicamento_id = 282; 
insert into itens_venda values (default, 300, 332, 332, 1, 0.00, 63.04); 
update estoque set quant_venda = quant_venda + 1, quant_atual = quant_atual - 1 where id = 332; 
update estoque_total set total = total - 1 where medicamento_id = 332; 
insert into itens_venda values (default, 300, 205, 205, 1, 0.00, 186.64); 
update estoque set quant_venda = quant_venda + 1, quant_atual = quant_atual - 1 where id = 205; 
update estoque_total set total = total - 1 where medicamento_id = 205; 

insert into venda values (301, '2022-12-26 09:25:42', 35.24, null, null); 
insert into itens_venda values (default, 301, 397, 397, 2, 1.00, 35.24); 
update estoque set quant_venda = quant_venda + 2, quant_atual = quant_atual - 2 where id = 397; 
update estoque_total set total = total - 2 where medicamento_id = 397; 

insert into venda values (302, '2022-12-26 11:03:49', 26.48, 16, null); 
insert into itens_venda values (default, 302, 481, 481, 2, 0.20, 26.48); 
update estoque set quant_venda = quant_venda + 2, quant_atual = quant_atual - 2 where id = 481; 
update estoque_total set total = total - 2 where medicamento_id = 481; 

insert into venda values (303, '2022-12-27 06:02:29', 221.63, null, null); 
insert into itens_venda values (default, 303, 433, 433, 3, 3.20, 78.25); 
update estoque set quant_venda = quant_venda + 3, quant_atual = quant_atual - 3 where id = 433; 
update estoque_total set total = total - 3 where medicamento_id = 433; 
insert into itens_venda values (default, 303, 395, 395, 2, 2.40, 80.14); 
update estoque set quant_venda = quant_venda + 2, quant_atual = quant_atual - 2 where id = 395; 
update estoque_total set total = total - 2 where medicamento_id = 395; 
insert into itens_venda values (default, 303, 327, 327, 2, 0.00, 63.24); 
update estoque set quant_venda = quant_venda + 2, quant_atual = quant_atual - 2 where id = 327; 
update estoque_total set total = total - 2 where medicamento_id = 327; 

insert into venda values (304, '2022-12-27 08:08:45', 7.46, null, null); 
insert into itens_venda values (default, 304, 493, 493, 1, 0.10, 7.46); 
update estoque set quant_venda = quant_venda + 1, quant_atual = quant_atual - 1 where id = 493; 
update estoque_total set total = total - 1 where medicamento_id = 493; 

insert into venda values (305, '2022-12-27 09:13:11', 21.92, null, null); 
insert into itens_venda values (default, 305, 431, 431, 2, 0.60, 21.92); 
update estoque set quant_venda = quant_venda + 2, quant_atual = quant_atual - 2 where id = 431; 
update estoque_total set total = total - 2 where medicamento_id = 431; 

insert into venda values (306, '2022-12-28 06:01:01', 128.30, 16, 24); 
insert into itens_venda values (default, 306, 134, 134, 1, 6.70, 128.30); 
update estoque set quant_venda = quant_venda + 1, quant_atual = quant_atual - 1 where id = 134; 
update estoque_total set total = total - 1 where medicamento_id = 134; 

insert into venda values (307, '2022-12-28 08:30:49', 160.18, null, 24); 
insert into itens_venda values (default, 307, 489, 489, 2, 0.00, 87.98); 
update estoque set quant_venda = quant_venda + 2, quant_atual = quant_atual - 2 where id = 489; 
update estoque_total set total = total - 2 where medicamento_id = 489; 
insert into itens_venda values (default, 307, 276, 276, 2, 0.00, 72.20); 
update estoque set quant_venda = quant_venda + 2, quant_atual = quant_atual - 2 where id = 276; 
update estoque_total set total = total - 2 where medicamento_id = 276; 

insert into venda values (308, '2022-12-29 06:18:34', 120.78, null, null); 
insert into itens_venda values (default, 308, 475, 475, 1, 0.80, 19.30); 
update estoque set quant_venda = quant_venda + 1, quant_atual = quant_atual - 1 where id = 475; 
update estoque_total set total = total - 1 where medicamento_id = 475; 
insert into itens_venda values (default, 308, 438, 438, 2, 3.10, 101.48); 
update estoque set quant_venda = quant_venda + 2, quant_atual = quant_atual - 2 where id = 438; 
update estoque_total set total = total - 2 where medicamento_id = 438; 

insert into venda values (309, '2022-12-29 07:57:08', 308.99, null, 21); 
insert into itens_venda values (default, 309, 118, 118, 2, 1.60, 79.54); 
update estoque set quant_venda = quant_venda + 2, quant_atual = quant_atual - 2 where id = 118; 
update estoque_total set total = total - 2 where medicamento_id = 118; 
insert into itens_venda values (default, 309, 98, 98, 1, 4.60, 229.45); 
update estoque set quant_venda = quant_venda + 1, quant_atual = quant_atual - 1 where id = 98; 
update estoque_total set total = total - 1 where medicamento_id = 98; 

insert into venda values (310, '2022-12-29 08:36:57', 176.31, null, null); 
insert into itens_venda values (default, 310, 453, 453, 3, 0.50, 19.00); 
update estoque set quant_venda = quant_venda + 3, quant_atual = quant_atual - 3 where id = 453; 
update estoque_total set total = total - 3 where medicamento_id = 453; 
insert into itens_venda values (default, 310, 350, 350, 1, 0.00, 123.44); 
update estoque set quant_venda = quant_venda + 1, quant_atual = quant_atual - 1 where id = 350; 
update estoque_total set total = total - 1 where medicamento_id = 350; 
insert into itens_venda values (default, 310, 457, 457, 1, 0.30, 33.87); 
update estoque set quant_venda = quant_venda + 1, quant_atual = quant_atual - 1 where id = 457; 
update estoque_total set total = total - 1 where medicamento_id = 457; 

insert into venda values (311, '2022-12-29 09:04:56', 192.46, null, null); 
insert into itens_venda values (default, 311, 143, 143, 1, 1.90, 192.46); 
update estoque set quant_venda = quant_venda + 1, quant_atual = quant_atual - 1 where id = 143; 
update estoque_total set total = total - 1 where medicamento_id = 143; 

insert into venda values (312, '2022-12-29 09:25:32', 146.12, null, 25); 
insert into itens_venda values (default, 312, 354, 354, 2, 0.00, 146.12); 
update estoque set quant_venda = quant_venda + 2, quant_atual = quant_atual - 2 where id = 354; 
update estoque_total set total = total - 2 where medicamento_id = 354; 

insert into venda values (313, '2022-12-29 10:11:59', 148.92, null, 22); 
insert into itens_venda values (default, 313, 379, 379, 2, 0.20, 25.16); 
update estoque set quant_venda = quant_venda + 2, quant_atual = quant_atual - 2 where id = 379; 
update estoque_total set total = total - 2 where medicamento_id = 379; 
insert into itens_venda values (default, 313, 357, 357, 2, 0.00, 123.76); 
update estoque set quant_venda = quant_venda + 2, quant_atual = quant_atual - 2 where id = 357; 
update estoque_total set total = total - 2 where medicamento_id = 357; 

insert into venda values (314, '2022-12-30 06:07:05', 40.57, null, null); 
insert into itens_venda values (default, 314, 439, 439, 1, 0.40, 40.57); 
update estoque set quant_venda = quant_venda + 1, quant_atual = quant_atual - 1 where id = 439; 
update estoque_total set total = total - 1 where medicamento_id = 439; 

insert into venda values (315, '2022-12-30 07:00:20', 301.16, null, null); 
insert into itens_venda values (default, 315, 494, 494, 2, 0.00, 32.94); 
update estoque set quant_venda = quant_venda + 2, quant_atual = quant_atual - 2 where id = 494; 
update estoque_total set total = total - 2 where medicamento_id = 494; 
insert into itens_venda values (default, 315, 372, 372, 1, 4.30, 103.20); 
update estoque set quant_venda = quant_venda + 1, quant_atual = quant_atual - 1 where id = 372; 
update estoque_total set total = total - 1 where medicamento_id = 372; 
insert into itens_venda values (default, 315, 163, 163, 1, 0.00, 165.02); 
update estoque set quant_venda = quant_venda + 1, quant_atual = quant_atual - 1 where id = 163; 
update estoque_total set total = total - 1 where medicamento_id = 163; 

insert into venda values (316, '2022-12-30 07:08:17', 69.10, null, null); 
insert into itens_venda values (default, 316, 344, 344, 2, 1.40, 69.10); 
update estoque set quant_venda = quant_venda + 2, quant_atual = quant_atual - 2 where id = 344; 
update estoque_total set total = total - 2 where medicamento_id = 344; 

insert into venda values (317, '2022-12-30 08:16:23', 212.60, null, 22); 
insert into itens_venda values (default, 317, 467, 467, 2, 1.20, 123.46); 
update estoque set quant_venda = quant_venda + 2, quant_atual = quant_atual - 2 where id = 467; 
update estoque_total set total = total - 2 where medicamento_id = 467; 
insert into itens_venda values (default, 317, 499, 499, 1, 0.70, 38.07); 
update estoque set quant_venda = quant_venda + 1, quant_atual = quant_atual - 1 where id = 499; 
update estoque_total set total = total - 1 where medicamento_id = 499; 
insert into itens_venda values (default, 317, 308, 308, 1, 2.10, 51.07); 
update estoque set quant_venda = quant_venda + 1, quant_atual = quant_atual - 1 where id = 308; 
update estoque_total set total = total - 1 where medicamento_id = 308; 

insert into venda values (318, '2022-12-30 09:00:20', 257.05, 7, null); 
insert into itens_venda values (default, 318, 465, 465, 1, 7.30, 114.92); 
update estoque set quant_venda = quant_venda + 1, quant_atual = quant_atual - 1 where id = 465; 
update estoque_total set total = total - 1 where medicamento_id = 465; 
insert into itens_venda values (default, 318, 237, 237, 1, 8.10, 127.13); 
update estoque set quant_venda = quant_venda + 1, quant_atual = quant_atual - 1 where id = 237; 
update estoque_total set total = total - 1 where medicamento_id = 237; 
insert into itens_venda values (default, 318, 404, 404, 1, 1.20, 15.00); 
update estoque set quant_venda = quant_venda + 1, quant_atual = quant_atual - 1 where id = 404; 
update estoque_total set total = total - 1 where medicamento_id = 404; 

insert into venda values (319, '2022-12-30 09:07:37', 98.30, null, null); 
insert into itens_venda values (default, 319, 463, 463, 2, 0.50, 26.20); 
update estoque set quant_venda = quant_venda + 2, quant_atual = quant_atual - 2 where id = 463; 
update estoque_total set total = total - 2 where medicamento_id = 463; 
insert into itens_venda values (default, 319, 427, 427, 3, 0.00, 38.94); 
update estoque set quant_venda = quant_venda + 3, quant_atual = quant_atual - 3 where id = 427; 
update estoque_total set total = total - 3 where medicamento_id = 427; 
insert into itens_venda values (default, 319, 273, 273, 1, 0.00, 33.16); 
update estoque set quant_venda = quant_venda + 1, quant_atual = quant_atual - 1 where id = 273; 
update estoque_total set total = total - 1 where medicamento_id = 273; 

insert into venda values (320, '2022-12-30 10:23:33', 137.58, 6, null); 
insert into itens_venda values (default, 320, 444, 444, 2, 13.60, 137.58); 
update estoque set quant_venda = quant_venda + 2, quant_atual = quant_atual - 2 where id = 444; 
update estoque_total set total = total - 2 where medicamento_id = 444; 

insert into venda values (321, '2022-12-30 11:00:08', 292.72, null, null); 
insert into itens_venda values (default, 321, 245, 245, 1, 4.40, 143.35); 
update estoque set quant_venda = quant_venda + 1, quant_atual = quant_atual - 1 where id = 245; 
update estoque_total set total = total - 1 where medicamento_id = 245; 
insert into itens_venda values (default, 321, 477, 477, 2, 1.30, 128.78); 
update estoque set quant_venda = quant_venda + 2, quant_atual = quant_atual - 2 where id = 477; 
update estoque_total set total = total - 2 where medicamento_id = 477; 
insert into itens_venda values (default, 321, 314, 314, 1, 0.40, 20.59); 
update estoque set quant_venda = quant_venda + 1, quant_atual = quant_atual - 1 where id = 314; 
update estoque_total set total = total - 1 where medicamento_id = 314; 

insert into venda values (322, '2022-12-30 11:33:00', 57.77, null, null); 
insert into itens_venda values (default, 322, 468, 468, 1, 1.70, 57.77); 
update estoque set quant_venda = quant_venda + 1, quant_atual = quant_atual - 1 where id = 468; 
update estoque_total set total = total - 1 where medicamento_id = 468; 

insert into venda values (323, '2022-12-30 12:53:07', 189.83, null, 22); 
insert into itens_venda values (default, 323, 117, 117, 1, 0.20, 7.54); 
update estoque set quant_venda = quant_venda + 1, quant_atual = quant_atual - 1 where id = 117; 
update estoque_total set total = total - 1 where medicamento_id = 117; 
insert into itens_venda values (default, 323, 455, 455, 2, 3.00, 97.34); 
update estoque set quant_venda = quant_venda + 2, quant_atual = quant_atual - 2 where id = 455; 
update estoque_total set total = total - 2 where medicamento_id = 455; 
insert into itens_venda values (default, 323, 52, 52, 1, 0.80, 84.95); 
update estoque set quant_venda = quant_venda + 1, quant_atual = quant_atual - 1 where id = 52; 
update estoque_total set total = total - 1 where medicamento_id = 52; 

insert into venda values (324, '2022-12-30 14:04:56', 174.76, null, null); 
insert into itens_venda values (default, 324, 486, 486, 3, 0.60, 32.22); 
update estoque set quant_venda = quant_venda + 3, quant_atual = quant_atual - 3 where id = 486; 
update estoque_total set total = total - 3 where medicamento_id = 486; 
insert into itens_venda values (default, 324, 443, 443, 3, 2.80, 67.40); 
update estoque set quant_venda = quant_venda + 3, quant_atual = quant_atual - 3 where id = 443; 
update estoque_total set total = total - 3 where medicamento_id = 443; 
insert into itens_venda values (default, 324, 378, 378, 2, 0.00, 75.14); 
update estoque set quant_venda = quant_venda + 2, quant_atual = quant_atual - 2 where id = 378; 
update estoque_total set total = total - 2 where medicamento_id = 378; 

insert into venda values (325, '2022-12-31 06:18:58', 74.13, null, null); 
insert into itens_venda values (default, 325, 429, 429, 3, 0.00, 74.13); 
update estoque set quant_venda = quant_venda + 3, quant_atual = quant_atual - 3 where id = 429; 
update estoque_total set total = total - 3 where medicamento_id = 429; 

insert into venda values (326, '2022-12-31 06:50:56', 102.25, null, null); 
insert into itens_venda values (default, 326, 437, 437, 3, 0.00, 78.54); 
update estoque set quant_venda = quant_venda + 3, quant_atual = quant_atual - 3 where id = 437; 
update estoque_total set total = total - 3 where medicamento_id = 437; 
insert into itens_venda values (default, 326, 494, 494, 1, 0.10, 16.37); 
update estoque set quant_venda = quant_venda + 1, quant_atual = quant_atual - 1 where id = 494; 
update estoque_total set total = total - 1 where medicamento_id = 494; 
insert into itens_venda values (default, 326, 503, 503, 2, 0.00, 7.34); 
update estoque set quant_venda = quant_venda + 2, quant_atual = quant_atual - 2 where id = 503; 
update estoque_total set total = total - 2 where medicamento_id = 503; 

insert into venda values (327, '2022-12-31 08:21:27', 315.06, null, null); 
insert into itens_venda values (default, 327, 315, 315, 2, 2.70, 65.06); 
update estoque set quant_venda = quant_venda + 2, quant_atual = quant_atual - 2 where id = 315; 
update estoque_total set total = total - 2 where medicamento_id = 315; 
insert into itens_venda values (default, 327, 300, 300, 1, 0.00, 250.00); 
update estoque set quant_venda = quant_venda + 1, quant_atual = quant_atual - 1 where id = 300; 
update estoque_total set total = total - 1 where medicamento_id = 300; 

insert into venda values (328, '2022-12-31 09:40:28', 116.82, 15, null); 
insert into itens_venda values (default, 328, 368, 368, 3, 3.30, 44.04); 
update estoque set quant_venda = quant_venda + 3, quant_atual = quant_atual - 3 where id = 368; 
update estoque_total set total = total - 3 where medicamento_id = 368; 
insert into itens_venda values (default, 328, 345, 345, 3, 5.40, 72.78); 
update estoque set quant_venda = quant_venda + 3, quant_atual = quant_atual - 3 where id = 345; 
update estoque_total set total = total - 3 where medicamento_id = 345; 

insert into venda values (329, '2023-01-01 06:25:23', 16.49, null, null); 
insert into itens_venda values (default, 329, 448, 448, 1, 0.00, 16.49); 
update estoque set quant_venda = quant_venda + 1, quant_atual = quant_atual - 1 where id = 448; 
update estoque_total set total = total - 1 where medicamento_id = 448; 

insert into venda values (330, '2023-01-01 07:42:12', 118.86, 14, null); 
insert into itens_venda values (default, 330, 334, 334, 2, 6.20, 118.86); 
update estoque set quant_venda = quant_venda + 2, quant_atual = quant_atual - 2 where id = 334; 
update estoque_total set total = total - 2 where medicamento_id = 334; 

insert into venda values (331, '2023-01-01 08:29:18', 65.70, null, null); 
insert into itens_venda values (default, 331, 299, 299, 2, 2.70, 65.70); 
update estoque set quant_venda = quant_venda + 2, quant_atual = quant_atual - 2 where id = 299; 
update estoque_total set total = total - 2 where medicamento_id = 299; 

insert into venda values (332, '2023-01-01 09:06:33', 329.14, 3, null); 
insert into itens_venda values (default, 332, 316, 316, 1, 0.00, 179.50); 
update estoque set quant_venda = quant_venda + 1, quant_atual = quant_atual - 1 where id = 316; 
update estoque_total set total = total - 1 where medicamento_id = 316; 
insert into itens_venda values (default, 332, 391, 391, 1, 2.60, 86.40); 
update estoque set quant_venda = quant_venda + 1, quant_atual = quant_atual - 1 where id = 391; 
update estoque_total set total = total - 1 where medicamento_id = 391; 
insert into itens_venda values (default, 332, 247, 247, 1, 6.20, 63.24); 
update estoque set quant_venda = quant_venda + 1, quant_atual = quant_atual - 1 where id = 247; 
update estoque_total set total = total - 1 where medicamento_id = 247; 

insert into venda values (333, '2023-01-01 09:56:59', 151.68, 2, null); 
insert into itens_venda values (default, 333, 337, 337, 2, 1.80, 88.42); 
update estoque set quant_venda = quant_venda + 2, quant_atual = quant_atual - 2 where id = 337; 
update estoque_total set total = total - 2 where medicamento_id = 337; 
insert into itens_venda values (default, 333, 373, 373, 2, 6.20, 63.26); 
update estoque set quant_venda = quant_venda + 2, quant_atual = quant_atual - 2 where id = 373; 
update estoque_total set total = total - 2 where medicamento_id = 373; 

insert into venda values (334, '2023-01-01 11:17:44', 251.06, 2, null); 
insert into itens_venda values (default, 334, 295, 295, 2, 13.60, 181.56); 
update estoque set quant_venda = quant_venda + 2, quant_atual = quant_atual - 2 where id = 295; 
update estoque_total set total = total - 2 where medicamento_id = 295; 
insert into itens_venda values (default, 334, 443, 443, 3, 0.70, 69.50); 
update estoque set quant_venda = quant_venda + 3, quant_atual = quant_atual - 3 where id = 443; 
update estoque_total set total = total - 3 where medicamento_id = 443; 

insert into venda values (335, '2023-01-01 12:39:05', 432.67, 14, null); 
insert into itens_venda values (default, 335, 334, 334, 2, 6.20, 118.86); 
update estoque set quant_venda = quant_venda + 2, quant_atual = quant_atual - 2 where id = 334; 
update estoque_total set total = total - 2 where medicamento_id = 334; 
insert into itens_venda values (default, 335, 270, 270, 1, 16.50, 313.81); 
update estoque set quant_venda = quant_venda + 1, quant_atual = quant_atual - 1 where id = 270; 
update estoque_total set total = total - 1 where medicamento_id = 270; 

insert into venda values (336, '2023-01-01 13:14:18', 310.01, null, null); 
insert into itens_venda values (default, 336, 295, 295, 1, 0.00, 97.58); 
update estoque set quant_venda = quant_venda + 1, quant_atual = quant_atual - 1 where id = 295; 
update estoque_total set total = total - 1 where medicamento_id = 295; 
insert into itens_venda values (default, 336, 233, 233, 1, 0.00, 25.98); 
update estoque set quant_venda = quant_venda + 1, quant_atual = quant_atual - 1 where id = 233; 
update estoque_total set total = total - 1 where medicamento_id = 233; 
insert into itens_venda values (default, 336, 239, 239, 1, 7.70, 186.45); 
update estoque set quant_venda = quant_venda + 1, quant_atual = quant_atual - 1 where id = 239; 
update estoque_total set total = total - 1 where medicamento_id = 239; 

insert into venda values (337, '2023-01-01 13:56:14', 147.12, null, null); 
insert into itens_venda values (default, 337, 404, 404, 3, 1.90, 46.70); 
update estoque set quant_venda = quant_venda + 3, quant_atual = quant_atual - 3 where id = 404; 
update estoque_total set total = total - 3 where medicamento_id = 404; 
insert into itens_venda values (default, 337, 483, 483, 2, 0.00, 100.42); 
update estoque set quant_venda = quant_venda + 2, quant_atual = quant_atual - 2 where id = 483; 
update estoque_total set total = total - 2 where medicamento_id = 483; 

insert into venda values (338, '2023-01-01 14:20:58', 130.20, 18, null); 
insert into itens_venda values (default, 338, 269, 269, 2, 1.50, 75.42); 
update estoque set quant_venda = quant_venda + 2, quant_atual = quant_atual - 2 where id = 269; 
update estoque_total set total = total - 2 where medicamento_id = 269; 
insert into itens_venda values (default, 338, 325, 325, 1, 2.20, 54.78); 
update estoque set quant_venda = quant_venda + 1, quant_atual = quant_atual - 1 where id = 325; 
update estoque_total set total = total - 1 where medicamento_id = 325; 

insert into venda values (339, '2023-01-01 14:44:19', 35.47, 8, null); 
insert into itens_venda values (default, 339, 417, 417, 1, 1.30, 13.44); 
update estoque set quant_venda = quant_venda + 1, quant_atual = quant_atual - 1 where id = 417; 
update estoque_total set total = total - 1 where medicamento_id = 417; 
insert into itens_venda values (default, 339, 386, 386, 1, 0.00, 18.36); 
update estoque set quant_venda = quant_venda + 1, quant_atual = quant_atual - 1 where id = 386; 
update estoque_total set total = total - 1 where medicamento_id = 386; 
insert into itens_venda values (default, 339, 503, 503, 1, 0.00, 3.67); 
update estoque set quant_venda = quant_venda + 1, quant_atual = quant_atual - 1 where id = 503; 
update estoque_total set total = total - 1 where medicamento_id = 503; 

insert into venda values (340, '2023-01-03 07:12:55', 148.01, null, null); 
insert into itens_venda values (default, 340, 351, 351, 2, 1.70, 41.90); 
update estoque set quant_venda = quant_venda + 2, quant_atual = quant_atual - 2 where id = 351; 
update estoque_total set total = total - 2 where medicamento_id = 351; 
insert into itens_venda values (default, 340, 421, 421, 3, 0.20, 27.37); 
update estoque set quant_venda = quant_venda + 3, quant_atual = quant_atual - 3 where id = 421; 
update estoque_total set total = total - 3 where medicamento_id = 421; 
insert into itens_venda values (default, 340, 439, 439, 2, 3.20, 78.74); 
update estoque set quant_venda = quant_venda + 2, quant_atual = quant_atual - 2 where id = 439; 
update estoque_total set total = total - 2 where medicamento_id = 439; 

insert into venda values (341, '2023-01-03 07:17:12', 182.90, null, null); 
insert into itens_venda values (default, 341, 322, 322, 3, 0.80, 83.56); 
update estoque set quant_venda = quant_venda + 3, quant_atual = quant_atual - 3 where id = 322; 
update estoque_total set total = total - 3 where medicamento_id = 322; 
insert into itens_venda values (default, 341, 179, 179, 1, 0.00, 49.13); 
update estoque set quant_venda = quant_venda + 1, quant_atual = quant_atual - 1 where id = 179; 
update estoque_total set total = total - 1 where medicamento_id = 179; 
insert into itens_venda values (default, 341, 483, 483, 1, 0.00, 50.21); 
update estoque set quant_venda = quant_venda + 1, quant_atual = quant_atual - 1 where id = 483; 
update estoque_total set total = total - 1 where medicamento_id = 483; 

insert into venda values (342, '2023-01-03 08:11:14', 180.26, null, null); 
insert into itens_venda values (default, 342, 462, 462, 2, 0.00, 37.86); 
update estoque set quant_venda = quant_venda + 2, quant_atual = quant_atual - 2 where id = 462; 
update estoque_total set total = total - 2 where medicamento_id = 462; 
insert into itens_venda values (default, 342, 410, 410, 1, 3.20, 103.58); 
update estoque set quant_venda = quant_venda + 1, quant_atual = quant_atual - 1 where id = 410; 
update estoque_total set total = total - 1 where medicamento_id = 410; 
insert into itens_venda values (default, 342, 481, 481, 3, 1.20, 38.82); 
update estoque set quant_venda = quant_venda + 3, quant_atual = quant_atual - 3 where id = 481; 
update estoque_total set total = total - 3 where medicamento_id = 481; 

insert into venda values (343, '2023-01-03 08:37:20', 77.15, 14, null); 
insert into itens_venda values (default, 343, 464, 464, 2, 5.10, 59.80); 
update estoque set quant_venda = quant_venda + 2, quant_atual = quant_atual - 2 where id = 464; 
update estoque_total set total = total - 2 where medicamento_id = 464; 
insert into itens_venda values (default, 343, 242, 242, 3, 1.10, 17.35); 
update estoque set quant_venda = quant_venda + 3, quant_atual = quant_atual - 3 where id = 242; 
update estoque_total set total = total - 3 where medicamento_id = 242; 

insert into venda values (344, '2023-01-03 09:21:49', 21.90, null, 22); 
insert into itens_venda values (default, 344, 217, 217, 2, 0.20, 21.90); 
update estoque set quant_venda = quant_venda + 2, quant_atual = quant_atual - 2 where id = 217; 
update estoque_total set total = total - 2 where medicamento_id = 217; 

insert into venda values (345, '2023-01-03 09:41:41', 156.94, null, null); 
insert into itens_venda values (default, 345, 430, 430, 2, 0.40, 49.02); 
update estoque set quant_venda = quant_venda + 2, quant_atual = quant_atual - 2 where id = 430; 
update estoque_total set total = total - 2 where medicamento_id = 430; 
insert into itens_venda values (default, 345, 296, 296, 2, 1.00, 107.92); 
update estoque set quant_venda = quant_venda + 2, quant_atual = quant_atual - 2 where id = 296; 
update estoque_total set total = total - 2 where medicamento_id = 296; 

insert into venda values (346, '2023-01-03 11:03:35', 31.32, null, null); 
insert into itens_venda values (default, 346, 327, 327, 1, 0.30, 31.32); 
update estoque set quant_venda = quant_venda + 1, quant_atual = quant_atual - 1 where id = 327; 
update estoque_total set total = total - 1 where medicamento_id = 327; 

insert into venda values (347, '2023-01-03 11:53:35', 153.85, 12, null); 
insert into itens_venda values (default, 347, 424, 424, 3, 1.90, 31.10); 
update estoque set quant_venda = quant_venda + 3, quant_atual = quant_atual - 3 where id = 424; 
update estoque_total set total = total - 3 where medicamento_id = 424; 
insert into itens_venda values (default, 347, 488, 488, 2, 0.00, 98.46); 
update estoque set quant_venda = quant_venda + 2, quant_atual = quant_atual - 2 where id = 488; 
update estoque_total set total = total - 2 where medicamento_id = 488; 
insert into itens_venda values (default, 347, 380, 380, 3, 0.40, 24.29); 
update estoque set quant_venda = quant_venda + 3, quant_atual = quant_atual - 3 where id = 380; 
update estoque_total set total = total - 3 where medicamento_id = 380; 

insert into venda values (348, '2023-01-03 12:03:00', 29.52, 15, null); 
insert into itens_venda values (default, 348, 474, 474, 2, 0.20, 29.52); 
update estoque set quant_venda = quant_venda + 2, quant_atual = quant_atual - 2 where id = 474; 
update estoque_total set total = total - 2 where medicamento_id = 474; 

insert into venda values (349, '2023-01-03 12:05:05', 133.50, 9, null); 
insert into itens_venda values (default, 349, 400, 400, 1, 2.70, 133.50); 
update estoque set quant_venda = quant_venda + 1, quant_atual = quant_atual - 1 where id = 400; 
update estoque_total set total = total - 1 where medicamento_id = 400; 

insert into venda values (350, '2023-01-05 07:22:18', 384.26, null, null); 
insert into itens_venda values (default, 350, 449, 449, 3, 0.50, 58.42); 
update estoque set quant_venda = quant_venda + 3, quant_atual = quant_atual - 3 where id = 449; 
update estoque_total set total = total - 3 where medicamento_id = 449; 
insert into itens_venda values (default, 350, 253, 253, 2, 3.00, 151.04); 
update estoque set quant_venda = quant_venda + 2, quant_atual = quant_atual - 2 where id = 253; 
update estoque_total set total = total - 2 where medicamento_id = 253; 
insert into itens_venda values (default, 350, 470, 470, 2, 0.00, 174.80); 
update estoque set quant_venda = quant_venda + 2, quant_atual = quant_atual - 2 where id = 470; 
update estoque_total set total = total - 2 where medicamento_id = 470; 

insert into venda values (351, '2023-01-05 10:03:29', 95.91, null, null); 
insert into itens_venda values (default, 351, 451, 451, 1, 0.30, 18.95); 
update estoque set quant_venda = quant_venda + 1, quant_atual = quant_atual - 1 where id = 451; 
update estoque_total set total = total - 1 where medicamento_id = 451; 
insert into itens_venda values (default, 351, 152, 152, 1, 1.30, 66.15); 
update estoque set quant_venda = quant_venda + 1, quant_atual = quant_atual - 1 where id = 152; 
update estoque_total set total = total - 1 where medicamento_id = 152; 
insert into itens_venda values (default, 351, 503, 503, 3, 0.20, 10.81); 
update estoque set quant_venda = quant_venda + 3, quant_atual = quant_atual - 3 where id = 503; 
update estoque_total set total = total - 3 where medicamento_id = 503; 

insert into venda values (352, '2023-01-05 11:58:39', 138.59, 13, null); 
insert into itens_venda values (default, 352, 258, 258, 2, 11.40, 115.50); 
update estoque set quant_venda = quant_venda + 2, quant_atual = quant_atual - 2 where id = 258; 
update estoque_total set total = total - 2 where medicamento_id = 258; 
insert into itens_venda values (default, 352, 348, 348, 1, 0.40, 23.09); 
update estoque set quant_venda = quant_venda + 1, quant_atual = quant_atual - 1 where id = 348; 
update estoque_total set total = total - 1 where medicamento_id = 348; 

insert into venda values (353, '2023-01-05 12:44:27', 159.01, 3, null); 
insert into itens_venda values (default, 353, 460, 460, 2, 3.00, 72.32); 
update estoque set quant_venda = quant_venda + 2, quant_atual = quant_atual - 2 where id = 460; 
update estoque_total set total = total - 2 where medicamento_id = 460; 
insert into itens_venda values (default, 353, 500, 500, 1, 0.10, 15.87); 
update estoque set quant_venda = quant_venda + 1, quant_atual = quant_atual - 1 where id = 500; 
update estoque_total set total = total - 1 where medicamento_id = 500; 
insert into itens_venda values (default, 353, 460, 460, 2, 4.50, 70.82); 
update estoque set quant_venda = quant_venda + 2, quant_atual = quant_atual - 2 where id = 460; 
update estoque_total set total = total - 2 where medicamento_id = 460; 

insert into venda values (354, '2023-01-05 14:54:04', 165.02, null, null); 
insert into itens_venda values (default, 354, 163, 163, 1, 0.00, 165.02); 
update estoque set quant_venda = quant_venda + 1, quant_atual = quant_atual - 1 where id = 163; 
update estoque_total set total = total - 1 where medicamento_id = 163; 

insert into venda values (355, '2023-01-05 16:53:06', 32.44, 15, null); 
insert into itens_venda values (default, 355, 484, 484, 2, 0.60, 32.44); 
update estoque set quant_venda = quant_venda + 2, quant_atual = quant_atual - 2 where id = 484; 
update estoque_total set total = total - 2 where medicamento_id = 484; 

insert into venda values (356, '2023-01-05 18:09:28', 44.23, null, null); 
insert into itens_venda values (default, 356, 234, 234, 1, 0.40, 44.23); 
update estoque set quant_venda = quant_venda + 1, quant_atual = quant_atual - 1 where id = 234; 
update estoque_total set total = total - 1 where medicamento_id = 234; 

insert into venda values (357, '2023-01-06 06:33:27', 152.78, 4, null); 
insert into itens_venda values (default, 357, 318, 318, 2, 5.50, 106.28); 
update estoque set quant_venda = quant_venda + 2, quant_atual = quant_atual - 2 where id = 318; 
update estoque_total set total = total - 2 where medicamento_id = 318; 
insert into itens_venda values (default, 357, 409, 409, 2, 2.40, 46.50); 
update estoque set quant_venda = quant_venda + 2, quant_atual = quant_atual - 2 where id = 409; 
update estoque_total set total = total - 2 where medicamento_id = 409; 

insert into venda values (358, '2023-01-06 06:44:47', 116.04, 14, 22); 
insert into itens_venda values (default, 358, 310, 310, 1, 7.40, 116.04); 
update estoque set quant_venda = quant_venda + 1, quant_atual = quant_atual - 1 where id = 310; 
update estoque_total set total = total - 1 where medicamento_id = 310; 

insert into venda values (359, '2023-01-07 07:40:30', 53.45, null, null); 
insert into itens_venda values (default, 359, 494, 494, 2, 1.30, 31.64); 
update estoque set quant_venda = quant_venda + 2, quant_atual = quant_atual - 2 where id = 494; 
update estoque_total set total = total - 2 where medicamento_id = 494; 
insert into itens_venda values (default, 359, 502, 502, 1, 0.00, 21.81); 
update estoque set quant_venda = quant_venda + 1, quant_atual = quant_atual - 1 where id = 502; 
update estoque_total set total = total - 1 where medicamento_id = 502; 

insert into venda values (360, '2023-01-07 09:58:15', 138.96, 8, null); 
insert into itens_venda values (default, 360, 443, 443, 3, 0.70, 69.50); 
update estoque set quant_venda = quant_venda + 3, quant_atual = quant_atual - 3 where id = 443; 
update estoque_total set total = total - 3 where medicamento_id = 443; 
insert into itens_venda values (default, 360, 373, 373, 2, 0.00, 69.46); 
update estoque set quant_venda = quant_venda + 2, quant_atual = quant_atual - 2 where id = 373; 
update estoque_total set total = total - 2 where medicamento_id = 373; 

insert into venda values (361, '2023-01-08 06:51:08', 68.95, null, null); 
insert into itens_venda values (default, 361, 464, 464, 1, 0.00, 32.45); 
update estoque set quant_venda = quant_venda + 1, quant_atual = quant_atual - 1 where id = 464; 
update estoque_total set total = total - 1 where medicamento_id = 464; 
insert into itens_venda values (default, 361, 497, 497, 1, 1.10, 36.50); 
update estoque set quant_venda = quant_venda + 1, quant_atual = quant_atual - 1 where id = 497; 
update estoque_total set total = total - 1 where medicamento_id = 497; 

insert into venda values (362, '2023-01-09 08:12:10', 72.92, null, null); 
insert into itens_venda values (default, 362, 73, 73, 1, 0.50, 49.83); 
update estoque set quant_venda = quant_venda + 1, quant_atual = quant_atual - 1 where id = 73; 
update estoque_total set total = total - 1 where medicamento_id = 73; 
insert into itens_venda values (default, 362, 501, 501, 1, 0.00, 23.09); 
update estoque set quant_venda = quant_venda + 1, quant_atual = quant_atual - 1 where id = 501; 
update estoque_total set total = total - 1 where medicamento_id = 501; 

insert into venda values (363, '2023-01-09 10:37:59', 88.54, null, null); 
insert into itens_venda values (default, 363, 294, 294, 2, 0.30, 32.94); 
update estoque set quant_venda = quant_venda + 2, quant_atual = quant_atual - 2 where id = 294; 
update estoque_total set total = total - 2 where medicamento_id = 294; 
insert into itens_venda values (default, 363, 129, 129, 1, 1.70, 55.60); 
update estoque set quant_venda = quant_venda + 1, quant_atual = quant_atual - 1 where id = 129; 
update estoque_total set total = total - 1 where medicamento_id = 129; 

insert into venda values (364, '2023-01-11 06:50:13', 33.16, null, null); 
insert into itens_venda values (default, 364, 377, 377, 2, 0.30, 33.16); 
update estoque set quant_venda = quant_venda + 2, quant_atual = quant_atual - 2 where id = 377; 
update estoque_total set total = total - 2 where medicamento_id = 377; 

insert into venda values (365, '2023-01-11 07:56:03', 133.08, 13, 24); 
insert into itens_venda values (default, 365, 136, 136, 2, 8.20, 83.96); 
update estoque set quant_venda = quant_venda + 2, quant_atual = quant_atual - 2 where id = 136; 
update estoque_total set total = total - 2 where medicamento_id = 136; 
insert into itens_venda values (default, 365, 355, 355, 2, 3.10, 49.12); 
update estoque set quant_venda = quant_venda + 2, quant_atual = quant_atual - 2 where id = 355; 
update estoque_total set total = total - 2 where medicamento_id = 355; 

insert into venda values (366, '2023-01-11 08:29:59', 125.33, null, 22); 
insert into itens_venda values (default, 366, 491, 491, 1, 0.50, 55.95); 
update estoque set quant_venda = quant_venda + 1, quant_atual = quant_atual - 1 where id = 491; 
update estoque_total set total = total - 1 where medicamento_id = 491; 
insert into itens_venda values (default, 366, 201, 201, 2, 2.10, 69.38); 
update estoque set quant_venda = quant_venda + 2, quant_atual = quant_atual - 2 where id = 201; 
update estoque_total set total = total - 2 where medicamento_id = 201; 

insert into venda values (367, '2023-01-11 08:48:58', 264.55, null, null); 
insert into itens_venda values (default, 367, 316, 316, 1, 1.70, 177.80); 
update estoque set quant_venda = quant_venda + 1, quant_atual = quant_atual - 1 where id = 316; 
update estoque_total set total = total - 1 where medicamento_id = 316; 
insert into itens_venda values (default, 367, 479, 479, 1, 0.30, 36.39); 
update estoque set quant_venda = quant_venda + 1, quant_atual = quant_atual - 1 where id = 479; 
update estoque_total set total = total - 1 where medicamento_id = 479; 
insert into itens_venda values (default, 367, 437, 437, 2, 2.00, 50.36); 
update estoque set quant_venda = quant_venda + 2, quant_atual = quant_atual - 2 where id = 437; 
update estoque_total set total = total - 2 where medicamento_id = 437; 

insert into venda values (368, '2023-01-11 09:49:35', 99.08, 10, null); 
insert into itens_venda values (default, 368, 484, 484, 2, 0.30, 32.74); 
update estoque set quant_venda = quant_venda + 2, quant_atual = quant_atual - 2 where id = 484; 
update estoque_total set total = total - 2 where medicamento_id = 484; 
insert into itens_venda values (default, 368, 457, 457, 2, 2.00, 66.34); 
update estoque set quant_venda = quant_venda + 2, quant_atual = quant_atual - 2 where id = 457; 
update estoque_total set total = total - 2 where medicamento_id = 457; 

insert into venda values (369, '2023-01-11 10:10:38', 206.04, null, 24); 
insert into itens_venda values (default, 369, 213, 213, 1, 0.00, 170.61); 
update estoque set quant_venda = quant_venda + 1, quant_atual = quant_atual - 1 where id = 213; 
update estoque_total set total = total - 1 where medicamento_id = 213; 
insert into itens_venda values (default, 369, 498, 498, 1, 0.00, 35.43); 
update estoque set quant_venda = quant_venda + 1, quant_atual = quant_atual - 1 where id = 498; 
update estoque_total set total = total - 1 where medicamento_id = 498; 

insert into venda values (370, '2023-01-11 10:32:01', 200.87, null, null); 
insert into itens_venda values (default, 370, 399, 399, 2, 0.00, 103.70); 
update estoque set quant_venda = quant_venda + 2, quant_atual = quant_atual - 2 where id = 399; 
update estoque_total set total = total - 2 where medicamento_id = 399; 
insert into itens_venda values (default, 370, 476, 476, 2, 0.40, 47.94); 
update estoque set quant_venda = quant_venda + 2, quant_atual = quant_atual - 2 where id = 476; 
update estoque_total set total = total - 2 where medicamento_id = 476; 
insert into itens_venda values (default, 370, 488, 488, 1, 0.00, 49.23); 
update estoque set quant_venda = quant_venda + 1, quant_atual = quant_atual - 1 where id = 488; 
update estoque_total set total = total - 1 where medicamento_id = 488; 

insert into venda values (371, '2023-01-11 10:34:14', 376.26, null, 25); 
insert into itens_venda values (default, 371, 197, 197, 1, 0.00, 273.56); 
update estoque set quant_venda = quant_venda + 1, quant_atual = quant_atual - 1 where id = 197; 
update estoque_total set total = total - 1 where medicamento_id = 197; 
insert into itens_venda values (default, 371, 399, 399, 2, 1.00, 102.70); 
update estoque set quant_venda = quant_venda + 2, quant_atual = quant_atual - 2 where id = 399; 
update estoque_total set total = total - 2 where medicamento_id = 399; 

insert into venda values (372, '2023-01-11 11:24:48', 36.50, null, null); 
insert into itens_venda values (default, 372, 72, 72, 2, 0.00, 36.50); 
update estoque set quant_venda = quant_venda + 2, quant_atual = quant_atual - 2 where id = 72; 
update estoque_total set total = total - 2 where medicamento_id = 72; 

insert into venda values (373, '2023-01-11 12:36:10', 14.10, 13, null); 
insert into itens_venda values (default, 373, 376, 376, 1, 0.80, 14.10); 
update estoque set quant_venda = quant_venda + 1, quant_atual = quant_atual - 1 where id = 376; 
update estoque_total set total = total - 1 where medicamento_id = 376; 

insert into venda values (374, '2023-01-11 12:50:40', 198.48, null, null); 
insert into itens_venda values (default, 374, 174, 174, 1, 2.40, 118.47); 
update estoque set quant_venda = quant_venda + 1, quant_atual = quant_atual - 1 where id = 174; 
update estoque_total set total = total - 1 where medicamento_id = 174; 
insert into itens_venda values (default, 374, 475, 475, 3, 1.20, 59.10); 
update estoque set quant_venda = quant_venda + 3, quant_atual = quant_atual - 3 where id = 475; 
update estoque_total set total = total - 3 where medicamento_id = 475; 
insert into itens_venda values (default, 374, 262, 262, 1, 0.60, 20.91); 
update estoque set quant_venda = quant_venda + 1, quant_atual = quant_atual - 1 where id = 262; 
update estoque_total set total = total - 1 where medicamento_id = 262; 

insert into venda values (375, '2023-01-11 13:57:55', 118.54, null, 23); 
insert into itens_venda values (default, 375, 310, 310, 1, 4.90, 118.54); 
update estoque set quant_venda = quant_venda + 1, quant_atual = quant_atual - 1 where id = 310; 
update estoque_total set total = total - 1 where medicamento_id = 310; 

insert into venda values (376, '2023-01-11 14:04:53', 399.11, 17, null); 
insert into itens_venda values (default, 376, 257, 257, 1, 13.70, 330.20); 
update estoque set quant_venda = quant_venda + 1, quant_atual = quant_atual - 1 where id = 257; 
update estoque_total set total = total - 1 where medicamento_id = 257; 
insert into itens_venda values (default, 376, 476, 476, 3, 3.60, 68.91); 
update estoque set quant_venda = quant_venda + 3, quant_atual = quant_atual - 3 where id = 476; 
update estoque_total set total = total - 3 where medicamento_id = 476; 

insert into venda values (377, '2023-01-13 06:00:13', 55.95, 12, null); 
insert into itens_venda values (default, 377, 491, 491, 1, 0.50, 55.95); 
update estoque set quant_venda = quant_venda + 1, quant_atual = quant_atual - 1 where id = 491; 
update estoque_total set total = total - 1 where medicamento_id = 491; 

insert into venda values (378, '2023-01-13 07:24:06', 33.04, null, null); 
insert into itens_venda values (default, 378, 365, 365, 1, 0.00, 16.52); 
update estoque set quant_venda = quant_venda + 1, quant_atual = quant_atual - 1 where id = 365; 
update estoque_total set total = total - 1 where medicamento_id = 365; 
insert into itens_venda values (default, 378, 484, 484, 1, 0.00, 16.52); 
update estoque set quant_venda = quant_venda + 1, quant_atual = quant_atual - 1 where id = 484; 
update estoque_total set total = total - 1 where medicamento_id = 484; 

insert into venda values (379, '2023-01-14 06:24:58', 94.31, 17, null); 
insert into itens_venda values (default, 379, 379, 379, 3, 2.60, 35.44); 
update estoque set quant_venda = quant_venda + 3, quant_atual = quant_atual - 3 where id = 379; 
update estoque_total set total = total - 3 where medicamento_id = 379; 
insert into itens_venda values (default, 379, 481, 481, 3, 1.20, 38.82); 
update estoque set quant_venda = quant_venda + 3, quant_atual = quant_atual - 3 where id = 481; 
update estoque_total set total = total - 3 where medicamento_id = 481; 
insert into itens_venda values (default, 379, 504, 504, 3, 0.20, 20.05); 
update estoque set quant_venda = quant_venda + 3, quant_atual = quant_atual - 3 where id = 504; 
update estoque_total set total = total - 3 where medicamento_id = 504; 

insert into venda values (380, '2023-01-14 07:56:24', 294.70, null, null); 
insert into itens_venda values (default, 380, 400, 400, 1, 4.00, 132.20); 
update estoque set quant_venda = quant_venda + 1, quant_atual = quant_atual - 1 where id = 400; 
update estoque_total set total = total - 1 where medicamento_id = 400; 
insert into itens_venda values (default, 380, 389, 389, 2, 0.00, 64.80); 
update estoque set quant_venda = quant_venda + 2, quant_atual = quant_atual - 2 where id = 389; 
update estoque_total set total = total - 2 where medicamento_id = 389; 
insert into itens_venda values (default, 380, 159, 159, 1, 3.00, 97.70); 
update estoque set quant_venda = quant_venda + 1, quant_atual = quant_atual - 1 where id = 159; 
update estoque_total set total = total - 1 where medicamento_id = 159; 

insert into venda values (381, '2023-01-14 10:28:49', 85.87, null, null); 
insert into itens_venda values (default, 381, 504, 504, 1, 0.10, 6.65); 
update estoque set quant_venda = quant_venda + 1, quant_atual = quant_atual - 1 where id = 504; 
update estoque_total set total = total - 1 where medicamento_id = 504; 
insert into itens_venda values (default, 381, 388, 388, 2, 0.00, 79.22); 
update estoque set quant_venda = quant_venda + 2, quant_atual = quant_atual - 2 where id = 388; 
update estoque_total set total = total - 2 where medicamento_id = 388; 

insert into venda values (382, '2023-01-14 11:04:36', 320.41, null, null); 
insert into itens_venda values (default, 382, 270, 270, 1, 9.90, 320.41); 
update estoque set quant_venda = quant_venda + 1, quant_atual = quant_atual - 1 where id = 270; 
update estoque_total set total = total - 1 where medicamento_id = 270; 

insert into venda values (383, '2023-01-14 12:28:47', 289.17, null, 25); 
insert into itens_venda values (default, 383, 323, 323, 2, 0.30, 35.04); 
update estoque set quant_venda = quant_venda + 2, quant_atual = quant_atual - 2 where id = 323; 
update estoque_total set total = total - 2 where medicamento_id = 323; 
insert into itens_venda values (default, 383, 91, 91, 1, 0.00, 254.13); 
update estoque set quant_venda = quant_venda + 1, quant_atual = quant_atual - 1 where id = 91; 
update estoque_total set total = total - 1 where medicamento_id = 91; 

insert into venda values (384, '2023-01-14 14:05:28', 431.85, null, null); 
insert into itens_venda values (default, 384, 270, 270, 1, 6.60, 323.71); 
update estoque set quant_venda = quant_venda + 1, quant_atual = quant_atual - 1 where id = 270; 
update estoque_total set total = total - 1 where medicamento_id = 270; 
insert into itens_venda values (default, 384, 473, 473, 1, 1.40, 47.76); 
update estoque set quant_venda = quant_venda + 1, quant_atual = quant_atual - 1 where id = 473; 
update estoque_total set total = total - 1 where medicamento_id = 473; 
insert into itens_venda values (default, 384, 343, 343, 2, 2.50, 60.38); 
update estoque set quant_venda = quant_venda + 2, quant_atual = quant_atual - 2 where id = 343; 
update estoque_total set total = total - 2 where medicamento_id = 343; 

insert into venda values (385, '2023-01-16 07:23:11', 143.70, null, null); 
insert into itens_venda values (default, 385, 445, 445, 2, 0.00, 36.42); 
update estoque set quant_venda = quant_venda + 2, quant_atual = quant_atual - 2 where id = 445; 
update estoque_total set total = total - 2 where medicamento_id = 445; 
insert into itens_venda values (default, 385, 282, 282, 2, 0.00, 107.28); 
update estoque set quant_venda = quant_venda + 2, quant_atual = quant_atual - 2 where id = 282; 
update estoque_total set total = total - 2 where medicamento_id = 282; 

insert into venda values (386, '2023-01-16 09:15:47', 33.44, 5, null); 
insert into itens_venda values (default, 386, 397, 397, 2, 2.80, 33.44); 
update estoque set quant_venda = quant_venda + 2, quant_atual = quant_atual - 2 where id = 397; 
update estoque_total set total = total - 2 where medicamento_id = 397; 

insert into venda values (387, '2023-01-16 10:29:00', 32.46, 18, null); 
insert into itens_venda values (default, 387, 377, 377, 2, 1.00, 32.46); 
update estoque set quant_venda = quant_venda + 2, quant_atual = quant_atual - 2 where id = 377; 
update estoque_total set total = total - 2 where medicamento_id = 377; 

insert into venda values (388, '2023-01-16 13:15:32', 51.35, null, null); 
insert into itens_venda values (default, 388, 399, 399, 1, 0.50, 51.35); 
update estoque set quant_venda = quant_venda + 1, quant_atual = quant_atual - 1 where id = 399; 
update estoque_total set total = total - 1 where medicamento_id = 399; 

insert into venda values (389, '2023-01-17 07:20:59', 31.80, null, null); 
insert into itens_venda values (default, 389, 389, 389, 1, 0.60, 31.80); 
update estoque set quant_venda = quant_venda + 1, quant_atual = quant_atual - 1 where id = 389; 
update estoque_total set total = total - 1 where medicamento_id = 389; 

insert into venda values (390, '2023-01-17 08:06:30', 124.88, null, null); 
insert into itens_venda values (default, 390, 466, 466, 1, 0.00, 124.88); 
update estoque set quant_venda = quant_venda + 1, quant_atual = quant_atual - 1 where id = 466; 
update estoque_total set total = total - 1 where medicamento_id = 466; 

insert into venda values (391, '2023-01-17 08:55:15', 327.24, null, null); 
insert into itens_venda values (default, 391, 176, 176, 1, 13.60, 327.24); 
update estoque set quant_venda = quant_venda + 1, quant_atual = quant_atual - 1 where id = 176; 
update estoque_total set total = total - 1 where medicamento_id = 176; 

insert into venda values (392, '2023-01-17 09:56:33', 193.30, 16, 23); 
insert into itens_venda values (default, 392, 496, 496, 1, 0.30, 7.07); 
update estoque set quant_venda = quant_venda + 1, quant_atual = quant_atual - 1 where id = 496; 
update estoque_total set total = total - 1 where medicamento_id = 496; 
insert into itens_venda values (default, 392, 70, 70, 1, 9.40, 109.27); 
update estoque set quant_venda = quant_venda + 1, quant_atual = quant_atual - 1 where id = 70; 
update estoque_total set total = total - 1 where medicamento_id = 70; 
insert into itens_venda values (default, 392, 330, 330, 1, 5.70, 76.96); 
update estoque set quant_venda = quant_venda + 1, quant_atual = quant_atual - 1 where id = 330; 
update estoque_total set total = total - 1 where medicamento_id = 330; 

insert into venda values (393, '2023-01-17 09:59:56', 200.46, null, null); 
insert into itens_venda values (default, 393, 320, 320, 1, 8.30, 200.46); 
update estoque set quant_venda = quant_venda + 1, quant_atual = quant_atual - 1 where id = 320; 
update estoque_total set total = total - 1 where medicamento_id = 320; 

insert into venda values (394, '2023-01-17 10:26:45', 14.36, null, null); 
insert into itens_venda values (default, 394, 474, 474, 1, 0.50, 14.36); 
update estoque set quant_venda = quant_venda + 1, quant_atual = quant_atual - 1 where id = 474; 
update estoque_total set total = total - 1 where medicamento_id = 474; 

insert into venda values (395, '2023-01-17 11:39:41', 156.46, null, null); 
insert into itens_venda values (default, 395, 161, 161, 2, 3.40, 110.48); 
update estoque set quant_venda = quant_venda + 2, quant_atual = quant_atual - 2 where id = 161; 
update estoque_total set total = total - 2 where medicamento_id = 161; 
insert into itens_venda values (default, 395, 469, 469, 1, 1.90, 45.98); 
update estoque set quant_venda = quant_venda + 1, quant_atual = quant_atual - 1 where id = 469; 
update estoque_total set total = total - 1 where medicamento_id = 469; 

insert into venda values (396, '2023-01-17 12:47:11', 24.43, 4, null); 
insert into itens_venda values (default, 396, 447, 447, 1, 2.10, 24.43); 
update estoque set quant_venda = quant_venda + 1, quant_atual = quant_atual - 1 where id = 447; 
update estoque_total set total = total - 1 where medicamento_id = 447; 

insert into venda values (397, '2023-01-17 14:06:29', 30.04, 5, null); 
insert into itens_venda values (default, 397, 480, 480, 1, 1.50, 30.04); 
update estoque set quant_venda = quant_venda + 1, quant_atual = quant_atual - 1 where id = 480; 
update estoque_total set total = total - 1 where medicamento_id = 480; 

insert into venda values (398, '2023-01-17 14:11:32', 131.91, 15, null); 
insert into itens_venda values (default, 398, 459, 459, 1, 0.60, 33.32); 
update estoque set quant_venda = quant_venda + 1, quant_atual = quant_atual - 1 where id = 459; 
update estoque_total set total = total - 1 where medicamento_id = 459; 
insert into itens_venda values (default, 398, 420, 420, 1, 4.60, 62.17); 
update estoque set quant_venda = quant_venda + 1, quant_atual = quant_atual - 1 where id = 420; 
update estoque_total set total = total - 1 where medicamento_id = 420; 
insert into itens_venda values (default, 398, 445, 445, 2, 0.00, 36.42); 
update estoque set quant_venda = quant_venda + 2, quant_atual = quant_atual - 2 where id = 445; 
update estoque_total set total = total - 2 where medicamento_id = 445; 

insert into venda values (399, '2023-01-17 14:33:54', 78.88, null, 24); 
insert into itens_venda values (default, 399, 184, 184, 2, 0.80, 41.50); 
update estoque set quant_venda = quant_venda + 2, quant_atual = quant_atual - 2 where id = 184; 
update estoque_total set total = total - 2 where medicamento_id = 184; 
insert into itens_venda values (default, 399, 204, 204, 3, 0.00, 37.38); 
update estoque set quant_venda = quant_venda + 3, quant_atual = quant_atual - 3 where id = 204; 
update estoque_total set total = total - 3 where medicamento_id = 204; 

insert into venda values (400, '2023-01-17 15:55:53', 76.40, 17, 23); 
insert into itens_venda values (default, 400, 339, 339, 1, 2.80, 29.38); 
update estoque set quant_venda = quant_venda + 1, quant_atual = quant_atual - 1 where id = 339; 
update estoque_total set total = total - 1 where medicamento_id = 339; 
insert into itens_venda values (default, 400, 248, 248, 2, 3.00, 47.02); 
update estoque set quant_venda = quant_venda + 2, quant_atual = quant_atual - 2 where id = 248; 
update estoque_total set total = total - 2 where medicamento_id = 248; 

insert into venda values (401, '2023-01-19 06:23:38', 34.70, null, 25); 
insert into itens_venda values (default, 401, 276, 276, 1, 1.40, 34.70); 
update estoque set quant_venda = quant_venda + 1, quant_atual = quant_atual - 1 where id = 276; 
update estoque_total set total = total - 1 where medicamento_id = 276; 

insert into venda values (402, '2023-01-19 06:25:08', 50.57, null, null); 
insert into itens_venda values (default, 402, 434, 434, 1, 0.00, 32.66); 
update estoque set quant_venda = quant_venda + 1, quant_atual = quant_atual - 1 where id = 434; 
update estoque_total set total = total - 1 where medicamento_id = 434; 
insert into itens_venda values (default, 402, 445, 445, 1, 0.30, 17.91); 
update estoque set quant_venda = quant_venda + 1, quant_atual = quant_atual - 1 where id = 445; 
update estoque_total set total = total - 1 where medicamento_id = 445; 

insert into venda values (403, '2023-01-19 06:54:26', 143.85, null, null); 
insert into itens_venda values (default, 403, 275, 275, 1, 1.60, 82.12); 
update estoque set quant_venda = quant_venda + 1, quant_atual = quant_atual - 1 where id = 275; 
update estoque_total set total = total - 1 where medicamento_id = 275; 
insert into itens_venda values (default, 403, 467, 467, 1, 0.60, 61.73); 
update estoque set quant_venda = quant_venda + 1, quant_atual = quant_atual - 1 where id = 467; 
update estoque_total set total = total - 1 where medicamento_id = 467; 

insert into venda values (404, '2023-01-19 07:02:56', 67.87, 3, null); 
insert into itens_venda values (default, 404, 411, 411, 1, 4.30, 67.87); 
update estoque set quant_venda = quant_venda + 1, quant_atual = quant_atual - 1 where id = 411; 
update estoque_total set total = total - 1 where medicamento_id = 411; 

insert into venda values (405, '2023-01-19 08:13:54', 348.20, 15, 23); 
insert into itens_venda values (default, 405, 367, 367, 2, 15.60, 179.44); 
update estoque set quant_venda = quant_venda + 2, quant_atual = quant_atual - 2 where id = 367; 
update estoque_total set total = total - 2 where medicamento_id = 367; 
insert into itens_venda values (default, 405, 142, 142, 2, 14.60, 168.76); 
update estoque set quant_venda = quant_venda + 2, quant_atual = quant_atual - 2 where id = 142; 
update estoque_total set total = total - 2 where medicamento_id = 142; 

insert into venda values (406, '2023-01-19 09:05:14', 239.38, 2, null); 
insert into itens_venda values (default, 406, 166, 166, 1, 7.40, 239.38); 
update estoque set quant_venda = quant_venda + 1, quant_atual = quant_atual - 1 where id = 166; 
update estoque_total set total = total - 1 where medicamento_id = 166; 

insert into venda values (407, '2023-01-19 10:14:36', 78.92, 12, null); 
insert into itens_venda values (default, 407, 380, 380, 3, 2.20, 22.49); 
update estoque set quant_venda = quant_venda + 3, quant_atual = quant_atual - 3 where id = 380; 
update estoque_total set total = total - 3 where medicamento_id = 380; 
insert into itens_venda values (default, 407, 208, 208, 1, 3.20, 50.28); 
update estoque set quant_venda = quant_venda + 1, quant_atual = quant_atual - 1 where id = 208; 
update estoque_total set total = total - 1 where medicamento_id = 208; 
insert into itens_venda values (default, 407, 504, 504, 1, 0.60, 6.15); 
update estoque set quant_venda = quant_venda + 1, quant_atual = quant_atual - 1 where id = 504; 
update estoque_total set total = total - 1 where medicamento_id = 504; 

insert into venda values (408, '2023-01-19 10:30:50', 113.84, null, null); 
insert into itens_venda values (default, 408, 499, 499, 2, 3.10, 74.44); 
update estoque set quant_venda = quant_venda + 2, quant_atual = quant_atual - 2 where id = 499; 
update estoque_total set total = total - 2 where medicamento_id = 499; 
insert into itens_venda values (default, 408, 475, 475, 2, 0.80, 39.40); 
update estoque set quant_venda = quant_venda + 2, quant_atual = quant_atual - 2 where id = 475; 
update estoque_total set total = total - 2 where medicamento_id = 475; 

insert into venda values (409, '2023-01-20 07:10:13', 314.05, null, null); 
insert into itens_venda values (default, 409, 263, 263, 1, 0.00, 211.51); 
update estoque set quant_venda = quant_venda + 1, quant_atual = quant_atual - 1 where id = 263; 
update estoque_total set total = total - 1 where medicamento_id = 263; 
insert into itens_venda values (default, 409, 425, 425, 2, 0.70, 71.70); 
update estoque set quant_venda = quant_venda + 2, quant_atual = quant_atual - 2 where id = 425; 
update estoque_total set total = total - 2 where medicamento_id = 425; 
insert into itens_venda values (default, 409, 495, 495, 3, 1.20, 30.84); 
update estoque set quant_venda = quant_venda + 3, quant_atual = quant_atual - 3 where id = 495; 
update estoque_total set total = total - 3 where medicamento_id = 495; 

insert into venda values (410, '2023-01-20 09:03:13', 224.83, 6, null); 
insert into itens_venda values (default, 410, 479, 479, 1, 0.00, 36.69); 
update estoque set quant_venda = quant_venda + 1, quant_atual = quant_atual - 1 where id = 479; 
update estoque_total set total = total - 1 where medicamento_id = 479; 
insert into itens_venda values (default, 410, 251, 251, 2, 13.40, 135.66); 
update estoque set quant_venda = quant_venda + 2, quant_atual = quant_atual - 2 where id = 251; 
update estoque_total set total = total - 2 where medicamento_id = 251; 
insert into itens_venda values (default, 410, 325, 325, 1, 4.50, 52.48); 
update estoque set quant_venda = quant_venda + 1, quant_atual = quant_atual - 1 where id = 325; 
update estoque_total set total = total - 1 where medicamento_id = 325; 

insert into venda values (411, '2023-01-20 11:49:31', 41.68, null, null); 
insert into itens_venda values (default, 411, 353, 353, 1, 0.00, 41.68); 
update estoque set quant_venda = quant_venda + 1, quant_atual = quant_atual - 1 where id = 353; 
update estoque_total set total = total - 1 where medicamento_id = 353; 

insert into venda values (412, '2023-01-20 12:16:22', 336.29, null, null); 
insert into itens_venda values (default, 412, 168, 168, 1, 6.80, 336.29); 
update estoque set quant_venda = quant_venda + 1, quant_atual = quant_atual - 1 where id = 168; 
update estoque_total set total = total - 1 where medicamento_id = 168; 

insert into venda values (413, '2023-01-20 13:17:50', 368.58, 9, 22); 
insert into itens_venda values (default, 413, 400, 400, 1, 9.50, 126.70); 
update estoque set quant_venda = quant_venda + 1, quant_atual = quant_atual - 1 where id = 400; 
update estoque_total set total = total - 1 where medicamento_id = 400; 
insert into itens_venda values (default, 413, 67, 67, 1, 3.70, 120.90); 
update estoque set quant_venda = quant_venda + 1, quant_atual = quant_atual - 1 where id = 67; 
update estoque_total set total = total - 1 where medicamento_id = 67; 
insert into itens_venda values (default, 413, 285, 285, 1, 1.20, 120.98); 
update estoque set quant_venda = quant_venda + 1, quant_atual = quant_atual - 1 where id = 285; 
update estoque_total set total = total - 1 where medicamento_id = 285; 

insert into venda values (414, '2023-01-20 15:20:36', 151.18, null, null); 
insert into itens_venda values (default, 414, 444, 444, 2, 0.00, 151.18); 
update estoque set quant_venda = quant_venda + 2, quant_atual = quant_atual - 2 where id = 444; 
update estoque_total set total = total - 2 where medicamento_id = 444; 

insert into venda values (415, '2023-01-20 16:36:59', 680.34, null, null); 
insert into itens_venda values (default, 415, 307, 307, 1, 0.00, 241.83); 
update estoque set quant_venda = quant_venda + 1, quant_atual = quant_atual - 1 where id = 307; 
update estoque_total set total = total - 1 where medicamento_id = 307; 
insert into itens_venda values (default, 415, 272, 272, 1, 11.00, 265.31); 
update estoque set quant_venda = quant_venda + 1, quant_atual = quant_atual - 1 where id = 272; 
update estoque_total set total = total - 1 where medicamento_id = 272; 
insert into itens_venda values (default, 415, 250, 250, 2, 3.50, 173.20); 
update estoque set quant_venda = quant_venda + 2, quant_atual = quant_atual - 2 where id = 250; 
update estoque_total set total = total - 2 where medicamento_id = 250; 

insert into venda values (416, '2023-01-21 07:31:22', 367.49, null, 22); 
insert into itens_venda values (default, 416, 396, 396, 1, 13.60, 327.70); 
update estoque set quant_venda = quant_venda + 1, quant_atual = quant_atual - 1 where id = 396; 
update estoque_total set total = total - 1 where medicamento_id = 396; 
insert into itens_venda values (default, 416, 402, 402, 1, 0.30, 16.57); 
update estoque set quant_venda = quant_venda + 1, quant_atual = quant_atual - 1 where id = 402; 
update estoque_total set total = total - 1 where medicamento_id = 402; 
insert into itens_venda values (default, 416, 117, 117, 3, 0.00, 23.22); 
update estoque set quant_venda = quant_venda + 3, quant_atual = quant_atual - 3 where id = 117; 
update estoque_total set total = total - 3 where medicamento_id = 117; 

insert into venda values (417, '2023-01-21 07:36:45', 190.81, null, null); 
insert into itens_venda values (default, 417, 448, 448, 2, 0.60, 32.38); 
update estoque set quant_venda = quant_venda + 2, quant_atual = quant_atual - 2 where id = 448; 
update estoque_total set total = total - 2 where medicamento_id = 448; 
insert into itens_venda values (default, 417, 321, 321, 1, 1.10, 26.95); 
update estoque set quant_venda = quant_venda + 1, quant_atual = quant_atual - 1 where id = 321; 
update estoque_total set total = total - 1 where medicamento_id = 321; 
insert into itens_venda values (default, 417, 436, 436, 2, 0.00, 131.48); 
update estoque set quant_venda = quant_venda + 2, quant_atual = quant_atual - 2 where id = 436; 
update estoque_total set total = total - 2 where medicamento_id = 436; 

insert into venda values (418, '2023-01-21 08:32:12', 51.03, 12, null); 
insert into itens_venda values (default, 418, 323, 323, 1, 1.50, 16.17); 
update estoque set quant_venda = quant_venda + 1, quant_atual = quant_atual - 1 where id = 323; 
update estoque_total set total = total - 1 where medicamento_id = 323; 
insert into itens_venda values (default, 418, 426, 426, 1, 1.40, 34.86); 
update estoque set quant_venda = quant_venda + 1, quant_atual = quant_atual - 1 where id = 426; 
update estoque_total set total = total - 1 where medicamento_id = 426; 

insert into venda values (419, '2023-01-21 10:02:18', 251.13, 8, null); 
insert into itens_venda values (default, 419, 455, 455, 1, 4.50, 45.67); 
update estoque set quant_venda = quant_venda + 1, quant_atual = quant_atual - 1 where id = 455; 
update estoque_total set total = total - 1 where medicamento_id = 455; 
insert into itens_venda values (default, 419, 460, 460, 1, 1.80, 35.86); 
update estoque set quant_venda = quant_venda + 1, quant_atual = quant_atual - 1 where id = 460; 
update estoque_total set total = total - 1 where medicamento_id = 460; 
insert into itens_venda values (default, 419, 470, 470, 2, 5.20, 169.60); 
update estoque set quant_venda = quant_venda + 2, quant_atual = quant_atual - 2 where id = 470; 
update estoque_total set total = total - 2 where medicamento_id = 470; 

insert into venda values (420, '2023-01-21 11:07:25', 130.47, null, 23); 
insert into itens_venda values (default, 420, 225, 225, 1, 4.00, 130.47); 
update estoque set quant_venda = quant_venda + 1, quant_atual = quant_atual - 1 where id = 225; 
update estoque_total set total = total - 1 where medicamento_id = 225; 

insert into venda values (421, '2023-01-22 07:34:34', 123.51, null, null); 
insert into itens_venda values (default, 421, 79, 79, 1, 2.50, 123.51); 
update estoque set quant_venda = quant_venda + 1, quant_atual = quant_atual - 1 where id = 79; 
update estoque_total set total = total - 1 where medicamento_id = 79; 

insert into venda values (422, '2023-01-23 07:06:44', 412.35, null, 22); 
insert into itens_venda values (default, 422, 254, 254, 1, 4.80, 237.89); 
update estoque set quant_venda = quant_venda + 1, quant_atual = quant_atual - 1 where id = 254; 
update estoque_total set total = total - 1 where medicamento_id = 254; 
insert into itens_venda values (default, 422, 454, 454, 2, 3.50, 174.46); 
update estoque set quant_venda = quant_venda + 2, quant_atual = quant_atual - 2 where id = 454; 
update estoque_total set total = total - 2 where medicamento_id = 454; 

insert into venda values (423, '2023-01-23 07:09:04', 418.64, null, null); 
insert into itens_venda values (default, 423, 396, 396, 1, 6.80, 334.50); 
update estoque set quant_venda = quant_venda + 1, quant_atual = quant_atual - 1 where id = 396; 
update estoque_total set total = total - 1 where medicamento_id = 396; 
insert into itens_venda values (default, 423, 269, 269, 1, 0.30, 38.16); 
update estoque set quant_venda = quant_venda + 1, quant_atual = quant_atual - 1 where id = 269; 
update estoque_total set total = total - 1 where medicamento_id = 269; 
insert into itens_venda values (default, 423, 469, 469, 1, 1.90, 45.98); 
update estoque set quant_venda = quant_venda + 1, quant_atual = quant_atual - 1 where id = 469; 
update estoque_total set total = total - 1 where medicamento_id = 469; 

insert into venda values (424, '2023-01-23 07:28:06', 147.04, null, null); 
insert into itens_venda values (default, 424, 483, 483, 2, 1.00, 99.42); 
update estoque set quant_venda = quant_venda + 2, quant_atual = quant_atual - 2 where id = 483; 
update estoque_total set total = total - 2 where medicamento_id = 483; 
insert into itens_venda values (default, 424, 352, 352, 1, 0.80, 26.14); 
update estoque set quant_venda = quant_venda + 1, quant_atual = quant_atual - 1 where id = 352; 
update estoque_total set total = total - 1 where medicamento_id = 352; 
insert into itens_venda values (default, 424, 486, 486, 2, 0.40, 21.48); 
update estoque set quant_venda = quant_venda + 2, quant_atual = quant_atual - 2 where id = 486; 
update estoque_total set total = total - 2 where medicamento_id = 486; 

insert into venda values (425, '2023-01-23 08:26:28', 39.28, null, null); 
insert into itens_venda values (default, 425, 449, 449, 2, 0.00, 39.28); 
update estoque set quant_venda = quant_venda + 2, quant_atual = quant_atual - 2 where id = 449; 
update estoque_total set total = total - 2 where medicamento_id = 449; 

insert into venda values (426, '2023-01-23 09:40:02', 51.12, null, null); 
insert into itens_venda values (default, 426, 345, 345, 2, 1.00, 51.12); 
update estoque set quant_venda = quant_venda + 2, quant_atual = quant_atual - 2 where id = 345; 
update estoque_total set total = total - 2 where medicamento_id = 345; 

insert into venda values (427, '2023-01-23 10:56:36', 44.28, null, null); 
insert into itens_venda values (default, 427, 442, 442, 2, 1.80, 44.28); 
update estoque set quant_venda = quant_venda + 2, quant_atual = quant_atual - 2 where id = 442; 
update estoque_total set total = total - 2 where medicamento_id = 442; 

insert into venda values (428, '2023-01-23 11:19:31', 197.68, 1, null); 
insert into itens_venda values (default, 428, 226, 226, 2, 14.30, 165.54); 
update estoque set quant_venda = quant_venda + 2, quant_atual = quant_atual - 2 where id = 226; 
update estoque_total set total = total - 2 where medicamento_id = 226; 
insert into itens_venda values (default, 428, 482, 482, 2, 0.60, 32.14); 
update estoque set quant_venda = quant_venda + 2, quant_atual = quant_atual - 2 where id = 482; 
update estoque_total set total = total - 2 where medicamento_id = 482; 

insert into venda values (429, '2023-01-23 12:34:06', 209.46, null, null); 
insert into itens_venda values (default, 429, 269, 269, 2, 0.70, 76.22); 
update estoque set quant_venda = quant_venda + 2, quant_atual = quant_atual - 2 where id = 269; 
update estoque_total set total = total - 2 where medicamento_id = 269; 
insert into itens_venda values (default, 429, 399, 399, 2, 1.00, 102.70); 
update estoque set quant_venda = quant_venda + 2, quant_atual = quant_atual - 2 where id = 399; 
update estoque_total set total = total - 2 where medicamento_id = 399; 
insert into itens_venda values (default, 429, 343, 343, 1, 0.90, 30.54); 
update estoque set quant_venda = quant_venda + 1, quant_atual = quant_atual - 1 where id = 343; 
update estoque_total set total = total - 1 where medicamento_id = 343; 

insert into venda values (430, '2023-01-23 13:55:52', 91.62, 19, null); 
insert into itens_venda values (default, 430, 439, 439, 1, 3.20, 37.77); 
update estoque set quant_venda = quant_venda + 1, quant_atual = quant_atual - 1 where id = 439; 
update estoque_total set total = total - 1 where medicamento_id = 439; 
insert into itens_venda values (default, 430, 456, 456, 1, 0.30, 38.16); 
update estoque set quant_venda = quant_venda + 1, quant_atual = quant_atual - 1 where id = 456; 
update estoque_total set total = total - 1 where medicamento_id = 456; 
insert into itens_venda values (default, 430, 423, 423, 1, 0.30, 15.69); 
update estoque set quant_venda = quant_venda + 1, quant_atual = quant_atual - 1 where id = 423; 
update estoque_total set total = total - 1 where medicamento_id = 423; 

insert into venda values (431, '2023-01-23 14:06:09', 235.18, null, null); 
insert into itens_venda values (default, 431, 454, 454, 2, 0.00, 177.96); 
update estoque set quant_venda = quant_venda + 2, quant_atual = quant_atual - 2 where id = 454; 
update estoque_total set total = total - 2 where medicamento_id = 454; 
insert into itens_venda values (default, 431, 449, 449, 3, 1.70, 57.22); 
update estoque set quant_venda = quant_venda + 3, quant_atual = quant_atual - 3 where id = 449; 
update estoque_total set total = total - 3 where medicamento_id = 449; 

insert into venda values (432, '2023-01-23 14:55:04', 211.51, null, null); 
insert into itens_venda values (default, 432, 263, 263, 1, 0.00, 211.51); 
update estoque set quant_venda = quant_venda + 1, quant_atual = quant_atual - 1 where id = 263; 
update estoque_total set total = total - 1 where medicamento_id = 263; 

insert into venda values (433, '2023-01-23 15:56:10', 94.93, null, 23); 
insert into itens_venda values (default, 433, 476, 476, 1, 0.00, 24.17); 
update estoque set quant_venda = quant_venda + 1, quant_atual = quant_atual - 1 where id = 476; 
update estoque_total set total = total - 1 where medicamento_id = 476; 
insert into itens_venda values (default, 433, 277, 277, 2, 0.00, 70.76); 
update estoque set quant_venda = quant_venda + 2, quant_atual = quant_atual - 2 where id = 277; 
update estoque_total set total = total - 2 where medicamento_id = 277; 

insert into venda values (434, '2023-01-23 16:40:36', 357.31, 1, null); 
insert into itens_venda values (default, 434, 435, 435, 2, 5.80, 190.24); 
update estoque set quant_venda = quant_venda + 2, quant_atual = quant_atual - 2 where id = 435; 
update estoque_total set total = total - 2 where medicamento_id = 435; 
insert into itens_venda values (default, 434, 193, 193, 1, 1.60, 167.07); 
update estoque set quant_venda = quant_venda + 1, quant_atual = quant_atual - 1 where id = 193; 
update estoque_total set total = total - 1 where medicamento_id = 193; 

insert into venda values (435, '2023-01-24 06:41:50', 189.40, null, null); 
insert into itens_venda values (default, 435, 470, 470, 1, 0.80, 86.60); 
update estoque set quant_venda = quant_venda + 1, quant_atual = quant_atual - 1 where id = 470; 
update estoque_total set total = total - 1 where medicamento_id = 470; 
insert into itens_venda values (default, 435, 283, 283, 2, 1.00, 102.80); 
update estoque set quant_venda = quant_venda + 2, quant_atual = quant_atual - 2 where id = 283; 
update estoque_total set total = total - 2 where medicamento_id = 283; 

insert into venda values (436, '2023-01-24 07:31:28', 133.41, null, null); 
insert into itens_venda values (default, 436, 292, 292, 1, 0.20, 10.50); 
update estoque set quant_venda = quant_venda + 1, quant_atual = quant_atual - 1 where id = 292; 
update estoque_total set total = total - 1 where medicamento_id = 292; 
insert into itens_venda values (default, 436, 491, 491, 1, 1.60, 54.85); 
update estoque set quant_venda = quant_venda + 1, quant_atual = quant_atual - 1 where id = 491; 
update estoque_total set total = total - 1 where medicamento_id = 491; 
insert into itens_venda values (default, 436, 498, 498, 2, 2.80, 68.06); 
update estoque set quant_venda = quant_venda + 2, quant_atual = quant_atual - 2 where id = 498; 
update estoque_total set total = total - 2 where medicamento_id = 498; 

insert into venda values (437, '2023-01-24 08:19:22', 284.98, null, null); 
insert into itens_venda values (default, 437, 172, 172, 1, 5.40, 130.94); 
update estoque set quant_venda = quant_venda + 1, quant_atual = quant_atual - 1 where id = 172; 
update estoque_total set total = total - 1 where medicamento_id = 172; 
insert into itens_venda values (default, 437, 253, 253, 2, 0.00, 154.04); 
update estoque set quant_venda = quant_venda + 2, quant_atual = quant_atual - 2 where id = 253; 
update estoque_total set total = total - 2 where medicamento_id = 253; 

insert into venda values (438, '2023-01-24 09:28:48', 321.40, 18, 25); 
insert into itens_venda values (default, 438, 26, 26, 1, 0.00, 321.40); 
update estoque set quant_venda = quant_venda + 1, quant_atual = quant_atual - 1 where id = 26; 
update estoque_total set total = total - 1 where medicamento_id = 26; 

insert into venda values (439, '2023-01-24 09:59:56', 468.32, 1, 21); 
insert into itens_venda values (default, 439, 285, 285, 1, 4.80, 117.38); 
update estoque set quant_venda = quant_venda + 1, quant_atual = quant_atual - 1 where id = 285; 
update estoque_total set total = total - 1 where medicamento_id = 285; 
insert into itens_venda values (default, 439, 430, 430, 1, 1.70, 23.01); 
update estoque set quant_venda = quant_venda + 1, quant_atual = quant_atual - 1 where id = 430; 
update estoque_total set total = total - 1 where medicamento_id = 430; 
insert into itens_venda values (default, 439, 100, 100, 1, 3.30, 327.93); 
update estoque set quant_venda = quant_venda + 1, quant_atual = quant_atual - 1 where id = 100; 
update estoque_total set total = total - 1 where medicamento_id = 100; 

insert into venda values (440, '2023-01-24 10:04:15', 99.49, null, null); 
insert into itens_venda values (default, 440, 251, 251, 1, 0.00, 74.53); 
update estoque set quant_venda = quant_venda + 1, quant_atual = quant_atual - 1 where id = 251; 
update estoque_total set total = total - 1 where medicamento_id = 251; 
insert into itens_venda values (default, 440, 427, 427, 2, 1.00, 24.96); 
update estoque set quant_venda = quant_venda + 2, quant_atual = quant_atual - 2 where id = 427; 
update estoque_total set total = total - 2 where medicamento_id = 427; 

insert into venda values (441, '2023-01-24 10:20:54', 14.72, null, null); 
insert into itens_venda values (default, 441, 493, 493, 2, 0.40, 14.72); 
update estoque set quant_venda = quant_venda + 2, quant_atual = quant_atual - 2 where id = 493; 
update estoque_total set total = total - 2 where medicamento_id = 493; 

insert into venda values (442, '2023-01-24 10:40:09', 179.50, null, 22); 
insert into itens_venda values (default, 442, 462, 462, 2, 1.10, 36.76); 
update estoque set quant_venda = quant_venda + 2, quant_atual = quant_atual - 2 where id = 462; 
update estoque_total set total = total - 2 where medicamento_id = 462; 
insert into itens_venda values (default, 442, 422, 422, 2, 0.90, 31.08); 
update estoque set quant_venda = quant_venda + 2, quant_atual = quant_atual - 2 where id = 422; 
update estoque_total set total = total - 2 where medicamento_id = 422; 
insert into itens_venda values (default, 442, 356, 356, 1, 3.40, 111.66); 
update estoque set quant_venda = quant_venda + 1, quant_atual = quant_atual - 1 where id = 356; 
update estoque_total set total = total - 1 where medicamento_id = 356; 

insert into venda values (443, '2023-01-24 11:32:40', 242.17, null, 21); 
insert into itens_venda values (default, 443, 226, 226, 2, 0.00, 179.84); 
update estoque set quant_venda = quant_venda + 2, quant_atual = quant_atual - 2 where id = 226; 
update estoque_total set total = total - 2 where medicamento_id = 226; 
insert into itens_venda values (default, 443, 347, 347, 1, 0.00, 62.33); 
update estoque set quant_venda = quant_venda + 1, quant_atual = quant_atual - 1 where id = 347; 
update estoque_total set total = total - 1 where medicamento_id = 347; 

insert into venda values (444, '2023-01-24 11:41:09', 77.48, null, null); 
insert into itens_venda values (default, 444, 345, 345, 3, 0.70, 77.48); 
update estoque set quant_venda = quant_venda + 3, quant_atual = quant_atual - 3 where id = 345; 
update estoque_total set total = total - 3 where medicamento_id = 345; 

insert into venda values (445, '2023-01-24 12:14:13', 208.24, 12, 21); 
insert into itens_venda values (default, 445, 347, 347, 2, 2.40, 122.26); 
update estoque set quant_venda = quant_venda + 2, quant_atual = quant_atual - 2 where id = 347; 
update estoque_total set total = total - 2 where medicamento_id = 347; 
insert into itens_venda values (default, 445, 376, 376, 3, 1.30, 43.40); 
update estoque set quant_venda = quant_venda + 3, quant_atual = quant_atual - 3 where id = 376; 
update estoque_total set total = total - 3 where medicamento_id = 376; 
insert into itens_venda values (default, 445, 501, 501, 2, 3.60, 42.58); 
update estoque set quant_venda = quant_venda + 2, quant_atual = quant_atual - 2 where id = 501; 
update estoque_total set total = total - 2 where medicamento_id = 501; 

insert into venda values (446, '2023-01-25 07:59:07', 43.84, null, null); 
insert into itens_venda values (default, 446, 486, 486, 1, 0.10, 10.84); 
update estoque set quant_venda = quant_venda + 1, quant_atual = quant_atual - 1 where id = 486; 
update estoque_total set total = total - 1 where medicamento_id = 486; 
insert into itens_venda values (default, 446, 424, 424, 3, 0.00, 33.00); 
update estoque set quant_venda = quant_venda + 3, quant_atual = quant_atual - 3 where id = 424; 
update estoque_total set total = total - 3 where medicamento_id = 424; 

insert into venda values (447, '2023-01-25 08:02:27', 186.13, null, null); 
insert into itens_venda values (default, 447, 503, 503, 3, 0.20, 10.81); 
update estoque set quant_venda = quant_venda + 3, quant_atual = quant_atual - 3 where id = 503; 
update estoque_total set total = total - 3 where medicamento_id = 503; 
insert into itens_venda values (default, 447, 379, 379, 3, 1.10, 36.94); 
update estoque set quant_venda = quant_venda + 3, quant_atual = quant_atual - 3 where id = 379; 
update estoque_total set total = total - 3 where medicamento_id = 379; 
insert into itens_venda values (default, 447, 363, 363, 2, 5.70, 138.38); 
update estoque set quant_venda = quant_venda + 2, quant_atual = quant_atual - 2 where id = 363; 
update estoque_total set total = total - 2 where medicamento_id = 363; 

insert into venda values (448, '2023-01-26 07:21:11', 105.62, null, null); 
insert into itens_venda values (default, 448, 295, 295, 1, 2.90, 94.68); 
update estoque set quant_venda = quant_venda + 1, quant_atual = quant_atual - 1 where id = 295; 
update estoque_total set total = total - 1 where medicamento_id = 295; 
insert into itens_venda values (default, 448, 486, 486, 1, 0.00, 10.94); 
update estoque set quant_venda = quant_venda + 1, quant_atual = quant_atual - 1 where id = 486; 
update estoque_total set total = total - 1 where medicamento_id = 486; 

insert into venda values (449, '2023-01-26 07:40:55', 101.70, null, null); 
insert into itens_venda values (default, 449, 249, 249, 2, 0.00, 101.70); 
update estoque set quant_venda = quant_venda + 2, quant_atual = quant_atual - 2 where id = 249; 
update estoque_total set total = total - 2 where medicamento_id = 249; 

insert into venda values (450, '2023-01-26 08:08:14', 326.39, null, null); 
insert into itens_venda values (default, 450, 278, 278, 2, 0.70, 69.38); 
update estoque set quant_venda = quant_venda + 2, quant_atual = quant_atual - 2 where id = 278; 
update estoque_total set total = total - 2 where medicamento_id = 278; 
insert into itens_venda values (default, 450, 370, 370, 1, 7.10, 230.24); 
update estoque set quant_venda = quant_venda + 1, quant_atual = quant_atual - 1 where id = 370; 
update estoque_total set total = total - 1 where medicamento_id = 370; 
insert into itens_venda values (default, 450, 421, 421, 3, 0.80, 26.77); 
update estoque set quant_venda = quant_venda + 3, quant_atual = quant_atual - 3 where id = 421; 
update estoque_total set total = total - 3 where medicamento_id = 421; 

insert into venda values (451, '2023-01-26 08:40:27', 35.90, null, null); 
insert into itens_venda values (default, 451, 458, 458, 1, 0.30, 35.90); 
update estoque set quant_venda = quant_venda + 1, quant_atual = quant_atual - 1 where id = 458; 
update estoque_total set total = total - 1 where medicamento_id = 458; 

insert into venda values (452, '2023-01-26 08:42:59', 271.27, null, null); 
insert into itens_venda values (default, 452, 238, 238, 1, 0.50, 13.71); 
update estoque set quant_venda = quant_venda + 1, quant_atual = quant_atual - 1 where id = 238; 
update estoque_total set total = total - 1 where medicamento_id = 238; 
insert into itens_venda values (default, 452, 278, 278, 2, 1.40, 68.68); 
update estoque set quant_venda = quant_venda + 2, quant_atual = quant_atual - 2 where id = 278; 
update estoque_total set total = total - 2 where medicamento_id = 278; 
insert into itens_venda values (default, 452, 362, 362, 1, 0.00, 188.88); 
update estoque set quant_venda = quant_venda + 1, quant_atual = quant_atual - 1 where id = 362; 
update estoque_total set total = total - 1 where medicamento_id = 362; 

insert into venda values (453, '2023-01-26 08:52:51', 172.89, null, 23); 
insert into itens_venda values (default, 453, 336, 336, 2, 0.00, 76.08); 
update estoque set quant_venda = quant_venda + 2, quant_atual = quant_atual - 2 where id = 336; 
update estoque_total set total = total - 2 where medicamento_id = 336; 
insert into itens_venda values (default, 453, 161, 161, 1, 1.10, 55.84); 
update estoque set quant_venda = quant_venda + 1, quant_atual = quant_atual - 1 where id = 161; 
update estoque_total set total = total - 1 where medicamento_id = 161; 
insert into itens_venda values (default, 453, 439, 439, 1, 0.00, 40.97); 
update estoque set quant_venda = quant_venda + 1, quant_atual = quant_atual - 1 where id = 439; 
update estoque_total set total = total - 1 where medicamento_id = 439; 

insert into venda values (454, '2023-01-26 09:28:44', 368.90, 2, null); 
insert into itens_venda values (default, 454, 160, 160, 1, 0.00, 297.20); 
update estoque set quant_venda = quant_venda + 1, quant_atual = quant_atual - 1 where id = 160; 
update estoque_total set total = total - 1 where medicamento_id = 160; 
insert into itens_venda values (default, 454, 414, 414, 2, 5.30, 71.70); 
update estoque set quant_venda = quant_venda + 2, quant_atual = quant_atual - 2 where id = 414; 
update estoque_total set total = total - 2 where medicamento_id = 414; 

insert into venda values (455, '2023-01-26 09:37:56', 146.95, null, null); 
insert into itens_venda values (default, 455, 439, 439, 2, 2.40, 79.54); 
update estoque set quant_venda = quant_venda + 2, quant_atual = quant_atual - 2 where id = 439; 
update estoque_total set total = total - 2 where medicamento_id = 439; 
insert into itens_venda values (default, 455, 162, 162, 1, 0.00, 67.41); 
update estoque set quant_venda = quant_venda + 1, quant_atual = quant_atual - 1 where id = 162; 
update estoque_total set total = total - 1 where medicamento_id = 162; 

insert into venda values (456, '2023-01-26 09:55:03', 266.24, null, null); 
insert into itens_venda values (default, 456, 475, 475, 1, 0.60, 19.50); 
update estoque set quant_venda = quant_venda + 1, quant_atual = quant_atual - 1 where id = 475; 
update estoque_total set total = total - 1 where medicamento_id = 475; 
insert into itens_venda values (default, 456, 46, 46, 1, 8.20, 199.22); 
update estoque set quant_venda = quant_venda + 1, quant_atual = quant_atual - 1 where id = 46; 
update estoque_total set total = total - 1 where medicamento_id = 46; 
insert into itens_venda values (default, 456, 430, 430, 2, 1.90, 47.52); 
update estoque set quant_venda = quant_venda + 2, quant_atual = quant_atual - 2 where id = 430; 
update estoque_total set total = total - 2 where medicamento_id = 430; 

insert into venda values (457, '2023-01-26 10:30:14', 134.90, null, null); 
insert into itens_venda values (default, 457, 400, 400, 1, 1.30, 134.90); 
update estoque set quant_venda = quant_venda + 1, quant_atual = quant_atual - 1 where id = 400; 
update estoque_total set total = total - 1 where medicamento_id = 400; 

insert into venda values (458, '2023-01-26 11:51:25', 220.74, 11, null); 
insert into itens_venda values (default, 458, 456, 456, 1, 0.30, 38.16); 
update estoque set quant_venda = quant_venda + 1, quant_atual = quant_atual - 1 where id = 456; 
update estoque_total set total = total - 1 where medicamento_id = 456; 
insert into itens_venda values (default, 458, 438, 438, 2, 9.40, 95.18); 
update estoque set quant_venda = quant_venda + 2, quant_atual = quant_atual - 2 where id = 438; 
update estoque_total set total = total - 2 where medicamento_id = 438; 
insert into itens_venda values (default, 458, 470, 470, 1, 0.00, 87.40); 
update estoque set quant_venda = quant_venda + 1, quant_atual = quant_atual - 1 where id = 470; 
update estoque_total set total = total - 1 where medicamento_id = 470; 

insert into venda values (459, '2023-01-26 12:22:20', 262.55, 12, 25); 
insert into itens_venda values (default, 459, 97, 97, 1, 22.80, 262.55); 
update estoque set quant_venda = quant_venda + 1, quant_atual = quant_atual - 1 where id = 97; 
update estoque_total set total = total - 1 where medicamento_id = 97; 

insert into venda values (460, '2023-01-26 13:19:38', 140.78, null, null); 
insert into itens_venda values (default, 460, 326, 326, 1, 1.30, 44.42); 
update estoque set quant_venda = quant_venda + 1, quant_atual = quant_atual - 1 where id = 326; 
update estoque_total set total = total - 1 where medicamento_id = 326; 
insert into itens_venda values (default, 460, 456, 456, 2, 3.00, 73.92); 
update estoque set quant_venda = quant_venda + 2, quant_atual = quant_atual - 2 where id = 456; 
update estoque_total set total = total - 2 where medicamento_id = 456; 
insert into itens_venda values (default, 460, 442, 442, 1, 0.60, 22.44); 
update estoque set quant_venda = quant_venda + 1, quant_atual = quant_atual - 1 where id = 442; 
update estoque_total set total = total - 1 where medicamento_id = 442; 

insert into venda values (461, '2023-01-27 07:31:04', 311.18, null, null); 
insert into itens_venda values (default, 461, 251, 251, 2, 4.40, 144.66); 
update estoque set quant_venda = quant_venda + 2, quant_atual = quant_atual - 2 where id = 251; 
update estoque_total set total = total - 2 where medicamento_id = 251; 
insert into itens_venda values (default, 461, 413, 413, 1, 0.00, 90.22); 
update estoque set quant_venda = quant_venda + 1, quant_atual = quant_atual - 1 where id = 413; 
update estoque_total set total = total - 1 where medicamento_id = 413; 
insert into itens_venda values (default, 461, 414, 414, 2, 0.70, 76.30); 
update estoque set quant_venda = quant_venda + 2, quant_atual = quant_atual - 2 where id = 414; 
update estoque_total set total = total - 2 where medicamento_id = 414; 

insert into venda values (462, '2023-01-27 09:30:59', 35.38, 6, null); 
insert into itens_venda values (default, 462, 461, 461, 2, 1.80, 35.38); 
update estoque set quant_venda = quant_venda + 2, quant_atual = quant_atual - 2 where id = 461; 
update estoque_total set total = total - 2 where medicamento_id = 461; 

insert into venda values (463, '2023-01-27 11:44:46', 374.18, null, null); 
insert into itens_venda values (default, 463, 396, 396, 1, 13.60, 327.70); 
update estoque set quant_venda = quant_venda + 1, quant_atual = quant_atual - 1 where id = 396; 
update estoque_total set total = total - 1 where medicamento_id = 396; 
insert into itens_venda values (default, 463, 469, 469, 1, 1.40, 46.48); 
update estoque set quant_venda = quant_venda + 1, quant_atual = quant_atual - 1 where id = 469; 
update estoque_total set total = total - 1 where medicamento_id = 469; 

insert into venda values (464, '2023-01-27 12:55:20', 152.21, null, null); 
insert into itens_venda values (default, 464, 464, 464, 1, 0.00, 32.45); 
update estoque set quant_venda = quant_venda + 1, quant_atual = quant_atual - 1 where id = 464; 
update estoque_total set total = total - 1 where medicamento_id = 464; 
insert into itens_venda values (default, 464, 467, 467, 2, 4.90, 119.76); 
update estoque set quant_venda = quant_venda + 2, quant_atual = quant_atual - 2 where id = 467; 
update estoque_total set total = total - 2 where medicamento_id = 467; 

insert into venda values (465, '2023-01-27 14:21:17', 417.92, null, 24); 
insert into itens_venda values (default, 465, 215, 215, 1, 4.30, 214.60); 
update estoque set quant_venda = quant_venda + 1, quant_atual = quant_atual - 1 where id = 215; 
update estoque_total set total = total - 1 where medicamento_id = 215; 
insert into itens_venda values (default, 465, 46, 46, 1, 4.10, 203.32); 
update estoque set quant_venda = quant_venda + 1, quant_atual = quant_atual - 1 where id = 46; 
update estoque_total set total = total - 1 where medicamento_id = 46; 

insert into venda values (466, '2023-01-27 14:40:17', 335.82, null, null); 
insert into itens_venda values (default, 466, 288, 288, 3, 1.90, 47.12); 
update estoque set quant_venda = quant_venda + 3, quant_atual = quant_atual - 3 where id = 288; 
update estoque_total set total = total - 3 where medicamento_id = 288; 
insert into itens_venda values (default, 466, 228, 228, 1, 1.80, 186.88); 
update estoque set quant_venda = quant_venda + 1, quant_atual = quant_atual - 1 where id = 228; 
update estoque_total set total = total - 1 where medicamento_id = 228; 
insert into itens_venda values (default, 466, 383, 383, 2, 2.00, 101.82); 
update estoque set quant_venda = quant_venda + 2, quant_atual = quant_atual - 2 where id = 383; 
update estoque_total set total = total - 2 where medicamento_id = 383; 

insert into venda values (467, '2023-01-28 08:38:47', 72.65, null, null); 
insert into itens_venda values (default, 467, 505, 505, 1, 0.30, 33.54); 
update estoque set quant_venda = quant_venda + 1, quant_atual = quant_atual - 1 where id = 505; 
update estoque_total set total = total - 1 where medicamento_id = 505; 
insert into itens_venda values (default, 467, 440, 440, 1, 0.30, 39.11); 
update estoque set quant_venda = quant_venda + 1, quant_atual = quant_atual - 1 where id = 440; 
update estoque_total set total = total - 1 where medicamento_id = 440; 

insert into venda values (468, '2023-01-28 09:06:51', 324.86, null, 24); 
insert into itens_venda values (default, 468, 96, 96, 1, 2.50, 251.54); 
update estoque set quant_venda = quant_venda + 1, quant_atual = quant_atual - 1 where id = 96; 
update estoque_total set total = total - 1 where medicamento_id = 96; 
insert into itens_venda values (default, 468, 187, 187, 2, 0.70, 73.32); 
update estoque set quant_venda = quant_venda + 2, quant_atual = quant_atual - 2 where id = 187; 
update estoque_total set total = total - 2 where medicamento_id = 187; 

insert into venda values (469, '2023-01-29 07:56:03', 300.33, null, null); 
insert into itens_venda values (default, 469, 236, 236, 1, 0.00, 132.81); 
update estoque set quant_venda = quant_venda + 1, quant_atual = quant_atual - 1 where id = 236; 
update estoque_total set total = total - 1 where medicamento_id = 236; 
insert into itens_venda values (default, 469, 416, 416, 1, 0.40, 22.36); 
update estoque set quant_venda = quant_venda + 1, quant_atual = quant_atual - 1 where id = 416; 
update estoque_total set total = total - 1 where medicamento_id = 416; 
insert into itens_venda values (default, 469, 360, 360, 1, 2.90, 145.16); 
update estoque set quant_venda = quant_venda + 1, quant_atual = quant_atual - 1 where id = 360; 
update estoque_total set total = total - 1 where medicamento_id = 360; 

insert into venda values (470, '2023-01-29 08:13:56', 232.16, 20, 23); 
insert into itens_venda values (default, 470, 410, 410, 1, 0.00, 106.78); 
update estoque set quant_venda = quant_venda + 1, quant_atual = quant_atual - 1 where id = 410; 
update estoque_total set total = total - 1 where medicamento_id = 410; 
insert into itens_venda values (default, 470, 192, 192, 1, 12.30, 125.38); 
update estoque set quant_venda = quant_venda + 1, quant_atual = quant_atual - 1 where id = 192; 
update estoque_total set total = total - 1 where medicamento_id = 192; 

insert into venda values (471, '2023-01-29 08:21:24', 508.37, 11, 24); 
insert into itens_venda values (default, 471, 50, 50, 1, 14.80, 283.17); 
update estoque set quant_venda = quant_venda + 1, quant_atual = quant_atual - 1 where id = 50; 
update estoque_total set total = total - 1 where medicamento_id = 50; 
insert into itens_venda values (default, 471, 411, 411, 2, 2.80, 141.54); 
update estoque set quant_venda = quant_venda + 2, quant_atual = quant_atual - 2 where id = 411; 
update estoque_total set total = total - 2 where medicamento_id = 411; 
insert into itens_venda values (default, 471, 472, 472, 3, 4.30, 83.66); 
update estoque set quant_venda = quant_venda + 3, quant_atual = quant_atual - 3 where id = 472; 
update estoque_total set total = total - 3 where medicamento_id = 472; 

insert into venda values (472, '2023-01-31 08:10:35', 128.07, 7, null); 
insert into itens_venda values (default, 472, 103, 103, 1, 9.50, 109.32); 
update estoque set quant_venda = quant_venda + 1, quant_atual = quant_atual - 1 where id = 103; 
update estoque_total set total = total - 1 where medicamento_id = 103; 
insert into itens_venda values (default, 472, 451, 451, 1, 0.50, 18.75); 
update estoque set quant_venda = quant_venda + 1, quant_atual = quant_atual - 1 where id = 451; 
update estoque_total set total = total - 1 where medicamento_id = 451; 

insert into venda values (473, '2023-02-01 06:31:21', 58.20, 9, null); 
insert into itens_venda values (default, 473, 304, 304, 1, 1.60, 25.86); 
update estoque set quant_venda = quant_venda + 1, quant_atual = quant_atual - 1 where id = 304; 
update estoque_total set total = total - 1 where medicamento_id = 304; 
insert into itens_venda values (default, 473, 401, 401, 1, 1.30, 32.34); 
update estoque set quant_venda = quant_venda + 1, quant_atual = quant_atual - 1 where id = 401; 
update estoque_total set total = total - 1 where medicamento_id = 401; 

insert into venda values (474, '2023-02-01 07:24:46', 438.28, 15, 23); 
insert into itens_venda values (default, 474, 444, 444, 2, 12.00, 139.18); 
update estoque set quant_venda = quant_venda + 2, quant_atual = quant_atual - 2 where id = 444; 
update estoque_total set total = total - 2 where medicamento_id = 444; 
insert into itens_venda values (default, 474, 203, 203, 1, 8.40, 271.95); 
update estoque set quant_venda = quant_venda + 1, quant_atual = quant_atual - 1 where id = 203; 
update estoque_total set total = total - 1 where medicamento_id = 203; 
insert into itens_venda values (default, 474, 433, 433, 1, 0.00, 27.15); 
update estoque set quant_venda = quant_venda + 1, quant_atual = quant_atual - 1 where id = 433; 
update estoque_total set total = total - 1 where medicamento_id = 433; 

insert into venda values (475, '2023-02-01 07:30:08', 58.34, 6, 22); 
insert into itens_venda values (default, 475, 290, 290, 2, 3.70, 58.34); 
update estoque set quant_venda = quant_venda + 2, quant_atual = quant_atual - 2 where id = 290; 
update estoque_total set total = total - 2 where medicamento_id = 290; 

insert into venda values (476, '2023-02-01 07:36:44', 69.96, null, null); 
insert into itens_venda values (default, 476, 218, 218, 1, 0.40, 22.98); 
update estoque set quant_venda = quant_venda + 1, quant_atual = quant_atual - 1 where id = 218; 
update estoque_total set total = total - 1 where medicamento_id = 218; 
insert into itens_venda values (default, 476, 348, 348, 2, 0.00, 46.98); 
update estoque set quant_venda = quant_venda + 2, quant_atual = quant_atual - 2 where id = 348; 
update estoque_total set total = total - 2 where medicamento_id = 348; 

insert into venda values (477, '2023-02-01 08:30:41', 231.87, 6, 23); 
insert into itens_venda values (default, 477, 404, 404, 1, 0.10, 16.10); 
update estoque set quant_venda = quant_venda + 1, quant_atual = quant_atual - 1 where id = 404; 
update estoque_total set total = total - 1 where medicamento_id = 404; 
insert into itens_venda values (default, 477, 80, 80, 1, 21.30, 215.77); 
update estoque set quant_venda = quant_venda + 1, quant_atual = quant_atual - 1 where id = 80; 
update estoque_total set total = total - 1 where medicamento_id = 80; 

insert into venda values (478, '2023-02-01 09:16:13', 177.32, 2, null); 
insert into itens_venda values (default, 478, 397, 397, 1, 1.60, 16.52); 
update estoque set quant_venda = quant_venda + 1, quant_atual = quant_atual - 1 where id = 397; 
update estoque_total set total = total - 1 where medicamento_id = 397; 
insert into itens_venda values (default, 478, 401, 401, 2, 2.60, 64.68); 
update estoque set quant_venda = quant_venda + 2, quant_atual = quant_atual - 2 where id = 401; 
update estoque_total set total = total - 2 where medicamento_id = 401; 
insert into itens_venda values (default, 478, 435, 435, 1, 1.90, 96.12); 
update estoque set quant_venda = quant_venda + 1, quant_atual = quant_atual - 1 where id = 435; 
update estoque_total set total = total - 1 where medicamento_id = 435; 

insert into venda values (479, '2023-02-01 10:15:53', 147.30, 7, 22); 
insert into itens_venda values (default, 479, 170, 170, 2, 6.10, 147.30); 
update estoque set quant_venda = quant_venda + 2, quant_atual = quant_atual - 2 where id = 170; 
update estoque_total set total = total - 2 where medicamento_id = 170; 

insert into venda values (480, '2023-02-01 11:22:57', 162.35, 17, null); 
insert into itens_venda values (default, 480, 445, 445, 1, 1.20, 17.01); 
update estoque set quant_venda = quant_venda + 1, quant_atual = quant_atual - 1 where id = 445; 
update estoque_total set total = total - 1 where medicamento_id = 445; 
insert into itens_venda values (default, 480, 417, 417, 1, 0.20, 14.54); 
update estoque set quant_venda = quant_venda + 1, quant_atual = quant_atual - 1 where id = 417; 
update estoque_total set total = total - 1 where medicamento_id = 417; 
insert into itens_venda values (default, 480, 400, 400, 1, 5.40, 130.80); 
update estoque set quant_venda = quant_venda + 1, quant_atual = quant_atual - 1 where id = 400; 
update estoque_total set total = total - 1 where medicamento_id = 400; 

insert into venda values (481, '2023-02-01 11:46:53', 124.88, null, null); 
insert into itens_venda values (default, 481, 466, 466, 1, 0.00, 124.88); 
update estoque set quant_venda = quant_venda + 1, quant_atual = quant_atual - 1 where id = 466; 
update estoque_total set total = total - 1 where medicamento_id = 466; 

insert into venda values (482, '2023-02-01 13:03:40', 242.69, null, 24); 
insert into itens_venda values (default, 482, 254, 254, 1, 0.00, 242.69); 
update estoque set quant_venda = quant_venda + 1, quant_atual = quant_atual - 1 where id = 254; 
update estoque_total set total = total - 1 where medicamento_id = 254; 

insert into venda values (483, '2023-02-01 13:25:20', 186.64, null, null); 
insert into itens_venda values (default, 483, 205, 205, 1, 0.00, 186.64); 
update estoque set quant_venda = quant_venda + 1, quant_atual = quant_atual - 1 where id = 205; 
update estoque_total set total = total - 1 where medicamento_id = 205; 

insert into venda values (484, '2023-02-01 13:37:52', 178.89, null, null); 
insert into itens_venda values (default, 484, 389, 389, 1, 0.90, 31.50); 
update estoque set quant_venda = quant_venda + 1, quant_atual = quant_atual - 1 where id = 389; 
update estoque_total set total = total - 1 where medicamento_id = 389; 
insert into itens_venda values (default, 484, 231, 231, 1, 2.40, 58.13); 
update estoque set quant_venda = quant_venda + 1, quant_atual = quant_atual - 1 where id = 231; 
update estoque_total set total = total - 1 where medicamento_id = 231; 
insert into itens_venda values (default, 484, 234, 234, 2, 0.00, 89.26); 
update estoque set quant_venda = quant_venda + 2, quant_atual = quant_atual - 2 where id = 234; 
update estoque_total set total = total - 2 where medicamento_id = 234; 

insert into venda values (485, '2023-02-02 06:04:23', 153.74, null, null); 
insert into itens_venda values (default, 485, 258, 258, 2, 3.80, 123.10); 
update estoque set quant_venda = quant_venda + 2, quant_atual = quant_atual - 2 where id = 258; 
update estoque_total set total = total - 2 where medicamento_id = 258; 
insert into itens_venda values (default, 485, 480, 480, 1, 0.90, 30.64); 
update estoque set quant_venda = quant_venda + 1, quant_atual = quant_atual - 1 where id = 480; 
update estoque_total set total = total - 1 where medicamento_id = 480; 

insert into venda values (486, '2023-02-02 07:00:18', 287.66, null, null); 
insert into itens_venda values (default, 486, 340, 340, 2, 1.20, 41.16); 
update estoque set quant_venda = quant_venda + 2, quant_atual = quant_atual - 2 where id = 340; 
update estoque_total set total = total - 2 where medicamento_id = 340; 
insert into itens_venda values (default, 486, 450, 450, 3, 0.00, 66.06); 
update estoque set quant_venda = quant_venda + 3, quant_atual = quant_atual - 3 where id = 450; 
update estoque_total set total = total - 3 where medicamento_id = 450; 
insert into itens_venda values (default, 486, 413, 413, 2, 0.00, 180.44); 
update estoque set quant_venda = quant_venda + 2, quant_atual = quant_atual - 2 where id = 413; 
update estoque_total set total = total - 2 where medicamento_id = 413; 

insert into venda values (487, '2023-02-02 07:11:12', 205.42, 7, null); 
insert into itens_venda values (default, 487, 376, 376, 3, 0.80, 43.90); 
update estoque set quant_venda = quant_venda + 3, quant_atual = quant_atual - 3 where id = 376; 
update estoque_total set total = total - 3 where medicamento_id = 376; 
insert into itens_venda values (default, 487, 412, 412, 1, 6.10, 82.37); 
update estoque set quant_venda = quant_venda + 1, quant_atual = quant_atual - 1 where id = 412; 
update estoque_total set total = total - 1 where medicamento_id = 412; 
insert into itens_venda values (default, 487, 321, 321, 3, 5.00, 79.15); 
update estoque set quant_venda = quant_venda + 3, quant_atual = quant_atual - 3 where id = 321; 
update estoque_total set total = total - 3 where medicamento_id = 321; 

insert into venda values (488, '2023-02-02 08:06:53', 10.80, 7, null); 
insert into itens_venda values (default, 488, 424, 424, 1, 0.20, 10.80); 
update estoque set quant_venda = quant_venda + 1, quant_atual = quant_atual - 1 where id = 424; 
update estoque_total set total = total - 1 where medicamento_id = 424; 

insert into venda values (489, '2023-02-02 08:14:32', 46.05, 11, null); 
insert into itens_venda values (default, 489, 348, 348, 1, 1.40, 22.09); 
update estoque set quant_venda = quant_venda + 1, quant_atual = quant_atual - 1 where id = 348; 
update estoque_total set total = total - 1 where medicamento_id = 348; 
insert into itens_venda values (default, 489, 427, 427, 2, 2.00, 23.96); 
update estoque set quant_venda = quant_venda + 2, quant_atual = quant_atual - 2 where id = 427; 
update estoque_total set total = total - 2 where medicamento_id = 427; 

insert into venda values (490, '2023-02-02 09:36:06', 23.86, 5, null); 
insert into itens_venda values (default, 490, 379, 379, 2, 1.50, 23.86); 
update estoque set quant_venda = quant_venda + 2, quant_atual = quant_atual - 2 where id = 379; 
update estoque_total set total = total - 2 where medicamento_id = 379; 

insert into venda values (491, '2023-02-02 10:33:30', 51.72, 10, null); 
insert into itens_venda values (default, 491, 304, 304, 2, 3.20, 51.72); 
update estoque set quant_venda = quant_venda + 2, quant_atual = quant_atual - 2 where id = 304; 
update estoque_total set total = total - 2 where medicamento_id = 304; 

insert into venda values (492, '2023-02-02 11:20:24', 37.97, null, null); 
insert into itens_venda values (default, 492, 169, 169, 1, 0.30, 37.97); 
update estoque set quant_venda = quant_venda + 1, quant_atual = quant_atual - 1 where id = 169; 
update estoque_total set total = total - 1 where medicamento_id = 169; 

insert into venda values (493, '2023-02-02 12:37:19', 230.89, null, null); 
insert into itens_venda values (default, 493, 410, 410, 1, 1.00, 105.78); 
update estoque set quant_venda = quant_venda + 1, quant_atual = quant_atual - 1 where id = 410; 
update estoque_total set total = total - 1 where medicamento_id = 410; 
insert into itens_venda values (default, 493, 459, 459, 2, 1.30, 66.54); 
update estoque set quant_venda = quant_venda + 2, quant_atual = quant_atual - 2 where id = 459; 
update estoque_total set total = total - 2 where medicamento_id = 459; 
insert into itens_venda values (default, 493, 452, 452, 1, 1.10, 58.57); 
update estoque set quant_venda = quant_venda + 1, quant_atual = quant_atual - 1 where id = 452; 
update estoque_total set total = total - 1 where medicamento_id = 452; 

insert into venda values (494, '2023-02-02 13:15:18', 70.10, null, null); 
insert into itens_venda values (default, 494, 505, 505, 1, 0.00, 33.84); 
update estoque set quant_venda = quant_venda + 1, quant_atual = quant_atual - 1 where id = 505; 
update estoque_total set total = total - 1 where medicamento_id = 505; 
insert into itens_venda values (default, 494, 426, 426, 1, 0.00, 36.26); 
update estoque set quant_venda = quant_venda + 1, quant_atual = quant_atual - 1 where id = 426; 
update estoque_total set total = total - 1 where medicamento_id = 426; 

insert into venda values (495, '2023-02-02 13:21:38', 297.50, null, null); 
insert into itens_venda values (default, 495, 433, 433, 3, 3.20, 78.25); 
update estoque set quant_venda = quant_venda + 3, quant_atual = quant_atual - 3 where id = 433; 
update estoque_total set total = total - 3 where medicamento_id = 433; 
insert into itens_venda values (default, 495, 360, 360, 1, 1.40, 146.66); 
update estoque set quant_venda = quant_venda + 1, quant_atual = quant_atual - 1 where id = 360; 
update estoque_total set total = total - 1 where medicamento_id = 360; 
insert into itens_venda values (default, 495, 444, 444, 1, 3.00, 72.59); 
update estoque set quant_venda = quant_venda + 1, quant_atual = quant_atual - 1 where id = 444; 
update estoque_total set total = total - 1 where medicamento_id = 444; 

insert into venda values (496, '2023-02-02 13:59:28', 45.68, null, 25); 
insert into itens_venda values (default, 496, 136, 136, 1, 0.40, 45.68); 
update estoque set quant_venda = quant_venda + 1, quant_atual = quant_atual - 1 where id = 136; 
update estoque_total set total = total - 1 where medicamento_id = 136; 

insert into venda values (497, '2023-02-02 14:35:57', 105.74, 16, null); 
insert into itens_venda values (default, 497, 494, 494, 2, 0.90, 32.04); 
update estoque set quant_venda = quant_venda + 2, quant_atual = quant_atual - 2 where id = 494; 
update estoque_total set total = total - 2 where medicamento_id = 494; 
insert into itens_venda values (default, 497, 381, 381, 1, 4.20, 56.19); 
update estoque set quant_venda = quant_venda + 1, quant_atual = quant_atual - 1 where id = 381; 
update estoque_total set total = total - 1 where medicamento_id = 381; 
insert into itens_venda values (default, 497, 445, 445, 1, 0.70, 17.51); 
update estoque set quant_venda = quant_venda + 1, quant_atual = quant_atual - 1 where id = 445; 
update estoque_total set total = total - 1 where medicamento_id = 445; 

insert into venda values (498, '2023-02-03 06:26:09', 23.29, null, null); 
insert into itens_venda values (default, 498, 331, 331, 1, 0.70, 23.29); 
update estoque set quant_venda = quant_venda + 1, quant_atual = quant_atual - 1 where id = 331; 
update estoque_total set total = total - 1 where medicamento_id = 331; 

insert into venda values (499, '2023-02-04 07:50:59', 47.83, null, null); 
insert into itens_venda values (default, 499, 488, 488, 1, 1.40, 47.83); 
update estoque set quant_venda = quant_venda + 1, quant_atual = quant_atual - 1 where id = 488; 
update estoque_total set total = total - 1 where medicamento_id = 488; 

insert into venda values (500, '2023-02-04 09:17:39', 44.88, null, null); 
insert into itens_venda values (default, 500, 501, 501, 2, 1.30, 44.88); 
update estoque set quant_venda = quant_venda + 2, quant_atual = quant_atual - 2 where id = 501; 
update estoque_total set total = total - 2 where medicamento_id = 501; 

insert into venda values (501, '2023-02-04 11:19:27', 45.46, null, null); 
insert into itens_venda values (default, 501, 288, 288, 1, 0.10, 16.24); 
update estoque set quant_venda = quant_venda + 1, quant_atual = quant_atual - 1 where id = 288; 
update estoque_total set total = total - 1 where medicamento_id = 288; 
insert into itens_venda values (default, 501, 311, 311, 2, 1.20, 29.22); 
update estoque set quant_venda = quant_venda + 2, quant_atual = quant_atual - 2 where id = 311; 
update estoque_total set total = total - 2 where medicamento_id = 311; 

insert into venda values (502, '2023-02-04 11:41:34', 71.66, null, 22); 
insert into itens_venda values (default, 502, 484, 484, 3, 0.00, 49.56); 
update estoque set quant_venda = quant_venda + 3, quant_atual = quant_atual - 3 where id = 484; 
update estoque_total set total = total - 3 where medicamento_id = 484; 
insert into itens_venda values (default, 502, 217, 217, 2, 0.00, 22.10); 
update estoque set quant_venda = quant_venda + 2, quant_atual = quant_atual - 2 where id = 217; 
update estoque_total set total = total - 2 where medicamento_id = 217; 

insert into venda values (503, '2023-02-04 12:53:08', 391.67, null, 23); 
insert into itens_venda values (default, 503, 408, 408, 1, 0.00, 116.53); 
update estoque set quant_venda = quant_venda + 1, quant_atual = quant_atual - 1 where id = 408; 
update estoque_total set total = total - 1 where medicamento_id = 408; 
insert into itens_venda values (default, 503, 75, 75, 1, 2.70, 275.14); 
update estoque set quant_venda = quant_venda + 1, quant_atual = quant_atual - 1 where id = 75; 
update estoque_total set total = total - 1 where medicamento_id = 75; 

insert into venda values (504, '2023-02-04 14:56:02', 314.20, null, null); 
insert into itens_venda values (default, 504, 362, 362, 1, 1.80, 187.08); 
update estoque set quant_venda = quant_venda + 1, quant_atual = quant_atual - 1 where id = 362; 
update estoque_total set total = total - 1 where medicamento_id = 362; 
insert into itens_venda values (default, 504, 287, 287, 1, 0.00, 62.96); 
update estoque set quant_venda = quant_venda + 1, quant_atual = quant_atual - 1 where id = 287; 
update estoque_total set total = total - 1 where medicamento_id = 287; 
insert into itens_venda values (default, 504, 450, 450, 3, 1.90, 64.16); 
update estoque set quant_venda = quant_venda + 3, quant_atual = quant_atual - 3 where id = 450; 
update estoque_total set total = total - 3 where medicamento_id = 450; 

insert into venda values (505, '2023-02-04 17:05:17', 89.02, null, null); 
insert into itens_venda values (default, 505, 449, 449, 3, 1.70, 57.22); 
update estoque set quant_venda = quant_venda + 3, quant_atual = quant_atual - 3 where id = 449; 
update estoque_total set total = total - 3 where medicamento_id = 449; 
insert into itens_venda values (default, 505, 404, 404, 2, 0.60, 31.80); 
update estoque set quant_venda = quant_venda + 2, quant_atual = quant_atual - 2 where id = 404; 
update estoque_total set total = total - 2 where medicamento_id = 404; 

insert into venda values (506, '2023-02-05 06:37:22', 86.22, null, null); 
insert into itens_venda values (default, 506, 390, 390, 2, 0.70, 75.92); 
update estoque set quant_venda = quant_venda + 2, quant_atual = quant_atual - 2 where id = 390; 
update estoque_total set total = total - 2 where medicamento_id = 390; 
insert into itens_venda values (default, 506, 292, 292, 1, 0.40, 10.30); 
update estoque set quant_venda = quant_venda + 1, quant_atual = quant_atual - 1 where id = 292; 
update estoque_total set total = total - 1 where medicamento_id = 292; 

insert into venda values (507, '2023-02-05 07:46:34', 48.16, null, null); 
insert into itens_venda values (default, 507, 484, 484, 3, 1.40, 48.16); 
update estoque set quant_venda = quant_venda + 3, quant_atual = quant_atual - 3 where id = 484; 
update estoque_total set total = total - 3 where medicamento_id = 484; 

insert into venda values (508, '2023-02-05 08:43:32', 228.47, 6, null); 
insert into itens_venda values (default, 508, 492, 492, 1, 3.90, 40.43); 
update estoque set quant_venda = quant_venda + 1, quant_atual = quant_atual - 1 where id = 492; 
update estoque_total set total = total - 1 where medicamento_id = 492; 
insert into itens_venda values (default, 508, 207, 207, 2, 7.80, 188.04); 
update estoque set quant_venda = quant_venda + 2, quant_atual = quant_atual - 2 where id = 207; 
update estoque_total set total = total - 2 where medicamento_id = 207; 

insert into venda values (509, '2023-02-05 09:55:16', 314.32, 8, null); 
insert into itens_venda values (default, 509, 226, 226, 2, 1.70, 178.14); 
update estoque set quant_venda = quant_venda + 2, quant_atual = quant_atual - 2 where id = 226; 
update estoque_total set total = total - 2 where medicamento_id = 226; 
insert into itens_venda values (default, 509, 247, 247, 2, 2.70, 136.18); 
update estoque set quant_venda = quant_venda + 2, quant_atual = quant_atual - 2 where id = 247; 
update estoque_total set total = total - 2 where medicamento_id = 247; 

insert into venda values (510, '2023-02-05 10:53:34', 101.49, null, 21); 
insert into itens_venda values (default, 510, 201, 201, 2, 2.80, 68.68); 
update estoque set quant_venda = quant_venda + 2, quant_atual = quant_atual - 2 where id = 201; 
update estoque_total set total = total - 2 where medicamento_id = 201; 
insert into itens_venda values (default, 510, 374, 374, 1, 1.30, 32.81); 
update estoque set quant_venda = quant_venda + 1, quant_atual = quant_atual - 1 where id = 374; 
update estoque_total set total = total - 1 where medicamento_id = 374; 

insert into venda values (511, '2023-02-05 11:55:36', 413.64, null, 21); 
insert into itens_venda values (default, 511, 475, 475, 3, 2.40, 57.90); 
update estoque set quant_venda = quant_venda + 3, quant_atual = quant_atual - 3 where id = 475; 
update estoque_total set total = total - 3 where medicamento_id = 475; 
insert into itens_venda values (default, 511, 111, 111, 1, 0.70, 38.87); 
update estoque set quant_venda = quant_venda + 1, quant_atual = quant_atual - 1 where id = 111; 
update estoque_total set total = total - 1 where medicamento_id = 111; 
insert into itens_venda values (default, 511, 23, 23, 1, 3.10, 316.87); 
update estoque set quant_venda = quant_venda + 1, quant_atual = quant_atual - 1 where id = 23; 
update estoque_total set total = total - 1 where medicamento_id = 23; 

insert into venda values (512, '2023-02-05 13:11:16', 19.46, 18, null); 
insert into itens_venda values (default, 512, 495, 495, 2, 1.90, 19.46); 
update estoque set quant_venda = quant_venda + 2, quant_atual = quant_atual - 2 where id = 495; 
update estoque_total set total = total - 2 where medicamento_id = 495; 

insert into venda values (513, '2023-02-05 13:11:25', 115.17, null, null); 
insert into itens_venda values (default, 513, 70, 70, 1, 3.50, 115.17); 
update estoque set quant_venda = quant_venda + 1, quant_atual = quant_atual - 1 where id = 70; 
update estoque_total set total = total - 1 where medicamento_id = 70; 

insert into venda values (514, '2023-02-05 13:25:24', 141.48, null, null); 
insert into itens_venda values (default, 514, 289, 289, 2, 1.40, 141.48); 
update estoque set quant_venda = quant_venda + 2, quant_atual = quant_atual - 2 where id = 289; 
update estoque_total set total = total - 2 where medicamento_id = 289; 

insert into venda values (515, '2023-02-05 14:18:03', 60.44, null, null); 
insert into itens_venda values (default, 515, 303, 303, 2, 1.20, 60.44); 
update estoque set quant_venda = quant_venda + 2, quant_atual = quant_atual - 2 where id = 303; 
update estoque_total set total = total - 2 where medicamento_id = 303; 

insert into venda values (516, '2023-02-06 07:21:53', 133.20, null, null); 
insert into itens_venda values (default, 516, 154, 154, 2, 4.10, 133.20); 
update estoque set quant_venda = quant_venda + 2, quant_atual = quant_atual - 2 where id = 154; 
update estoque_total set total = total - 2 where medicamento_id = 154; 

insert into venda values (517, '2023-02-06 09:22:07', 308.17, null, 23); 
insert into itens_venda values (default, 517, 124, 124, 1, 0.00, 92.79); 
update estoque set quant_venda = quant_venda + 1, quant_atual = quant_atual - 1 where id = 124; 
update estoque_total set total = total - 1 where medicamento_id = 124; 
insert into itens_venda values (default, 517, 78, 78, 1, 7.50, 180.07); 
update estoque set quant_venda = quant_venda + 1, quant_atual = quant_atual - 1 where id = 78; 
update estoque_total set total = total - 1 where medicamento_id = 78; 
insert into itens_venda values (default, 517, 405, 405, 1, 0.70, 35.31); 
update estoque set quant_venda = quant_venda + 1, quant_atual = quant_atual - 1 where id = 405; 
update estoque_total set total = total - 1 where medicamento_id = 405; 

insert into venda values (518, '2023-02-07 06:04:11', 65.25, 2, null); 
insert into itens_venda values (default, 518, 154, 154, 1, 3.40, 65.25); 
update estoque set quant_venda = quant_venda + 1, quant_atual = quant_atual - 1 where id = 154; 
update estoque_total set total = total - 1 where medicamento_id = 154; 

insert into venda values (519, '2023-02-08 06:01:36', 508.61, 3, null); 
insert into itens_venda values (default, 519, 9, 9, 1, 3.00, 298.63); 
update estoque set quant_venda = quant_venda + 1, quant_atual = quant_atual - 1 where id = 9; 
update estoque_total set total = total - 1 where medicamento_id = 9; 
insert into itens_venda values (default, 519, 415, 415, 1, 13.80, 139.82); 
update estoque set quant_venda = quant_venda + 1, quant_atual = quant_atual - 1 where id = 415; 
update estoque_total set total = total - 1 where medicamento_id = 415; 
insert into itens_venda values (default, 519, 498, 498, 2, 0.70, 70.16); 
update estoque set quant_venda = quant_venda + 2, quant_atual = quant_atual - 2 where id = 498; 
update estoque_total set total = total - 2 where medicamento_id = 498; 

insert into venda values (520, '2023-02-08 06:01:50', 95.79, null, 23); 
insert into itens_venda values (default, 520, 338, 338, 1, 0.90, 95.79); 
update estoque set quant_venda = quant_venda + 1, quant_atual = quant_atual - 1 where id = 338; 
update estoque_total set total = total - 1 where medicamento_id = 338; 

insert into venda values (521, '2023-02-08 06:05:23', 304.94, null, 22); 
insert into itens_venda values (default, 521, 387, 387, 2, 0.00, 130.20); 
update estoque set quant_venda = quant_venda + 2, quant_atual = quant_atual - 2 where id = 387; 
update estoque_total set total = total - 2 where medicamento_id = 387; 
insert into itens_venda values (default, 521, 225, 225, 1, 5.30, 129.17); 
update estoque set quant_venda = quant_venda + 1, quant_atual = quant_atual - 1 where id = 225; 
update estoque_total set total = total - 1 where medicamento_id = 225; 
insert into itens_venda values (default, 521, 127, 127, 1, 0.00, 45.57); 
update estoque set quant_venda = quant_venda + 1, quant_atual = quant_atual - 1 where id = 127; 
update estoque_total set total = total - 1 where medicamento_id = 127; 

insert into venda values (522, '2023-02-08 07:37:34', 101.84, 12, null); 
insert into itens_venda values (default, 522, 363, 363, 1, 1.40, 70.64); 
update estoque set quant_venda = quant_venda + 1, quant_atual = quant_atual - 1 where id = 363; 
update estoque_total set total = total - 1 where medicamento_id = 363; 
insert into itens_venda values (default, 522, 389, 389, 1, 1.20, 31.20); 
update estoque set quant_venda = quant_venda + 1, quant_atual = quant_atual - 1 where id = 389; 
update estoque_total set total = total - 1 where medicamento_id = 389; 

insert into venda values (523, '2023-02-08 09:26:50', 104.68, 16, null); 
insert into itens_venda values (default, 523, 410, 410, 1, 2.10, 104.68); 
update estoque set quant_venda = quant_venda + 1, quant_atual = quant_atual - 1 where id = 410; 
update estoque_total set total = total - 1 where medicamento_id = 410; 

insert into venda values (524, '2023-02-09 06:44:53', 36.47, 15, null); 
insert into itens_venda values (default, 524, 378, 378, 1, 1.10, 36.47); 
update estoque set quant_venda = quant_venda + 1, quant_atual = quant_atual - 1 where id = 378; 
update estoque_total set total = total - 1 where medicamento_id = 378; 

insert into venda values (525, '2023-02-09 08:30:58', 415.69, 13, 23); 
insert into itens_venda values (default, 525, 262, 262, 3, 0.60, 63.93); 
update estoque set quant_venda = quant_venda + 3, quant_atual = quant_atual - 3 where id = 262; 
update estoque_total set total = total - 3 where medicamento_id = 262; 
insert into itens_venda values (default, 525, 313, 313, 1, 0.40, 41.14); 
update estoque set quant_venda = quant_venda + 1, quant_atual = quant_atual - 1 where id = 313; 
update estoque_total set total = total - 1 where medicamento_id = 313; 
insert into itens_venda values (default, 525, 27, 27, 1, 30.70, 310.62); 
update estoque set quant_venda = quant_venda + 1, quant_atual = quant_atual - 1 where id = 27; 
update estoque_total set total = total - 1 where medicamento_id = 27; 

insert into venda values (526, '2023-02-09 10:10:17', 215.35, null, 23); 
insert into itens_venda values (default, 526, 133, 133, 1, 1.30, 68.46); 
update estoque set quant_venda = quant_venda + 1, quant_atual = quant_atual - 1 where id = 133; 
update estoque_total set total = total - 1 where medicamento_id = 133; 
insert into itens_venda values (default, 526, 152, 152, 2, 4.00, 130.90); 
update estoque set quant_venda = quant_venda + 2, quant_atual = quant_atual - 2 where id = 152; 
update estoque_total set total = total - 2 where medicamento_id = 152; 
insert into itens_venda values (default, 526, 422, 422, 1, 0.00, 15.99); 
update estoque set quant_venda = quant_venda + 1, quant_atual = quant_atual - 1 where id = 422; 
update estoque_total set total = total - 1 where medicamento_id = 422; 

insert into venda values (527, '2023-02-09 10:39:01', 38.38, 10, null); 
insert into itens_venda values (default, 527, 485, 485, 2, 2.50, 29.68); 
update estoque set quant_venda = quant_venda + 2, quant_atual = quant_atual - 2 where id = 485; 
update estoque_total set total = total - 2 where medicamento_id = 485; 
insert into itens_venda values (default, 527, 432, 432, 2, 0.70, 8.70); 
update estoque set quant_venda = quant_venda + 2, quant_atual = quant_atual - 2 where id = 432; 
update estoque_total set total = total - 2 where medicamento_id = 432; 

insert into venda values (528, '2023-02-09 10:42:10', 237.18, 19, 24); 
insert into itens_venda values (default, 528, 35, 35, 1, 7.30, 237.18); 
update estoque set quant_venda = quant_venda + 1, quant_atual = quant_atual - 1 where id = 35; 
update estoque_total set total = total - 1 where medicamento_id = 35; 

insert into venda values (529, '2023-02-09 13:12:19', 210.38, null, null); 
insert into itens_venda values (default, 529, 395, 395, 2, 0.00, 82.54); 
update estoque set quant_venda = quant_venda + 2, quant_atual = quant_atual - 2 where id = 395; 
update estoque_total set total = total - 2 where medicamento_id = 395; 
insert into itens_venda values (default, 529, 469, 469, 2, 0.00, 95.76); 
update estoque set quant_venda = quant_venda + 2, quant_atual = quant_atual - 2 where id = 469; 
update estoque_total set total = total - 2 where medicamento_id = 469; 
insert into itens_venda values (default, 529, 448, 448, 2, 0.90, 32.08); 
update estoque set quant_venda = quant_venda + 2, quant_atual = quant_atual - 2 where id = 448; 
update estoque_total set total = total - 2 where medicamento_id = 448; 

insert into venda values (530, '2023-02-10 06:57:35', 42.01, null, null); 
insert into itens_venda values (default, 530, 404, 404, 1, 0.30, 15.90); 
update estoque set quant_venda = quant_venda + 1, quant_atual = quant_atual - 1 where id = 404; 
update estoque_total set total = total - 1 where medicamento_id = 404; 
insert into itens_venda values (default, 530, 355, 355, 1, 0.00, 26.11); 
update estoque set quant_venda = quant_venda + 1, quant_atual = quant_atual - 1 where id = 355; 
update estoque_total set total = total - 1 where medicamento_id = 355; 

insert into venda values (531, '2023-02-10 07:16:12', 51.15, null, null); 
insert into itens_venda values (default, 531, 486, 486, 3, 0.60, 32.22); 
update estoque set quant_venda = quant_venda + 3, quant_atual = quant_atual - 3 where id = 486; 
update estoque_total set total = total - 3 where medicamento_id = 486; 
insert into itens_venda values (default, 531, 462, 462, 1, 0.00, 18.93); 
update estoque set quant_venda = quant_venda + 1, quant_atual = quant_atual - 1 where id = 462; 
update estoque_total set total = total - 1 where medicamento_id = 462; 

insert into venda values (532, '2023-02-10 09:47:30', 23.79, null, null); 
insert into itens_venda values (default, 532, 380, 380, 3, 0.90, 23.79); 
update estoque set quant_venda = quant_venda + 3, quant_atual = quant_atual - 3 where id = 380; 
update estoque_total set total = total - 3 where medicamento_id = 380; 

insert into venda values (533, '2023-02-10 10:04:54', 212.07, null, null); 
insert into itens_venda values (default, 533, 443, 443, 2, 1.80, 45.00); 
update estoque set quant_venda = quant_venda + 2, quant_atual = quant_atual - 2 where id = 443; 
update estoque_total set total = total - 2 where medicamento_id = 443; 
insert into itens_venda values (default, 533, 193, 193, 1, 1.60, 167.07); 
update estoque set quant_venda = quant_venda + 1, quant_atual = quant_atual - 1 where id = 193; 
update estoque_total set total = total - 1 where medicamento_id = 193; 

insert into venda values (534, '2023-02-10 12:23:49', 226.48, 5, null); 
insert into itens_venda values (default, 534, 498, 498, 1, 2.10, 33.33); 
update estoque set quant_venda = quant_venda + 1, quant_atual = quant_atual - 1 where id = 498; 
update estoque_total set total = total - 1 where medicamento_id = 498; 
insert into itens_venda values (default, 534, 128, 128, 2, 14.20, 143.68); 
update estoque set quant_venda = quant_venda + 2, quant_atual = quant_atual - 2 where id = 128; 
update estoque_total set total = total - 2 where medicamento_id = 128; 
insert into itens_venda values (default, 534, 471, 471, 3, 4.20, 49.47); 
update estoque set quant_venda = quant_venda + 3, quant_atual = quant_atual - 3 where id = 471; 
update estoque_total set total = total - 3 where medicamento_id = 471; 

insert into venda values (535, '2023-02-11 08:06:23', 62.47, null, null); 
insert into itens_venda values (default, 535, 482, 482, 1, 0.60, 15.77); 
update estoque set quant_venda = quant_venda + 1, quant_atual = quant_atual - 1 where id = 482; 
update estoque_total set total = total - 1 where medicamento_id = 482; 
insert into itens_venda values (default, 535, 404, 404, 3, 1.90, 46.70); 
update estoque set quant_venda = quant_venda + 3, quant_atual = quant_atual - 3 where id = 404; 
update estoque_total set total = total - 3 where medicamento_id = 404; 

insert into venda values (536, '2023-02-12 07:08:24', 76.67, null, null); 
insert into itens_venda values (default, 536, 429, 429, 1, 0.40, 24.31); 
update estoque set quant_venda = quant_venda + 1, quant_atual = quant_atual - 1 where id = 429; 
update estoque_total set total = total - 1 where medicamento_id = 429; 
insert into itens_venda values (default, 536, 437, 437, 2, 0.00, 52.36); 
update estoque set quant_venda = quant_venda + 2, quant_atual = quant_atual - 2 where id = 437; 
update estoque_total set total = total - 2 where medicamento_id = 437; 

insert into venda values (537, '2023-02-13 06:57:47', 114.21, null, 25); 
insert into itens_venda values (default, 537, 148, 148, 1, 1.10, 114.21); 
update estoque set quant_venda = quant_venda + 1, quant_atual = quant_atual - 1 where id = 148; 
update estoque_total set total = total - 1 where medicamento_id = 148; 

insert into venda values (538, '2023-02-13 07:43:38', 168.60, null, null); 
insert into itens_venda values (default, 538, 229, 229, 1, 5.20, 168.60); 
update estoque set quant_venda = quant_venda + 1, quant_atual = quant_atual - 1 where id = 229; 
update estoque_total set total = total - 1 where medicamento_id = 229; 

insert into venda values (539, '2023-02-13 08:17:01', 52.29, 14, 22); 
insert into itens_venda values (default, 539, 471, 471, 1, 1.00, 16.89); 
update estoque set quant_venda = quant_venda + 1, quant_atual = quant_atual - 1 where id = 471; 
update estoque_total set total = total - 1 where medicamento_id = 471; 
insert into itens_venda values (default, 539, 274, 274, 1, 0.70, 35.40); 
update estoque set quant_venda = quant_venda + 1, quant_atual = quant_atual - 1 where id = 274; 
update estoque_total set total = total - 1 where medicamento_id = 274; 

insert into venda values (540, '2023-02-13 09:04:01', 63.39, 7, null); 
insert into itens_venda values (default, 540, 288, 288, 2, 0.30, 32.38); 
update estoque set quant_venda = quant_venda + 2, quant_atual = quant_atual - 2 where id = 288; 
update estoque_total set total = total - 2 where medicamento_id = 288; 
insert into itens_venda values (default, 540, 183, 183, 1, 2.60, 31.01); 
update estoque set quant_venda = quant_venda + 1, quant_atual = quant_atual - 1 where id = 183; 
update estoque_total set total = total - 1 where medicamento_id = 183; 

insert into venda values (541, '2023-02-13 09:18:12', 117.32, null, null); 
insert into itens_venda values (default, 541, 414, 414, 1, 0.00, 38.50); 
update estoque set quant_venda = quant_venda + 1, quant_atual = quant_atual - 1 where id = 414; 
update estoque_total set total = total - 1 where medicamento_id = 414; 
insert into itens_venda values (default, 541, 499, 499, 1, 0.00, 38.77); 
update estoque set quant_venda = quant_venda + 1, quant_atual = quant_atual - 1 where id = 499; 
update estoque_total set total = total - 1 where medicamento_id = 499; 
insert into itens_venda values (default, 541, 463, 463, 3, 0.00, 40.05); 
update estoque set quant_venda = quant_venda + 3, quant_atual = quant_atual - 3 where id = 463; 
update estoque_total set total = total - 3 where medicamento_id = 463; 

insert into venda values (542, '2023-02-13 10:34:20', 440.08, null, null); 
insert into itens_venda values (default, 542, 396, 396, 1, 13.60, 327.70); 
update estoque set quant_venda = quant_venda + 1, quant_atual = quant_atual - 1 where id = 396; 
update estoque_total set total = total - 1 where medicamento_id = 396; 
insert into itens_venda values (default, 542, 494, 494, 2, 0.90, 32.04); 
update estoque set quant_venda = quant_venda + 2, quant_atual = quant_atual - 2 where id = 494; 
update estoque_total set total = total - 2 where medicamento_id = 494; 
insert into itens_venda values (default, 542, 439, 439, 2, 1.60, 80.34); 
update estoque set quant_venda = quant_venda + 2, quant_atual = quant_atual - 2 where id = 439; 
update estoque_total set total = total - 2 where medicamento_id = 439; 

insert into venda values (543, '2023-02-13 11:49:15', 265.25, null, null); 
insert into itens_venda values (default, 543, 293, 293, 3, 3.40, 83.99); 
update estoque set quant_venda = quant_venda + 3, quant_atual = quant_atual - 3 where id = 293; 
update estoque_total set total = total - 3 where medicamento_id = 293; 
insert into itens_venda values (default, 543, 407, 407, 2, 0.00, 139.66); 
update estoque set quant_venda = quant_venda + 2, quant_atual = quant_atual - 2 where id = 407; 
update estoque_total set total = total - 2 where medicamento_id = 407; 
insert into itens_venda values (default, 543, 309, 309, 3, 0.40, 41.60); 
update estoque set quant_venda = quant_venda + 3, quant_atual = quant_atual - 3 where id = 309; 
update estoque_total set total = total - 3 where medicamento_id = 309; 

insert into venda values (544, '2023-02-13 12:03:42', 90.74, null, null); 
insert into itens_venda values (default, 544, 504, 504, 2, 0.00, 13.50); 
update estoque set quant_venda = quant_venda + 2, quant_atual = quant_atual - 2 where id = 504; 
update estoque_total set total = total - 2 where medicamento_id = 504; 
insert into itens_venda values (default, 544, 241, 241, 2, 1.50, 77.24); 
update estoque set quant_venda = quant_venda + 2, quant_atual = quant_atual - 2 where id = 241; 
update estoque_total set total = total - 2 where medicamento_id = 241; 

insert into venda values (545, '2023-02-13 13:25:41', 122.70, null, null); 
insert into itens_venda values (default, 545, 503, 503, 2, 0.00, 7.34); 
update estoque set quant_venda = quant_venda + 2, quant_atual = quant_atual - 2 where id = 503; 
update estoque_total set total = total - 2 where medicamento_id = 503; 
insert into itens_venda values (default, 545, 492, 492, 1, 1.70, 42.63); 
update estoque set quant_venda = quant_venda + 1, quant_atual = quant_atual - 1 where id = 492; 
update estoque_total set total = total - 1 where medicamento_id = 492; 
insert into itens_venda values (default, 545, 430, 430, 3, 1.40, 72.73); 
update estoque set quant_venda = quant_venda + 3, quant_atual = quant_atual - 3 where id = 430; 
update estoque_total set total = total - 3 where medicamento_id = 430; 

insert into venda values (546, '2023-02-14 06:59:38', 188.47, null, 23); 
insert into itens_venda values (default, 546, 451, 451, 2, 0.30, 38.20); 
update estoque set quant_venda = quant_venda + 2, quant_atual = quant_atual - 2 where id = 451; 
update estoque_total set total = total - 2 where medicamento_id = 451; 
insert into itens_venda values (default, 546, 444, 444, 1, 0.70, 74.89); 
update estoque set quant_venda = quant_venda + 1, quant_atual = quant_atual - 1 where id = 444; 
update estoque_total set total = total - 1 where medicamento_id = 444; 
insert into itens_venda values (default, 546, 336, 336, 2, 0.70, 75.38); 
update estoque set quant_venda = quant_venda + 2, quant_atual = quant_atual - 2 where id = 336; 
update estoque_total set total = total - 2 where medicamento_id = 336; 

insert into venda values (547, '2023-02-14 09:26:58', 392.18, null, null); 
insert into itens_venda values (default, 547, 173, 173, 1, 5.80, 285.00); 
update estoque set quant_venda = quant_venda + 1, quant_atual = quant_atual - 1 where id = 173; 
update estoque_total set total = total - 1 where medicamento_id = 173; 
insert into itens_venda values (default, 547, 365, 365, 2, 0.90, 32.14); 
update estoque set quant_venda = quant_venda + 2, quant_atual = quant_atual - 2 where id = 365; 
update estoque_total set total = total - 2 where medicamento_id = 365; 
insert into itens_venda values (default, 547, 169, 169, 2, 1.50, 75.04); 
update estoque set quant_venda = quant_venda + 2, quant_atual = quant_atual - 2 where id = 169; 
update estoque_total set total = total - 2 where medicamento_id = 169; 

insert into venda values (548, '2023-02-14 10:41:57', 34.95, null, null); 
insert into itens_venda values (default, 548, 344, 344, 1, 0.30, 34.95); 
update estoque set quant_venda = quant_venda + 1, quant_atual = quant_atual - 1 where id = 344; 
update estoque_total set total = total - 1 where medicamento_id = 344; 

insert into venda values (549, '2023-02-14 11:27:46', 12.95, null, null); 
insert into itens_venda values (default, 549, 463, 463, 1, 0.40, 12.95); 
update estoque set quant_venda = quant_venda + 1, quant_atual = quant_atual - 1 where id = 463; 
update estoque_total set total = total - 1 where medicamento_id = 463; 

insert into venda values (550, '2023-02-15 06:51:26', 305.90, null, null); 
insert into itens_venda values (default, 550, 343, 343, 2, 1.20, 61.68); 
update estoque set quant_venda = quant_venda + 2, quant_atual = quant_atual - 2 where id = 343; 
update estoque_total set total = total - 2 where medicamento_id = 343; 
insert into itens_venda values (default, 550, 452, 452, 2, 0.00, 119.34); 
update estoque set quant_venda = quant_venda + 2, quant_atual = quant_atual - 2 where id = 452; 
update estoque_total set total = total - 2 where medicamento_id = 452; 
insert into itens_venda values (default, 550, 332, 332, 2, 1.20, 124.88); 
update estoque set quant_venda = quant_venda + 2, quant_atual = quant_atual - 2 where id = 332; 
update estoque_total set total = total - 2 where medicamento_id = 332; 

insert into venda values (551, '2023-02-15 07:37:59', 171.78, 3, null); 
insert into itens_venda values (default, 551, 228, 228, 1, 16.90, 171.78); 
update estoque set quant_venda = quant_venda + 1, quant_atual = quant_atual - 1 where id = 228; 
update estoque_total set total = total - 1 where medicamento_id = 228; 

insert into venda values (552, '2023-02-15 08:31:03', 392.27, null, 22); 
insert into itens_venda values (default, 552, 190, 190, 1, 4.40, 219.53); 
update estoque set quant_venda = quant_venda + 1, quant_atual = quant_atual - 1 where id = 190; 
update estoque_total set total = total - 1 where medicamento_id = 190; 
insert into itens_venda values (default, 552, 306, 306, 1, 0.80, 82.34); 
update estoque set quant_venda = quant_venda + 1, quant_atual = quant_atual - 1 where id = 306; 
update estoque_total set total = total - 1 where medicamento_id = 306; 
insert into itens_venda values (default, 552, 317, 317, 1, 0.00, 90.40); 
update estoque set quant_venda = quant_venda + 1, quant_atual = quant_atual - 1 where id = 317; 
update estoque_total set total = total - 1 where medicamento_id = 317; 

insert into venda values (553, '2023-02-15 08:44:36', 221.48, null, 25); 
insert into itens_venda values (default, 553, 266, 266, 1, 2.30, 117.57); 
update estoque set quant_venda = quant_venda + 1, quant_atual = quant_atual - 1 where id = 266; 
update estoque_total set total = total - 1 where medicamento_id = 266; 
insert into itens_venda values (default, 553, 384, 384, 1, 0.80, 43.04); 
update estoque set quant_venda = quant_venda + 1, quant_atual = quant_atual - 1 where id = 384; 
update estoque_total set total = total - 1 where medicamento_id = 384; 
insert into itens_venda values (default, 553, 135, 135, 1, 1.80, 60.87); 
update estoque set quant_venda = quant_venda + 1, quant_atual = quant_atual - 1 where id = 135; 
update estoque_total set total = total - 1 where medicamento_id = 135; 

insert into venda values (554, '2023-02-15 08:48:33', 181.21, 15, 25); 
insert into itens_venda values (default, 554, 356, 356, 1, 6.90, 108.16); 
update estoque set quant_venda = quant_venda + 1, quant_atual = quant_atual - 1 where id = 356; 
update estoque_total set total = total - 1 where medicamento_id = 356; 
insert into itens_venda values (default, 554, 312, 312, 3, 6.30, 73.05); 
update estoque set quant_venda = quant_venda + 3, quant_atual = quant_atual - 3 where id = 312; 
update estoque_total set total = total - 3 where medicamento_id = 312; 

insert into venda values (555, '2023-02-15 09:53:37', 398.93, 11, 21); 
insert into itens_venda values (default, 555, 13, 13, 1, 1.50, 154.57); 
update estoque set quant_venda = quant_venda + 1, quant_atual = quant_atual - 1 where id = 13; 
update estoque_total set total = total - 1 where medicamento_id = 13; 
insert into itens_venda values (default, 555, 112, 112, 3, 0.00, 58.59); 
update estoque set quant_venda = quant_venda + 3, quant_atual = quant_atual - 3 where id = 112; 
update estoque_total set total = total - 3 where medicamento_id = 112; 
insert into itens_venda values (default, 555, 78, 78, 1, 1.80, 185.77); 
update estoque set quant_venda = quant_venda + 1, quant_atual = quant_atual - 1 where id = 78; 
update estoque_total set total = total - 1 where medicamento_id = 78; 

insert into venda values (556, '2023-02-15 10:42:13', 247.45, null, null); 
insert into itens_venda values (default, 556, 391, 391, 2, 0.00, 178.00); 
update estoque set quant_venda = quant_venda + 2, quant_atual = quant_atual - 2 where id = 391; 
update estoque_total set total = total - 2 where medicamento_id = 391; 
insert into itens_venda values (default, 556, 344, 344, 1, 1.00, 34.25); 
update estoque set quant_venda = quant_venda + 1, quant_atual = quant_atual - 1 where id = 344; 
update estoque_total set total = total - 1 where medicamento_id = 344; 
insert into itens_venda values (default, 556, 425, 425, 1, 1.00, 35.20); 
update estoque set quant_venda = quant_venda + 1, quant_atual = quant_atual - 1 where id = 425; 
update estoque_total set total = total - 1 where medicamento_id = 425; 

insert into venda values (557, '2023-02-15 11:54:46', 16.07, null, null); 
insert into itens_venda values (default, 557, 494, 494, 1, 0.40, 16.07); 
update estoque set quant_venda = quant_venda + 1, quant_atual = quant_atual - 1 where id = 494; 
update estoque_total set total = total - 1 where medicamento_id = 494; 

insert into venda values (558, '2023-02-16 08:40:16', 32.14, null, null); 
insert into itens_venda values (default, 558, 484, 484, 2, 0.90, 32.14); 
update estoque set quant_venda = quant_venda + 2, quant_atual = quant_atual - 2 where id = 484; 
update estoque_total set total = total - 2 where medicamento_id = 484; 

insert into venda values (559, '2023-02-17 06:17:00', 35.54, 4, null); 
insert into itens_venda values (default, 559, 505, 505, 1, 3.00, 30.84); 
update estoque set quant_venda = quant_venda + 1, quant_atual = quant_atual - 1 where id = 505; 
update estoque_total set total = total - 1 where medicamento_id = 505; 
insert into itens_venda values (default, 559, 432, 432, 1, 0.00, 4.70); 
update estoque set quant_venda = quant_venda + 1, quant_atual = quant_atual - 1 where id = 432; 
update estoque_total set total = total - 1 where medicamento_id = 432; 

insert into venda values (560, '2023-02-17 06:44:17', 258.45, 14, null); 
insert into itens_venda values (default, 560, 195, 195, 1, 0.00, 258.45); 
update estoque set quant_venda = quant_venda + 1, quant_atual = quant_atual - 1 where id = 195; 
update estoque_total set total = total - 1 where medicamento_id = 195; 

insert into venda values (561, '2023-02-17 07:54:17', 138.88, 4, 25); 
insert into itens_venda values (default, 561, 457, 457, 2, 6.10, 62.24); 
update estoque set quant_venda = quant_venda + 2, quant_atual = quant_atual - 2 where id = 457; 
update estoque_total set total = total - 2 where medicamento_id = 457; 
insert into itens_venda values (default, 561, 137, 137, 1, 1.50, 76.64); 
update estoque set quant_venda = quant_venda + 1, quant_atual = quant_atual - 1 where id = 137; 
update estoque_total set total = total - 1 where medicamento_id = 137; 

insert into venda values (562, '2023-02-17 08:42:37', 301.69, null, null); 
insert into itens_venda values (default, 562, 390, 390, 1, 0.70, 37.61); 
update estoque set quant_venda = quant_venda + 1, quant_atual = quant_atual - 1 where id = 390; 
update estoque_total set total = total - 1 where medicamento_id = 390; 
insert into itens_venda values (default, 562, 142, 142, 1, 0.00, 91.68); 
update estoque set quant_venda = quant_venda + 1, quant_atual = quant_atual - 1 where id = 142; 
update estoque_total set total = total - 1 where medicamento_id = 142; 
insert into itens_venda values (default, 562, 316, 316, 1, 7.10, 172.40); 
update estoque set quant_venda = quant_venda + 1, quant_atual = quant_atual - 1 where id = 316; 
update estoque_total set total = total - 1 where medicamento_id = 316; 

insert into venda values (563, '2023-02-17 09:04:30', 30.31, null, null); 
insert into itens_venda values (default, 563, 503, 503, 3, 0.40, 10.61); 
update estoque set quant_venda = quant_venda + 3, quant_atual = quant_atual - 3 where id = 503; 
update estoque_total set total = total - 3 where medicamento_id = 503; 
insert into itens_venda values (default, 563, 475, 475, 1, 0.40, 19.70); 
update estoque set quant_venda = quant_venda + 1, quant_atual = quant_atual - 1 where id = 475; 
update estoque_total set total = total - 1 where medicamento_id = 475; 

insert into venda values (564, '2023-02-17 09:54:15', 104.60, 18, null); 
insert into itens_venda values (default, 564, 502, 502, 2, 3.90, 39.72); 
update estoque set quant_venda = quant_venda + 2, quant_atual = quant_atual - 2 where id = 502; 
update estoque_total set total = total - 2 where medicamento_id = 502; 
insert into itens_venda values (default, 564, 392, 392, 2, 0.20, 27.72); 
update estoque set quant_venda = quant_venda + 2, quant_atual = quant_atual - 2 where id = 392; 
update estoque_total set total = total - 2 where medicamento_id = 392; 
insert into itens_venda values (default, 564, 462, 462, 2, 0.70, 37.16); 
update estoque set quant_venda = quant_venda + 2, quant_atual = quant_atual - 2 where id = 462; 
update estoque_total set total = total - 2 where medicamento_id = 462; 

insert into venda values (565, '2023-02-17 10:39:33', 90.86, null, null); 
insert into itens_venda values (default, 565, 484, 484, 1, 0.10, 16.42); 
update estoque set quant_venda = quant_venda + 1, quant_atual = quant_atual - 1 where id = 484; 
update estoque_total set total = total - 1 where medicamento_id = 484; 
insert into itens_venda values (default, 565, 499, 499, 2, 3.10, 74.44); 
update estoque set quant_venda = quant_venda + 2, quant_atual = quant_atual - 2 where id = 499; 
update estoque_total set total = total - 2 where medicamento_id = 499; 

insert into venda values (566, '2023-02-17 11:40:26', 27.45, null, null); 
insert into itens_venda values (default, 566, 418, 418, 1, 0.20, 27.45); 
update estoque set quant_venda = quant_venda + 1, quant_atual = quant_atual - 1 where id = 418; 
update estoque_total set total = total - 1 where medicamento_id = 418; 

insert into venda values (567, '2023-02-17 12:00:47', 405.65, null, 24); 
insert into itens_venda values (default, 567, 148, 148, 1, 1.10, 114.21); 
update estoque set quant_venda = quant_venda + 1, quant_atual = quant_atual - 1 where id = 148; 
update estoque_total set total = total - 1 where medicamento_id = 148; 
insert into itens_venda values (default, 567, 132, 132, 1, 0.40, 48.94); 
update estoque set quant_venda = quant_venda + 1, quant_atual = quant_atual - 1 where id = 132; 
update estoque_total set total = total - 1 where medicamento_id = 132; 
insert into itens_venda values (default, 567, 300, 300, 1, 7.50, 242.50); 
update estoque set quant_venda = quant_venda + 1, quant_atual = quant_atual - 1 where id = 300; 
update estoque_total set total = total - 1 where medicamento_id = 300; 

insert into venda values (568, '2023-02-17 13:06:00', 128.55, 7, null); 
insert into itens_venda values (default, 568, 438, 438, 1, 0.50, 51.79); 
update estoque set quant_venda = quant_venda + 1, quant_atual = quant_atual - 1 where id = 438; 
update estoque_total set total = total - 1 where medicamento_id = 438; 
insert into itens_venda values (default, 568, 353, 353, 2, 6.60, 76.76); 
update estoque set quant_venda = quant_venda + 2, quant_atual = quant_atual - 2 where id = 353; 
update estoque_total set total = total - 2 where medicamento_id = 353; 

insert into venda values (569, '2023-02-17 13:35:33', 90.63, 18, null); 
insert into itens_venda values (default, 569, 399, 399, 1, 0.00, 51.85); 
update estoque set quant_venda = quant_venda + 1, quant_atual = quant_atual - 1 where id = 399; 
update estoque_total set total = total - 1 where medicamento_id = 399; 
insert into itens_venda values (default, 569, 353, 353, 1, 2.90, 38.78); 
update estoque set quant_venda = quant_venda + 1, quant_atual = quant_atual - 1 where id = 353; 
update estoque_total set total = total - 1 where medicamento_id = 353; 

insert into venda values (570, '2023-02-17 14:46:01', 164.07, null, null); 
insert into itens_venda values (default, 570, 480, 480, 2, 0.00, 63.08); 
update estoque set quant_venda = quant_venda + 2, quant_atual = quant_atual - 2 where id = 480; 
update estoque_total set total = total - 2 where medicamento_id = 480; 
insert into itens_venda values (default, 570, 271, 271, 1, 2.70, 87.39); 
update estoque set quant_venda = quant_venda + 1, quant_atual = quant_atual - 1 where id = 271; 
update estoque_total set total = total - 1 where medicamento_id = 271; 
insert into itens_venda values (default, 570, 432, 432, 3, 0.50, 13.60); 
update estoque set quant_venda = quant_venda + 3, quant_atual = quant_atual - 3 where id = 432; 
update estoque_total set total = total - 3 where medicamento_id = 432; 

insert into venda values (571, '2023-02-18 06:36:01', 104.84, 18, 23); 
insert into itens_venda values (default, 571, 450, 450, 2, 1.30, 42.74); 
update estoque set quant_venda = quant_venda + 2, quant_atual = quant_atual - 2 where id = 450; 
update estoque_total set total = total - 2 where medicamento_id = 450; 
insert into itens_venda values (default, 571, 206, 206, 2, 5.40, 62.10); 
update estoque set quant_venda = quant_venda + 2, quant_atual = quant_atual - 2 where id = 206; 
update estoque_total set total = total - 2 where medicamento_id = 206; 

insert into venda values (572, '2023-02-18 06:49:31', 72.83, null, null); 
insert into itens_venda values (default, 572, 248, 248, 3, 2.20, 72.83); 
update estoque set quant_venda = quant_venda + 3, quant_atual = quant_atual - 3 where id = 248; 
update estoque_total set total = total - 3 where medicamento_id = 248; 

insert into venda values (573, '2023-02-18 07:55:18', 80.58, null, 23); 
insert into itens_venda values (default, 573, 485, 485, 2, 0.00, 32.18); 
update estoque set quant_venda = quant_venda + 2, quant_atual = quant_atual - 2 where id = 485; 
update estoque_total set total = total - 2 where medicamento_id = 485; 
insert into itens_venda values (default, 573, 242, 242, 2, 0.00, 12.30); 
update estoque set quant_venda = quant_venda + 2, quant_atual = quant_atual - 2 where id = 242; 
update estoque_total set total = total - 2 where medicamento_id = 242; 
insert into itens_venda values (default, 573, 276, 276, 1, 0.00, 36.10); 
update estoque set quant_venda = quant_venda + 1, quant_atual = quant_atual - 1 where id = 276; 
update estoque_total set total = total - 1 where medicamento_id = 276; 

insert into venda values (574, '2023-02-18 08:51:55', 17.86, null, null); 
insert into itens_venda values (default, 574, 386, 386, 1, 0.50, 17.86); 
update estoque set quant_venda = quant_venda + 1, quant_atual = quant_atual - 1 where id = 386; 
update estoque_total set total = total - 1 where medicamento_id = 386; 

insert into venda values (575, '2023-02-18 10:14:43', 164.24, 10, null); 
insert into itens_venda values (default, 575, 413, 413, 2, 16.20, 164.24); 
update estoque set quant_venda = quant_venda + 2, quant_atual = quant_atual - 2 where id = 413; 
update estoque_total set total = total - 2 where medicamento_id = 413; 

insert into venda values (576, '2023-02-18 10:23:44', 86.77, null, null); 
insert into itens_venda values (default, 576, 412, 412, 1, 1.70, 86.77); 
update estoque set quant_venda = quant_venda + 1, quant_atual = quant_atual - 1 where id = 412; 
update estoque_total set total = total - 1 where medicamento_id = 412; 

insert into venda values (577, '2023-02-18 11:12:35', 323.21, null, null); 
insert into itens_venda values (default, 577, 302, 302, 2, 1.00, 26.46); 
update estoque set quant_venda = quant_venda + 2, quant_atual = quant_atual - 2 where id = 302; 
update estoque_total set total = total - 2 where medicamento_id = 302; 
insert into itens_venda values (default, 577, 272, 272, 1, 11.00, 265.31); 
update estoque set quant_venda = quant_venda + 1, quant_atual = quant_atual - 1 where id = 272; 
update estoque_total set total = total - 1 where medicamento_id = 272; 
insert into itens_venda values (default, 577, 482, 482, 2, 1.30, 31.44); 
update estoque set quant_venda = quant_venda + 2, quant_atual = quant_atual - 2 where id = 482; 
update estoque_total set total = total - 2 where medicamento_id = 482; 

insert into venda values (578, '2023-02-18 12:12:56', 121.05, 1, 21); 
insert into itens_venda values (default, 578, 333, 333, 1, 0.00, 121.05); 
update estoque set quant_venda = quant_venda + 1, quant_atual = quant_atual - 1 where id = 333; 
update estoque_total set total = total - 1 where medicamento_id = 333; 

insert into venda values (579, '2023-02-18 13:03:25', 216.03, null, 21); 
insert into itens_venda values (default, 579, 360, 360, 1, 5.90, 142.16); 
update estoque set quant_venda = quant_venda + 1, quant_atual = quant_atual - 1 where id = 360; 
update estoque_total set total = total - 1 where medicamento_id = 360; 
insert into itens_venda values (default, 579, 260, 260, 1, 2.20, 73.87); 
update estoque set quant_venda = quant_venda + 1, quant_atual = quant_atual - 1 where id = 260; 
update estoque_total set total = total - 1 where medicamento_id = 260; 

insert into venda values (580, '2023-02-18 13:25:24', 217.02, null, 24); 
insert into itens_venda values (default, 580, 313, 313, 2, 1.60, 81.48); 
update estoque set quant_venda = quant_venda + 2, quant_atual = quant_atual - 2 where id = 313; 
update estoque_total set total = total - 2 where medicamento_id = 313; 
insert into itens_venda values (default, 580, 214, 214, 2, 1.30, 135.54); 
update estoque set quant_venda = quant_venda + 2, quant_atual = quant_atual - 2 where id = 214; 
update estoque_total set total = total - 2 where medicamento_id = 214; 

insert into venda values (581, '2023-02-18 14:32:23', 309.46, null, null); 
insert into itens_venda values (default, 581, 320, 320, 1, 2.00, 206.76); 
update estoque set quant_venda = quant_venda + 1, quant_atual = quant_atual - 1 where id = 320; 
update estoque_total set total = total - 1 where medicamento_id = 320; 
insert into itens_venda values (default, 581, 305, 305, 1, 1.30, 42.16); 
update estoque set quant_venda = quant_venda + 1, quant_atual = quant_atual - 1 where id = 305; 
update estoque_total set total = total - 1 where medicamento_id = 305; 
insert into itens_venda values (default, 581, 332, 332, 1, 2.50, 60.54); 
update estoque set quant_venda = quant_venda + 1, quant_atual = quant_atual - 1 where id = 332; 
update estoque_total set total = total - 1 where medicamento_id = 332; 

insert into venda values (582, '2023-02-19 06:56:03', 63.14, null, null); 
insert into itens_venda values (default, 582, 477, 477, 1, 1.90, 63.14); 
update estoque set quant_venda = quant_venda + 1, quant_atual = quant_atual - 1 where id = 477; 
update estoque_total set total = total - 1 where medicamento_id = 477; 

insert into venda values (583, '2023-02-19 07:50:51', 258.75, null, 23); 
insert into itens_venda values (default, 583, 496, 496, 1, 0.20, 7.17); 
update estoque set quant_venda = quant_venda + 1, quant_atual = quant_atual - 1 where id = 496; 
update estoque_total set total = total - 1 where medicamento_id = 496; 
insert into itens_venda values (default, 583, 418, 418, 1, 0.00, 27.65); 
update estoque set quant_venda = quant_venda + 1, quant_atual = quant_atual - 1 where id = 418; 
update estoque_total set total = total - 1 where medicamento_id = 418; 
insert into itens_venda values (default, 583, 190, 190, 1, 0.00, 223.93); 
update estoque set quant_venda = quant_venda + 1, quant_atual = quant_atual - 1 where id = 190; 
update estoque_total set total = total - 1 where medicamento_id = 190; 

insert into venda values (584, '2023-02-19 09:04:47', 154.55, null, null); 
insert into itens_venda values (default, 584, 355, 355, 1, 0.20, 25.91); 
update estoque set quant_venda = quant_venda + 1, quant_atual = quant_atual - 1 where id = 355; 
update estoque_total set total = total - 1 where medicamento_id = 355; 
insert into itens_venda values (default, 584, 492, 492, 2, 1.70, 86.96); 
update estoque set quant_venda = quant_venda + 2, quant_atual = quant_atual - 2 where id = 492; 
update estoque_total set total = total - 2 where medicamento_id = 492; 
insert into itens_venda values (default, 584, 353, 353, 1, 0.00, 41.68); 
update estoque set quant_venda = quant_venda + 1, quant_atual = quant_atual - 1 where id = 353; 
update estoque_total set total = total - 1 where medicamento_id = 353; 

insert into venda values (585, '2023-02-19 09:14:38', 303.46, null, 22); 
insert into itens_venda values (default, 585, 22, 22, 1, 8.90, 291.08); 
update estoque set quant_venda = quant_venda + 1, quant_atual = quant_atual - 1 where id = 22; 
update estoque_total set total = total - 1 where medicamento_id = 22; 
insert into itens_venda values (default, 585, 379, 379, 1, 0.30, 12.38); 
update estoque set quant_venda = quant_venda + 1, quant_atual = quant_atual - 1 where id = 379; 
update estoque_total set total = total - 1 where medicamento_id = 379; 

insert into venda values (586, '2023-02-19 10:06:53', 239.70, null, null); 
insert into itens_venda values (default, 586, 472, 472, 3, 1.70, 86.26); 
update estoque set quant_venda = quant_venda + 3, quant_atual = quant_atual - 3 where id = 472; 
update estoque_total set total = total - 3 where medicamento_id = 472; 
insert into itens_venda values (default, 586, 153, 153, 1, 0.00, 81.81); 
update estoque set quant_venda = quant_venda + 1, quant_atual = quant_atual - 1 where id = 153; 
update estoque_total set total = total - 1 where medicamento_id = 153; 
insert into itens_venda values (default, 586, 251, 251, 1, 2.90, 71.63); 
update estoque set quant_venda = quant_venda + 1, quant_atual = quant_atual - 1 where id = 251; 
update estoque_total set total = total - 1 where medicamento_id = 251; 

insert into venda values (587, '2023-02-19 11:09:45', 43.59, 15, null); 
insert into itens_venda values (default, 587, 489, 489, 1, 0.40, 43.59); 
update estoque set quant_venda = quant_venda + 1, quant_atual = quant_atual - 1 where id = 489; 
update estoque_total set total = total - 1 where medicamento_id = 489; 

insert into venda values (588, '2023-02-19 11:41:22', 487.63, null, 24); 
insert into itens_venda values (default, 588, 478, 478, 1, 0.00, 57.52); 
update estoque set quant_venda = quant_venda + 1, quant_atual = quant_atual - 1 where id = 478; 
update estoque_total set total = total - 1 where medicamento_id = 478; 
insert into itens_venda values (default, 588, 119, 119, 1, 0.00, 154.97); 
update estoque set quant_venda = quant_venda + 1, quant_atual = quant_atual - 1 where id = 119; 
update estoque_total set total = total - 1 where medicamento_id = 119; 
insert into itens_venda values (default, 588, 75, 75, 1, 2.70, 275.14); 
update estoque set quant_venda = quant_venda + 1, quant_atual = quant_atual - 1 where id = 75; 
update estoque_total set total = total - 1 where medicamento_id = 75; 

insert into venda values (589, '2023-02-19 12:35:09', 322.36, null, null); 
insert into itens_venda values (default, 589, 327, 327, 2, 1.20, 62.04); 
update estoque set quant_venda = quant_venda + 2, quant_atual = quant_atual - 2 where id = 327; 
update estoque_total set total = total - 2 where medicamento_id = 327; 
insert into itens_venda values (default, 589, 437, 437, 3, 1.50, 77.04); 
update estoque set quant_venda = quant_venda + 3, quant_atual = quant_atual - 3 where id = 437; 
update estoque_total set total = total - 3 where medicamento_id = 437; 
insert into itens_venda values (default, 589, 362, 362, 1, 5.60, 183.28); 
update estoque set quant_venda = quant_venda + 1, quant_atual = quant_atual - 1 where id = 362; 
update estoque_total set total = total - 1 where medicamento_id = 362; 

insert into venda values (590, '2023-02-19 13:57:04', 387.28, 13, 21); 
insert into itens_venda values (default, 590, 338, 338, 2, 5.80, 187.58); 
update estoque set quant_venda = quant_venda + 2, quant_atual = quant_atual - 2 where id = 338; 
update estoque_total set total = total - 2 where medicamento_id = 338; 
insert into itens_venda values (default, 590, 352, 352, 3, 4.80, 76.02); 
update estoque set quant_venda = quant_venda + 3, quant_atual = quant_atual - 3 where id = 352; 
update estoque_total set total = total - 3 where medicamento_id = 352; 
insert into itens_venda values (default, 590, 466, 466, 1, 1.20, 123.68); 
update estoque set quant_venda = quant_venda + 1, quant_atual = quant_atual - 1 where id = 466; 
update estoque_total set total = total - 1 where medicamento_id = 466; 

insert into venda values (591, '2023-02-19 14:19:03', 88.66, null, null); 
insert into itens_venda values (default, 591, 492, 492, 2, 0.00, 88.66); 
update estoque set quant_venda = quant_venda + 2, quant_atual = quant_atual - 2 where id = 492; 
update estoque_total set total = total - 2 where medicamento_id = 492; 

insert into venda values (592, '2023-02-19 15:04:17', 74.44, null, null); 
insert into itens_venda values (default, 592, 499, 499, 2, 3.10, 74.44); 
update estoque set quant_venda = quant_venda + 2, quant_atual = quant_atual - 2 where id = 499; 
update estoque_total set total = total - 2 where medicamento_id = 499; 

insert into venda values (593, '2023-02-19 16:00:17', 98.82, null, null); 
insert into itens_venda values (default, 593, 344, 344, 2, 2.10, 68.40); 
update estoque set quant_venda = quant_venda + 2, quant_atual = quant_atual - 2 where id = 344; 
update estoque_total set total = total - 2 where medicamento_id = 344; 
insert into itens_venda values (default, 593, 327, 327, 1, 1.20, 30.42); 
update estoque set quant_venda = quant_venda + 1, quant_atual = quant_atual - 1 where id = 327; 
update estoque_total set total = total - 1 where medicamento_id = 327; 

insert into venda values (594, '2023-02-19 16:05:23', 129.43, 1, null); 
insert into itens_venda values (default, 594, 319, 319, 2, 4.70, 113.64); 
update estoque set quant_venda = quant_venda + 2, quant_atual = quant_atual - 2 where id = 319; 
update estoque_total set total = total - 2 where medicamento_id = 319; 
insert into itens_venda values (default, 594, 485, 485, 1, 0.30, 15.79); 
update estoque set quant_venda = quant_venda + 1, quant_atual = quant_atual - 1 where id = 485; 
update estoque_total set total = total - 1 where medicamento_id = 485; 

insert into venda values (595, '2023-02-20 07:13:49', 127.27, null, 21); 
insert into itens_venda values (default, 595, 479, 479, 1, 0.00, 36.69); 
update estoque set quant_venda = quant_venda + 1, quant_atual = quant_atual - 1 where id = 479; 
update estoque_total set total = total - 1 where medicamento_id = 479; 
insert into itens_venda values (default, 595, 359, 359, 1, 0.00, 90.58); 
update estoque set quant_venda = quant_venda + 1, quant_atual = quant_atual - 1 where id = 359; 
update estoque_total set total = total - 1 where medicamento_id = 359; 

insert into venda values (596, '2023-02-20 08:17:02', 156.45, null, null); 
insert into itens_venda values (default, 596, 328, 328, 1, 0.00, 30.14); 
update estoque set quant_venda = quant_venda + 1, quant_atual = quant_atual - 1 where id = 328; 
update estoque_total set total = total - 1 where medicamento_id = 328; 
insert into itens_venda values (default, 596, 439, 439, 2, 3.20, 78.74); 
update estoque set quant_venda = quant_venda + 2, quant_atual = quant_atual - 2 where id = 439; 
update estoque_total set total = total - 2 where medicamento_id = 439; 
insert into itens_venda values (default, 596, 422, 422, 3, 0.40, 47.57); 
update estoque set quant_venda = quant_venda + 3, quant_atual = quant_atual - 3 where id = 422; 
update estoque_total set total = total - 3 where medicamento_id = 422; 

insert into venda values (597, '2023-02-20 09:11:47', 225.11, 8, 23); 
insert into itens_venda values (default, 597, 260, 260, 2, 10.60, 141.54); 
update estoque set quant_venda = quant_venda + 2, quant_atual = quant_atual - 2 where id = 260; 
update estoque_total set total = total - 2 where medicamento_id = 260; 
insert into itens_venda values (default, 597, 273, 273, 1, 1.60, 31.56); 
update estoque set quant_venda = quant_venda + 1, quant_atual = quant_atual - 1 where id = 273; 
update estoque_total set total = total - 1 where medicamento_id = 273; 
insert into itens_venda values (default, 597, 323, 323, 3, 1.00, 52.01); 
update estoque set quant_venda = quant_venda + 3, quant_atual = quant_atual - 3 where id = 323; 
update estoque_total set total = total - 3 where medicamento_id = 323; 

insert into venda values (598, '2023-02-20 10:07:00', 399.88, null, 22); 
insert into itens_venda values (default, 598, 194, 194, 1, 0.00, 399.88); 
update estoque set quant_venda = quant_venda + 1, quant_atual = quant_atual - 1 where id = 194; 
update estoque_total set total = total - 1 where medicamento_id = 194; 

insert into venda values (599, '2023-02-20 10:58:44', 191.80, null, null); 
insert into itens_venda values (default, 599, 410, 410, 1, 0.00, 106.78); 
update estoque set quant_venda = quant_venda + 1, quant_atual = quant_atual - 1 where id = 410; 
update estoque_total set total = total - 1 where medicamento_id = 410; 
insert into itens_venda values (default, 599, 129, 129, 1, 1.10, 56.20); 
update estoque set quant_venda = quant_venda + 1, quant_atual = quant_atual - 1 where id = 129; 
update estoque_total set total = total - 1 where medicamento_id = 129; 
insert into itens_venda values (default, 599, 472, 472, 1, 0.50, 28.82); 
update estoque set quant_venda = quant_venda + 1, quant_atual = quant_atual - 1 where id = 472; 
update estoque_total set total = total - 1 where medicamento_id = 472; 

insert into venda values (600, '2023-02-20 12:16:34', 353.98, 12, 23); 
insert into itens_venda values (default, 600, 155, 155, 2, 0.70, 9.20); 
update estoque set quant_venda = quant_venda + 2, quant_atual = quant_atual - 2 where id = 155; 
update estoque_total set total = total - 2 where medicamento_id = 155; 
insert into itens_venda values (default, 600, 387, 387, 2, 1.30, 128.90); 
update estoque set quant_venda = quant_venda + 2, quant_atual = quant_atual - 2 where id = 387; 
update estoque_total set total = total - 2 where medicamento_id = 387; 
insert into itens_venda values (default, 600, 20, 20, 1, 2.10, 215.88); 
update estoque set quant_venda = quant_venda + 1, quant_atual = quant_atual - 1 where id = 20; 
update estoque_total set total = total - 1 where medicamento_id = 20; 

insert into venda values (601, '2023-02-20 12:54:25', 188.03, 1, null); 
insert into itens_venda values (default, 601, 487, 487, 1, 0.00, 188.03); 
update estoque set quant_venda = quant_venda + 1, quant_atual = quant_atual - 1 where id = 487; 
update estoque_total set total = total - 1 where medicamento_id = 487; 

insert into venda values (602, '2023-02-20 14:01:13', 141.70, null, null); 
insert into itens_venda values (default, 602, 335, 335, 3, 0.00, 76.56); 
update estoque set quant_venda = quant_venda + 3, quant_atual = quant_atual - 3 where id = 335; 
update estoque_total set total = total - 3 where medicamento_id = 335; 
insert into itens_venda values (default, 602, 459, 459, 2, 2.70, 65.14); 
update estoque set quant_venda = quant_venda + 2, quant_atual = quant_atual - 2 where id = 459; 
update estoque_total set total = total - 2 where medicamento_id = 459; 

insert into venda values (603, '2023-02-20 14:46:32', 24.92, 9, 22); 
insert into itens_venda values (default, 603, 204, 204, 2, 0.00, 24.92); 
update estoque set quant_venda = quant_venda + 2, quant_atual = quant_atual - 2 where id = 204; 
update estoque_total set total = total - 2 where medicamento_id = 204; 

insert into venda values (604, '2023-02-20 15:10:29', 145.91, 13, null); 
insert into itens_venda values (default, 604, 437, 437, 1, 0.20, 25.98); 
update estoque set quant_venda = quant_venda + 1, quant_atual = quant_atual - 1 where id = 437; 
update estoque_total set total = total - 1 where medicamento_id = 437; 
insert into itens_venda values (default, 604, 200, 200, 1, 2.40, 119.93); 
update estoque set quant_venda = quant_venda + 1, quant_atual = quant_atual - 1 where id = 200; 
update estoque_total set total = total - 1 where medicamento_id = 200; 

insert into venda values (605, '2023-02-21 07:25:18', 48.67, null, null); 
insert into itens_venda values (default, 605, 455, 455, 1, 1.50, 48.67); 
update estoque set quant_venda = quant_venda + 1, quant_atual = quant_atual - 1 where id = 455; 
update estoque_total set total = total - 1 where medicamento_id = 455; 

insert into venda values (606, '2023-02-21 07:32:35', 221.21, 20, null); 
insert into itens_venda values (default, 606, 251, 251, 1, 0.70, 73.83); 
update estoque set quant_venda = quant_venda + 1, quant_atual = quant_atual - 1 where id = 251; 
update estoque_total set total = total - 1 where medicamento_id = 251; 
insert into itens_venda values (default, 606, 460, 460, 1, 0.30, 37.36); 
update estoque set quant_venda = quant_venda + 1, quant_atual = quant_atual - 1 where id = 460; 
update estoque_total set total = total - 1 where medicamento_id = 460; 
insert into itens_venda values (default, 606, 297, 297, 2, 7.00, 110.02); 
update estoque set quant_venda = quant_venda + 2, quant_atual = quant_atual - 2 where id = 297; 
update estoque_total set total = total - 2 where medicamento_id = 297; 

insert into venda values (607, '2023-02-21 08:05:43', 44.32, null, null); 
insert into itens_venda values (default, 607, 403, 403, 1, 0.40, 24.51); 
update estoque set quant_venda = quant_venda + 1, quant_atual = quant_atual - 1 where id = 403; 
update estoque_total set total = total - 1 where medicamento_id = 403; 
insert into itens_venda values (default, 607, 375, 375, 1, 0.00, 19.81); 
update estoque set quant_venda = quant_venda + 1, quant_atual = quant_atual - 1 where id = 375; 
update estoque_total set total = total - 1 where medicamento_id = 375; 

insert into venda values (608, '2023-02-21 10:27:13', 452.91, null, 21); 
insert into itens_venda values (default, 608, 377, 377, 2, 0.00, 33.46); 
update estoque set quant_venda = quant_venda + 2, quant_atual = quant_atual - 2 where id = 377; 
update estoque_total set total = total - 2 where medicamento_id = 377; 
insert into itens_venda values (default, 608, 476, 476, 1, 0.70, 23.47); 
update estoque set quant_venda = quant_venda + 1, quant_atual = quant_atual - 1 where id = 476; 
update estoque_total set total = total - 1 where medicamento_id = 476; 
insert into itens_venda values (default, 608, 194, 194, 1, 3.90, 395.98); 
update estoque set quant_venda = quant_venda + 1, quant_atual = quant_atual - 1 where id = 194; 
update estoque_total set total = total - 1 where medicamento_id = 194; 

insert into venda values (609, '2023-02-21 12:13:00', 218.44, 2, null); 
insert into itens_venda values (default, 609, 370, 370, 1, 18.90, 218.44); 
update estoque set quant_venda = quant_venda + 1, quant_atual = quant_atual - 1 where id = 370; 
update estoque_total set total = total - 1 where medicamento_id = 370; 

insert into venda values (610, '2023-02-22 07:18:23', 186.23, null, null); 
insert into itens_venda values (default, 610, 487, 487, 1, 1.80, 186.23); 
update estoque set quant_venda = quant_venda + 1, quant_atual = quant_atual - 1 where id = 487; 
update estoque_total set total = total - 1 where medicamento_id = 487; 

insert into venda values (611, '2023-02-22 07:47:20', 153.98, 16, 25); 
insert into itens_venda values (default, 611, 455, 455, 1, 3.50, 46.67); 
update estoque set quant_venda = quant_venda + 1, quant_atual = quant_atual - 1 where id = 455; 
update estoque_total set total = total - 1 where medicamento_id = 455; 
insert into itens_venda values (default, 611, 148, 148, 1, 8.00, 107.31); 
update estoque set quant_venda = quant_venda + 1, quant_atual = quant_atual - 1 where id = 148; 
update estoque_total set total = total - 1 where medicamento_id = 148; 

insert into venda values (612, '2023-02-22 08:46:13', 186.23, 5, null); 
insert into itens_venda values (default, 612, 487, 487, 1, 1.80, 186.23); 
update estoque set quant_venda = quant_venda + 1, quant_atual = quant_atual - 1 where id = 487; 
update estoque_total set total = total - 1 where medicamento_id = 487; 

insert into venda values (613, '2023-02-22 09:11:15', 86.32, 19, null); 
insert into itens_venda values (default, 613, 407, 407, 1, 4.80, 65.03); 
update estoque set quant_venda = quant_venda + 1, quant_atual = quant_atual - 1 where id = 407; 
update estoque_total set total = total - 1 where medicamento_id = 407; 
insert into itens_venda values (default, 613, 501, 501, 1, 1.80, 21.29); 
update estoque set quant_venda = quant_venda + 1, quant_atual = quant_atual - 1 where id = 501; 
update estoque_total set total = total - 1 where medicamento_id = 501; 

insert into venda values (614, '2023-02-22 09:54:47', 227.26, null, 24); 
insert into itens_venda values (default, 614, 125, 125, 1, 2.60, 63.54); 
update estoque set quant_venda = quant_venda + 1, quant_atual = quant_atual - 1 where id = 125; 
update estoque_total set total = total - 1 where medicamento_id = 125; 
insert into itens_venda values (default, 614, 126, 126, 1, 3.70, 90.29); 
update estoque set quant_venda = quant_venda + 1, quant_atual = quant_atual - 1 where id = 126; 
update estoque_total set total = total - 1 where medicamento_id = 126; 
insert into itens_venda values (default, 614, 430, 430, 3, 0.70, 73.43); 
update estoque set quant_venda = quant_venda + 3, quant_atual = quant_atual - 3 where id = 430; 
update estoque_total set total = total - 3 where medicamento_id = 430; 

insert into venda values (615, '2023-02-22 11:03:45', 157.22, null, 22); 
insert into itens_venda values (default, 615, 394, 394, 1, 0.80, 27.83); 
update estoque set quant_venda = quant_venda + 1, quant_atual = quant_atual - 1 where id = 394; 
update estoque_total set total = total - 1 where medicamento_id = 394; 
insert into itens_venda values (default, 615, 131, 131, 1, 1.00, 99.85); 
update estoque set quant_venda = quant_venda + 1, quant_atual = quant_atual - 1 where id = 131; 
update estoque_total set total = total - 1 where medicamento_id = 131; 
insert into itens_venda values (default, 615, 244, 244, 1, 0.60, 29.54); 
update estoque set quant_venda = quant_venda + 1, quant_atual = quant_atual - 1 where id = 244; 
update estoque_total set total = total - 1 where medicamento_id = 244; 

insert into venda values (616, '2023-02-22 11:04:40', 30.58, 15, null); 
insert into itens_venda values (default, 616, 485, 485, 2, 1.60, 30.58); 
update estoque set quant_venda = quant_venda + 2, quant_atual = quant_atual - 2 where id = 485; 
update estoque_total set total = total - 2 where medicamento_id = 485; 

insert into venda values (617, '2023-02-22 11:21:03', 370.46, 15, 24); 
insert into itens_venda values (default, 617, 360, 360, 1, 0.00, 148.06); 
update estoque set quant_venda = quant_venda + 1, quant_atual = quant_atual - 1 where id = 360; 
update estoque_total set total = total - 1 where medicamento_id = 360; 
insert into itens_venda values (default, 617, 83, 83, 1, 1.80, 91.82); 
update estoque set quant_venda = quant_venda + 1, quant_atual = quant_atual - 1 where id = 83; 
update estoque_total set total = total - 1 where medicamento_id = 83; 
insert into itens_venda values (default, 617, 247, 247, 2, 8.30, 130.58); 
update estoque set quant_venda = quant_venda + 2, quant_atual = quant_atual - 2 where id = 247; 
update estoque_total set total = total - 2 where medicamento_id = 247; 

insert into venda values (618, '2023-02-22 11:43:21', 179.31, 5, null); 
insert into itens_venda values (default, 618, 477, 477, 1, 0.60, 64.44); 
update estoque set quant_venda = quant_venda + 1, quant_atual = quant_atual - 1 where id = 477; 
update estoque_total set total = total - 1 where medicamento_id = 477; 
insert into itens_venda values (default, 618, 174, 174, 1, 6.00, 114.87); 
update estoque set quant_venda = quant_venda + 1, quant_atual = quant_atual - 1 where id = 174; 
update estoque_total set total = total - 1 where medicamento_id = 174; 

insert into venda values (619, '2023-02-23 07:32:02', 112.32, null, null); 
insert into itens_venda values (default, 619, 328, 328, 1, 0.90, 29.24); 
update estoque set quant_venda = quant_venda + 1, quant_atual = quant_atual - 1 where id = 328; 
update estoque_total set total = total - 1 where medicamento_id = 328; 
insert into itens_venda values (default, 619, 313, 313, 2, 0.00, 83.08); 
update estoque set quant_venda = quant_venda + 2, quant_atual = quant_atual - 2 where id = 313; 
update estoque_total set total = total - 2 where medicamento_id = 313; 

insert into venda values (620, '2023-02-24 06:50:29', 178.64, 19, null); 
insert into itens_venda values (default, 620, 413, 413, 2, 1.80, 178.64); 
update estoque set quant_venda = quant_venda + 2, quant_atual = quant_atual - 2 where id = 413; 
update estoque_total set total = total - 2 where medicamento_id = 413; 

insert into venda values (621, '2023-02-24 07:57:37', 147.88, null, 21); 
insert into itens_venda values (default, 621, 428, 428, 3, 0.40, 49.52); 
update estoque set quant_venda = quant_venda + 3, quant_atual = quant_atual - 3 where id = 428; 
update estoque_total set total = total - 3 where medicamento_id = 428; 
insert into itens_venda values (default, 621, 464, 464, 1, 0.30, 32.15); 
update estoque set quant_venda = quant_venda + 1, quant_atual = quant_atual - 1 where id = 464; 
update estoque_total set total = total - 1 where medicamento_id = 464; 
insert into itens_venda values (default, 621, 164, 164, 1, 0.00, 66.21); 
update estoque set quant_venda = quant_venda + 1, quant_atual = quant_atual - 1 where id = 164; 
update estoque_total set total = total - 1 where medicamento_id = 164; 

insert into venda values (622, '2023-02-24 09:14:13', 27.15, 6, null); 
insert into itens_venda values (default, 622, 433, 433, 1, 0.00, 27.15); 
update estoque set quant_venda = quant_venda + 1, quant_atual = quant_atual - 1 where id = 433; 
update estoque_total set total = total - 1 where medicamento_id = 433; 

insert into venda values (623, '2023-02-24 10:02:43', 90.14, 3, null); 
insert into itens_venda values (default, 623, 373, 373, 2, 2.00, 67.46); 
update estoque set quant_venda = quant_venda + 2, quant_atual = quant_atual - 2 where id = 373; 
update estoque_total set total = total - 2 where medicamento_id = 373; 
insert into itens_venda values (default, 623, 493, 493, 3, 0.00, 22.68); 
update estoque set quant_venda = quant_venda + 3, quant_atual = quant_atual - 3 where id = 493; 
update estoque_total set total = total - 3 where medicamento_id = 493; 

insert into venda values (624, '2023-02-24 10:47:50', 221.41, 7, null); 
insert into itens_venda values (default, 624, 196, 196, 1, 15.10, 174.16); 
update estoque set quant_venda = quant_venda + 1, quant_atual = quant_atual - 1 where id = 196; 
update estoque_total set total = total - 1 where medicamento_id = 196; 
insert into itens_venda values (default, 624, 494, 494, 1, 0.90, 15.57); 
update estoque set quant_venda = quant_venda + 1, quant_atual = quant_atual - 1 where id = 494; 
update estoque_total set total = total - 1 where medicamento_id = 494; 
insert into itens_venda values (default, 624, 448, 448, 2, 1.30, 31.68); 
update estoque set quant_venda = quant_venda + 2, quant_atual = quant_atual - 2 where id = 448; 
update estoque_total set total = total - 2 where medicamento_id = 448; 

insert into venda values (625, '2023-02-24 11:21:42', 51.56, null, null); 
insert into itens_venda values (default, 625, 447, 447, 2, 1.50, 51.56); 
update estoque set quant_venda = quant_venda + 2, quant_atual = quant_atual - 2 where id = 447; 
update estoque_total set total = total - 2 where medicamento_id = 447; 

insert into venda values (626, '2023-02-24 11:34:07', 408.69, null, 23); 
insert into itens_venda values (default, 626, 349, 349, 2, 0.00, 62.28); 
update estoque set quant_venda = quant_venda + 2, quant_atual = quant_atual - 2 where id = 349; 
update estoque_total set total = total - 2 where medicamento_id = 349; 
insert into itens_venda values (default, 626, 330, 330, 2, 0.00, 165.32); 
update estoque set quant_venda = quant_venda + 2, quant_atual = quant_atual - 2 where id = 330; 
update estoque_total set total = total - 2 where medicamento_id = 330; 
insert into itens_venda values (default, 626, 150, 150, 1, 0.00, 181.09); 
update estoque set quant_venda = quant_venda + 1, quant_atual = quant_atual - 1 where id = 150; 
update estoque_total set total = total - 1 where medicamento_id = 150; 

insert into venda values (627, '2023-02-24 12:25:22', 591.01, null, null); 
insert into itens_venda values (default, 627, 195, 195, 1, 2.50, 255.95); 
update estoque set quant_venda = quant_venda + 1, quant_atual = quant_atual - 1 where id = 195; 
update estoque_total set total = total - 1 where medicamento_id = 195; 
insert into itens_venda values (default, 627, 396, 396, 1, 13.60, 327.70); 
update estoque set quant_venda = quant_venda + 1, quant_atual = quant_atual - 1 where id = 396; 
update estoque_total set total = total - 1 where medicamento_id = 396; 
insert into itens_venda values (default, 627, 493, 493, 1, 0.20, 7.36); 
update estoque set quant_venda = quant_venda + 1, quant_atual = quant_atual - 1 where id = 493; 
update estoque_total set total = total - 1 where medicamento_id = 493; 

insert into venda values (628, '2023-02-24 13:18:34', 102.11, 10, null); 
insert into itens_venda values (default, 628, 451, 451, 1, 1.30, 17.95); 
update estoque set quant_venda = quant_venda + 1, quant_atual = quant_atual - 1 where id = 451; 
update estoque_total set total = total - 1 where medicamento_id = 451; 
insert into itens_venda values (default, 628, 279, 279, 3, 4.40, 84.16); 
update estoque set quant_venda = quant_venda + 3, quant_atual = quant_atual - 3 where id = 279; 
update estoque_total set total = total - 3 where medicamento_id = 279; 

insert into venda values (629, '2023-02-24 13:44:51', 318.06, null, null); 
insert into itens_venda values (default, 629, 443, 443, 2, 0.00, 46.80); 
update estoque set quant_venda = quant_venda + 2, quant_atual = quant_atual - 2 where id = 443; 
update estoque_total set total = total - 2 where medicamento_id = 443; 
insert into itens_venda values (default, 629, 384, 384, 2, 3.50, 84.18); 
update estoque set quant_venda = quant_venda + 2, quant_atual = quant_atual - 2 where id = 384; 
update estoque_total set total = total - 2 where medicamento_id = 384; 
insert into itens_venda values (default, 629, 362, 362, 1, 1.80, 187.08); 
update estoque set quant_venda = quant_venda + 1, quant_atual = quant_atual - 1 where id = 362; 
update estoque_total set total = total - 1 where medicamento_id = 362; 

insert into venda values (630, '2023-02-24 14:46:55', 36.02, 11, null); 
insert into itens_venda values (default, 630, 386, 386, 2, 0.70, 36.02); 
update estoque set quant_venda = quant_venda + 2, quant_atual = quant_atual - 2 where id = 386; 
update estoque_total set total = total - 2 where medicamento_id = 386; 

insert into venda values (631, '2023-02-25 06:10:11', 90.40, null, null); 
insert into itens_venda values (default, 631, 476, 476, 3, 0.00, 72.51); 
update estoque set quant_venda = quant_venda + 3, quant_atual = quant_atual - 3 where id = 476; 
update estoque_total set total = total - 3 where medicamento_id = 476; 
insert into itens_venda values (default, 631, 471, 471, 1, 0.00, 17.89); 
update estoque set quant_venda = quant_venda + 1, quant_atual = quant_atual - 1 where id = 471; 
update estoque_total set total = total - 1 where medicamento_id = 471; 

insert into venda values (632, '2023-02-25 07:18:52', 59.33, null, null); 
insert into itens_venda values (default, 632, 348, 348, 2, 0.90, 46.08); 
update estoque set quant_venda = quant_venda + 2, quant_atual = quant_atual - 2 where id = 348; 
update estoque_total set total = total - 2 where medicamento_id = 348; 
insert into itens_venda values (default, 632, 463, 463, 1, 0.10, 13.25); 
update estoque set quant_venda = quant_venda + 1, quant_atual = quant_atual - 1 where id = 463; 
update estoque_total set total = total - 1 where medicamento_id = 463; 

insert into venda values (633, '2023-02-25 07:36:37', 66.99, null, null); 
insert into itens_venda values (default, 633, 409, 409, 1, 0.00, 24.45); 
update estoque set quant_venda = quant_venda + 1, quant_atual = quant_atual - 1 where id = 409; 
update estoque_total set total = total - 1 where medicamento_id = 409; 
insert into itens_venda values (default, 633, 384, 384, 1, 1.30, 42.54); 
update estoque set quant_venda = quant_venda + 1, quant_atual = quant_atual - 1 where id = 384; 
update estoque_total set total = total - 1 where medicamento_id = 384; 

insert into venda values (634, '2023-02-25 07:49:32', 249.54, null, null); 
insert into itens_venda values (default, 634, 438, 438, 2, 3.10, 101.48); 
update estoque set quant_venda = quant_venda + 2, quant_atual = quant_atual - 2 where id = 438; 
update estoque_total set total = total - 2 where medicamento_id = 438; 
insert into itens_venda values (default, 634, 360, 360, 1, 0.00, 148.06); 
update estoque set quant_venda = quant_venda + 1, quant_atual = quant_atual - 1 where id = 360; 
update estoque_total set total = total - 1 where medicamento_id = 360; 

insert into venda values (635, '2023-02-25 09:10:32', 427.46, null, 25); 
insert into itens_venda values (default, 635, 178, 178, 2, 1.30, 132.26); 
update estoque set quant_venda = quant_venda + 2, quant_atual = quant_atual - 2 where id = 178; 
update estoque_total set total = total - 2 where medicamento_id = 178; 
insert into itens_venda values (default, 635, 208, 208, 2, 0.00, 106.96); 
update estoque set quant_venda = quant_venda + 2, quant_atual = quant_atual - 2 where id = 208; 
update estoque_total set total = total - 2 where medicamento_id = 208; 
insert into itens_venda values (default, 635, 435, 435, 2, 7.80, 188.24); 
update estoque set quant_venda = quant_venda + 2, quant_atual = quant_atual - 2 where id = 435; 
update estoque_total set total = total - 2 where medicamento_id = 435; 

insert into venda values (636, '2023-02-25 10:24:11', 458.11, null, 24); 
insert into itens_venda values (default, 636, 51, 51, 1, 2.10, 69.43); 
update estoque set quant_venda = quant_venda + 1, quant_atual = quant_atual - 1 where id = 51; 
update estoque_total set total = total - 1 where medicamento_id = 51; 
insert into itens_venda values (default, 636, 230, 230, 1, 7.90, 388.68); 
update estoque set quant_venda = quant_venda + 1, quant_atual = quant_atual - 1 where id = 230; 
update estoque_total set total = total - 1 where medicamento_id = 230; 

insert into venda values (637, '2023-02-25 11:23:55', 154.97, null, null); 
insert into itens_venda values (default, 637, 119, 119, 1, 0.00, 154.97); 
update estoque set quant_venda = quant_venda + 1, quant_atual = quant_atual - 1 where id = 119; 
update estoque_total set total = total - 1 where medicamento_id = 119; 

insert into venda values (638, '2023-02-25 12:21:21', 155.89, 5, null); 
insert into itens_venda values (default, 638, 465, 465, 1, 3.60, 118.62); 
update estoque set quant_venda = quant_venda + 1, quant_atual = quant_atual - 1 where id = 465; 
update estoque_total set total = total - 1 where medicamento_id = 465; 
insert into itens_venda values (default, 638, 378, 378, 1, 0.30, 37.27); 
update estoque set quant_venda = quant_venda + 1, quant_atual = quant_atual - 1 where id = 378; 
update estoque_total set total = total - 1 where medicamento_id = 378; 

insert into venda values (639, '2023-02-25 13:30:51', 120.81, null, 22); 
insert into itens_venda values (default, 639, 483, 483, 1, 1.00, 49.21); 
update estoque set quant_venda = quant_venda + 1, quant_atual = quant_atual - 1 where id = 483; 
update estoque_total set total = total - 1 where medicamento_id = 483; 
insert into itens_venda values (default, 639, 90, 90, 3, 1.10, 55.06); 
update estoque set quant_venda = quant_venda + 3, quant_atual = quant_atual - 3 where id = 90; 
update estoque_total set total = total - 3 where medicamento_id = 90; 
insert into itens_venda values (default, 639, 428, 428, 1, 0.10, 16.54); 
update estoque set quant_venda = quant_venda + 1, quant_atual = quant_atual - 1 where id = 428; 
update estoque_total set total = total - 1 where medicamento_id = 428; 

insert into venda values (640, '2023-02-25 13:50:45', 5.85, 12, null); 
insert into itens_venda values (default, 640, 242, 242, 1, 0.30, 5.85); 
update estoque set quant_venda = quant_venda + 1, quant_atual = quant_atual - 1 where id = 242; 
update estoque_total set total = total - 1 where medicamento_id = 242; 

insert into venda values (641, '2023-02-25 13:58:05', 270.80, null, null); 
insert into itens_venda values (default, 641, 412, 412, 2, 1.70, 175.24); 
update estoque set quant_venda = quant_venda + 2, quant_atual = quant_atual - 2 where id = 412; 
update estoque_total set total = total - 2 where medicamento_id = 412; 
insert into itens_venda values (default, 641, 488, 488, 2, 2.90, 95.56); 
update estoque set quant_venda = quant_venda + 2, quant_atual = quant_atual - 2 where id = 488; 
update estoque_total set total = total - 2 where medicamento_id = 488; 

insert into venda values (642, '2023-02-25 14:27:12', 30.54, null, null); 
insert into itens_venda values (default, 642, 349, 349, 1, 0.60, 30.54); 
update estoque set quant_venda = quant_venda + 1, quant_atual = quant_atual - 1 where id = 349; 
update estoque_total set total = total - 1 where medicamento_id = 349; 

insert into venda values (643, '2023-02-26 07:14:33', 232.54, null, null); 
insert into itens_venda values (default, 643, 372, 372, 1, 3.20, 104.30); 
update estoque set quant_venda = quant_venda + 1, quant_atual = quant_atual - 1 where id = 372; 
update estoque_total set total = total - 1 where medicamento_id = 372; 
insert into itens_venda values (default, 643, 420, 420, 2, 5.30, 128.24); 
update estoque set quant_venda = quant_venda + 2, quant_atual = quant_atual - 2 where id = 420; 
update estoque_total set total = total - 2 where medicamento_id = 420; 

insert into venda values (644, '2023-02-26 07:40:20', 71.27, 12, null); 
insert into itens_venda values (default, 644, 462, 462, 1, 0.30, 18.63); 
update estoque set quant_venda = quant_venda + 1, quant_atual = quant_atual - 1 where id = 462; 
update estoque_total set total = total - 1 where medicamento_id = 462; 
insert into itens_venda values (default, 644, 349, 349, 1, 2.80, 28.34); 
update estoque set quant_venda = quant_venda + 1, quant_atual = quant_atual - 1 where id = 349; 
update estoque_total set total = total - 1 where medicamento_id = 349; 
insert into itens_venda values (default, 644, 463, 463, 2, 2.40, 24.30); 
update estoque set quant_venda = quant_venda + 2, quant_atual = quant_atual - 2 where id = 463; 
update estoque_total set total = total - 2 where medicamento_id = 463; 

insert into venda values (645, '2023-02-26 08:32:31', 168.58, null, null); 
insert into itens_venda values (default, 645, 467, 467, 2, 1.20, 123.46); 
update estoque set quant_venda = quant_venda + 2, quant_atual = quant_atual - 2 where id = 467; 
update estoque_total set total = total - 2 where medicamento_id = 467; 
insert into itens_venda values (default, 645, 416, 416, 2, 0.40, 45.12); 
update estoque set quant_venda = quant_venda + 2, quant_atual = quant_atual - 2 where id = 416; 
update estoque_total set total = total - 2 where medicamento_id = 416; 

insert into venda values (646, '2023-02-26 09:50:36', 94.56, null, null); 
insert into itens_venda values (default, 646, 488, 488, 2, 3.90, 94.56); 
update estoque set quant_venda = quant_venda + 2, quant_atual = quant_atual - 2 where id = 488; 
update estoque_total set total = total - 2 where medicamento_id = 488; 

insert into venda values (647, '2023-02-26 10:25:13', 166.36, null, null); 
insert into itens_venda values (default, 647, 340, 340, 1, 0.00, 21.18); 
update estoque set quant_venda = quant_venda + 1, quant_atual = quant_atual - 1 where id = 340; 
update estoque_total set total = total - 1 where medicamento_id = 340; 
insert into itens_venda values (default, 647, 444, 444, 2, 6.00, 145.18); 
update estoque set quant_venda = quant_venda + 2, quant_atual = quant_atual - 2 where id = 444; 
update estoque_total set total = total - 2 where medicamento_id = 444; 

insert into venda values (648, '2023-02-26 10:27:06', 245.18, null, 25); 
insert into itens_venda values (default, 648, 325, 325, 1, 2.20, 54.78); 
update estoque set quant_venda = quant_venda + 1, quant_atual = quant_atual - 1 where id = 325; 
update estoque_total set total = total - 1 where medicamento_id = 325; 
insert into itens_venda values (default, 648, 285, 285, 1, 3.60, 118.58); 
update estoque set quant_venda = quant_venda + 1, quant_atual = quant_atual - 1 where id = 285; 
update estoque_total set total = total - 1 where medicamento_id = 285; 
insert into itens_venda values (default, 648, 426, 426, 2, 0.70, 71.82); 
update estoque set quant_venda = quant_venda + 2, quant_atual = quant_atual - 2 where id = 426; 
update estoque_total set total = total - 2 where medicamento_id = 426; 

insert into venda values (649, '2023-02-26 11:16:12', 42.08, 18, null); 
insert into itens_venda values (default, 649, 501, 501, 2, 4.10, 42.08); 
update estoque set quant_venda = quant_venda + 2, quant_atual = quant_atual - 2 where id = 501; 
update estoque_total set total = total - 2 where medicamento_id = 501; 

insert into venda values (650, '2023-02-26 11:24:38', 375.90, 13, null); 
insert into itens_venda values (default, 650, 129, 129, 2, 3.40, 111.20); 
update estoque set quant_venda = quant_venda + 2, quant_atual = quant_atual - 2 where id = 129; 
update estoque_total set total = total - 2 where medicamento_id = 129; 
insert into itens_venda values (default, 650, 105, 105, 1, 20.40, 207.18); 
update estoque set quant_venda = quant_venda + 1, quant_atual = quant_atual - 1 where id = 105; 
update estoque_total set total = total - 1 where medicamento_id = 105; 
insert into itens_venda values (default, 650, 478, 478, 1, 0.00, 57.52); 
update estoque set quant_venda = quant_venda + 1, quant_atual = quant_atual - 1 where id = 478; 
update estoque_total set total = total - 1 where medicamento_id = 478; 

insert into venda values (651, '2023-02-26 11:36:46', 121.75, 1, null); 
insert into itens_venda values (default, 651, 408, 408, 1, 10.40, 106.13); 
update estoque set quant_venda = quant_venda + 1, quant_atual = quant_atual - 1 where id = 408; 
update estoque_total set total = total - 1 where medicamento_id = 408; 
insert into itens_venda values (default, 651, 484, 484, 1, 0.90, 15.62); 
update estoque set quant_venda = quant_venda + 1, quant_atual = quant_atual - 1 where id = 484; 
update estoque_total set total = total - 1 where medicamento_id = 484; 

insert into venda values (652, '2023-02-26 11:50:13', 47.52, null, null); 
insert into itens_venda values (default, 652, 430, 430, 2, 1.90, 47.52); 
update estoque set quant_venda = quant_venda + 2, quant_atual = quant_atual - 2 where id = 430; 
update estoque_total set total = total - 2 where medicamento_id = 430; 

insert into venda values (653, '2023-02-26 12:15:18', 223.96, 15, null); 
insert into itens_venda values (default, 653, 435, 435, 1, 6.80, 91.22); 
update estoque set quant_venda = quant_venda + 1, quant_atual = quant_atual - 1 where id = 435; 
update estoque_total set total = total - 1 where medicamento_id = 435; 
insert into itens_venda values (default, 653, 433, 433, 3, 2.40, 79.05); 
update estoque set quant_venda = quant_venda + 3, quant_atual = quant_atual - 3 where id = 433; 
update estoque_total set total = total - 3 where medicamento_id = 433; 
insert into itens_venda values (default, 653, 318, 318, 1, 2.20, 53.69); 
update estoque set quant_venda = quant_venda + 1, quant_atual = quant_atual - 1 where id = 318; 
update estoque_total set total = total - 1 where medicamento_id = 318; 

insert into venda values (654, '2023-02-27 06:52:34', 126.67, 20, null); 
insert into itens_venda values (default, 654, 425, 425, 2, 6.50, 65.90); 
update estoque set quant_venda = quant_venda + 2, quant_atual = quant_atual - 2 where id = 425; 
update estoque_total set total = total - 2 where medicamento_id = 425; 
insert into itens_venda values (default, 654, 420, 420, 1, 6.00, 60.77); 
update estoque set quant_venda = quant_venda + 1, quant_atual = quant_atual - 1 where id = 420; 
update estoque_total set total = total - 1 where medicamento_id = 420; 

insert into venda values (655, '2023-02-27 08:53:33', 156.60, null, null); 
insert into itens_venda values (default, 655, 243, 243, 2, 1.50, 75.46); 
update estoque set quant_venda = quant_venda + 2, quant_atual = quant_atual - 2 where id = 243; 
update estoque_total set total = total - 2 where medicamento_id = 243; 
insert into itens_venda values (default, 655, 463, 463, 3, 1.20, 38.85); 
update estoque set quant_venda = quant_venda + 3, quant_atual = quant_atual - 3 where id = 463; 
update estoque_total set total = total - 3 where medicamento_id = 463; 
insert into itens_venda values (default, 655, 489, 489, 1, 1.70, 42.29); 
update estoque set quant_venda = quant_venda + 1, quant_atual = quant_atual - 1 where id = 489; 
update estoque_total set total = total - 1 where medicamento_id = 489; 

insert into venda values (656, '2023-02-27 11:19:17', 99.94, 1, null); 
insert into itens_venda values (default, 656, 376, 376, 3, 4.00, 40.70); 
update estoque set quant_venda = quant_venda + 3, quant_atual = quant_atual - 3 where id = 376; 
update estoque_total set total = total - 3 where medicamento_id = 376; 
insert into itens_venda values (default, 656, 303, 303, 2, 2.40, 59.24); 
update estoque set quant_venda = quant_venda + 2, quant_atual = quant_atual - 2 where id = 303; 
update estoque_total set total = total - 2 where medicamento_id = 303; 

insert into venda values (657, '2023-02-28 06:41:35', 142.16, null, null); 
insert into itens_venda values (default, 657, 360, 360, 1, 5.90, 142.16); 
update estoque set quant_venda = quant_venda + 1, quant_atual = quant_atual - 1 where id = 360; 
update estoque_total set total = total - 1 where medicamento_id = 360; 

insert into venda values (658, '2023-02-28 07:47:41', 10.64, 11, null); 
insert into itens_venda values (default, 658, 486, 486, 1, 0.30, 10.64); 
update estoque set quant_venda = quant_venda + 1, quant_atual = quant_atual - 1 where id = 486; 
update estoque_total set total = total - 1 where medicamento_id = 486; 

insert into venda values (659, '2023-03-01 06:14:57', 31.85, null, null); 
insert into itens_venda values (default, 659, 464, 464, 1, 0.60, 31.85); 
update estoque set quant_venda = quant_venda + 1, quant_atual = quant_atual - 1 where id = 464; 
update estoque_total set total = total - 1 where medicamento_id = 464; 

insert into venda values (660, '2023-03-01 06:32:49', 34.03, 5, null); 
insert into itens_venda values (default, 660, 498, 498, 1, 1.40, 34.03); 
update estoque set quant_venda = quant_venda + 1, quant_atual = quant_atual - 1 where id = 498; 
update estoque_total set total = total - 1 where medicamento_id = 498; 

insert into venda values (661, '2023-03-01 07:26:12', 107.79, null, 22); 
insert into itens_venda values (default, 661, 136, 136, 1, 0.00, 46.08); 
update estoque set quant_venda = quant_venda + 1, quant_atual = quant_atual - 1 where id = 136; 
update estoque_total set total = total - 1 where medicamento_id = 136; 
insert into itens_venda values (default, 661, 182, 182, 1, 1.00, 50.91); 
update estoque set quant_venda = quant_venda + 1, quant_atual = quant_atual - 1 where id = 182; 
update estoque_total set total = total - 1 where medicamento_id = 182; 
insert into itens_venda values (default, 661, 424, 424, 1, 0.20, 10.80); 
update estoque set quant_venda = quant_venda + 1, quant_atual = quant_atual - 1 where id = 424; 
update estoque_total set total = total - 1 where medicamento_id = 424; 

insert into venda values (662, '2023-03-02 08:40:31', 43.16, null, null); 
insert into itens_venda values (default, 662, 341, 341, 3, 0.40, 43.16); 
update estoque set quant_venda = quant_venda + 3, quant_atual = quant_atual - 3 where id = 341; 
update estoque_total set total = total - 3 where medicamento_id = 341; 

insert into venda values (663, '2023-03-02 11:11:21', 61.29, 18, null); 
insert into itens_venda values (default, 663, 442, 442, 2, 2.70, 43.38); 
update estoque set quant_venda = quant_venda + 2, quant_atual = quant_atual - 2 where id = 442; 
update estoque_total set total = total - 2 where medicamento_id = 442; 
insert into itens_venda values (default, 663, 445, 445, 1, 0.30, 17.91); 
update estoque set quant_venda = quant_venda + 1, quant_atual = quant_atual - 1 where id = 445; 
update estoque_total set total = total - 1 where medicamento_id = 445; 

insert into venda values (664, '2023-03-03 07:02:37', 226.90, null, null); 
insert into itens_venda values (default, 664, 362, 362, 1, 5.60, 183.28); 
update estoque set quant_venda = quant_venda + 1, quant_atual = quant_atual - 1 where id = 362; 
update estoque_total set total = total - 1 where medicamento_id = 362; 
insert into itens_venda values (default, 664, 502, 502, 2, 0.00, 43.62); 
update estoque set quant_venda = quant_venda + 2, quant_atual = quant_atual - 2 where id = 502; 
update estoque_total set total = total - 2 where medicamento_id = 502; 

insert into venda values (665, '2023-03-03 08:54:29', 89.39, null, null); 
insert into itens_venda values (default, 665, 297, 297, 1, 1.10, 57.41); 
update estoque set quant_venda = quant_venda + 1, quant_atual = quant_atual - 1 where id = 297; 
update estoque_total set total = total - 1 where medicamento_id = 297; 
insert into itens_venda values (default, 665, 422, 422, 2, 0.00, 31.98); 
update estoque set quant_venda = quant_venda + 2, quant_atual = quant_atual - 2 where id = 422; 
update estoque_total set total = total - 2 where medicamento_id = 422; 

insert into venda values (666, '2023-03-03 10:13:14', 66.37, null, null); 
insert into itens_venda values (default, 666, 502, 502, 1, 0.60, 21.21); 
update estoque set quant_venda = quant_venda + 1, quant_atual = quant_atual - 1 where id = 502; 
update estoque_total set total = total - 1 where medicamento_id = 502; 
insert into itens_venda values (default, 666, 409, 409, 1, 0.00, 24.45); 
update estoque set quant_venda = quant_venda + 1, quant_atual = quant_atual - 1 where id = 409; 
update estoque_total set total = total - 1 where medicamento_id = 409; 
insert into itens_venda values (default, 666, 262, 262, 1, 0.80, 20.71); 
update estoque set quant_venda = quant_venda + 1, quant_atual = quant_atual - 1 where id = 262; 
update estoque_total set total = total - 1 where medicamento_id = 262; 

insert into venda values (667, '2023-03-03 11:58:18', 370.23, null, null); 
insert into itens_venda values (default, 667, 369, 369, 1, 0.80, 88.89); 
update estoque set quant_venda = quant_venda + 1, quant_atual = quant_atual - 1 where id = 369; 
update estoque_total set total = total - 1 where medicamento_id = 369; 
insert into itens_venda values (default, 667, 301, 301, 1, 8.60, 281.34); 
update estoque set quant_venda = quant_venda + 1, quant_atual = quant_atual - 1 where id = 301; 
update estoque_total set total = total - 1 where medicamento_id = 301; 

insert into venda values (668, '2023-03-03 12:42:32', 299.25, null, null); 
insert into itens_venda values (default, 668, 378, 378, 1, 1.50, 36.07); 
update estoque set quant_venda = quant_venda + 1, quant_atual = quant_atual - 1 where id = 378; 
update estoque_total set total = total - 1 where medicamento_id = 378; 
insert into itens_venda values (default, 668, 316, 316, 1, 3.50, 176.00); 
update estoque set quant_venda = quant_venda + 1, quant_atual = quant_atual - 1 where id = 316; 
update estoque_total set total = total - 1 where medicamento_id = 316; 
insert into itens_venda values (default, 668, 489, 489, 2, 0.80, 87.18); 
update estoque set quant_venda = quant_venda + 2, quant_atual = quant_atual - 2 where id = 489; 
update estoque_total set total = total - 2 where medicamento_id = 489; 

insert into venda values (669, '2023-03-04 06:02:28', 51.05, 12, null); 
insert into itens_venda values (default, 669, 450, 450, 1, 0.00, 22.02); 
update estoque set quant_venda = quant_venda + 1, quant_atual = quant_atual - 1 where id = 450; 
update estoque_total set total = total - 1 where medicamento_id = 450; 
insert into itens_venda values (default, 669, 377, 377, 1, 0.10, 16.63); 
update estoque set quant_venda = quant_venda + 1, quant_atual = quant_atual - 1 where id = 377; 
update estoque_total set total = total - 1 where medicamento_id = 377; 
insert into itens_venda values (default, 669, 453, 453, 2, 0.60, 12.40); 
update estoque set quant_venda = quant_venda + 2, quant_atual = quant_atual - 2 where id = 453; 
update estoque_total set total = total - 2 where medicamento_id = 453; 

insert into venda values (670, '2023-03-04 06:53:48', 131.82, null, null); 
insert into itens_venda values (default, 670, 446, 446, 1, 0.00, 131.82); 
update estoque set quant_venda = quant_venda + 1, quant_atual = quant_atual - 1 where id = 446; 
update estoque_total set total = total - 1 where medicamento_id = 446; 

insert into venda values (671, '2023-03-04 08:06:08', 44.47, 20, null); 
insert into itens_venda values (default, 671, 485, 485, 3, 3.80, 44.47); 
update estoque set quant_venda = quant_venda + 3, quant_atual = quant_atual - 3 where id = 485; 
update estoque_total set total = total - 3 where medicamento_id = 485; 

insert into venda values (672, '2023-03-04 08:52:49', 68.03, null, null); 
insert into itens_venda values (default, 672, 495, 495, 1, 0.10, 10.58); 
update estoque set quant_venda = quant_venda + 1, quant_atual = quant_atual - 1 where id = 495; 
update estoque_total set total = total - 1 where medicamento_id = 495; 
insert into itens_venda values (default, 672, 355, 355, 1, 0.00, 26.11); 
update estoque set quant_venda = quant_venda + 1, quant_atual = quant_atual - 1 where id = 355; 
update estoque_total set total = total - 1 where medicamento_id = 355; 
insert into itens_venda values (default, 672, 500, 500, 2, 0.60, 31.34); 
update estoque set quant_venda = quant_venda + 2, quant_atual = quant_atual - 2 where id = 500; 
update estoque_total set total = total - 2 where medicamento_id = 500; 

insert into venda values (673, '2023-03-04 09:07:02', 84.16, null, 23); 
insert into itens_venda values (default, 673, 277, 277, 2, 0.00, 70.76); 
update estoque set quant_venda = quant_venda + 2, quant_atual = quant_atual - 2 where id = 277; 
update estoque_total set total = total - 2 where medicamento_id = 277; 
insert into itens_venda values (default, 673, 504, 504, 2, 0.10, 13.40); 
update estoque set quant_venda = quant_venda + 2, quant_atual = quant_atual - 2 where id = 504; 
update estoque_total set total = total - 2 where medicamento_id = 504; 

insert into venda values (674, '2023-03-04 09:32:48', 219.27, null, 22); 
insert into itens_venda values (default, 674, 149, 149, 1, 0.50, 27.09); 
update estoque set quant_venda = quant_venda + 1, quant_atual = quant_atual - 1 where id = 149; 
update estoque_total set total = total - 1 where medicamento_id = 149; 
insert into itens_venda values (default, 674, 488, 488, 2, 2.90, 95.56); 
update estoque set quant_venda = quant_venda + 2, quant_atual = quant_atual - 2 where id = 488; 
update estoque_total set total = total - 2 where medicamento_id = 488; 
insert into itens_venda values (default, 674, 367, 367, 1, 0.90, 96.62); 
update estoque set quant_venda = quant_venda + 1, quant_atual = quant_atual - 1 where id = 367; 
update estoque_total set total = total - 1 where medicamento_id = 367; 

insert into venda values (675, '2023-03-04 10:29:34', 207.83, 20, null); 
insert into itens_venda values (default, 675, 361, 361, 1, 7.50, 182.28); 
update estoque set quant_venda = quant_venda + 1, quant_atual = quant_atual - 1 where id = 361; 
update estoque_total set total = total - 1 where medicamento_id = 361; 
insert into itens_venda values (default, 675, 433, 433, 1, 1.60, 25.55); 
update estoque set quant_venda = quant_venda + 1, quant_atual = quant_atual - 1 where id = 433; 
update estoque_total set total = total - 1 where medicamento_id = 433; 

insert into venda values (676, '2023-03-04 11:17:23', 297.14, 2, 21); 
insert into itens_venda values (default, 676, 36, 36, 1, 29.30, 297.14); 
update estoque set quant_venda = quant_venda + 1, quant_atual = quant_atual - 1 where id = 36; 
update estoque_total set total = total - 1 where medicamento_id = 36; 

insert into venda values (677, '2023-03-04 12:35:46', 96.32, 13, null); 
insert into itens_venda values (default, 677, 324, 324, 3, 0.00, 58.56); 
update estoque set quant_venda = quant_venda + 3, quant_atual = quant_atual - 3 where id = 324; 
update estoque_total set total = total - 3 where medicamento_id = 324; 
insert into itens_venda values (default, 677, 269, 269, 1, 0.70, 37.76); 
update estoque set quant_venda = quant_venda + 1, quant_atual = quant_atual - 1 where id = 269; 
update estoque_total set total = total - 1 where medicamento_id = 269; 

insert into venda values (678, '2023-03-04 12:40:43', 214.79, 1, null); 
insert into itens_venda values (default, 678, 469, 469, 2, 0.90, 94.86); 
update estoque set quant_venda = quant_venda + 2, quant_atual = quant_atual - 2 where id = 469; 
update estoque_total set total = total - 2 where medicamento_id = 469; 
insert into itens_venda values (default, 678, 419, 419, 2, 3.20, 51.56); 
update estoque set quant_venda = quant_venda + 2, quant_atual = quant_atual - 2 where id = 419; 
update estoque_total set total = total - 2 where medicamento_id = 419; 
insert into itens_venda values (default, 678, 348, 348, 3, 2.10, 68.37); 
update estoque set quant_venda = quant_venda + 3, quant_atual = quant_atual - 3 where id = 348; 
update estoque_total set total = total - 3 where medicamento_id = 348; 

insert into venda values (679, '2023-03-04 12:48:24', 79.18, null, null); 
insert into itens_venda values (default, 679, 304, 304, 3, 3.20, 79.18); 
update estoque set quant_venda = quant_venda + 3, quant_atual = quant_atual - 3 where id = 304; 
update estoque_total set total = total - 3 where medicamento_id = 304; 

insert into venda values (680, '2023-03-05 06:15:35', 12.85, null, null); 
insert into itens_venda values (default, 680, 463, 463, 1, 0.50, 12.85); 
update estoque set quant_venda = quant_venda + 1, quant_atual = quant_atual - 1 where id = 463; 
update estoque_total set total = total - 1 where medicamento_id = 463; 

insert into venda values (681, '2023-03-05 07:34:34', 125.80, null, null); 
insert into itens_venda values (default, 681, 440, 440, 2, 0.00, 78.82); 
update estoque set quant_venda = quant_venda + 2, quant_atual = quant_atual - 2 where id = 440; 
update estoque_total set total = total - 2 where medicamento_id = 440; 
insert into itens_venda values (default, 681, 469, 469, 1, 0.90, 46.98); 
update estoque set quant_venda = quant_venda + 1, quant_atual = quant_atual - 1 where id = 469; 
update estoque_total set total = total - 1 where medicamento_id = 469; 

insert into venda values (682, '2023-03-05 08:26:38', 91.35, null, null); 
insert into itens_venda values (default, 682, 452, 452, 1, 0.50, 59.17); 
update estoque set quant_venda = quant_venda + 1, quant_atual = quant_atual - 1 where id = 452; 
update estoque_total set total = total - 1 where medicamento_id = 452; 
insert into itens_venda values (default, 682, 485, 485, 2, 0.00, 32.18); 
update estoque set quant_venda = quant_venda + 2, quant_atual = quant_atual - 2 where id = 485; 
update estoque_total set total = total - 2 where medicamento_id = 485; 

insert into venda values (683, '2023-03-05 08:33:56', 121.20, 8, 24); 
insert into itens_venda values (default, 683, 274, 274, 2, 1.40, 70.80); 
update estoque set quant_venda = quant_venda + 2, quant_atual = quant_atual - 2 where id = 274; 
update estoque_total set total = total - 2 where medicamento_id = 274; 
insert into itens_venda values (default, 683, 283, 283, 1, 1.50, 50.40); 
update estoque set quant_venda = quant_venda + 1, quant_atual = quant_atual - 1 where id = 283; 
update estoque_total set total = total - 1 where medicamento_id = 283; 

insert into venda values (684, '2023-03-05 09:05:56', 255.03, null, null); 
insert into itens_venda values (default, 684, 343, 343, 2, 1.80, 61.08); 
update estoque set quant_venda = quant_venda + 2, quant_atual = quant_atual - 2 where id = 343; 
update estoque_total set total = total - 2 where medicamento_id = 343; 
insert into itens_venda values (default, 684, 400, 400, 1, 0.00, 136.20); 
update estoque set quant_venda = quant_venda + 1, quant_atual = quant_atual - 1 where id = 400; 
update estoque_total set total = total - 1 where medicamento_id = 400; 
insert into itens_venda values (default, 684, 451, 451, 3, 0.00, 57.75); 
update estoque set quant_venda = quant_venda + 3, quant_atual = quant_atual - 3 where id = 451; 
update estoque_total set total = total - 3 where medicamento_id = 451; 

insert into venda values (685, '2023-03-05 10:05:25', 229.03, 3, 24); 
insert into itens_venda values (default, 685, 498, 498, 2, 4.20, 66.66); 
update estoque set quant_venda = quant_venda + 2, quant_atual = quant_atual - 2 where id = 498; 
update estoque_total set total = total - 2 where medicamento_id = 498; 
insert into itens_venda values (default, 685, 310, 310, 1, 3.70, 119.74); 
update estoque set quant_venda = quant_venda + 1, quant_atual = quant_atual - 1 where id = 310; 
update estoque_total set total = total - 1 where medicamento_id = 310; 
insert into itens_venda values (default, 685, 492, 492, 1, 1.70, 42.63); 
update estoque set quant_venda = quant_venda + 1, quant_atual = quant_atual - 1 where id = 492; 
update estoque_total set total = total - 1 where medicamento_id = 492; 

insert into venda values (686, '2023-03-05 11:26:32', 242.62, null, null); 
insert into itens_venda values (default, 686, 380, 380, 2, 0.60, 15.86); 
update estoque set quant_venda = quant_venda + 2, quant_atual = quant_atual - 2 where id = 380; 
update estoque_total set total = total - 2 where medicamento_id = 380; 
insert into itens_venda values (default, 686, 55, 55, 1, 0.00, 145.70); 
update estoque set quant_venda = quant_venda + 1, quant_atual = quant_atual - 1 where id = 55; 
update estoque_total set total = total - 1 where medicamento_id = 55; 
insert into itens_venda values (default, 686, 322, 322, 3, 3.30, 81.06); 
update estoque set quant_venda = quant_venda + 3, quant_atual = quant_atual - 3 where id = 322; 
update estoque_total set total = total - 3 where medicamento_id = 322; 

insert into venda values (687, '2023-03-05 12:33:29', 73.70, null, null); 
insert into itens_venda values (default, 687, 497, 497, 2, 1.50, 73.70); 
update estoque set quant_venda = quant_venda + 2, quant_atual = quant_atual - 2 where id = 497; 
update estoque_total set total = total - 2 where medicamento_id = 497; 

insert into venda values (688, '2023-03-05 12:39:15', 243.29, 9, 22); 
insert into itens_venda values (default, 688, 236, 236, 1, 9.20, 123.61); 
update estoque set quant_venda = quant_venda + 1, quant_atual = quant_atual - 1 where id = 236; 
update estoque_total set total = total - 1 where medicamento_id = 236; 
insert into itens_venda values (default, 688, 275, 275, 1, 0.00, 83.72); 
update estoque set quant_venda = quant_venda + 1, quant_atual = quant_atual - 1 where id = 275; 
update estoque_total set total = total - 1 where medicamento_id = 275; 
insert into itens_venda values (default, 688, 112, 112, 2, 3.10, 35.96); 
update estoque set quant_venda = quant_venda + 2, quant_atual = quant_atual - 2 where id = 112; 
update estoque_total set total = total - 2 where medicamento_id = 112; 

insert into venda values (689, '2023-03-06 07:34:24', 249.70, null, null); 
insert into itens_venda values (default, 689, 390, 390, 2, 0.00, 76.62); 
update estoque set quant_venda = quant_venda + 2, quant_atual = quant_atual - 2 where id = 390; 
update estoque_total set total = total - 2 where medicamento_id = 390; 
insert into itens_venda values (default, 689, 438, 438, 2, 1.00, 103.58); 
update estoque set quant_venda = quant_venda + 2, quant_atual = quant_atual - 2 where id = 438; 
update estoque_total set total = total - 2 where medicamento_id = 438; 
insert into itens_venda values (default, 689, 443, 443, 3, 0.70, 69.50); 
update estoque set quant_venda = quant_venda + 3, quant_atual = quant_atual - 3 where id = 443; 
update estoque_total set total = total - 3 where medicamento_id = 443; 

insert into venda values (690, '2023-03-06 09:14:35', 290.92, null, null); 
insert into itens_venda values (default, 690, 300, 300, 1, 7.50, 242.50); 
update estoque set quant_venda = quant_venda + 1, quant_atual = quant_atual - 1 where id = 300; 
update estoque_total set total = total - 1 where medicamento_id = 300; 
insert into itens_venda values (default, 690, 403, 403, 2, 1.40, 48.42); 
update estoque set quant_venda = quant_venda + 2, quant_atual = quant_atual - 2 where id = 403; 
update estoque_total set total = total - 2 where medicamento_id = 403; 

insert into venda values (691, '2023-03-06 09:54:20', 54.82, 17, null); 
insert into itens_venda values (default, 691, 449, 449, 3, 4.10, 54.82); 
update estoque set quant_venda = quant_venda + 3, quant_atual = quant_atual - 3 where id = 449; 
update estoque_total set total = total - 3 where medicamento_id = 449; 

insert into venda values (692, '2023-03-06 12:07:49', 122.75, 4, null); 
insert into itens_venda values (default, 692, 500, 500, 1, 0.60, 15.37); 
update estoque set quant_venda = quant_venda + 1, quant_atual = quant_atual - 1 where id = 500; 
update estoque_total set total = total - 1 where medicamento_id = 500; 
insert into itens_venda values (default, 692, 281, 281, 2, 6.80, 107.38); 
update estoque set quant_venda = quant_venda + 2, quant_atual = quant_atual - 2 where id = 281; 
update estoque_total set total = total - 2 where medicamento_id = 281; 

insert into venda values (693, '2023-03-06 13:23:53', 130.80, null, null); 
insert into itens_venda values (default, 693, 400, 400, 1, 5.40, 130.80); 
update estoque set quant_venda = quant_venda + 1, quant_atual = quant_atual - 1 where id = 400; 
update estoque_total set total = total - 1 where medicamento_id = 400; 

insert into venda values (694, '2023-03-06 16:05:55', 340.63, null, 24); 
insert into itens_venda values (default, 694, 324, 324, 3, 1.70, 56.86); 
update estoque set quant_venda = quant_venda + 3, quant_atual = quant_atual - 3 where id = 324; 
update estoque_total set total = total - 3 where medicamento_id = 324; 
insert into itens_venda values (default, 694, 487, 487, 1, 7.50, 180.53); 
update estoque set quant_venda = quant_venda + 1, quant_atual = quant_atual - 1 where id = 487; 
update estoque_total set total = total - 1 where medicamento_id = 487; 
insert into itens_venda values (default, 694, 308, 308, 2, 3.10, 103.24); 
update estoque set quant_venda = quant_venda + 2, quant_atual = quant_atual - 2 where id = 308; 
update estoque_total set total = total - 2 where medicamento_id = 308; 

insert into venda values (695, '2023-03-07 06:59:05', 169.70, null, null); 
insert into itens_venda values (default, 695, 250, 250, 2, 7.00, 169.70); 
update estoque set quant_venda = quant_venda + 2, quant_atual = quant_atual - 2 where id = 250; 
update estoque_total set total = total - 2 where medicamento_id = 250; 

insert into venda values (696, '2023-03-07 07:58:06', 198.89, null, null); 
insert into itens_venda values (default, 696, 407, 407, 2, 4.10, 135.56); 
update estoque set quant_venda = quant_venda + 2, quant_atual = quant_atual - 2 where id = 407; 
update estoque_total set total = total - 2 where medicamento_id = 407; 
insert into itens_venda values (default, 696, 262, 262, 3, 1.20, 63.33); 
update estoque set quant_venda = quant_venda + 3, quant_atual = quant_atual - 3 where id = 262; 
update estoque_total set total = total - 3 where medicamento_id = 262; 

insert into venda values (697, '2023-03-07 08:25:20', 204.58, null, 24); 
insert into itens_venda values (default, 697, 108, 108, 1, 6.30, 204.58); 
update estoque set quant_venda = quant_venda + 1, quant_atual = quant_atual - 1 where id = 108; 
update estoque_total set total = total - 1 where medicamento_id = 108; 

insert into venda values (698, '2023-03-07 09:30:44', 114.21, null, null); 
insert into itens_venda values (default, 698, 475, 475, 2, 0.00, 40.20); 
update estoque set quant_venda = quant_venda + 2, quant_atual = quant_atual - 2 where id = 475; 
update estoque_total set total = total - 2 where medicamento_id = 475; 
insert into itens_venda values (default, 698, 451, 451, 1, 0.00, 19.25); 
update estoque set quant_venda = quant_venda + 1, quant_atual = quant_atual - 1 where id = 451; 
update estoque_total set total = total - 1 where medicamento_id = 451; 
insert into itens_venda values (default, 698, 419, 419, 2, 0.00, 54.76); 
update estoque set quant_venda = quant_venda + 2, quant_atual = quant_atual - 2 where id = 419; 
update estoque_total set total = total - 2 where medicamento_id = 419; 

insert into venda values (699, '2023-03-07 10:46:06', 87.32, null, null); 
insert into itens_venda values (default, 699, 226, 226, 1, 2.60, 87.32); 
update estoque set quant_venda = quant_venda + 1, quant_atual = quant_atual - 1 where id = 226; 
update estoque_total set total = total - 1 where medicamento_id = 226; 

insert into venda values (700, '2023-03-07 11:34:36', 118.17, null, null); 
insert into itens_venda values (default, 700, 455, 455, 2, 1.00, 99.34); 
update estoque set quant_venda = quant_venda + 2, quant_atual = quant_atual - 2 where id = 455; 
update estoque_total set total = total - 2 where medicamento_id = 455; 
insert into itens_venda values (default, 700, 462, 462, 1, 0.10, 18.83); 
update estoque set quant_venda = quant_venda + 1, quant_atual = quant_atual - 1 where id = 462; 
update estoque_total set total = total - 1 where medicamento_id = 462; 

insert into venda values (701, '2023-03-07 12:45:38', 100.86, null, null); 
insert into itens_venda values (default, 701, 457, 457, 2, 0.00, 68.34); 
update estoque set quant_venda = quant_venda + 2, quant_atual = quant_atual - 2 where id = 457; 
update estoque_total set total = total - 2 where medicamento_id = 457; 
insert into itens_venda values (default, 701, 364, 364, 1, 0.60, 32.52); 
update estoque set quant_venda = quant_venda + 1, quant_atual = quant_atual - 1 where id = 364; 
update estoque_total set total = total - 1 where medicamento_id = 364; 

insert into venda values (702, '2023-03-07 13:00:46', 201.18, 13, 21); 
insert into itens_venda values (default, 702, 385, 385, 1, 1.20, 20.29); 
update estoque set quant_venda = quant_venda + 1, quant_atual = quant_atual - 1 where id = 385; 
update estoque_total set total = total - 1 where medicamento_id = 385; 
insert into itens_venda values (default, 702, 467, 467, 1, 3.70, 58.63); 
update estoque set quant_venda = quant_venda + 1, quant_atual = quant_atual - 1 where id = 467; 
update estoque_total set total = total - 1 where medicamento_id = 467; 
insert into itens_venda values (default, 702, 347, 347, 2, 2.40, 122.26); 
update estoque set quant_venda = quant_venda + 2, quant_atual = quant_atual - 2 where id = 347; 
update estoque_total set total = total - 2 where medicamento_id = 347; 

insert into venda values (703, '2023-03-07 13:55:57', 332.13, null, null); 
insert into itens_venda values (default, 703, 173, 173, 1, 2.90, 287.90); 
update estoque set quant_venda = quant_venda + 1, quant_atual = quant_atual - 1 where id = 173; 
update estoque_total set total = total - 1 where medicamento_id = 173; 
insert into itens_venda values (default, 703, 234, 234, 1, 0.40, 44.23); 
update estoque set quant_venda = quant_venda + 1, quant_atual = quant_atual - 1 where id = 234; 
update estoque_total set total = total - 1 where medicamento_id = 234; 

insert into venda values (704, '2023-03-07 14:58:43', 302.48, null, 22); 
insert into itens_venda values (default, 704, 492, 492, 2, 2.60, 86.06); 
update estoque set quant_venda = quant_venda + 2, quant_atual = quant_atual - 2 where id = 492; 
update estoque_total set total = total - 2 where medicamento_id = 492; 
insert into itens_venda values (default, 704, 213, 213, 1, 1.70, 168.91); 
update estoque set quant_venda = quant_venda + 1, quant_atual = quant_atual - 1 where id = 213; 
update estoque_total set total = total - 1 where medicamento_id = 213; 
insert into itens_venda values (default, 704, 500, 500, 3, 0.40, 47.51); 
update estoque set quant_venda = quant_venda + 3, quant_atual = quant_atual - 3 where id = 500; 
update estoque_total set total = total - 3 where medicamento_id = 500; 

insert into venda values (705, '2023-03-07 15:31:56', 37.66, null, null); 
insert into itens_venda values (default, 705, 460, 460, 1, 0.00, 37.66); 
update estoque set quant_venda = quant_venda + 1, quant_atual = quant_atual - 1 where id = 460; 
update estoque_total set total = total - 1 where medicamento_id = 460; 

insert into venda values (706, '2023-03-08 07:08:19', 192.42, null, null); 
insert into itens_venda values (default, 706, 473, 473, 1, 0.40, 48.76); 
update estoque set quant_venda = quant_venda + 1, quant_atual = quant_atual - 1 where id = 473; 
update estoque_total set total = total - 1 where medicamento_id = 473; 
insert into itens_venda values (default, 706, 360, 360, 1, 4.40, 143.66); 
update estoque set quant_venda = quant_venda + 1, quant_atual = quant_atual - 1 where id = 360; 
update estoque_total set total = total - 1 where medicamento_id = 360; 

insert into venda values (707, '2023-03-08 07:15:44', 170.67, 10, null); 
insert into itens_venda values (default, 707, 484, 484, 1, 0.00, 16.52); 
update estoque set quant_venda = quant_venda + 1, quant_atual = quant_atual - 1 where id = 484; 
update estoque_total set total = total - 1 where medicamento_id = 484; 
insert into itens_venda values (default, 707, 245, 245, 1, 5.90, 141.85); 
update estoque set quant_venda = quant_venda + 1, quant_atual = quant_atual - 1 where id = 245; 
update estoque_total set total = total - 1 where medicamento_id = 245; 
insert into itens_venda values (default, 707, 504, 504, 2, 1.20, 12.30); 
update estoque set quant_venda = quant_venda + 2, quant_atual = quant_atual - 2 where id = 504; 
update estoque_total set total = total - 2 where medicamento_id = 504; 

insert into venda values (708, '2023-03-08 08:15:29', 511.44, null, 25); 
insert into itens_venda values (default, 708, 27, 27, 1, 10.20, 331.12); 
update estoque set quant_venda = quant_venda + 1, quant_atual = quant_atual - 1 where id = 27; 
update estoque_total set total = total - 1 where medicamento_id = 27; 
insert into itens_venda values (default, 708, 440, 440, 2, 2.30, 76.52); 
update estoque set quant_venda = quant_venda + 2, quant_atual = quant_atual - 2 where id = 440; 
update estoque_total set total = total - 2 where medicamento_id = 440; 
insert into itens_venda values (default, 708, 283, 283, 2, 0.00, 103.80); 
update estoque set quant_venda = quant_venda + 2, quant_atual = quant_atual - 2 where id = 283; 
update estoque_total set total = total - 2 where medicamento_id = 283; 

insert into venda values (709, '2023-03-08 09:01:17', 279.60, null, null); 
insert into itens_venda values (default, 709, 440, 440, 2, 0.00, 78.82); 
update estoque set quant_venda = quant_venda + 2, quant_atual = quant_atual - 2 where id = 440; 
update estoque_total set total = total - 2 where medicamento_id = 440; 
insert into itens_venda values (default, 709, 487, 487, 1, 7.50, 180.53); 
update estoque set quant_venda = quant_venda + 1, quant_atual = quant_atual - 1 where id = 487; 
update estoque_total set total = total - 1 where medicamento_id = 487; 
insert into itens_venda values (default, 709, 504, 504, 3, 0.00, 20.25); 
update estoque set quant_venda = quant_venda + 3, quant_atual = quant_atual - 3 where id = 504; 
update estoque_total set total = total - 3 where medicamento_id = 504; 

insert into venda values (710, '2023-03-08 09:48:28', 117.67, 9, null); 
insert into itens_venda values (default, 710, 433, 433, 2, 1.60, 52.70); 
update estoque set quant_venda = quant_venda + 2, quant_atual = quant_atual - 2 where id = 433; 
update estoque_total set total = total - 2 where medicamento_id = 433; 
insert into itens_venda values (default, 710, 292, 292, 1, 0.50, 10.20); 
update estoque set quant_venda = quant_venda + 1, quant_atual = quant_atual - 1 where id = 292; 
update estoque_total set total = total - 1 where medicamento_id = 292; 
insert into itens_venda values (default, 710, 468, 468, 1, 4.70, 54.77); 
update estoque set quant_venda = quant_venda + 1, quant_atual = quant_atual - 1 where id = 468; 
update estoque_total set total = total - 1 where medicamento_id = 468; 

insert into venda values (711, '2023-03-08 10:51:15', 75.40, null, null); 
insert into itens_venda values (default, 711, 422, 422, 2, 0.00, 31.98); 
update estoque set quant_venda = quant_venda + 2, quant_atual = quant_atual - 2 where id = 422; 
update estoque_total set total = total - 2 where medicamento_id = 422; 
insert into itens_venda values (default, 711, 417, 417, 3, 0.80, 43.42); 
update estoque set quant_venda = quant_venda + 3, quant_atual = quant_atual - 3 where id = 417; 
update estoque_total set total = total - 3 where medicamento_id = 417; 

insert into venda values (712, '2023-03-08 11:27:57', 89.74, null, null); 
insert into itens_venda values (default, 712, 376, 376, 3, 0.00, 44.70); 
update estoque set quant_venda = quant_venda + 3, quant_atual = quant_atual - 3 where id = 376; 
update estoque_total set total = total - 3 where medicamento_id = 376; 
insert into itens_venda values (default, 712, 242, 242, 2, 0.30, 12.00); 
update estoque set quant_venda = quant_venda + 2, quant_atual = quant_atual - 2 where id = 242; 
update estoque_total set total = total - 2 where medicamento_id = 242; 
insert into itens_venda values (default, 712, 401, 401, 1, 0.60, 33.04); 
update estoque set quant_venda = quant_venda + 1, quant_atual = quant_atual - 1 where id = 401; 
update estoque_total set total = total - 1 where medicamento_id = 401; 

insert into venda values (713, '2023-03-08 11:51:10', 138.88, null, 23); 
insert into itens_venda values (default, 713, 429, 429, 2, 0.00, 49.42); 
update estoque set quant_venda = quant_venda + 2, quant_atual = quant_atual - 2 where id = 429; 
update estoque_total set total = total - 2 where medicamento_id = 429; 
insert into itens_venda values (default, 713, 136, 136, 2, 2.70, 89.46); 
update estoque set quant_venda = quant_venda + 2, quant_atual = quant_atual - 2 where id = 136; 
update estoque_total set total = total - 2 where medicamento_id = 136; 

insert into venda values (714, '2023-03-08 11:59:41', 113.67, 15, 24); 
insert into itens_venda values (default, 714, 188, 188, 3, 4.50, 60.33); 
update estoque set quant_venda = quant_venda + 3, quant_atual = quant_atual - 3 where id = 188; 
update estoque_total set total = total - 3 where medicamento_id = 188; 
insert into itens_venda values (default, 714, 424, 424, 1, 0.70, 10.30); 
update estoque set quant_venda = quant_venda + 1, quant_atual = quant_atual - 1 where id = 424; 
update estoque_total set total = total - 1 where medicamento_id = 424; 
insert into itens_venda values (default, 714, 384, 384, 1, 0.80, 43.04); 
update estoque set quant_venda = quant_venda + 1, quant_atual = quant_atual - 1 where id = 384; 
update estoque_total set total = total - 1 where medicamento_id = 384; 

insert into venda values (715, '2023-03-09 06:55:43', 25.02, null, null); 
insert into itens_venda values (default, 715, 417, 417, 1, 0.40, 14.34); 
update estoque set quant_venda = quant_venda + 1, quant_atual = quant_atual - 1 where id = 417; 
update estoque_total set total = total - 1 where medicamento_id = 417; 
insert into itens_venda values (default, 715, 495, 495, 1, 0.00, 10.68); 
update estoque set quant_venda = quant_venda + 1, quant_atual = quant_atual - 1 where id = 495; 
update estoque_total set total = total - 1 where medicamento_id = 495; 

insert into venda values (716, '2023-03-09 08:11:25', 113.89, null, null); 
insert into itens_venda values (default, 716, 377, 377, 3, 0.00, 50.19); 
update estoque set quant_venda = quant_venda + 3, quant_atual = quant_atual - 3 where id = 377; 
update estoque_total set total = total - 3 where medicamento_id = 377; 
insert into itens_venda values (default, 716, 464, 464, 2, 1.20, 63.70); 
update estoque set quant_venda = quant_venda + 2, quant_atual = quant_atual - 2 where id = 464; 
update estoque_total set total = total - 2 where medicamento_id = 464; 

insert into venda values (717, '2023-03-09 08:16:57', 166.43, null, null); 
insert into itens_venda values (default, 717, 132, 132, 1, 0.00, 49.34); 
update estoque set quant_venda = quant_venda + 1, quant_atual = quant_atual - 1 where id = 132; 
update estoque_total set total = total - 1 where medicamento_id = 132; 
insert into itens_venda values (default, 717, 448, 448, 3, 0.90, 48.57); 
update estoque set quant_venda = quant_venda + 3, quant_atual = quant_atual - 3 where id = 448; 
update estoque_total set total = total - 3 where medicamento_id = 448; 
insert into itens_venda values (default, 717, 442, 442, 3, 0.60, 68.52); 
update estoque set quant_venda = quant_venda + 3, quant_atual = quant_atual - 3 where id = 442; 
update estoque_total set total = total - 3 where medicamento_id = 442; 

insert into venda values (718, '2023-03-09 09:20:41', 144.34, null, null); 
insert into itens_venda values (default, 718, 411, 411, 2, 0.00, 144.34); 
update estoque set quant_venda = quant_venda + 2, quant_atual = quant_atual - 2 where id = 411; 
update estoque_total set total = total - 2 where medicamento_id = 411; 

insert into venda values (719, '2023-03-09 09:26:58', 312.08, null, 23); 
insert into itens_venda values (default, 719, 214, 214, 2, 0.00, 136.84); 
update estoque set quant_venda = quant_venda + 2, quant_atual = quant_atual - 2 where id = 214; 
update estoque_total set total = total - 2 where medicamento_id = 214; 
insert into itens_venda values (default, 719, 412, 412, 2, 1.70, 175.24); 
update estoque set quant_venda = quant_venda + 2, quant_atual = quant_atual - 2 where id = 412; 
update estoque_total set total = total - 2 where medicamento_id = 412; 

insert into venda values (720, '2023-03-09 09:53:44', 214.43, null, null); 
insert into itens_venda values (default, 720, 361, 361, 1, 7.50, 182.28); 
update estoque set quant_venda = quant_venda + 1, quant_atual = quant_atual - 1 where id = 361; 
update estoque_total set total = total - 1 where medicamento_id = 361; 
insert into itens_venda values (default, 720, 464, 464, 1, 0.30, 32.15); 
update estoque set quant_venda = quant_venda + 1, quant_atual = quant_atual - 1 where id = 464; 
update estoque_total set total = total - 1 where medicamento_id = 464; 

insert into venda values (721, '2023-03-09 10:50:28', 144.58, null, null); 
insert into itens_venda values (default, 721, 413, 413, 1, 0.00, 90.22); 
update estoque set quant_venda = quant_venda + 1, quant_atual = quant_atual - 1 where id = 413; 
update estoque_total set total = total - 1 where medicamento_id = 413; 
insert into itens_venda values (default, 721, 397, 397, 3, 0.00, 54.36); 
update estoque set quant_venda = quant_venda + 3, quant_atual = quant_atual - 3 where id = 397; 
update estoque_total set total = total - 3 where medicamento_id = 397; 

insert into venda values (722, '2023-03-09 11:13:40', 171.98, null, null); 
insert into itens_venda values (default, 722, 438, 438, 2, 0.00, 104.58); 
update estoque set quant_venda = quant_venda + 2, quant_atual = quant_atual - 2 where id = 438; 
update estoque_total set total = total - 2 where medicamento_id = 438; 
insert into itens_venda values (default, 722, 443, 443, 3, 2.80, 67.40); 
update estoque set quant_venda = quant_venda + 3, quant_atual = quant_atual - 3 where id = 443; 
update estoque_total set total = total - 3 where medicamento_id = 443; 

insert into venda values (723, '2023-03-09 11:58:22', 135.37, null, null); 
insert into itens_venda values (default, 723, 231, 231, 2, 3.60, 117.46); 
update estoque set quant_venda = quant_venda + 2, quant_atual = quant_atual - 2 where id = 231; 
update estoque_total set total = total - 2 where medicamento_id = 231; 
insert into itens_venda values (default, 723, 445, 445, 1, 0.30, 17.91); 
update estoque set quant_venda = quant_venda + 1, quant_atual = quant_atual - 1 where id = 445; 
update estoque_total set total = total - 1 where medicamento_id = 445; 

insert into venda values (724, '2023-03-09 12:43:44', 182.52, null, 23); 
insert into itens_venda values (default, 724, 498, 498, 2, 0.00, 70.86); 
update estoque set quant_venda = quant_venda + 2, quant_atual = quant_atual - 2 where id = 498; 
update estoque_total set total = total - 2 where medicamento_id = 498; 
insert into itens_venda values (default, 724, 356, 356, 1, 3.40, 111.66); 
update estoque set quant_venda = quant_venda + 1, quant_atual = quant_atual - 1 where id = 356; 
update estoque_total set total = total - 1 where medicamento_id = 356; 

insert into venda values (725, '2023-03-10 06:58:35', 394.53, null, 21); 
insert into itens_venda values (default, 725, 340, 340, 3, 1.20, 62.34); 
update estoque set quant_venda = quant_venda + 3, quant_atual = quant_atual - 3 where id = 340; 
update estoque_total set total = total - 3 where medicamento_id = 340; 
insert into itens_venda values (default, 725, 122, 122, 1, 0.00, 140.71); 
update estoque set quant_venda = quant_venda + 1, quant_atual = quant_atual - 1 where id = 122; 
update estoque_total set total = total - 1 where medicamento_id = 122; 
insert into itens_venda values (default, 725, 338, 338, 2, 1.90, 191.48); 
update estoque set quant_venda = quant_venda + 2, quant_atual = quant_atual - 2 where id = 338; 
update estoque_total set total = total - 2 where medicamento_id = 338; 

insert into venda values (726, '2023-03-10 08:05:50', 79.77, null, null); 
insert into itens_venda values (default, 726, 224, 224, 1, 0.00, 79.77); 
update estoque set quant_venda = quant_venda + 1, quant_atual = quant_atual - 1 where id = 224; 
update estoque_total set total = total - 1 where medicamento_id = 224; 

insert into venda values (727, '2023-03-10 08:51:20', 55.05, null, null); 
insert into itens_venda values (default, 727, 429, 429, 1, 0.00, 24.71); 
update estoque set quant_venda = quant_venda + 1, quant_atual = quant_atual - 1 where id = 429; 
update estoque_total set total = total - 1 where medicamento_id = 429; 
insert into itens_venda values (default, 727, 480, 480, 1, 1.20, 30.34); 
update estoque set quant_venda = quant_venda + 1, quant_atual = quant_atual - 1 where id = 480; 
update estoque_total set total = total - 1 where medicamento_id = 480; 

insert into venda values (728, '2023-03-10 09:45:26', 188.22, null, null); 
insert into itens_venda values (default, 728, 293, 293, 3, 0.00, 87.39); 
update estoque set quant_venda = quant_venda + 3, quant_atual = quant_atual - 3 where id = 293; 
update estoque_total set total = total - 3 where medicamento_id = 293; 
insert into itens_venda values (default, 728, 385, 385, 3, 0.60, 63.87); 
update estoque set quant_venda = quant_venda + 3, quant_atual = quant_atual - 3 where id = 385; 
update estoque_total set total = total - 3 where medicamento_id = 385; 
insert into itens_venda values (default, 728, 460, 460, 1, 0.70, 36.96); 
update estoque set quant_venda = quant_venda + 1, quant_atual = quant_atual - 1 where id = 460; 
update estoque_total set total = total - 1 where medicamento_id = 460; 

insert into venda values (729, '2023-03-10 10:55:47', 16.12, 6, null); 
insert into itens_venda values (default, 729, 484, 484, 1, 0.40, 16.12); 
update estoque set quant_venda = quant_venda + 1, quant_atual = quant_atual - 1 where id = 484; 
update estoque_total set total = total - 1 where medicamento_id = 484; 

insert into venda values (730, '2023-03-10 11:33:45', 356.33, 8, 25); 
insert into itens_venda values (default, 730, 190, 190, 1, 6.70, 217.23); 
update estoque set quant_venda = quant_venda + 1, quant_atual = quant_atual - 1 where id = 190; 
update estoque_total set total = total - 1 where medicamento_id = 190; 
insert into itens_venda values (default, 730, 318, 318, 2, 2.20, 109.58); 
update estoque set quant_venda = quant_venda + 2, quant_atual = quant_atual - 2 where id = 318; 
update estoque_total set total = total - 2 where medicamento_id = 318; 
insert into itens_venda values (default, 730, 279, 279, 1, 0.00, 29.52); 
update estoque set quant_venda = quant_venda + 1, quant_atual = quant_atual - 1 where id = 279; 
update estoque_total set total = total - 1 where medicamento_id = 279; 

insert into venda values (731, '2023-03-10 11:51:34', 101.24, null, null); 
insert into itens_venda values (default, 731, 414, 414, 1, 1.10, 37.40); 
update estoque set quant_venda = quant_venda + 1, quant_atual = quant_atual - 1 where id = 414; 
update estoque_total set total = total - 1 where medicamento_id = 414; 
insert into itens_venda values (default, 731, 436, 436, 1, 1.90, 63.84); 
update estoque set quant_venda = quant_venda + 1, quant_atual = quant_atual - 1 where id = 436; 
update estoque_total set total = total - 1 where medicamento_id = 436; 

insert into venda values (732, '2023-03-10 13:01:00', 63.80, null, null); 
insert into itens_venda values (default, 732, 387, 387, 1, 1.30, 63.80); 
update estoque set quant_venda = quant_venda + 1, quant_atual = quant_atual - 1 where id = 387; 
update estoque_total set total = total - 1 where medicamento_id = 387; 

insert into venda values (733, '2023-03-11 06:17:00', 67.65, 13, null); 
insert into itens_venda values (default, 733, 405, 405, 1, 1.40, 34.61); 
update estoque set quant_venda = quant_venda + 1, quant_atual = quant_atual - 1 where id = 405; 
update estoque_total set total = total - 1 where medicamento_id = 405; 
insert into itens_venda values (default, 733, 484, 484, 2, 0.00, 33.04); 
update estoque set quant_venda = quant_venda + 2, quant_atual = quant_atual - 2 where id = 484; 
update estoque_total set total = total - 2 where medicamento_id = 484; 

insert into venda values (734, '2023-03-11 07:04:14', 128.61, null, null); 
insert into itens_venda values (default, 734, 447, 447, 1, 1.00, 25.53); 
update estoque set quant_venda = quant_venda + 1, quant_atual = quant_atual - 1 where id = 447; 
update estoque_total set total = total - 1 where medicamento_id = 447; 
insert into itens_venda values (default, 734, 326, 326, 1, 0.90, 44.82); 
update estoque set quant_venda = quant_venda + 1, quant_atual = quant_atual - 1 where id = 326; 
update estoque_total set total = total - 1 where medicamento_id = 326; 
insert into itens_venda values (default, 734, 293, 293, 2, 0.00, 58.26); 
update estoque set quant_venda = quant_venda + 2, quant_atual = quant_atual - 2 where id = 293; 
update estoque_total set total = total - 2 where medicamento_id = 293; 

insert into venda values (735, '2023-03-11 07:30:33', 231.62, 12, null); 
insert into itens_venda values (default, 735, 476, 476, 2, 3.80, 44.54); 
update estoque set quant_venda = quant_venda + 2, quant_atual = quant_atual - 2 where id = 476; 
update estoque_total set total = total - 2 where medicamento_id = 476; 
insert into itens_venda values (default, 735, 362, 362, 1, 1.80, 187.08); 
update estoque set quant_venda = quant_venda + 1, quant_atual = quant_atual - 1 where id = 362; 
update estoque_total set total = total - 1 where medicamento_id = 362; 

insert into venda values (736, '2023-03-11 08:10:50', 121.04, null, 22); 
insert into itens_venda values (default, 736, 310, 310, 1, 2.40, 121.04); 
update estoque set quant_venda = quant_venda + 1, quant_atual = quant_atual - 1 where id = 310; 
update estoque_total set total = total - 1 where medicamento_id = 310; 

insert into venda values (737, '2023-03-11 09:04:45', 481.26, 20, 23); 
insert into itens_venda values (default, 737, 470, 470, 2, 15.70, 159.10); 
update estoque set quant_venda = quant_venda + 2, quant_atual = quant_atual - 2 where id = 470; 
update estoque_total set total = total - 2 where medicamento_id = 470; 
insert into itens_venda values (default, 737, 178, 178, 2, 10.60, 122.96); 
update estoque set quant_venda = quant_venda + 2, quant_atual = quant_atual - 2 where id = 178; 
update estoque_total set total = total - 2 where medicamento_id = 178; 
insert into itens_venda values (default, 737, 215, 215, 1, 19.70, 199.20); 
update estoque set quant_venda = quant_venda + 1, quant_atual = quant_atual - 1 where id = 215; 
update estoque_total set total = total - 1 where medicamento_id = 215; 

insert into venda values (738, '2023-03-11 09:43:37', 53.67, null, null); 
insert into itens_venda values (default, 738, 471, 471, 3, 0.00, 53.67); 
update estoque set quant_venda = quant_venda + 3, quant_atual = quant_atual - 3 where id = 471; 
update estoque_total set total = total - 3 where medicamento_id = 471; 

insert into venda values (739, '2023-03-11 10:34:25', 139.56, 20, null); 
insert into itens_venda values (default, 739, 393, 393, 3, 0.70, 72.86); 
update estoque set quant_venda = quant_venda + 3, quant_atual = quant_atual - 3 where id = 393; 
update estoque_total set total = total - 3 where medicamento_id = 393; 
insert into itens_venda values (default, 739, 458, 458, 2, 5.70, 66.70); 
update estoque set quant_venda = quant_venda + 2, quant_atual = quant_atual - 2 where id = 458; 
update estoque_total set total = total - 2 where medicamento_id = 458; 

insert into venda values (740, '2023-03-11 10:45:38', 60.30, null, null); 
insert into itens_venda values (default, 740, 475, 475, 3, 0.00, 60.30); 
update estoque set quant_venda = quant_venda + 3, quant_atual = quant_atual - 3 where id = 475; 
update estoque_total set total = total - 3 where medicamento_id = 475; 

insert into venda values (741, '2023-03-11 11:39:26', 288.44, 6, null); 
insert into itens_venda values (default, 741, 380, 380, 2, 0.60, 15.86); 
update estoque set quant_venda = quant_venda + 2, quant_atual = quant_atual - 2 where id = 380; 
update estoque_total set total = total - 2 where medicamento_id = 380; 
insert into itens_venda values (default, 741, 435, 435, 2, 0.00, 196.04); 
update estoque set quant_venda = quant_venda + 2, quant_atual = quant_atual - 2 where id = 435; 
update estoque_total set total = total - 2 where medicamento_id = 435; 
insert into itens_venda values (default, 741, 169, 169, 2, 0.00, 76.54); 
update estoque set quant_venda = quant_venda + 2, quant_atual = quant_atual - 2 where id = 169; 
update estoque_total set total = total - 2 where medicamento_id = 169; 

insert into venda values (742, '2023-03-11 12:43:35', 69.23, null, null); 
insert into itens_venda values (default, 742, 407, 407, 1, 0.60, 69.23); 
update estoque set quant_venda = quant_venda + 1, quant_atual = quant_atual - 1 where id = 407; 
update estoque_total set total = total - 1 where medicamento_id = 407; 

insert into venda values (743, '2023-03-11 13:30:04', 125.56, 17, null); 
insert into itens_venda values (default, 743, 500, 500, 2, 1.50, 30.44); 
update estoque set quant_venda = quant_venda + 2, quant_atual = quant_atual - 2 where id = 500; 
update estoque_total set total = total - 2 where medicamento_id = 500; 
insert into itens_venda values (default, 743, 445, 445, 2, 3.20, 33.22); 
update estoque set quant_venda = quant_venda + 2, quant_atual = quant_atual - 2 where id = 445; 
update estoque_total set total = total - 2 where medicamento_id = 445; 
insert into itens_venda values (default, 743, 387, 387, 1, 3.20, 61.90); 
update estoque set quant_venda = quant_venda + 1, quant_atual = quant_atual - 1 where id = 387; 
update estoque_total set total = total - 1 where medicamento_id = 387; 

insert into venda values (744, '2023-03-11 13:33:11', 42.63, 12, null); 
insert into itens_venda values (default, 744, 492, 492, 1, 1.70, 42.63); 
update estoque set quant_venda = quant_venda + 1, quant_atual = quant_atual - 1 where id = 492; 
update estoque_total set total = total - 1 where medicamento_id = 492; 

insert into venda values (745, '2023-03-12 07:43:31', 430.38, 5, null); 
insert into itens_venda values (default, 745, 472, 472, 2, 1.10, 57.54); 
update estoque set quant_venda = quant_venda + 2, quant_atual = quant_atual - 2 where id = 472; 
update estoque_total set total = total - 2 where medicamento_id = 472; 
insert into itens_venda values (default, 745, 396, 396, 1, 10.20, 331.10); 
update estoque set quant_venda = quant_venda + 1, quant_atual = quant_atual - 1 where id = 396; 
update estoque_total set total = total - 1 where medicamento_id = 396; 
insert into itens_venda values (default, 745, 384, 384, 1, 2.10, 41.74); 
update estoque set quant_venda = quant_venda + 1, quant_atual = quant_atual - 1 where id = 384; 
update estoque_total set total = total - 1 where medicamento_id = 384; 

insert into venda values (746, '2023-03-12 09:50:27', 151.72, 18, 22); 
insert into itens_venda values (default, 746, 206, 206, 1, 3.00, 30.75); 
update estoque set quant_venda = quant_venda + 1, quant_atual = quant_atual - 1 where id = 206; 
update estoque_total set total = total - 1 where medicamento_id = 206; 
insert into itens_venda values (default, 746, 358, 358, 1, 1.40, 35.59); 
update estoque set quant_venda = quant_venda + 1, quant_atual = quant_atual - 1 where id = 358; 
update estoque_total set total = total - 1 where medicamento_id = 358; 
insert into itens_venda values (default, 746, 489, 489, 2, 2.60, 85.38); 
update estoque set quant_venda = quant_venda + 2, quant_atual = quant_atual - 2 where id = 489; 
update estoque_total set total = total - 2 where medicamento_id = 489; 

insert into venda values (747, '2023-03-12 11:46:23', 213.61, null, null); 
insert into itens_venda values (default, 747, 439, 439, 2, 0.00, 81.94); 
update estoque set quant_venda = quant_venda + 2, quant_atual = quant_atual - 2 where id = 439; 
update estoque_total set total = total - 2 where medicamento_id = 439; 
insert into itens_venda values (default, 747, 421, 421, 1, 0.00, 9.19); 
update estoque set quant_venda = quant_venda + 1, quant_atual = quant_atual - 1 where id = 421; 
update estoque_total set total = total - 1 where medicamento_id = 421; 
insert into itens_venda values (default, 747, 466, 466, 1, 2.40, 122.48); 
update estoque set quant_venda = quant_venda + 1, quant_atual = quant_atual - 1 where id = 466; 
update estoque_total set total = total - 1 where medicamento_id = 466; 

insert into venda values (748, '2023-03-12 13:44:26', 267.07, 19, null); 
insert into itens_venda values (default, 748, 249, 249, 1, 4.50, 46.35); 
update estoque set quant_venda = quant_venda + 1, quant_atual = quant_atual - 1 where id = 249; 
update estoque_total set total = total - 1 where medicamento_id = 249; 
insert into itens_venda values (default, 748, 467, 467, 2, 2.40, 122.26); 
update estoque set quant_venda = quant_venda + 2, quant_atual = quant_atual - 2 where id = 467; 
update estoque_total set total = total - 2 where medicamento_id = 467; 
insert into itens_venda values (default, 748, 488, 488, 2, 0.00, 98.46); 
update estoque set quant_venda = quant_venda + 2, quant_atual = quant_atual - 2 where id = 488; 
update estoque_total set total = total - 2 where medicamento_id = 488; 

insert into venda values (749, '2023-03-12 14:33:28', 77.00, null, null); 
insert into itens_venda values (default, 749, 414, 414, 2, 0.00, 77.00); 
update estoque set quant_venda = quant_venda + 2, quant_atual = quant_atual - 2 where id = 414; 
update estoque_total set total = total - 2 where medicamento_id = 414; 

insert into venda values (750, '2023-03-12 16:33:34', 48.44, null, null); 
insert into itens_venda values (default, 750, 132, 132, 1, 0.90, 48.44); 
update estoque set quant_venda = quant_venda + 1, quant_atual = quant_atual - 1 where id = 132; 
update estoque_total set total = total - 1 where medicamento_id = 132; 

insert into venda values (751, '2023-03-13 06:22:06', 441.52, 14, 21); 
insert into itens_venda values (default, 751, 21, 21, 1, 6.20, 308.55); 
update estoque set quant_venda = quant_venda + 1, quant_atual = quant_atual - 1 where id = 21; 
update estoque_total set total = total - 1 where medicamento_id = 21; 
insert into itens_venda values (default, 751, 402, 402, 3, 2.50, 48.11); 
update estoque set quant_venda = quant_venda + 3, quant_atual = quant_atual - 3 where id = 402; 
update estoque_total set total = total - 3 where medicamento_id = 402; 
insert into itens_venda values (default, 751, 136, 136, 2, 7.30, 84.86); 
update estoque set quant_venda = quant_venda + 2, quant_atual = quant_atual - 2 where id = 136; 
update estoque_total set total = total - 2 where medicamento_id = 136; 

insert into venda values (752, '2023-03-13 06:45:23', 82.54, null, null); 
insert into itens_venda values (default, 752, 395, 395, 2, 0.00, 82.54); 
update estoque set quant_venda = quant_venda + 2, quant_atual = quant_atual - 2 where id = 395; 
update estoque_total set total = total - 2 where medicamento_id = 395; 

insert into venda values (753, '2023-03-13 07:48:09', 71.03, null, 25); 
insert into itens_venda values (default, 753, 500, 500, 3, 0.90, 47.01); 
update estoque set quant_venda = quant_venda + 3, quant_atual = quant_atual - 3 where id = 500; 
update estoque_total set total = total - 3 where medicamento_id = 500; 
insert into itens_venda values (default, 753, 204, 204, 2, 0.90, 24.02); 
update estoque set quant_venda = quant_venda + 2, quant_atual = quant_atual - 2 where id = 204; 
update estoque_total set total = total - 2 where medicamento_id = 204; 

insert into venda values (754, '2023-03-13 08:38:10', 144.30, null, 23); 
insert into itens_venda values (default, 754, 86, 86, 1, 0.00, 144.30); 
update estoque set quant_venda = quant_venda + 1, quant_atual = quant_atual - 1 where id = 86; 
update estoque_total set total = total - 1 where medicamento_id = 86; 

insert into venda values (755, '2023-03-13 08:56:51', 85.38, null, null); 
insert into itens_venda values (default, 755, 489, 489, 2, 2.60, 85.38); 
update estoque set quant_venda = quant_venda + 2, quant_atual = quant_atual - 2 where id = 489; 
update estoque_total set total = total - 2 where medicamento_id = 489; 

insert into venda values (756, '2023-03-13 09:35:04', 100.56, null, 25); 
insert into itens_venda values (default, 756, 204, 204, 2, 0.40, 24.52); 
update estoque set quant_venda = quant_venda + 2, quant_atual = quant_atual - 2 where id = 204; 
update estoque_total set total = total - 2 where medicamento_id = 204; 
insert into itens_venda values (default, 756, 484, 484, 3, 1.90, 47.66); 
update estoque set quant_venda = quant_venda + 3, quant_atual = quant_atual - 3 where id = 484; 
update estoque_total set total = total - 3 where medicamento_id = 484; 
insert into itens_venda values (default, 756, 417, 417, 2, 1.10, 28.38); 
update estoque set quant_venda = quant_venda + 2, quant_atual = quant_atual - 2 where id = 417; 
update estoque_total set total = total - 2 where medicamento_id = 417; 

insert into venda values (757, '2023-03-13 10:56:28', 83.17, null, null); 
insert into itens_venda values (default, 757, 382, 382, 2, 2.00, 67.04); 
update estoque set quant_venda = quant_venda + 2, quant_atual = quant_atual - 2 where id = 382; 
update estoque_total set total = total - 2 where medicamento_id = 382; 
insert into itens_venda values (default, 757, 377, 377, 1, 0.60, 16.13); 
update estoque set quant_venda = quant_venda + 1, quant_atual = quant_atual - 1 where id = 377; 
update estoque_total set total = total - 1 where medicamento_id = 377; 

insert into venda values (758, '2023-03-13 11:32:39', 205.34, null, 22); 
insert into itens_venda values (default, 758, 387, 387, 1, 2.60, 62.50); 
update estoque set quant_venda = quant_venda + 1, quant_atual = quant_atual - 1 where id = 387; 
update estoque_total set total = total - 1 where medicamento_id = 387; 
insert into itens_venda values (default, 758, 68, 68, 1, 5.90, 142.84); 
update estoque set quant_venda = quant_venda + 1, quant_atual = quant_atual - 1 where id = 68; 
update estoque_total set total = total - 1 where medicamento_id = 68; 

insert into venda values (759, '2023-03-13 12:07:38', 214.98, 6, 21); 
insert into itens_venda values (default, 759, 417, 417, 3, 3.90, 40.32); 
update estoque set quant_venda = quant_venda + 3, quant_atual = quant_atual - 3 where id = 417; 
update estoque_total set total = total - 3 where medicamento_id = 417; 
insert into itens_venda values (default, 759, 224, 224, 2, 6.30, 153.24); 
update estoque set quant_venda = quant_venda + 2, quant_atual = quant_atual - 2 where id = 224; 
update estoque_total set total = total - 2 where medicamento_id = 224; 
insert into itens_venda values (default, 759, 117, 117, 3, 1.80, 21.42); 
update estoque set quant_venda = quant_venda + 3, quant_atual = quant_atual - 3 where id = 117; 
update estoque_total set total = total - 3 where medicamento_id = 117; 

insert into venda values (760, '2023-03-13 12:12:25', 209.68, null, null); 
insert into itens_venda values (default, 760, 420, 420, 1, 2.00, 64.77); 
update estoque set quant_venda = quant_venda + 1, quant_atual = quant_atual - 1 where id = 420; 
update estoque_total set total = total - 1 where medicamento_id = 420; 
insert into itens_venda values (default, 760, 273, 273, 2, 1.30, 65.02); 
update estoque set quant_venda = quant_venda + 2, quant_atual = quant_atual - 2 where id = 273; 
update estoque_total set total = total - 2 where medicamento_id = 273; 
insert into itens_venda values (default, 760, 256, 256, 1, 0.00, 79.89); 
update estoque set quant_venda = quant_venda + 1, quant_atual = quant_atual - 1 where id = 256; 
update estoque_total set total = total - 1 where medicamento_id = 256; 

insert into venda values (761, '2023-03-13 12:58:45', 184.36, null, null); 
insert into itens_venda values (default, 761, 503, 503, 3, 0.00, 11.01); 
update estoque set quant_venda = quant_venda + 3, quant_atual = quant_atual - 3 where id = 503; 
update estoque_total set total = total - 3 where medicamento_id = 503; 
insert into itens_venda values (default, 761, 282, 282, 2, 3.20, 104.08); 
update estoque set quant_venda = quant_venda + 2, quant_atual = quant_atual - 2 where id = 282; 
update estoque_total set total = total - 2 where medicamento_id = 282; 
insert into itens_venda values (default, 761, 501, 501, 3, 0.00, 69.27); 
update estoque set quant_venda = quant_venda + 3, quant_atual = quant_atual - 3 where id = 501; 
update estoque_total set total = total - 3 where medicamento_id = 501; 

insert into venda values (762, '2023-03-13 13:30:51', 134.83, 7, null); 
insert into itens_venda values (default, 762, 371, 371, 1, 2.70, 134.83); 
update estoque set quant_venda = quant_venda + 1, quant_atual = quant_atual - 1 where id = 371; 
update estoque_total set total = total - 1 where medicamento_id = 371; 

insert into venda values (763, '2023-03-14 06:58:40', 162.30, null, null); 
insert into itens_venda values (default, 763, 491, 491, 2, 3.30, 109.60); 
update estoque set quant_venda = quant_venda + 2, quant_atual = quant_atual - 2 where id = 491; 
update estoque_total set total = total - 2 where medicamento_id = 491; 
insert into itens_venda values (default, 763, 433, 433, 2, 1.60, 52.70); 
update estoque set quant_venda = quant_venda + 2, quant_atual = quant_atual - 2 where id = 433; 
update estoque_total set total = total - 2 where medicamento_id = 433; 

insert into venda values (764, '2023-03-15 08:15:48', 129.52, null, null); 
insert into itens_venda values (default, 764, 162, 162, 2, 5.30, 129.52); 
update estoque set quant_venda = quant_venda + 2, quant_atual = quant_atual - 2 where id = 162; 
update estoque_total set total = total - 2 where medicamento_id = 162; 

insert into venda values (765, '2023-03-15 08:40:10', 16.13, 5, null); 
insert into itens_venda values (default, 765, 377, 377, 1, 0.60, 16.13); 
update estoque set quant_venda = quant_venda + 1, quant_atual = quant_atual - 1 where id = 377; 
update estoque_total set total = total - 1 where medicamento_id = 377; 

insert into venda values (766, '2023-03-15 11:05:01', 357.45, null, 24); 
insert into itens_venda values (default, 766, 356, 356, 1, 1.10, 113.96); 
update estoque set quant_venda = quant_venda + 1, quant_atual = quant_atual - 1 where id = 356; 
update estoque_total set total = total - 1 where medicamento_id = 356; 
insert into itens_venda values (default, 766, 211, 211, 1, 0.00, 243.49); 
update estoque set quant_venda = quant_venda + 1, quant_atual = quant_atual - 1 where id = 211; 
update estoque_total set total = total - 1 where medicamento_id = 211; 

insert into venda values (767, '2023-03-15 11:11:25', 268.77, null, null); 
insert into itens_venda values (default, 767, 361, 361, 1, 3.70, 186.08); 
update estoque set quant_venda = quant_venda + 1, quant_atual = quant_atual - 1 where id = 361; 
update estoque_total set total = total - 1 where medicamento_id = 361; 
insert into itens_venda values (default, 767, 477, 477, 1, 2.60, 62.44); 
update estoque set quant_venda = quant_venda + 1, quant_atual = quant_atual - 1 where id = 477; 
update estoque_total set total = total - 1 where medicamento_id = 477; 
insert into itens_venda values (default, 767, 504, 504, 3, 0.00, 20.25); 
update estoque set quant_venda = quant_venda + 3, quant_atual = quant_atual - 3 where id = 504; 
update estoque_total set total = total - 3 where medicamento_id = 504; 

insert into venda values (768, '2023-03-15 13:56:15', 245.63, 18, 24); 
insert into itens_venda values (default, 768, 419, 419, 1, 2.10, 25.28); 
update estoque set quant_venda = quant_venda + 1, quant_atual = quant_atual - 1 where id = 419; 
update estoque_total set total = total - 1 where medicamento_id = 419; 
insert into itens_venda values (default, 768, 265, 265, 1, 5.50, 63.90); 
update estoque set quant_venda = quant_venda + 1, quant_atual = quant_atual - 1 where id = 265; 
update estoque_total set total = total - 1 where medicamento_id = 265; 
insert into itens_venda values (default, 768, 60, 60, 1, 11.70, 156.45); 
update estoque set quant_venda = quant_venda + 1, quant_atual = quant_atual - 1 where id = 60; 
update estoque_total set total = total - 1 where medicamento_id = 60; 

insert into venda values (769, '2023-03-16 08:19:51', 255.59, 20, null); 
insert into itens_venda values (default, 769, 453, 453, 2, 0.50, 12.50); 
update estoque set quant_venda = quant_venda + 2, quant_atual = quant_atual - 2 where id = 453; 
update estoque_total set total = total - 2 where medicamento_id = 453; 
insert into itens_venda values (default, 769, 487, 487, 1, 13.10, 174.93); 
update estoque set quant_venda = quant_venda + 1, quant_atual = quant_atual - 1 where id = 487; 
update estoque_total set total = total - 1 where medicamento_id = 487; 
insert into itens_venda values (default, 769, 373, 373, 2, 1.30, 68.16); 
update estoque set quant_venda = quant_venda + 2, quant_atual = quant_atual - 2 where id = 373; 
update estoque_total set total = total - 2 where medicamento_id = 373; 

insert into venda values (770, '2023-03-16 10:50:57', 105.30, null, 25); 
insert into itens_venda values (default, 770, 364, 364, 2, 0.00, 66.24); 
update estoque set quant_venda = quant_venda + 2, quant_atual = quant_atual - 2 where id = 364; 
update estoque_total set total = total - 2 where medicamento_id = 364; 
insert into itens_venda values (default, 770, 112, 112, 2, 0.00, 39.06); 
update estoque set quant_venda = quant_venda + 2, quant_atual = quant_atual - 2 where id = 112; 
update estoque_total set total = total - 2 where medicamento_id = 112; 

insert into venda values (771, '2023-03-16 11:38:27', 33.30, 18, 21); 
insert into itens_venda values (default, 771, 120, 120, 1, 0.00, 33.30); 
update estoque set quant_venda = quant_venda + 1, quant_atual = quant_atual - 1 where id = 120; 
update estoque_total set total = total - 1 where medicamento_id = 120; 

insert into venda values (772, '2023-03-16 13:11:46', 38.42, 9, null); 
insert into itens_venda values (default, 772, 481, 481, 3, 1.60, 38.42); 
update estoque set quant_venda = quant_venda + 3, quant_atual = quant_atual - 3 where id = 481; 
update estoque_total set total = total - 3 where medicamento_id = 481; 

insert into venda values (773, '2023-03-16 15:45:21', 263.63, 9, null); 
insert into itens_venda values (default, 773, 329, 329, 1, 3.00, 31.10); 
update estoque set quant_venda = quant_venda + 1, quant_atual = quant_atual - 1 where id = 329; 
update estoque_total set total = total - 1 where medicamento_id = 329; 
insert into itens_venda values (default, 773, 372, 372, 1, 4.30, 103.20); 
update estoque set quant_venda = quant_venda + 1, quant_atual = quant_atual - 1 where id = 372; 
update estoque_total set total = total - 1 where medicamento_id = 372; 
insert into itens_venda values (default, 773, 371, 371, 1, 8.20, 129.33); 
update estoque set quant_venda = quant_venda + 1, quant_atual = quant_atual - 1 where id = 371; 
update estoque_total set total = total - 1 where medicamento_id = 371; 

insert into venda values (774, '2023-03-16 17:25:56', 162.38, 2, null); 
insert into itens_venda values (default, 774, 13, 13, 1, 14.00, 142.07); 
update estoque set quant_venda = quant_venda + 1, quant_atual = quant_atual - 1 where id = 13; 
update estoque_total set total = total - 1 where medicamento_id = 13; 
insert into itens_venda values (default, 774, 262, 262, 1, 1.20, 20.31); 
update estoque set quant_venda = quant_venda + 1, quant_atual = quant_atual - 1 where id = 262; 
update estoque_total set total = total - 1 where medicamento_id = 262; 

insert into venda values (775, '2023-03-16 17:54:46', 655.94, 18, null); 
insert into itens_venda values (default, 775, 168, 168, 1, 27.40, 315.69); 
update estoque set quant_venda = quant_venda + 1, quant_atual = quant_atual - 1 where id = 168; 
update estoque_total set total = total - 1 where medicamento_id = 168; 
insert into itens_venda values (default, 775, 257, 257, 1, 10.30, 333.60); 
update estoque set quant_venda = quant_venda + 1, quant_atual = quant_atual - 1 where id = 257; 
update estoque_total set total = total - 1 where medicamento_id = 257; 
insert into itens_venda values (default, 775, 504, 504, 1, 0.10, 6.65); 
update estoque set quant_venda = quant_venda + 1, quant_atual = quant_atual - 1 where id = 504; 
update estoque_total set total = total - 1 where medicamento_id = 504; 

insert into venda values (776, '2023-03-17 07:18:22', 56.47, null, null); 
insert into itens_venda values (default, 776, 421, 421, 1, 0.20, 8.99); 
update estoque set quant_venda = quant_venda + 1, quant_atual = quant_atual - 1 where id = 421; 
update estoque_total set total = total - 1 where medicamento_id = 421; 
insert into itens_venda values (default, 776, 469, 469, 1, 0.40, 47.48); 
update estoque set quant_venda = quant_venda + 1, quant_atual = quant_atual - 1 where id = 469; 
update estoque_total set total = total - 1 where medicamento_id = 469; 

insert into venda values (777, '2023-03-17 07:51:19', 240.14, null, null); 
insert into itens_venda values (default, 777, 383, 383, 2, 0.00, 103.82); 
update estoque set quant_venda = quant_venda + 2, quant_atual = quant_atual - 2 where id = 383; 
update estoque_total set total = total - 2 where medicamento_id = 383; 
insert into itens_venda values (default, 777, 351, 351, 2, 1.70, 41.90); 
update estoque set quant_venda = quant_venda + 2, quant_atual = quant_atual - 2 where id = 351; 
update estoque_total set total = total - 2 where medicamento_id = 351; 
insert into itens_venda values (default, 777, 473, 473, 2, 3.90, 94.42); 
update estoque set quant_venda = quant_venda + 2, quant_atual = quant_atual - 2 where id = 473; 
update estoque_total set total = total - 2 where medicamento_id = 473; 

insert into venda values (778, '2023-03-17 09:00:39', 52.51, null, null); 
insert into itens_venda values (default, 778, 323, 323, 3, 0.50, 52.51); 
update estoque set quant_venda = quant_venda + 3, quant_atual = quant_atual - 3 where id = 323; 
update estoque_total set total = total - 3 where medicamento_id = 323; 

insert into venda values (779, '2023-03-17 09:12:21', 32.94, null, null); 
insert into itens_venda values (default, 779, 494, 494, 2, 0.00, 32.94); 
update estoque set quant_venda = quant_venda + 2, quant_atual = quant_atual - 2 where id = 494; 
update estoque_total set total = total - 2 where medicamento_id = 494; 

insert into venda values (780, '2023-03-17 10:09:52', 242.52, null, null); 
insert into itens_venda values (default, 780, 54, 54, 1, 7.40, 242.52); 
update estoque set quant_venda = quant_venda + 1, quant_atual = quant_atual - 1 where id = 54; 
update estoque_total set total = total - 1 where medicamento_id = 54; 

insert into venda values (781, '2023-03-17 11:13:02', 317.51, 13, 24); 
insert into itens_venda values (default, 781, 465, 465, 1, 0.00, 122.22); 
update estoque set quant_venda = quant_venda + 1, quant_atual = quant_atual - 1 where id = 465; 
update estoque_total set total = total - 1 where medicamento_id = 465; 
insert into itens_venda values (default, 781, 122, 122, 1, 11.20, 129.51); 
update estoque set quant_venda = quant_venda + 1, quant_atual = quant_atual - 1 where id = 122; 
update estoque_total set total = total - 1 where medicamento_id = 122; 
insert into itens_venda values (default, 781, 201, 201, 2, 5.70, 65.78); 
update estoque set quant_venda = quant_venda + 2, quant_atual = quant_atual - 2 where id = 201; 
update estoque_total set total = total - 2 where medicamento_id = 201; 

insert into venda values (782, '2023-03-17 12:27:34', 330.18, null, null); 
insert into itens_venda values (default, 782, 487, 487, 1, 0.00, 188.03); 
update estoque set quant_venda = quant_venda + 1, quant_atual = quant_atual - 1 where id = 487; 
update estoque_total set total = total - 1 where medicamento_id = 487; 
insert into itens_venda values (default, 782, 179, 179, 1, 1.40, 47.73); 
update estoque set quant_venda = quant_venda + 1, quant_atual = quant_atual - 1 where id = 179; 
update estoque_total set total = total - 1 where medicamento_id = 179; 
insert into itens_venda values (default, 782, 473, 473, 2, 3.90, 94.42); 
update estoque set quant_venda = quant_venda + 2, quant_atual = quant_atual - 2 where id = 473; 
update estoque_total set total = total - 2 where medicamento_id = 473; 

insert into venda values (783, '2023-03-17 13:36:36', 102.65, null, null); 
insert into itens_venda values (default, 783, 327, 327, 1, 0.90, 30.72); 
update estoque set quant_venda = quant_venda + 1, quant_atual = quant_atual - 1 where id = 327; 
update estoque_total set total = total - 1 where medicamento_id = 327; 
insert into itens_venda values (default, 783, 430, 430, 3, 2.20, 71.93); 
update estoque set quant_venda = quant_venda + 3, quant_atual = quant_atual - 3 where id = 430; 
update estoque_total set total = total - 3 where medicamento_id = 430; 

insert into venda values (784, '2023-03-17 14:26:27', 104.05, 18, null); 
insert into itens_venda values (default, 784, 472, 472, 1, 1.70, 27.62); 
update estoque set quant_venda = quant_venda + 1, quant_atual = quant_atual - 1 where id = 472; 
update estoque_total set total = total - 1 where medicamento_id = 472; 
insert into itens_venda values (default, 784, 127, 127, 1, 2.20, 43.37); 
update estoque set quant_venda = quant_venda + 1, quant_atual = quant_atual - 1 where id = 127; 
update estoque_total set total = total - 1 where medicamento_id = 127; 
insert into itens_venda values (default, 784, 426, 426, 1, 3.20, 33.06); 
update estoque set quant_venda = quant_venda + 1, quant_atual = quant_atual - 1 where id = 426; 
update estoque_total set total = total - 1 where medicamento_id = 426; 

insert into venda values (785, '2023-03-17 15:20:38', 108.52, 19, null); 
insert into itens_venda values (default, 785, 483, 483, 2, 4.00, 96.42); 
update estoque set quant_venda = quant_venda + 2, quant_atual = quant_atual - 2 where id = 483; 
update estoque_total set total = total - 2 where medicamento_id = 483; 
insert into itens_venda values (default, 785, 242, 242, 2, 0.20, 12.10); 
update estoque set quant_venda = quant_venda + 2, quant_atual = quant_atual - 2 where id = 242; 
update estoque_total set total = total - 2 where medicamento_id = 242; 

insert into venda values (786, '2023-03-17 16:39:40', 44.78, null, null); 
insert into itens_venda values (default, 786, 424, 424, 2, 0.40, 21.60); 
update estoque set quant_venda = quant_venda + 2, quant_atual = quant_atual - 2 where id = 424; 
update estoque_total set total = total - 2 where medicamento_id = 424; 
insert into itens_venda values (default, 786, 218, 218, 1, 0.20, 23.18); 
update estoque set quant_venda = quant_venda + 1, quant_atual = quant_atual - 1 where id = 218; 
update estoque_total set total = total - 1 where medicamento_id = 218; 

insert into venda values (787, '2023-03-17 17:02:53', 129.14, null, null); 
insert into itens_venda values (default, 787, 104, 104, 2, 2.60, 129.14); 
update estoque set quant_venda = quant_venda + 2, quant_atual = quant_atual - 2 where id = 104; 
update estoque_total set total = total - 2 where medicamento_id = 104; 

insert into venda values (788, '2023-03-18 06:39:54', 162.95, null, 21); 
insert into itens_venda values (default, 788, 110, 110, 2, 2.60, 62.66); 
update estoque set quant_venda = quant_venda + 2, quant_atual = quant_atual - 2 where id = 110; 
update estoque_total set total = total - 2 where medicamento_id = 110; 
insert into itens_venda values (default, 788, 124, 124, 1, 1.80, 90.99); 
update estoque set quant_venda = quant_venda + 1, quant_atual = quant_atual - 1 where id = 124; 
update estoque_total set total = total - 1 where medicamento_id = 124; 
insert into itens_venda values (default, 788, 432, 432, 2, 0.10, 9.30); 
update estoque set quant_venda = quant_venda + 2, quant_atual = quant_atual - 2 where id = 432; 
update estoque_total set total = total - 2 where medicamento_id = 432; 

insert into venda values (789, '2023-03-18 08:57:23', 259.05, null, 22); 
insert into itens_venda values (default, 789, 411, 411, 1, 0.70, 71.47); 
update estoque set quant_venda = quant_venda + 1, quant_atual = quant_atual - 1 where id = 411; 
update estoque_total set total = total - 1 where medicamento_id = 411; 
insert into itens_venda values (default, 789, 338, 338, 2, 5.80, 187.58); 
update estoque set quant_venda = quant_venda + 2, quant_atual = quant_atual - 2 where id = 338; 
update estoque_total set total = total - 2 where medicamento_id = 338; 

insert into venda values (790, '2023-03-18 10:49:37', 194.03, null, null); 
insert into itens_venda values (default, 790, 487, 487, 1, 7.50, 180.53); 
update estoque set quant_venda = quant_venda + 1, quant_atual = quant_atual - 1 where id = 487; 
update estoque_total set total = total - 1 where medicamento_id = 487; 
insert into itens_venda values (default, 790, 504, 504, 2, 0.00, 13.50); 
update estoque set quant_venda = quant_venda + 2, quant_atual = quant_atual - 2 where id = 504; 
update estoque_total set total = total - 2 where medicamento_id = 504; 

insert into venda values (791, '2023-03-18 12:06:06', 177.87, null, null); 
insert into itens_venda values (default, 791, 93, 93, 1, 1.20, 125.31); 
update estoque set quant_venda = quant_venda + 1, quant_atual = quant_atual - 1 where id = 93; 
update estoque_total set total = total - 1 where medicamento_id = 93; 
insert into itens_venda values (default, 791, 447, 447, 2, 0.50, 52.56); 
update estoque set quant_venda = quant_venda + 2, quant_atual = quant_atual - 2 where id = 447; 
update estoque_total set total = total - 2 where medicamento_id = 447; 

insert into venda values (792, '2023-03-18 14:35:12', 55.28, null, null); 
insert into itens_venda values (default, 792, 325, 325, 1, 1.70, 55.28); 
update estoque set quant_venda = quant_venda + 1, quant_atual = quant_atual - 1 where id = 325; 
update estoque_total set total = total - 1 where medicamento_id = 325; 

insert into venda values (793, '2023-03-18 16:36:15', 134.24, 20, null); 
insert into itens_venda values (default, 793, 302, 302, 2, 0.00, 27.46); 
update estoque set quant_venda = quant_venda + 2, quant_atual = quant_atual - 2 where id = 302; 
update estoque_total set total = total - 2 where medicamento_id = 302; 
insert into itens_venda values (default, 793, 410, 410, 1, 0.00, 106.78); 
update estoque set quant_venda = quant_venda + 1, quant_atual = quant_atual - 1 where id = 410; 
update estoque_total set total = total - 1 where medicamento_id = 410; 

insert into venda values (794, '2023-03-19 08:43:51', 548.06, null, 25); 
insert into itens_venda values (default, 794, 256, 256, 2, 1.50, 158.28); 
update estoque set quant_venda = quant_venda + 2, quant_atual = quant_atual - 2 where id = 256; 
update estoque_total set total = total - 2 where medicamento_id = 256; 
insert into itens_venda values (default, 794, 443, 443, 3, 0.70, 69.50); 
update estoque set quant_venda = quant_venda + 3, quant_atual = quant_atual - 3 where id = 443; 
update estoque_total set total = total - 3 where medicamento_id = 443; 
insert into itens_venda values (default, 794, 95, 95, 1, 0.00, 320.28); 
update estoque set quant_venda = quant_venda + 1, quant_atual = quant_atual - 1 where id = 95; 
update estoque_total set total = total - 1 where medicamento_id = 95; 

insert into venda values (795, '2023-03-19 08:58:19', 42.11, null, null); 
insert into itens_venda values (default, 795, 342, 342, 1, 0.80, 42.11); 
update estoque set quant_venda = quant_venda + 1, quant_atual = quant_atual - 1 where id = 342; 
update estoque_total set total = total - 1 where medicamento_id = 342; 

insert into venda values (796, '2023-03-19 10:53:44', 576.79, null, 25); 
insert into itens_venda values (default, 796, 396, 396, 1, 0.00, 341.30); 
update estoque set quant_venda = quant_venda + 1, quant_atual = quant_atual - 1 where id = 396; 
update estoque_total set total = total - 1 where medicamento_id = 396; 
insert into itens_venda values (default, 796, 254, 254, 1, 7.20, 235.49); 
update estoque set quant_venda = quant_venda + 1, quant_atual = quant_atual - 1 where id = 254; 
update estoque_total set total = total - 1 where medicamento_id = 254; 

insert into venda values (797, '2023-03-19 13:36:58', 169.19, 5, 24); 
insert into itens_venda values (default, 797, 110, 110, 2, 1.90, 63.36); 
update estoque set quant_venda = quant_venda + 2, quant_atual = quant_atual - 2 where id = 110; 
update estoque_total set total = total - 2 where medicamento_id = 110; 
insert into itens_venda values (default, 797, 378, 378, 2, 5.20, 69.94); 
update estoque set quant_venda = quant_venda + 2, quant_atual = quant_atual - 2 where id = 378; 
update estoque_total set total = total - 2 where medicamento_id = 378; 
insert into itens_venda values (default, 797, 358, 358, 1, 1.10, 35.89); 
update estoque set quant_venda = quant_venda + 1, quant_atual = quant_atual - 1 where id = 358; 
update estoque_total set total = total - 1 where medicamento_id = 358; 

insert into venda values (798, '2023-03-19 15:45:36', 179.78, 5, null); 
insert into itens_venda values (default, 798, 299, 299, 1, 0.00, 34.20); 
update estoque set quant_venda = quant_venda + 1, quant_atual = quant_atual - 1 where id = 299; 
update estoque_total set total = total - 1 where medicamento_id = 299; 
insert into itens_venda values (default, 798, 252, 252, 3, 4.20, 79.98); 
update estoque set quant_venda = quant_venda + 3, quant_atual = quant_atual - 3 where id = 252; 
update estoque_total set total = total - 3 where medicamento_id = 252; 
insert into itens_venda values (default, 798, 344, 344, 2, 4.90, 65.60); 
update estoque set quant_venda = quant_venda + 2, quant_atual = quant_atual - 2 where id = 344; 
update estoque_total set total = total - 2 where medicamento_id = 344; 

insert into venda values (799, '2023-03-19 17:14:52', 63.14, 2, 23); 
insert into itens_venda values (default, 799, 155, 155, 2, 0.40, 9.50); 
update estoque set quant_venda = quant_venda + 2, quant_atual = quant_atual - 2 where id = 155; 
update estoque_total set total = total - 2 where medicamento_id = 155; 
insert into itens_venda values (default, 799, 282, 282, 1, 0.00, 53.64); 
update estoque set quant_venda = quant_venda + 1, quant_atual = quant_atual - 1 where id = 282; 
update estoque_total set total = total - 1 where medicamento_id = 282; 

insert into venda values (800, '2023-03-19 18:01:29', 49.85, null, null); 
insert into itens_venda values (default, 800, 249, 249, 1, 1.00, 49.85); 
update estoque set quant_venda = quant_venda + 1, quant_atual = quant_atual - 1 where id = 249; 
update estoque_total set total = total - 1 where medicamento_id = 249; 

insert into venda values (801, '2023-03-20 06:25:51', 134.26, 4, null); 
insert into itens_venda values (default, 801, 397, 397, 2, 1.40, 34.84); 
update estoque set quant_venda = quant_venda + 2, quant_atual = quant_atual - 2 where id = 397; 
update estoque_total set total = total - 2 where medicamento_id = 397; 
insert into itens_venda values (default, 801, 483, 483, 2, 1.00, 99.42); 
update estoque set quant_venda = quant_venda + 2, quant_atual = quant_atual - 2 where id = 483; 
update estoque_total set total = total - 2 where medicamento_id = 483; 

insert into venda values (802, '2023-03-20 06:59:15', 255.50, null, null); 
insert into itens_venda values (default, 802, 140, 140, 1, 1.50, 154.09); 
update estoque set quant_venda = quant_venda + 1, quant_atual = quant_atual - 1 where id = 140; 
update estoque_total set total = total - 1 where medicamento_id = 140; 
insert into itens_venda values (default, 802, 498, 498, 1, 0.30, 35.13); 
update estoque set quant_venda = quant_venda + 1, quant_atual = quant_atual - 1 where id = 498; 
update estoque_total set total = total - 1 where medicamento_id = 498; 
insert into itens_venda values (default, 802, 416, 416, 3, 2.00, 66.28); 
update estoque set quant_venda = quant_venda + 3, quant_atual = quant_atual - 3 where id = 416; 
update estoque_total set total = total - 3 where medicamento_id = 416; 

insert into venda values (803, '2023-03-20 07:16:21', 157.44, null, null); 
insert into itens_venda values (default, 803, 241, 241, 1, 0.70, 38.67); 
update estoque set quant_venda = quant_venda + 1, quant_atual = quant_atual - 1 where id = 241; 
update estoque_total set total = total - 1 where medicamento_id = 241; 
insert into itens_venda values (default, 803, 266, 266, 1, 1.10, 118.77); 
update estoque set quant_venda = quant_venda + 1, quant_atual = quant_atual - 1 where id = 266; 
update estoque_total set total = total - 1 where medicamento_id = 266; 

insert into venda values (804, '2023-03-20 07:18:18', 356.06, null, null); 
insert into itens_venda values (default, 804, 306, 306, 2, 0.00, 166.28); 
update estoque set quant_venda = quant_venda + 2, quant_atual = quant_atual - 2 where id = 306; 
update estoque_total set total = total - 2 where medicamento_id = 306; 
insert into itens_venda values (default, 804, 361, 361, 1, 0.00, 189.78); 
update estoque set quant_venda = quant_venda + 1, quant_atual = quant_atual - 1 where id = 361; 
update estoque_total set total = total - 1 where medicamento_id = 361; 

insert into venda values (805, '2023-03-20 07:44:43', 122.31, 10, null); 
insert into itens_venda values (default, 805, 79, 79, 1, 3.70, 122.31); 
update estoque set quant_venda = quant_venda + 1, quant_atual = quant_atual - 1 where id = 79; 
update estoque_total set total = total - 1 where medicamento_id = 79; 

insert into venda values (806, '2023-03-20 08:58:24', 97.84, null, null); 
insert into itens_venda values (default, 806, 450, 450, 1, 0.80, 21.22); 
update estoque set quant_venda = quant_venda + 1, quant_atual = quant_atual - 1 where id = 450; 
update estoque_total set total = total - 1 where medicamento_id = 450; 
insert into itens_venda values (default, 806, 495, 495, 1, 0.40, 10.28); 
update estoque set quant_venda = quant_venda + 1, quant_atual = quant_atual - 1 where id = 495; 
update estoque_total set total = total - 1 where medicamento_id = 495; 
insert into itens_venda values (default, 806, 457, 457, 2, 2.00, 66.34); 
update estoque set quant_venda = quant_venda + 2, quant_atual = quant_atual - 2 where id = 457; 
update estoque_total set total = total - 2 where medicamento_id = 457; 

insert into venda values (807, '2023-03-20 10:09:56', 49.02, null, null); 
insert into itens_venda values (default, 807, 429, 429, 2, 0.40, 49.02); 
update estoque set quant_venda = quant_venda + 2, quant_atual = quant_atual - 2 where id = 429; 
update estoque_total set total = total - 2 where medicamento_id = 429; 

insert into venda values (808, '2023-03-20 10:50:21', 474.26, null, null); 
insert into itens_venda values (default, 808, 459, 459, 2, 2.70, 65.14); 
update estoque set quant_venda = quant_venda + 2, quant_atual = quant_atual - 2 where id = 459; 
update estoque_total set total = total - 2 where medicamento_id = 459; 
insert into itens_venda values (default, 808, 176, 176, 1, 0.00, 340.84); 
update estoque set quant_venda = quant_venda + 1, quant_atual = quant_atual - 1 where id = 176; 
update estoque_total set total = total - 1 where medicamento_id = 176; 
insert into itens_venda values (default, 808, 416, 416, 3, 0.00, 68.28); 
update estoque set quant_venda = quant_venda + 3, quant_atual = quant_atual - 3 where id = 416; 
update estoque_total set total = total - 3 where medicamento_id = 416; 

insert into venda values (809, '2023-03-20 10:52:18', 84.84, 17, null); 
insert into itens_venda values (default, 809, 127, 127, 2, 6.30, 84.84); 
update estoque set quant_venda = quant_venda + 2, quant_atual = quant_atual - 2 where id = 127; 
update estoque_total set total = total - 2 where medicamento_id = 127; 

insert into venda values (810, '2023-03-20 12:09:50', 79.34, null, null); 
insert into itens_venda values (default, 810, 340, 340, 1, 0.40, 20.78); 
update estoque set quant_venda = quant_venda + 1, quant_atual = quant_atual - 1 where id = 340; 
update estoque_total set total = total - 1 where medicamento_id = 340; 
insert into itens_venda values (default, 810, 324, 324, 3, 0.00, 58.56); 
update estoque set quant_venda = quant_venda + 3, quant_atual = quant_atual - 3 where id = 324; 
update estoque_total set total = total - 3 where medicamento_id = 324; 

insert into venda values (811, '2023-03-20 13:16:23', 291.68, 9, null); 
insert into itens_venda values (default, 811, 459, 459, 2, 6.10, 61.74); 
update estoque set quant_venda = quant_venda + 2, quant_atual = quant_atual - 2 where id = 459; 
update estoque_total set total = total - 2 where medicamento_id = 459; 
insert into itens_venda values (default, 811, 470, 470, 2, 0.00, 174.80); 
update estoque set quant_venda = quant_venda + 2, quant_atual = quant_atual - 2 where id = 470; 
update estoque_total set total = total - 2 where medicamento_id = 470; 
insert into itens_venda values (default, 811, 472, 472, 2, 3.50, 55.14); 
update estoque set quant_venda = quant_venda + 2, quant_atual = quant_atual - 2 where id = 472; 
update estoque_total set total = total - 2 where medicamento_id = 472; 

insert into venda values (812, '2023-03-21 07:18:18', 280.98, 1, 25); 
insert into itens_venda values (default, 812, 400, 400, 1, 0.00, 136.20); 
update estoque set quant_venda = quant_venda + 1, quant_atual = quant_atual - 1 where id = 400; 
update estoque_total set total = total - 1 where medicamento_id = 400; 
insert into itens_venda values (default, 812, 431, 431, 2, 1.50, 21.02); 
update estoque set quant_venda = quant_venda + 2, quant_atual = quant_atual - 2 where id = 431; 
update estoque_total set total = total - 2 where medicamento_id = 431; 
insert into itens_venda values (default, 812, 357, 357, 2, 0.00, 123.76); 
update estoque set quant_venda = quant_venda + 2, quant_atual = quant_atual - 2 where id = 357; 
update estoque_total set total = total - 2 where medicamento_id = 357; 

insert into venda values (813, '2023-03-21 09:19:06', 316.65, null, 21); 
insert into itens_venda values (default, 813, 359, 359, 2, 3.60, 177.56); 
update estoque set quant_venda = quant_venda + 2, quant_atual = quant_atual - 2 where id = 359; 
update estoque_total set total = total - 2 where medicamento_id = 359; 
insert into itens_venda values (default, 813, 427, 427, 2, 0.00, 25.96); 
update estoque set quant_venda = quant_venda + 2, quant_atual = quant_atual - 2 where id = 427; 
update estoque_total set total = total - 2 where medicamento_id = 427; 
insert into itens_venda values (default, 813, 408, 408, 1, 3.40, 113.13); 
update estoque set quant_venda = quant_venda + 1, quant_atual = quant_atual - 1 where id = 408; 
update estoque_total set total = total - 1 where medicamento_id = 408; 

insert into venda values (814, '2023-03-21 10:53:25', 419.70, 14, null); 
insert into itens_venda values (default, 814, 458, 458, 2, 5.00, 67.40); 
update estoque set quant_venda = quant_venda + 2, quant_atual = quant_atual - 2 where id = 458; 
update estoque_total set total = total - 2 where medicamento_id = 458; 
insert into itens_venda values (default, 814, 175, 175, 2, 5.40, 62.36); 
update estoque set quant_venda = quant_venda + 2, quant_atual = quant_atual - 2 where id = 175; 
update estoque_total set total = total - 2 where medicamento_id = 175; 
insert into itens_venda values (default, 814, 301, 301, 1, 0.00, 289.94); 
update estoque set quant_venda = quant_venda + 1, quant_atual = quant_atual - 1 where id = 301; 
update estoque_total set total = total - 1 where medicamento_id = 301; 

insert into venda values (815, '2023-03-21 13:27:23', 2.60, 16, null); 
insert into itens_venda values (default, 815, 227, 227, 1, 0.10, 2.60); 
update estoque set quant_venda = quant_venda + 1, quant_atual = quant_atual - 1 where id = 227; 
update estoque_total set total = total - 1 where medicamento_id = 227; 

insert into venda values (816, '2023-03-21 15:19:23', 79.07, 2, null); 
insert into itens_venda values (default, 816, 252, 252, 1, 2.20, 25.86); 
update estoque set quant_venda = quant_venda + 1, quant_atual = quant_atual - 1 where id = 252; 
update estoque_total set total = total - 1 where medicamento_id = 252; 
insert into itens_venda values (default, 816, 494, 494, 3, 0.90, 48.51); 
update estoque set quant_venda = quant_venda + 3, quant_atual = quant_atual - 3 where id = 494; 
update estoque_total set total = total - 3 where medicamento_id = 494; 
insert into itens_venda values (default, 816, 432, 432, 1, 0.00, 4.70); 
update estoque set quant_venda = quant_venda + 1, quant_atual = quant_atual - 1 where id = 432; 
update estoque_total set total = total - 1 where medicamento_id = 432; 

insert into venda values (817, '2023-03-21 15:21:25', 155.32, null, null); 
insert into itens_venda values (default, 817, 389, 389, 1, 0.30, 32.10); 
update estoque set quant_venda = quant_venda + 1, quant_atual = quant_atual - 1 where id = 389; 
update estoque_total set total = total - 1 where medicamento_id = 389; 
insert into itens_venda values (default, 817, 296, 296, 1, 0.00, 54.46); 
update estoque set quant_venda = quant_venda + 1, quant_atual = quant_atual - 1 where id = 296; 
update estoque_total set total = total - 1 where medicamento_id = 296; 
insert into itens_venda values (default, 817, 498, 498, 2, 2.10, 68.76); 
update estoque set quant_venda = quant_venda + 2, quant_atual = quant_atual - 2 where id = 498; 
update estoque_total set total = total - 2 where medicamento_id = 498; 

insert into venda values (818, '2023-03-22 07:22:14', 141.47, 3, null); 
insert into itens_venda values (default, 818, 380, 380, 3, 1.40, 23.29); 
update estoque set quant_venda = quant_venda + 3, quant_atual = quant_atual - 3 where id = 380; 
update estoque_total set total = total - 3 where medicamento_id = 380; 
insert into itens_venda values (default, 818, 296, 296, 2, 1.00, 107.92); 
update estoque set quant_venda = quant_venda + 2, quant_atual = quant_atual - 2 where id = 296; 
update estoque_total set total = total - 2 where medicamento_id = 296; 
insert into itens_venda values (default, 818, 431, 431, 1, 1.00, 10.26); 
update estoque set quant_venda = quant_venda + 1, quant_atual = quant_atual - 1 where id = 431; 
update estoque_total set total = total - 1 where medicamento_id = 431; 

insert into venda values (819, '2023-03-22 08:16:04', 52.38, null, null); 
insert into itens_venda values (default, 819, 493, 493, 1, 0.00, 7.56); 
update estoque set quant_venda = quant_venda + 1, quant_atual = quant_atual - 1 where id = 493; 
update estoque_total set total = total - 1 where medicamento_id = 493; 
insert into itens_venda values (default, 819, 398, 398, 3, 1.80, 44.82); 
update estoque set quant_venda = quant_venda + 3, quant_atual = quant_atual - 3 where id = 398; 
update estoque_total set total = total - 3 where medicamento_id = 398; 

insert into venda values (820, '2023-03-22 09:29:52', 107.29, null, null); 
insert into itens_venda values (default, 820, 375, 375, 2, 0.00, 39.62); 
update estoque set quant_venda = quant_venda + 2, quant_atual = quant_atual - 2 where id = 375; 
update estoque_total set total = total - 2 where medicamento_id = 375; 
insert into itens_venda values (default, 820, 348, 348, 3, 2.80, 67.67); 
update estoque set quant_venda = quant_venda + 3, quant_atual = quant_atual - 3 where id = 348; 
update estoque_total set total = total - 3 where medicamento_id = 348; 

insert into venda values (821, '2023-03-22 09:33:07', 101.20, null, null); 
insert into itens_venda values (default, 821, 318, 318, 1, 2.20, 53.69); 
update estoque set quant_venda = quant_venda + 1, quant_atual = quant_atual - 1 where id = 318; 
update estoque_total set total = total - 1 where medicamento_id = 318; 
insert into itens_venda values (default, 821, 500, 500, 3, 0.40, 47.51); 
update estoque set quant_venda = quant_venda + 3, quant_atual = quant_atual - 3 where id = 500; 
update estoque_total set total = total - 3 where medicamento_id = 500; 

insert into venda values (822, '2023-03-22 10:34:35', 54.82, null, null); 
insert into itens_venda values (default, 822, 291, 291, 1, 0.00, 12.86); 
update estoque set quant_venda = quant_venda + 1, quant_atual = quant_atual - 1 where id = 291; 
update estoque_total set total = total - 1 where medicamento_id = 291; 
insert into itens_venda values (default, 822, 340, 340, 2, 0.40, 41.96); 
update estoque set quant_venda = quant_venda + 2, quant_atual = quant_atual - 2 where id = 340; 
update estoque_total set total = total - 2 where medicamento_id = 340; 

insert into venda values (823, '2023-03-22 11:24:43', 172.12, null, null); 
insert into itens_venda values (default, 823, 431, 431, 3, 0.30, 33.48); 
update estoque set quant_venda = quant_venda + 3, quant_atual = quant_atual - 3 where id = 431; 
update estoque_total set total = total - 3 where medicamento_id = 431; 
insert into itens_venda values (default, 823, 411, 411, 2, 5.70, 138.64); 
update estoque set quant_venda = quant_venda + 2, quant_atual = quant_atual - 2 where id = 411; 
update estoque_total set total = total - 2 where medicamento_id = 411; 

insert into venda values (824, '2023-03-22 11:43:41', 247.02, null, null); 
insert into itens_venda values (default, 824, 320, 320, 1, 4.10, 204.66); 
update estoque set quant_venda = quant_venda + 1, quant_atual = quant_atual - 1 where id = 320; 
update estoque_total set total = total - 1 where medicamento_id = 320; 
insert into itens_venda values (default, 824, 340, 340, 2, 0.00, 42.36); 
update estoque set quant_venda = quant_venda + 2, quant_atual = quant_atual - 2 where id = 340; 
update estoque_total set total = total - 2 where medicamento_id = 340; 

insert into venda values (825, '2023-03-22 12:36:01', 93.96, null, null); 
insert into itens_venda values (default, 825, 463, 463, 2, 0.50, 26.20); 
update estoque set quant_venda = quant_venda + 2, quant_atual = quant_atual - 2 where id = 463; 
update estoque_total set total = total - 2 where medicamento_id = 463; 
insert into itens_venda values (default, 825, 315, 315, 2, 0.00, 67.76); 
update estoque set quant_venda = quant_venda + 2, quant_atual = quant_atual - 2 where id = 315; 
update estoque_total set total = total - 2 where medicamento_id = 315; 

insert into venda values (826, '2023-03-22 13:50:51', 154.91, null, null); 
insert into itens_venda values (default, 826, 387, 387, 2, 0.00, 130.20); 
update estoque set quant_venda = quant_venda + 2, quant_atual = quant_atual - 2 where id = 387; 
update estoque_total set total = total - 2 where medicamento_id = 387; 
insert into itens_venda values (default, 826, 429, 429, 1, 0.00, 24.71); 
update estoque set quant_venda = quant_venda + 1, quant_atual = quant_atual - 1 where id = 429; 
update estoque_total set total = total - 1 where medicamento_id = 429; 

insert into venda values (827, '2023-03-23 08:19:32', 92.11, null, null); 
insert into itens_venda values (default, 827, 443, 443, 3, 2.80, 67.40); 
update estoque set quant_venda = quant_venda + 3, quant_atual = quant_atual - 3 where id = 443; 
update estoque_total set total = total - 3 where medicamento_id = 443; 
insert into itens_venda values (default, 827, 403, 403, 1, 0.20, 24.71); 
update estoque set quant_venda = quant_venda + 1, quant_atual = quant_atual - 1 where id = 403; 
update estoque_total set total = total - 1 where medicamento_id = 403; 

insert into venda values (828, '2023-03-23 09:43:32', 118.28, 19, null); 
insert into itens_venda values (default, 828, 394, 394, 3, 6.80, 79.09); 
update estoque set quant_venda = quant_venda + 3, quant_atual = quant_atual - 3 where id = 394; 
update estoque_total set total = total - 3 where medicamento_id = 394; 
insert into itens_venda values (default, 828, 302, 302, 3, 2.00, 39.19); 
update estoque set quant_venda = quant_venda + 3, quant_atual = quant_atual - 3 where id = 302; 
update estoque_total set total = total - 3 where medicamento_id = 302; 

insert into venda values (829, '2023-03-24 08:12:28', 29.12, null, null); 
insert into itens_venda values (default, 829, 472, 472, 1, 0.20, 29.12); 
update estoque set quant_venda = quant_venda + 1, quant_atual = quant_atual - 1 where id = 472; 
update estoque_total set total = total - 1 where medicamento_id = 472; 

insert into venda values (830, '2023-03-24 08:35:14', 57.13, null, null); 
insert into itens_venda values (default, 830, 375, 375, 3, 2.30, 57.13); 
update estoque set quant_venda = quant_venda + 3, quant_atual = quant_atual - 3 where id = 375; 
update estoque_total set total = total - 3 where medicamento_id = 375; 

insert into venda values (831, '2023-03-24 10:36:03', 224.35, null, null); 
insert into itens_venda values (default, 831, 434, 434, 2, 1.90, 63.42); 
update estoque set quant_venda = quant_venda + 2, quant_atual = quant_atual - 2 where id = 434; 
update estoque_total set total = total - 2 where medicamento_id = 434; 
insert into itens_venda values (default, 831, 400, 400, 1, 1.30, 134.90); 
update estoque set quant_venda = quant_venda + 1, quant_atual = quant_atual - 1 where id = 400; 
update estoque_total set total = total - 1 where medicamento_id = 400; 
insert into itens_venda values (default, 831, 447, 447, 1, 0.50, 26.03); 
update estoque set quant_venda = quant_venda + 1, quant_atual = quant_atual - 1 where id = 447; 
update estoque_total set total = total - 1 where medicamento_id = 447; 

insert into venda values (832, '2023-03-25 06:37:07', 159.53, 13, null); 
insert into itens_venda values (default, 832, 364, 364, 2, 1.30, 64.94); 
update estoque set quant_venda = quant_venda + 2, quant_atual = quant_atual - 2 where id = 364; 
update estoque_total set total = total - 2 where medicamento_id = 364; 
insert into itens_venda values (default, 832, 444, 444, 1, 0.00, 75.59); 
update estoque set quant_venda = quant_venda + 1, quant_atual = quant_atual - 1 where id = 444; 
update estoque_total set total = total - 1 where medicamento_id = 444; 
insert into itens_venda values (default, 832, 453, 453, 3, 0.50, 19.00); 
update estoque set quant_venda = quant_venda + 3, quant_atual = quant_atual - 3 where id = 453; 
update estoque_total set total = total - 3 where medicamento_id = 453; 

insert into venda values (833, '2023-03-25 06:41:01', 165.90, 1, null); 
insert into itens_venda values (default, 833, 479, 479, 2, 3.60, 69.78); 
update estoque set quant_venda = quant_venda + 2, quant_atual = quant_atual - 2 where id = 479; 
update estoque_total set total = total - 2 where medicamento_id = 479; 
insert into itens_venda values (default, 833, 435, 435, 1, 1.90, 96.12); 
update estoque set quant_venda = quant_venda + 1, quant_atual = quant_atual - 1 where id = 435; 
update estoque_total set total = total - 1 where medicamento_id = 435; 

insert into venda values (834, '2023-03-25 07:50:02', 257.70, 18, null); 
insert into itens_venda values (default, 834, 489, 489, 1, 0.00, 43.99); 
update estoque set quant_venda = quant_venda + 1, quant_atual = quant_atual - 1 where id = 489; 
update estoque_total set total = total - 1 where medicamento_id = 489; 
insert into itens_venda values (default, 834, 33, 33, 1, 21.10, 213.71); 
update estoque set quant_venda = quant_venda + 1, quant_atual = quant_atual - 1 where id = 33; 
update estoque_total set total = total - 1 where medicamento_id = 33; 

insert into venda values (835, '2023-03-25 09:00:38', 122.26, 13, null); 
insert into itens_venda values (default, 835, 467, 467, 2, 2.40, 122.26); 
update estoque set quant_venda = quant_venda + 2, quant_atual = quant_atual - 2 where id = 467; 
update estoque_total set total = total - 2 where medicamento_id = 467; 

insert into venda values (836, '2023-03-25 09:12:56', 169.23, 8, null); 
insert into itens_venda values (default, 836, 492, 492, 1, 2.60, 41.73); 
update estoque set quant_venda = quant_venda + 1, quant_atual = quant_atual - 1 where id = 492; 
update estoque_total set total = total - 1 where medicamento_id = 492; 
insert into itens_venda values (default, 836, 353, 353, 2, 3.30, 80.06); 
update estoque set quant_venda = quant_venda + 2, quant_atual = quant_atual - 2 where id = 353; 
update estoque_total set total = total - 2 where medicamento_id = 353; 
insert into itens_venda values (default, 836, 476, 476, 2, 0.90, 47.44); 
update estoque set quant_venda = quant_venda + 2, quant_atual = quant_atual - 2 where id = 476; 
update estoque_total set total = total - 2 where medicamento_id = 476; 

insert into venda values (837, '2023-03-25 09:37:07', 189.42, null, null); 
insert into itens_venda values (default, 837, 496, 496, 2, 0.20, 14.54); 
update estoque set quant_venda = quant_venda + 2, quant_atual = quant_atual - 2 where id = 496; 
update estoque_total set total = total - 2 where medicamento_id = 496; 
insert into itens_venda values (default, 837, 305, 305, 1, 0.40, 43.06); 
update estoque set quant_venda = quant_venda + 1, quant_atual = quant_atual - 1 where id = 305; 
update estoque_total set total = total - 1 where medicamento_id = 305; 
insert into itens_venda values (default, 837, 446, 446, 1, 0.00, 131.82); 
update estoque set quant_venda = quant_venda + 1, quant_atual = quant_atual - 1 where id = 446; 
update estoque_total set total = total - 1 where medicamento_id = 446; 

insert into venda values (838, '2023-03-25 10:48:43', 347.72, null, null); 
insert into itens_venda values (default, 838, 402, 402, 1, 0.30, 16.57); 
update estoque set quant_venda = quant_venda + 1, quant_atual = quant_atual - 1 where id = 402; 
update estoque_total set total = total - 1 where medicamento_id = 402; 
insert into itens_venda values (default, 838, 455, 455, 2, 4.00, 96.34); 
update estoque set quant_venda = quant_venda + 2, quant_atual = quant_atual - 2 where id = 455; 
update estoque_total set total = total - 2 where medicamento_id = 455; 
insert into itens_venda values (default, 838, 33, 33, 1, 0.00, 234.81); 
update estoque set quant_venda = quant_venda + 1, quant_atual = quant_atual - 1 where id = 33; 
update estoque_total set total = total - 1 where medicamento_id = 33; 

insert into venda values (839, '2023-03-25 11:48:11', 194.48, null, 22); 
insert into itens_venda values (default, 839, 386, 386, 3, 2.20, 52.88); 
update estoque set quant_venda = quant_venda + 3, quant_atual = quant_atual - 3 where id = 386; 
update estoque_total set total = total - 3 where medicamento_id = 386; 
insert into itens_venda values (default, 839, 469, 469, 1, 0.90, 46.98); 
update estoque set quant_venda = quant_venda + 1, quant_atual = quant_atual - 1 where id = 469; 
update estoque_total set total = total - 1 where medicamento_id = 469; 
insert into itens_venda values (default, 839, 367, 367, 1, 2.90, 94.62); 
update estoque set quant_venda = quant_venda + 1, quant_atual = quant_atual - 1 where id = 367; 
update estoque_total set total = total - 1 where medicamento_id = 367; 

insert into venda values (840, '2023-03-25 12:10:40', 317.33, null, null); 
insert into itens_venda values (default, 840, 246, 246, 1, 1.80, 59.95); 
update estoque set quant_venda = quant_venda + 1, quant_atual = quant_atual - 1 where id = 246; 
update estoque_total set total = total - 1 where medicamento_id = 246; 
insert into itens_venda values (default, 840, 400, 400, 1, 0.00, 136.20); 
update estoque set quant_venda = quant_venda + 1, quant_atual = quant_atual - 1 where id = 400; 
update estoque_total set total = total - 1 where medicamento_id = 400; 
insert into itens_venda values (default, 840, 466, 466, 1, 3.70, 121.18); 
update estoque set quant_venda = quant_venda + 1, quant_atual = quant_atual - 1 where id = 466; 
update estoque_total set total = total - 1 where medicamento_id = 466; 

insert into venda values (841, '2023-03-25 12:24:06', 72.68, 19, null); 
insert into itens_venda values (default, 841, 479, 479, 2, 0.70, 72.68); 
update estoque set quant_venda = quant_venda + 2, quant_atual = quant_atual - 2 where id = 479; 
update estoque_total set total = total - 2 where medicamento_id = 479; 

insert into venda values (842, '2023-03-25 13:06:14', 696.11, 6, null); 
insert into itens_venda values (default, 842, 396, 396, 1, 10.20, 331.10); 
update estoque set quant_venda = quant_venda + 1, quant_atual = quant_atual - 1 where id = 396; 
update estoque_total set total = total - 1 where medicamento_id = 396; 
insert into itens_venda values (default, 842, 263, 263, 1, 12.60, 198.91); 
update estoque set quant_venda = quant_venda + 1, quant_atual = quant_atual - 1 where id = 263; 
update estoque_total set total = total - 1 where medicamento_id = 263; 
insert into itens_venda values (default, 842, 250, 250, 2, 10.60, 166.10); 
update estoque set quant_venda = quant_venda + 2, quant_atual = quant_atual - 2 where id = 250; 
update estoque_total set total = total - 2 where medicamento_id = 250; 

insert into venda values (843, '2023-03-25 13:55:50', 48.26, null, null); 
insert into itens_venda values (default, 843, 473, 473, 1, 0.90, 48.26); 
update estoque set quant_venda = quant_venda + 1, quant_atual = quant_atual - 1 where id = 473; 
update estoque_total set total = total - 1 where medicamento_id = 473; 

insert into venda values (844, '2023-03-25 14:48:35', 212.37, 15, null); 
insert into itens_venda values (default, 844, 373, 373, 2, 0.00, 69.46); 
update estoque set quant_venda = quant_venda + 2, quant_atual = quant_atual - 2 where id = 373; 
update estoque_total set total = total - 2 where medicamento_id = 373; 
insert into itens_venda values (default, 844, 461, 461, 3, 2.20, 53.57); 
update estoque set quant_venda = quant_venda + 3, quant_atual = quant_atual - 3 where id = 461; 
update estoque_total set total = total - 3 where medicamento_id = 461; 
insert into itens_venda values (default, 844, 209, 209, 2, 2.70, 89.34); 
update estoque set quant_venda = quant_venda + 2, quant_atual = quant_atual - 2 where id = 209; 
update estoque_total set total = total - 2 where medicamento_id = 209; 

insert into venda values (845, '2023-03-26 07:37:27', 147.20, null, 21); 
insert into itens_venda values (default, 845, 258, 258, 2, 1.20, 125.70); 
update estoque set quant_venda = quant_venda + 2, quant_atual = quant_atual - 2 where id = 258; 
update estoque_total set total = total - 2 where medicamento_id = 258; 
insert into itens_venda values (default, 845, 217, 217, 2, 0.60, 21.50); 
update estoque set quant_venda = quant_venda + 2, quant_atual = quant_atual - 2 where id = 217; 
update estoque_total set total = total - 2 where medicamento_id = 217; 

insert into venda values (846, '2023-03-26 07:43:41', 293.03, 9, null); 
insert into itens_venda values (default, 846, 404, 404, 3, 2.90, 45.70); 
update estoque set quant_venda = quant_venda + 3, quant_atual = quant_atual - 3 where id = 404; 
update estoque_total set total = total - 3 where medicamento_id = 404; 
insert into itens_venda values (default, 846, 267, 267, 1, 5.30, 171.83); 
update estoque set quant_venda = quant_venda + 1, quant_atual = quant_atual - 1 where id = 267; 
update estoque_total set total = total - 1 where medicamento_id = 267; 
insert into itens_venda values (default, 846, 414, 414, 2, 1.50, 75.50); 
update estoque set quant_venda = quant_venda + 2, quant_atual = quant_atual - 2 where id = 414; 
update estoque_total set total = total - 2 where medicamento_id = 414; 

insert into venda values (847, '2023-03-27 06:48:30', 99.60, 8, null); 
insert into itens_venda values (default, 847, 399, 399, 2, 4.10, 99.60); 
update estoque set quant_venda = quant_venda + 2, quant_atual = quant_atual - 2 where id = 399; 
update estoque_total set total = total - 2 where medicamento_id = 399; 

insert into venda values (848, '2023-03-28 07:05:04', 107.73, null, null); 
insert into itens_venda values (default, 848, 208, 208, 1, 0.00, 53.48); 
update estoque set quant_venda = quant_venda + 1, quant_atual = quant_atual - 1 where id = 208; 
update estoque_total set total = total - 1 where medicamento_id = 208; 
insert into itens_venda values (default, 848, 491, 491, 1, 2.20, 54.25); 
update estoque set quant_venda = quant_venda + 1, quant_atual = quant_atual - 1 where id = 491; 
update estoque_total set total = total - 1 where medicamento_id = 491; 

insert into venda values (849, '2023-03-28 08:16:48', 385.80, null, null); 
insert into itens_venda values (default, 849, 353, 353, 1, 0.80, 40.88); 
update estoque set quant_venda = quant_venda + 1, quant_atual = quant_atual - 1 where id = 353; 
update estoque_total set total = total - 1 where medicamento_id = 353; 
insert into itens_venda values (default, 849, 256, 256, 2, 1.50, 158.28); 
update estoque set quant_venda = quant_venda + 2, quant_atual = quant_atual - 2 where id = 256; 
update estoque_total set total = total - 2 where medicamento_id = 256; 
insert into itens_venda values (default, 849, 205, 205, 1, 0.00, 186.64); 
update estoque set quant_venda = quant_venda + 1, quant_atual = quant_atual - 1 where id = 205; 
update estoque_total set total = total - 1 where medicamento_id = 205; 

insert into venda values (850, '2023-03-28 09:20:34', 191.42, 18, 23); 
insert into itens_venda values (default, 850, 358, 358, 2, 2.20, 71.78); 
update estoque set quant_venda = quant_venda + 2, quant_atual = quant_atual - 2 where id = 358; 
update estoque_total set total = total - 2 where medicamento_id = 358; 
insert into itens_venda values (default, 850, 212, 212, 2, 4.90, 119.64); 
update estoque set quant_venda = quant_venda + 2, quant_atual = quant_atual - 2 where id = 212; 
update estoque_total set total = total - 2 where medicamento_id = 212; 

insert into venda values (851, '2023-03-28 10:05:51', 36.07, 8, null); 
insert into itens_venda values (default, 851, 378, 378, 1, 1.50, 36.07); 
update estoque set quant_venda = quant_venda + 1, quant_atual = quant_atual - 1 where id = 378; 
update estoque_total set total = total - 1 where medicamento_id = 378; 

insert into venda values (852, '2023-03-28 10:26:41', 34.92, 18, null); 
insert into itens_venda values (default, 852, 386, 386, 2, 1.80, 34.92); 
update estoque set quant_venda = quant_venda + 2, quant_atual = quant_atual - 2 where id = 386; 
update estoque_total set total = total - 2 where medicamento_id = 386; 

insert into venda values (853, '2023-03-28 10:52:43', 109.21, null, 21); 
insert into itens_venda values (default, 853, 357, 357, 1, 0.00, 61.88); 
update estoque set quant_venda = quant_venda + 1, quant_atual = quant_atual - 1 where id = 357; 
update estoque_total set total = total - 1 where medicamento_id = 357; 
insert into itens_venda values (default, 853, 488, 488, 1, 1.90, 47.33); 
update estoque set quant_venda = quant_venda + 1, quant_atual = quant_atual - 1 where id = 488; 
update estoque_total set total = total - 1 where medicamento_id = 488; 

insert into venda values (854, '2023-03-28 10:56:32', 26.85, null, null); 
insert into itens_venda values (default, 854, 418, 418, 1, 0.80, 26.85); 
update estoque set quant_venda = quant_venda + 1, quant_atual = quant_atual - 1 where id = 418; 
update estoque_total set total = total - 1 where medicamento_id = 418; 

insert into venda values (855, '2023-03-28 11:53:19', 15.99, 5, null); 
insert into itens_venda values (default, 855, 485, 485, 1, 0.10, 15.99); 
update estoque set quant_venda = quant_venda + 1, quant_atual = quant_atual - 1 where id = 485; 
update estoque_total set total = total - 1 where medicamento_id = 485; 

insert into venda values (856, '2023-03-28 12:12:50', 94.34, 8, null); 
insert into itens_venda values (default, 856, 455, 455, 2, 6.00, 94.34); 
update estoque set quant_venda = quant_venda + 2, quant_atual = quant_atual - 2 where id = 455; 
update estoque_total set total = total - 2 where medicamento_id = 455; 

insert into venda values (857, '2023-03-28 12:48:05', 56.24, null, null); 
insert into itens_venda values (default, 857, 474, 474, 1, 0.20, 14.66); 
update estoque set quant_venda = quant_venda + 1, quant_atual = quant_atual - 1 where id = 474; 
update estoque_total set total = total - 1 where medicamento_id = 474; 
insert into itens_venda values (default, 857, 368, 368, 1, 0.10, 15.68); 
update estoque set quant_venda = quant_venda + 1, quant_atual = quant_atual - 1 where id = 368; 
update estoque_total set total = total - 1 where medicamento_id = 368; 
insert into itens_venda values (default, 857, 463, 463, 2, 0.80, 25.90); 
update estoque set quant_venda = quant_venda + 2, quant_atual = quant_atual - 2 where id = 463; 
update estoque_total set total = total - 2 where medicamento_id = 463; 

insert into venda values (858, '2023-03-28 13:39:19', 81.06, null, 23); 
insert into itens_venda values (default, 858, 330, 330, 1, 1.60, 81.06); 
update estoque set quant_venda = quant_venda + 1, quant_atual = quant_atual - 1 where id = 330; 
update estoque_total set total = total - 1 where medicamento_id = 330; 

insert into venda values (859, '2023-03-28 14:12:39', 87.52, 18, null); 
insert into itens_venda values (default, 859, 337, 337, 2, 2.70, 87.52); 
update estoque set quant_venda = quant_venda + 2, quant_atual = quant_atual - 2 where id = 337; 
update estoque_total set total = total - 2 where medicamento_id = 337; 

insert into venda values (860, '2023-03-29 06:19:30', 178.58, null, null); 
insert into itens_venda values (default, 860, 304, 304, 2, 1.00, 53.92); 
update estoque set quant_venda = quant_venda + 2, quant_atual = quant_atual - 2 where id = 304; 
update estoque_total set total = total - 2 where medicamento_id = 304; 
insert into itens_venda values (default, 860, 467, 467, 2, 0.00, 124.66); 
update estoque set quant_venda = quant_venda + 2, quant_atual = quant_atual - 2 where id = 467; 
update estoque_total set total = total - 2 where medicamento_id = 467; 

insert into venda values (861, '2023-03-29 06:43:12', 102.25, 14, null); 
insert into itens_venda values (default, 861, 494, 494, 3, 3.90, 45.51); 
update estoque set quant_venda = quant_venda + 3, quant_atual = quant_atual - 3 where id = 494; 
update estoque_total set total = total - 3 where medicamento_id = 494; 
insert into itens_venda values (default, 861, 485, 485, 2, 1.90, 30.28); 
update estoque set quant_venda = quant_venda + 2, quant_atual = quant_atual - 2 where id = 485; 
update estoque_total set total = total - 2 where medicamento_id = 485; 
insert into itens_venda values (default, 861, 302, 302, 2, 1.00, 26.46); 
update estoque set quant_venda = quant_venda + 2, quant_atual = quant_atual - 2 where id = 302; 
update estoque_total set total = total - 2 where medicamento_id = 302; 

insert into venda values (862, '2023-03-29 07:39:51', 156.87, null, null); 
insert into itens_venda values (default, 862, 124, 124, 1, 3.70, 89.09); 
update estoque set quant_venda = quant_venda + 1, quant_atual = quant_atual - 1 where id = 124; 
update estoque_total set total = total - 1 where medicamento_id = 124; 
insert into itens_venda values (default, 862, 417, 417, 2, 0.20, 29.28); 
update estoque set quant_venda = quant_venda + 2, quant_atual = quant_atual - 2 where id = 417; 
update estoque_total set total = total - 2 where medicamento_id = 417; 
insert into itens_venda values (default, 862, 451, 451, 2, 0.00, 38.50); 
update estoque set quant_venda = quant_venda + 2, quant_atual = quant_atual - 2 where id = 451; 
update estoque_total set total = total - 2 where medicamento_id = 451; 

insert into venda values (863, '2023-03-29 07:51:32', 126.25, 13, null); 
insert into itens_venda values (default, 863, 395, 395, 1, 2.80, 38.47); 
update estoque set quant_venda = quant_venda + 1, quant_atual = quant_atual - 1 where id = 395; 
update estoque_total set total = total - 1 where medicamento_id = 395; 
insert into itens_venda values (default, 863, 505, 505, 2, 6.00, 61.68); 
update estoque set quant_venda = quant_venda + 2, quant_atual = quant_atual - 2 where id = 505; 
update estoque_total set total = total - 2 where medicamento_id = 505; 
insert into itens_venda values (default, 863, 309, 309, 2, 1.90, 26.10); 
update estoque set quant_venda = quant_venda + 2, quant_atual = quant_atual - 2 where id = 309; 
update estoque_total set total = total - 2 where medicamento_id = 309; 

insert into venda values (864, '2023-03-29 08:11:24', 97.78, null, null); 
insert into itens_venda values (default, 864, 436, 436, 1, 0.00, 65.74); 
update estoque set quant_venda = quant_venda + 1, quant_atual = quant_atual - 1 where id = 436; 
update estoque_total set total = total - 1 where medicamento_id = 436; 
insert into itens_venda values (default, 864, 495, 495, 3, 0.00, 32.04); 
update estoque set quant_venda = quant_venda + 3, quant_atual = quant_atual - 3 where id = 495; 
update estoque_total set total = total - 3 where medicamento_id = 495; 

insert into venda values (865, '2023-03-29 09:23:40', 265.70, null, 23); 
insert into itens_venda values (default, 865, 338, 338, 2, 5.80, 187.58); 
update estoque set quant_venda = quant_venda + 2, quant_atual = quant_atual - 2 where id = 338; 
update estoque_total set total = total - 2 where medicamento_id = 338; 
insert into itens_venda values (default, 865, 440, 440, 2, 0.70, 78.12); 
update estoque set quant_venda = quant_venda + 2, quant_atual = quant_atual - 2 where id = 440; 
update estoque_total set total = total - 2 where medicamento_id = 440; 

insert into venda values (866, '2023-03-29 10:45:41', 29.22, null, null); 
insert into itens_venda values (default, 866, 474, 474, 2, 0.50, 29.22); 
update estoque set quant_venda = quant_venda + 2, quant_atual = quant_atual - 2 where id = 474; 
update estoque_total set total = total - 2 where medicamento_id = 474; 

insert into venda values (867, '2023-03-29 11:52:17', 199.42, 4, null); 
insert into itens_venda values (default, 867, 167, 167, 1, 19.70, 199.42); 
update estoque set quant_venda = quant_venda + 1, quant_atual = quant_atual - 1 where id = 167; 
update estoque_total set total = total - 1 where medicamento_id = 167; 

insert into venda values (868, '2023-03-29 12:52:23', 144.30, null, null); 
insert into itens_venda values (default, 868, 93, 93, 1, 0.00, 126.51); 
update estoque set quant_venda = quant_venda + 1, quant_atual = quant_atual - 1 where id = 93; 
update estoque_total set total = total - 1 where medicamento_id = 93; 
insert into itens_venda values (default, 868, 471, 471, 1, 0.10, 17.79); 
update estoque set quant_venda = quant_venda + 1, quant_atual = quant_atual - 1 where id = 471; 
update estoque_total set total = total - 1 where medicamento_id = 471; 

insert into venda values (869, '2023-03-29 13:19:32', 194.51, 4, null); 
insert into itens_venda values (default, 869, 420, 420, 2, 9.30, 124.24); 
update estoque set quant_venda = quant_venda + 2, quant_atual = quant_atual - 2 where id = 420; 
update estoque_total set total = total - 2 where medicamento_id = 420; 
insert into itens_venda values (default, 869, 157, 157, 1, 2.90, 70.27); 
update estoque set quant_venda = quant_venda + 1, quant_atual = quant_atual - 1 where id = 157; 
update estoque_total set total = total - 1 where medicamento_id = 157; 

insert into venda values (870, '2023-03-30 07:28:34', 361.25, null, 24); 
insert into itens_venda values (default, 870, 68, 68, 1, 4.40, 144.34); 
update estoque set quant_venda = quant_venda + 1, quant_atual = quant_atual - 1 where id = 68; 
update estoque_total set total = total - 1 where medicamento_id = 68; 
insert into itens_venda values (default, 870, 343, 343, 1, 0.30, 31.14); 
update estoque set quant_venda = quant_venda + 1, quant_atual = quant_atual - 1 where id = 343; 
update estoque_total set total = total - 1 where medicamento_id = 343; 
insert into itens_venda values (default, 870, 78, 78, 1, 1.80, 185.77); 
update estoque set quant_venda = quant_venda + 1, quant_atual = quant_atual - 1 where id = 78; 
update estoque_total set total = total - 1 where medicamento_id = 78; 

insert into venda values (871, '2023-03-30 07:38:57', 271.32, 2, null); 
insert into itens_venda values (default, 871, 79, 79, 1, 7.50, 118.51); 
update estoque set quant_venda = quant_venda + 1, quant_atual = quant_atual - 1 where id = 79; 
update estoque_total set total = total - 1 where medicamento_id = 79; 
insert into itens_venda values (default, 871, 291, 291, 3, 0.00, 38.58); 
update estoque set quant_venda = quant_venda + 3, quant_atual = quant_atual - 3 where id = 291; 
update estoque_total set total = total - 3 where medicamento_id = 291; 
insert into itens_venda values (default, 871, 408, 408, 1, 2.30, 114.23); 
update estoque set quant_venda = quant_venda + 1, quant_atual = quant_atual - 1 where id = 408; 
update estoque_total set total = total - 1 where medicamento_id = 408; 

insert into venda values (872, '2023-03-30 07:56:09', 9.10, null, null); 
insert into itens_venda values (default, 872, 432, 432, 2, 0.30, 9.10); 
update estoque set quant_venda = quant_venda + 2, quant_atual = quant_atual - 2 where id = 432; 
update estoque_total set total = total - 2 where medicamento_id = 432; 

insert into venda values (873, '2023-03-30 09:46:03', 89.50, 3, 25); 
insert into itens_venda values (default, 873, 317, 317, 1, 0.90, 89.50); 
update estoque set quant_venda = quant_venda + 1, quant_atual = quant_atual - 1 where id = 317; 
update estoque_total set total = total - 1 where medicamento_id = 317; 

insert into venda values (874, '2023-03-30 09:48:07', 401.76, 2, 25); 
insert into itens_venda values (default, 874, 268, 268, 1, 14.50, 276.57); 
update estoque set quant_venda = quant_venda + 1, quant_atual = quant_atual - 1 where id = 268; 
update estoque_total set total = total - 1 where medicamento_id = 268; 
insert into itens_venda values (default, 874, 454, 454, 1, 1.70, 87.28); 
update estoque set quant_venda = quant_venda + 1, quant_atual = quant_atual - 1 where id = 454; 
update estoque_total set total = total - 1 where medicamento_id = 454; 
insert into itens_venda values (default, 874, 440, 440, 1, 1.50, 37.91); 
update estoque set quant_venda = quant_venda + 1, quant_atual = quant_atual - 1 where id = 440; 
update estoque_total set total = total - 1 where medicamento_id = 440; 

insert into venda values (875, '2023-03-30 11:41:49', 49.93, 11, null); 
insert into itens_venda values (default, 875, 385, 385, 1, 1.70, 19.79); 
update estoque set quant_venda = quant_venda + 1, quant_atual = quant_atual - 1 where id = 385; 
update estoque_total set total = total - 1 where medicamento_id = 385; 
insert into itens_venda values (default, 875, 484, 484, 2, 2.90, 30.14); 
update estoque set quant_venda = quant_venda + 2, quant_atual = quant_atual - 2 where id = 484; 
update estoque_total set total = total - 2 where medicamento_id = 484; 

insert into venda values (876, '2023-03-31 07:05:47', 180.53, null, null); 
insert into itens_venda values (default, 876, 487, 487, 1, 7.50, 180.53); 
update estoque set quant_venda = quant_venda + 1, quant_atual = quant_atual - 1 where id = 487; 
update estoque_total set total = total - 1 where medicamento_id = 487; 

insert into venda values (877, '2023-03-31 09:11:20', 441.26, null, null); 
insert into itens_venda values (default, 877, 449, 449, 3, 0.00, 58.92); 
update estoque set quant_venda = quant_venda + 3, quant_atual = quant_atual - 3 where id = 449; 
update estoque_total set total = total - 3 where medicamento_id = 449; 
insert into itens_venda values (default, 877, 322, 322, 2, 1.60, 54.64); 
update estoque set quant_venda = quant_venda + 2, quant_atual = quant_atual - 2 where id = 322; 
update estoque_total set total = total - 2 where medicamento_id = 322; 
insert into itens_venda values (default, 877, 396, 396, 1, 13.60, 327.70); 
update estoque set quant_venda = quant_venda + 1, quant_atual = quant_atual - 1 where id = 396; 
update estoque_total set total = total - 1 where medicamento_id = 396; 

insert into venda values (878, '2023-03-31 10:01:25', 337.90, null, null); 
insert into itens_venda values (default, 878, 396, 396, 1, 3.40, 337.90); 
update estoque set quant_venda = quant_venda + 1, quant_atual = quant_atual - 1 where id = 396; 
update estoque_total set total = total - 1 where medicamento_id = 396; 

insert into venda values (879, '2023-03-31 10:22:53', 32.55, null, 25); 
insert into itens_venda values (default, 879, 217, 217, 3, 0.60, 32.55); 
update estoque set quant_venda = quant_venda + 3, quant_atual = quant_atual - 3 where id = 217; 
update estoque_total set total = total - 3 where medicamento_id = 217; 

insert into venda values (880, '2023-03-31 12:45:55', 334.07, null, null); 
insert into itens_venda values (default, 880, 437, 437, 1, 0.00, 26.18); 
update estoque set quant_venda = quant_venda + 1, quant_atual = quant_atual - 1 where id = 437; 
update estoque_total set total = total - 1 where medicamento_id = 437; 
insert into itens_venda values (default, 880, 498, 498, 2, 0.00, 70.86); 
update estoque set quant_venda = quant_venda + 2, quant_atual = quant_atual - 2 where id = 498; 
update estoque_total set total = total - 2 where medicamento_id = 498; 
insert into itens_venda values (default, 880, 307, 307, 1, 4.80, 237.03); 
update estoque set quant_venda = quant_venda + 1, quant_atual = quant_atual - 1 where id = 307; 
update estoque_total set total = total - 1 where medicamento_id = 307; 

insert into venda values (881, '2023-03-31 13:57:32', 115.20, 1, null); 
insert into itens_venda values (default, 881, 489, 489, 2, 2.60, 85.38); 
update estoque set quant_venda = quant_venda + 2, quant_atual = quant_atual - 2 where id = 489; 
update estoque_total set total = total - 2 where medicamento_id = 489; 
insert into itens_venda values (default, 881, 311, 311, 2, 0.60, 29.82); 
update estoque set quant_venda = quant_venda + 2, quant_atual = quant_atual - 2 where id = 311; 
update estoque_total set total = total - 2 where medicamento_id = 311; 

insert into venda values (882, '2023-04-01 06:22:47', 96.42, 15, 21); 
insert into itens_venda values (default, 882, 495, 495, 1, 0.80, 9.88); 
update estoque set quant_venda = quant_venda + 1, quant_atual = quant_atual - 1 where id = 495; 
update estoque_total set total = total - 1 where medicamento_id = 495; 
insert into itens_venda values (default, 882, 137, 137, 1, 4.60, 73.54); 
update estoque set quant_venda = quant_venda + 1, quant_atual = quant_atual - 1 where id = 137; 
update estoque_total set total = total - 1 where medicamento_id = 137; 
insert into itens_venda values (default, 882, 504, 504, 2, 0.50, 13.00); 
update estoque set quant_venda = quant_venda + 2, quant_atual = quant_atual - 2 where id = 504; 
update estoque_total set total = total - 2 where medicamento_id = 504; 

insert into venda values (883, '2023-04-01 08:44:55', 417.25, 8, 24); 
insert into itens_venda values (default, 883, 37, 37, 1, 8.20, 266.27); 
update estoque set quant_venda = quant_venda + 1, quant_atual = quant_atual - 1 where id = 37; 
update estoque_total set total = total - 1 where medicamento_id = 37; 
insert into itens_venda values (default, 883, 360, 360, 1, 13.30, 134.76); 
update estoque set quant_venda = quant_venda + 1, quant_atual = quant_atual - 1 where id = 360; 
update estoque_total set total = total - 1 where medicamento_id = 360; 
insert into itens_venda values (default, 883, 484, 484, 1, 0.30, 16.22); 
update estoque set quant_venda = quant_venda + 1, quant_atual = quant_atual - 1 where id = 484; 
update estoque_total set total = total - 1 where medicamento_id = 484; 

insert into venda values (884, '2023-04-01 10:19:03', 86.14, null, null); 
insert into itens_venda values (default, 884, 417, 417, 3, 0.40, 43.82); 
update estoque set quant_venda = quant_venda + 3, quant_atual = quant_atual - 3 where id = 417; 
update estoque_total set total = total - 3 where medicamento_id = 417; 
insert into itens_venda values (default, 884, 502, 502, 2, 1.30, 42.32); 
update estoque set quant_venda = quant_venda + 2, quant_atual = quant_atual - 2 where id = 502; 
update estoque_total set total = total - 2 where medicamento_id = 502; 

insert into venda values (885, '2023-04-02 07:30:31', 237.32, null, 25); 
insert into itens_venda values (default, 885, 402, 402, 2, 1.00, 32.74); 
update estoque set quant_venda = quant_venda + 2, quant_atual = quant_atual - 2 where id = 402; 
update estoque_total set total = total - 2 where medicamento_id = 402; 
insert into itens_venda values (default, 885, 108, 108, 1, 6.30, 204.58); 
update estoque set quant_venda = quant_venda + 1, quant_atual = quant_atual - 1 where id = 108; 
update estoque_total set total = total - 1 where medicamento_id = 108; 

insert into venda values (886, '2023-04-02 09:37:15', 222.86, 2, 22); 
insert into itens_venda values (default, 886, 399, 399, 2, 1.00, 102.70); 
update estoque set quant_venda = quant_venda + 2, quant_atual = quant_atual - 2 where id = 399; 
update estoque_total set total = total - 2 where medicamento_id = 399; 
insert into itens_venda values (default, 886, 308, 308, 2, 7.40, 98.94); 
update estoque set quant_venda = quant_venda + 2, quant_atual = quant_atual - 2 where id = 308; 
update estoque_total set total = total - 2 where medicamento_id = 308; 
insert into itens_venda values (default, 886, 450, 450, 1, 0.80, 21.22); 
update estoque set quant_venda = quant_venda + 1, quant_atual = quant_atual - 1 where id = 450; 
update estoque_total set total = total - 1 where medicamento_id = 450; 

insert into venda values (887, '2023-04-02 11:57:52', 109.23, null, null); 
insert into itens_venda values (default, 887, 495, 495, 3, 0.90, 31.14); 
update estoque set quant_venda = quant_venda + 3, quant_atual = quant_atual - 3 where id = 495; 
update estoque_total set total = total - 3 where medicamento_id = 495; 
insert into itens_venda values (default, 887, 447, 447, 3, 1.50, 78.09); 
update estoque set quant_venda = quant_venda + 3, quant_atual = quant_atual - 3 where id = 447; 
update estoque_total set total = total - 3 where medicamento_id = 447; 

insert into venda values (888, '2023-04-02 13:35:53', 510.84, null, null); 
insert into itens_venda values (default, 888, 152, 152, 2, 2.60, 132.30); 
update estoque set quant_venda = quant_venda + 2, quant_atual = quant_atual - 2 where id = 152; 
update estoque_total set total = total - 2 where medicamento_id = 152; 
insert into itens_venda values (default, 888, 259, 259, 1, 15.70, 378.54); 
update estoque set quant_venda = quant_venda + 1, quant_atual = quant_atual - 1 where id = 259; 
update estoque_total set total = total - 1 where medicamento_id = 259; 

insert into venda values (889, '2023-04-02 13:53:52', 227.41, null, null); 
insert into itens_venda values (default, 889, 493, 493, 2, 0.10, 15.02); 
update estoque set quant_venda = quant_venda + 2, quant_atual = quant_atual - 2 where id = 493; 
update estoque_total set total = total - 2 where medicamento_id = 493; 
insert into itens_venda values (default, 889, 267, 267, 1, 0.00, 177.13); 
update estoque set quant_venda = quant_venda + 1, quant_atual = quant_atual - 1 where id = 267; 
update estoque_total set total = total - 1 where medicamento_id = 267; 
insert into itens_venda values (default, 889, 426, 426, 1, 1.00, 35.26); 
update estoque set quant_venda = quant_venda + 1, quant_atual = quant_atual - 1 where id = 426; 
update estoque_total set total = total - 1 where medicamento_id = 426; 

insert into venda values (890, '2023-04-02 15:39:21', 176.92, 17, null); 
insert into itens_venda values (default, 890, 329, 329, 2, 0.60, 67.60); 
update estoque set quant_venda = quant_venda + 2, quant_atual = quant_atual - 2 where id = 329; 
update estoque_total set total = total - 2 where medicamento_id = 329; 
insert into itens_venda values (default, 890, 169, 169, 2, 2.20, 74.34); 
update estoque set quant_venda = quant_venda + 2, quant_atual = quant_atual - 2 where id = 169; 
update estoque_total set total = total - 2 where medicamento_id = 169; 
insert into itens_venda values (default, 890, 461, 461, 2, 2.20, 34.98); 
update estoque set quant_venda = quant_venda + 2, quant_atual = quant_atual - 2 where id = 461; 
update estoque_total set total = total - 2 where medicamento_id = 461; 

insert into venda values (891, '2023-04-02 16:57:40', 234.41, null, 22); 
insert into itens_venda values (default, 891, 407, 407, 1, 0.60, 69.23); 
update estoque set quant_venda = quant_venda + 1, quant_atual = quant_atual - 1 where id = 407; 
update estoque_total set total = total - 1 where medicamento_id = 407; 
insert into itens_venda values (default, 891, 92, 92, 2, 2.80, 93.68); 
update estoque set quant_venda = quant_venda + 2, quant_atual = quant_atual - 2 where id = 92; 
update estoque_total set total = total - 2 where medicamento_id = 92; 
insert into itens_venda values (default, 891, 276, 276, 2, 0.70, 71.50); 
update estoque set quant_venda = quant_venda + 2, quant_atual = quant_atual - 2 where id = 276; 
update estoque_total set total = total - 2 where medicamento_id = 276; 

insert into venda values (892, '2023-04-03 06:02:23', 237.30, null, null); 
insert into itens_venda values (default, 892, 446, 446, 1, 0.00, 131.82); 
update estoque set quant_venda = quant_venda + 1, quant_atual = quant_atual - 1 where id = 446; 
update estoque_total set total = total - 1 where medicamento_id = 446; 
insert into itens_venda values (default, 892, 503, 503, 2, 0.20, 7.14); 
update estoque set quant_venda = quant_venda + 2, quant_atual = quant_atual - 2 where id = 503; 
update estoque_total set total = total - 2 where medicamento_id = 503; 
insert into itens_venda values (default, 892, 455, 455, 2, 2.00, 98.34); 
update estoque set quant_venda = quant_venda + 2, quant_atual = quant_atual - 2 where id = 455; 
update estoque_total set total = total - 2 where medicamento_id = 455; 

insert into venda values (893, '2023-04-03 08:14:34', 423.47, null, 23); 
insert into itens_venda values (default, 893, 124, 124, 2, 0.00, 185.58); 
update estoque set quant_venda = quant_venda + 2, quant_atual = quant_atual - 2 where id = 124; 
update estoque_total set total = total - 2 where medicamento_id = 124; 
insert into itens_venda values (default, 893, 254, 254, 1, 4.80, 237.89); 
update estoque set quant_venda = quant_venda + 1, quant_atual = quant_atual - 1 where id = 254; 
update estoque_total set total = total - 1 where medicamento_id = 254; 

insert into venda values (894, '2023-04-04 07:18:17', 38.50, null, null); 
insert into itens_venda values (default, 894, 414, 414, 1, 0.00, 38.50); 
update estoque set quant_venda = quant_venda + 1, quant_atual = quant_atual - 1 where id = 414; 
update estoque_total set total = total - 1 where medicamento_id = 414; 

insert into venda values (895, '2023-04-04 07:23:29', 113.70, 20, null); 
insert into itens_venda values (default, 895, 246, 246, 2, 9.80, 113.70); 
update estoque set quant_venda = quant_venda + 2, quant_atual = quant_atual - 2 where id = 246; 
update estoque_total set total = total - 2 where medicamento_id = 246; 

insert into venda values (896, '2023-04-04 07:47:48', 91.17, null, null); 
insert into itens_venda values (default, 896, 479, 479, 2, 0.00, 73.38); 
update estoque set quant_venda = quant_venda + 2, quant_atual = quant_atual - 2 where id = 479; 
update estoque_total set total = total - 2 where medicamento_id = 479; 
insert into itens_venda values (default, 896, 471, 471, 1, 0.10, 17.79); 
update estoque set quant_venda = quant_venda + 1, quant_atual = quant_atual - 1 where id = 471; 
update estoque_total set total = total - 1 where medicamento_id = 471; 

insert into venda values (897, '2023-04-04 07:52:22', 66.90, null, 24); 
insert into itens_venda values (default, 897, 206, 206, 2, 0.60, 66.90); 
update estoque set quant_venda = quant_venda + 2, quant_atual = quant_atual - 2 where id = 206; 
update estoque_total set total = total - 2 where medicamento_id = 206; 

insert into venda values (898, '2023-04-04 08:35:50', 377.68, null, null); 
insert into itens_venda values (default, 898, 469, 469, 1, 0.40, 47.48); 
update estoque set quant_venda = quant_venda + 1, quant_atual = quant_atual - 1 where id = 469; 
update estoque_total set total = total - 1 where medicamento_id = 469; 
insert into itens_venda values (default, 898, 257, 257, 1, 13.70, 330.20); 
update estoque set quant_venda = quant_venda + 1, quant_atual = quant_atual - 1 where id = 257; 
update estoque_total set total = total - 1 where medicamento_id = 257; 

insert into venda values (899, '2023-04-04 09:32:57', 457.96, null, 24); 
insert into itens_venda values (default, 899, 202, 202, 1, 0.00, 280.33); 
update estoque set quant_venda = quant_venda + 1, quant_atual = quant_atual - 1 where id = 202; 
update estoque_total set total = total - 1 where medicamento_id = 202; 
insert into itens_venda values (default, 899, 152, 152, 1, 0.60, 66.85); 
update estoque set quant_venda = quant_venda + 1, quant_atual = quant_atual - 1 where id = 152; 
update estoque_total set total = total - 1 where medicamento_id = 152; 
insert into itens_venda values (default, 899, 281, 281, 2, 3.40, 110.78); 
update estoque set quant_venda = quant_venda + 2, quant_atual = quant_atual - 2 where id = 281; 
update estoque_total set total = total - 2 where medicamento_id = 281; 

insert into venda values (900, '2023-04-04 10:31:41', 114.99, null, null); 
insert into itens_venda values (default, 900, 433, 433, 3, 0.00, 81.45); 
update estoque set quant_venda = quant_venda + 3, quant_atual = quant_atual - 3 where id = 433; 
update estoque_total set total = total - 3 where medicamento_id = 433; 
insert into itens_venda values (default, 900, 505, 505, 1, 0.30, 33.54); 
update estoque set quant_venda = quant_venda + 1, quant_atual = quant_atual - 1 where id = 505; 
update estoque_total set total = total - 1 where medicamento_id = 505; 

insert into venda values (901, '2023-04-04 10:50:59', 215.64, null, 23); 
insert into itens_venda values (default, 901, 111, 111, 2, 3.10, 76.04); 
update estoque set quant_venda = quant_venda + 2, quant_atual = quant_atual - 2 where id = 111; 
update estoque_total set total = total - 2 where medicamento_id = 111; 
insert into itens_venda values (default, 901, 497, 497, 2, 2.20, 73.00); 
update estoque set quant_venda = quant_venda + 2, quant_atual = quant_atual - 2 where id = 497; 
update estoque_total set total = total - 2 where medicamento_id = 497; 
insert into itens_venda values (default, 901, 120, 120, 2, 0.00, 66.60); 
update estoque set quant_venda = quant_venda + 2, quant_atual = quant_atual - 2 where id = 120; 
update estoque_total set total = total - 2 where medicamento_id = 120; 

insert into venda values (902, '2023-04-04 11:20:47', 3.67, null, null); 
insert into itens_venda values (default, 902, 503, 503, 1, 0.00, 3.67); 
update estoque set quant_venda = quant_venda + 1, quant_atual = quant_atual - 1 where id = 503; 
update estoque_total set total = total - 1 where medicamento_id = 503; 

insert into venda values (903, '2023-04-04 12:35:40', 39.56, 17, null); 
insert into itens_venda values (default, 903, 305, 305, 1, 3.90, 39.56); 
update estoque set quant_venda = quant_venda + 1, quant_atual = quant_atual - 1 where id = 305; 
update estoque_total set total = total - 1 where medicamento_id = 305; 

insert into venda values (904, '2023-04-04 13:38:05', 199.24, null, null); 
insert into itens_venda values (default, 904, 103, 103, 1, 0.00, 118.82); 
update estoque set quant_venda = quant_venda + 1, quant_atual = quant_atual - 1 where id = 103; 
update estoque_total set total = total - 1 where medicamento_id = 103; 
insert into itens_venda values (default, 904, 275, 275, 1, 3.30, 80.42); 
update estoque set quant_venda = quant_venda + 1, quant_atual = quant_atual - 1 where id = 275; 
update estoque_total set total = total - 1 where medicamento_id = 275; 

insert into venda values (905, '2023-04-04 14:27:14', 130.67, null, 25); 
insert into itens_venda values (default, 905, 260, 260, 1, 0.70, 75.37); 
update estoque set quant_venda = quant_venda + 1, quant_atual = quant_atual - 1 where id = 260; 
update estoque_total set total = total - 1 where medicamento_id = 260; 
insert into itens_venda values (default, 905, 418, 418, 2, 0.00, 55.30); 
update estoque set quant_venda = quant_venda + 2, quant_atual = quant_atual - 2 where id = 418; 
update estoque_total set total = total - 2 where medicamento_id = 418; 

insert into venda values (906, '2023-04-04 15:41:38', 145.09, null, 22); 
insert into itens_venda values (default, 906, 428, 428, 1, 0.40, 16.24); 
update estoque set quant_venda = quant_venda + 1, quant_atual = quant_atual - 1 where id = 428; 
update estoque_total set total = total - 1 where medicamento_id = 428; 
insert into itens_venda values (default, 906, 366, 366, 1, 0.90, 48.63); 
update estoque set quant_venda = quant_venda + 1, quant_atual = quant_atual - 1 where id = 366; 
update estoque_total set total = total - 1 where medicamento_id = 366; 
insert into itens_venda values (default, 906, 198, 198, 2, 1.60, 80.22); 
update estoque set quant_venda = quant_venda + 2, quant_atual = quant_atual - 2 where id = 198; 
update estoque_total set total = total - 2 where medicamento_id = 198; 

insert into venda values (907, '2023-04-05 06:13:53', 243.36, null, null); 
insert into itens_venda values (default, 907, 403, 403, 2, 0.40, 49.42); 
update estoque set quant_venda = quant_venda + 2, quant_atual = quant_atual - 2 where id = 403; 
update estoque_total set total = total - 2 where medicamento_id = 403; 
insert into itens_venda values (default, 907, 430, 430, 1, 0.90, 23.81); 
update estoque set quant_venda = quant_venda + 1, quant_atual = quant_atual - 1 where id = 430; 
update estoque_total set total = total - 1 where medicamento_id = 430; 
insert into itens_venda values (default, 907, 267, 267, 1, 7.00, 170.13); 
update estoque set quant_venda = quant_venda + 1, quant_atual = quant_atual - 1 where id = 267; 
update estoque_total set total = total - 1 where medicamento_id = 267; 

insert into venda values (908, '2023-04-05 08:12:21', 111.17, null, null); 
insert into itens_venda values (default, 908, 409, 409, 2, 1.90, 47.00); 
update estoque set quant_venda = quant_venda + 2, quant_atual = quant_atual - 2 where id = 409; 
update estoque_total set total = total - 2 where medicamento_id = 409; 
insert into itens_venda values (default, 908, 420, 420, 1, 2.60, 64.17); 
update estoque set quant_venda = quant_venda + 1, quant_atual = quant_atual - 1 where id = 420; 
update estoque_total set total = total - 1 where medicamento_id = 420; 

insert into venda values (909, '2023-04-05 10:07:52', 110.02, 4, null); 
insert into itens_venda values (default, 909, 297, 297, 2, 7.00, 110.02); 
update estoque set quant_venda = quant_venda + 2, quant_atual = quant_atual - 2 where id = 297; 
update estoque_total set total = total - 2 where medicamento_id = 297; 

insert into venda values (910, '2023-04-05 10:39:13', 182.94, null, null); 
insert into itens_venda values (default, 910, 205, 205, 1, 3.70, 182.94); 
update estoque set quant_venda = quant_venda + 1, quant_atual = quant_atual - 1 where id = 205; 
update estoque_total set total = total - 1 where medicamento_id = 205; 

insert into venda values (911, '2023-04-05 12:03:47', 357.17, null, 24); 
insert into itens_venda values (default, 911, 433, 433, 3, 2.40, 79.05); 
update estoque set quant_venda = quant_venda + 3, quant_atual = quant_atual - 3 where id = 433; 
update estoque_total set total = total - 3 where medicamento_id = 433; 
insert into itens_venda values (default, 911, 108, 108, 1, 2.10, 208.78); 
update estoque set quant_venda = quant_venda + 1, quant_atual = quant_atual - 1 where id = 108; 
update estoque_total set total = total - 1 where medicamento_id = 108; 
insert into itens_venda values (default, 911, 289, 289, 1, 2.10, 69.34); 
update estoque set quant_venda = quant_venda + 1, quant_atual = quant_atual - 1 where id = 289; 
update estoque_total set total = total - 1 where medicamento_id = 289; 

insert into venda values (912, '2023-04-05 14:21:46', 193.08, null, null); 
insert into itens_venda values (default, 912, 439, 439, 2, 1.60, 80.34); 
update estoque set quant_venda = quant_venda + 2, quant_atual = quant_atual - 2 where id = 439; 
update estoque_total set total = total - 2 where medicamento_id = 439; 
insert into itens_venda values (default, 912, 478, 478, 2, 2.30, 112.74); 
update estoque set quant_venda = quant_venda + 2, quant_atual = quant_atual - 2 where id = 478; 
update estoque_total set total = total - 2 where medicamento_id = 478; 

insert into venda values (913, '2023-04-05 15:24:21', 352.70, 4, null); 
insert into itens_venda values (default, 913, 466, 466, 1, 0.00, 124.88); 
update estoque set quant_venda = quant_venda + 1, quant_atual = quant_atual - 1 where id = 466; 
update estoque_total set total = total - 1 where medicamento_id = 466; 
insert into itens_venda values (default, 913, 407, 407, 2, 1.30, 138.36); 
update estoque set quant_venda = quant_venda + 2, quant_atual = quant_atual - 2 where id = 407; 
update estoque_total set total = total - 2 where medicamento_id = 407; 
insert into itens_venda values (default, 913, 179, 179, 2, 8.80, 89.46); 
update estoque set quant_venda = quant_venda + 2, quant_atual = quant_atual - 2 where id = 179; 
update estoque_total set total = total - 2 where medicamento_id = 179; 

insert into venda values (914, '2023-04-06 07:09:16', 181.97, null, 25); 
insert into itens_venda values (default, 914, 78, 78, 1, 5.60, 181.97); 
update estoque set quant_venda = quant_venda + 1, quant_atual = quant_atual - 1 where id = 78; 
update estoque_total set total = total - 1 where medicamento_id = 78; 

insert into venda values (915, '2023-04-06 07:21:28', 49.43, 13, null); 
insert into itens_venda values (default, 915, 490, 490, 1, 2.60, 49.43); 
update estoque set quant_venda = quant_venda + 1, quant_atual = quant_atual - 1 where id = 490; 
update estoque_total set total = total - 1 where medicamento_id = 490; 

insert into venda values (916, '2023-04-06 08:34:40', 155.20, null, null); 
insert into itens_venda values (default, 916, 334, 334, 2, 0.00, 125.06); 
update estoque set quant_venda = quant_venda + 2, quant_atual = quant_atual - 2 where id = 334; 
update estoque_total set total = total - 2 where medicamento_id = 334; 
insert into itens_venda values (default, 916, 328, 328, 1, 0.00, 30.14); 
update estoque set quant_venda = quant_venda + 1, quant_atual = quant_atual - 1 where id = 328; 
update estoque_total set total = total - 1 where medicamento_id = 328; 

insert into venda values (917, '2023-04-06 08:38:30', 165.32, null, 24); 
insert into itens_venda values (default, 917, 330, 330, 2, 0.00, 165.32); 
update estoque set quant_venda = quant_venda + 2, quant_atual = quant_atual - 2 where id = 330; 
update estoque_total set total = total - 2 where medicamento_id = 330; 

insert into venda values (918, '2023-04-06 08:57:13', 138.49, null, null); 
insert into itens_venda values (default, 918, 459, 459, 2, 2.00, 65.84); 
update estoque set quant_venda = quant_venda + 2, quant_atual = quant_atual - 2 where id = 459; 
update estoque_total set total = total - 2 where medicamento_id = 459; 
insert into itens_venda values (default, 918, 409, 409, 3, 0.70, 72.65); 
update estoque set quant_venda = quant_venda + 3, quant_atual = quant_atual - 3 where id = 409; 
update estoque_total set total = total - 3 where medicamento_id = 409; 

insert into venda values (919, '2023-04-06 09:55:55', 250.99, 14, null); 
insert into itens_venda values (default, 919, 208, 208, 1, 0.50, 52.98); 
update estoque set quant_venda = quant_venda + 1, quant_atual = quant_atual - 1 where id = 208; 
update estoque_total set total = total - 1 where medicamento_id = 208; 
insert into itens_venda values (default, 919, 487, 487, 1, 11.20, 176.83); 
update estoque set quant_venda = quant_venda + 1, quant_atual = quant_atual - 1 where id = 487; 
update estoque_total set total = total - 1 where medicamento_id = 487; 
insert into itens_venda values (default, 919, 493, 493, 3, 1.50, 21.18); 
update estoque set quant_venda = quant_venda + 3, quant_atual = quant_atual - 3 where id = 493; 
update estoque_total set total = total - 3 where medicamento_id = 493; 

insert into venda values (920, '2023-04-06 10:18:47', 63.66, null, null); 
insert into itens_venda values (default, 920, 311, 311, 2, 0.60, 29.82); 
update estoque set quant_venda = quant_venda + 2, quant_atual = quant_atual - 2 where id = 311; 
update estoque_total set total = total - 2 where medicamento_id = 311; 
insert into itens_venda values (default, 920, 505, 505, 1, 0.00, 33.84); 
update estoque set quant_venda = quant_venda + 1, quant_atual = quant_atual - 1 where id = 505; 
update estoque_total set total = total - 1 where medicamento_id = 505; 

insert into venda values (921, '2023-04-06 11:35:47', 190.66, 17, null); 
insert into itens_venda values (default, 921, 410, 410, 1, 7.40, 99.38); 
update estoque set quant_venda = quant_venda + 1, quant_atual = quant_atual - 1 where id = 410; 
update estoque_total set total = total - 1 where medicamento_id = 410; 
insert into itens_venda values (default, 921, 327, 327, 2, 2.50, 60.74); 
update estoque set quant_venda = quant_venda + 2, quant_atual = quant_atual - 2 where id = 327; 
update estoque_total set total = total - 2 where medicamento_id = 327; 
insert into itens_venda values (default, 921, 482, 482, 2, 2.20, 30.54); 
update estoque set quant_venda = quant_venda + 2, quant_atual = quant_atual - 2 where id = 482; 
update estoque_total set total = total - 2 where medicamento_id = 482; 

insert into venda values (922, '2023-04-06 11:56:29', 75.79, null, null); 
insert into itens_venda values (default, 922, 397, 397, 1, 0.10, 18.02); 
update estoque set quant_venda = quant_venda + 1, quant_atual = quant_atual - 1 where id = 397; 
update estoque_total set total = total - 1 where medicamento_id = 397; 
insert into itens_venda values (default, 922, 468, 468, 1, 1.70, 57.77); 
update estoque set quant_venda = quant_venda + 1, quant_atual = quant_atual - 1 where id = 468; 
update estoque_total set total = total - 1 where medicamento_id = 468; 

insert into venda values (923, '2023-04-06 12:53:51', 164.64, null, null); 
insert into itens_venda values (default, 923, 482, 482, 1, 0.60, 15.77); 
update estoque set quant_venda = quant_venda + 1, quant_atual = quant_atual - 1 where id = 482; 
update estoque_total set total = total - 1 where medicamento_id = 482; 
insert into itens_venda values (default, 923, 119, 119, 1, 6.10, 148.87); 
update estoque set quant_venda = quant_venda + 1, quant_atual = quant_atual - 1 where id = 119; 
update estoque_total set total = total - 1 where medicamento_id = 119; 

insert into venda values (924, '2023-04-06 13:40:57', 214.48, 11, 25); 
insert into itens_venda values (default, 924, 357, 357, 2, 3.70, 120.06); 
update estoque set quant_venda = quant_venda + 2, quant_atual = quant_atual - 2 where id = 357; 
update estoque_total set total = total - 2 where medicamento_id = 357; 
insert into itens_venda values (default, 924, 483, 483, 2, 6.00, 94.42); 
update estoque set quant_venda = quant_venda + 2, quant_atual = quant_atual - 2 where id = 483; 
update estoque_total set total = total - 2 where medicamento_id = 483; 

insert into venda values (925, '2023-04-06 14:45:55', 162.87, null, null); 
insert into itens_venda values (default, 925, 410, 410, 1, 1.00, 105.78); 
update estoque set quant_venda = quant_venda + 1, quant_atual = quant_atual - 1 where id = 410; 
update estoque_total set total = total - 1 where medicamento_id = 410; 
insert into itens_venda values (default, 925, 281, 281, 1, 0.00, 57.09); 
update estoque set quant_venda = quant_venda + 1, quant_atual = quant_atual - 1 where id = 281; 
update estoque_total set total = total - 1 where medicamento_id = 281; 

insert into venda values (926, '2023-04-08 06:49:14', 491.83, null, 22); 
insert into itens_venda values (default, 926, 470, 470, 2, 0.00, 174.80); 
update estoque set quant_venda = quant_venda + 2, quant_atual = quant_atual - 2 where id = 470; 
update estoque_total set total = total - 2 where medicamento_id = 470; 
insert into itens_venda values (default, 926, 136, 136, 1, 0.90, 45.18); 
update estoque set quant_venda = quant_venda + 1, quant_atual = quant_atual - 1 where id = 136; 
update estoque_total set total = total - 1 where medicamento_id = 136; 
insert into itens_venda values (default, 926, 5, 5, 1, 5.50, 271.85); 
update estoque set quant_venda = quant_venda + 1, quant_atual = quant_atual - 1 where id = 5; 
update estoque_total set total = total - 1 where medicamento_id = 5; 

insert into venda values (927, '2023-04-08 07:19:37', 84.52, null, null); 
insert into itens_venda values (default, 927, 341, 341, 2, 1.10, 27.94); 
update estoque set quant_venda = quant_venda + 2, quant_atual = quant_atual - 2 where id = 341; 
update estoque_total set total = total - 2 where medicamento_id = 341; 
insert into itens_venda values (default, 927, 198, 198, 1, 1.20, 39.71); 
update estoque set quant_venda = quant_venda + 1, quant_atual = quant_atual - 1 where id = 198; 
update estoque_total set total = total - 1 where medicamento_id = 198; 
insert into itens_venda values (default, 927, 402, 402, 1, 0.00, 16.87); 
update estoque set quant_venda = quant_venda + 1, quant_atual = quant_atual - 1 where id = 402; 
update estoque_total set total = total - 1 where medicamento_id = 402; 

insert into venda values (928, '2023-04-08 07:54:10', 259.38, 16, null); 
insert into itens_venda values (default, 928, 313, 313, 2, 4.10, 78.98); 
update estoque set quant_venda = quant_venda + 2, quant_atual = quant_atual - 2 where id = 313; 
update estoque_total set total = total - 2 where medicamento_id = 313; 
insert into itens_venda values (default, 928, 348, 348, 3, 1.40, 69.07); 
update estoque set quant_venda = quant_venda + 3, quant_atual = quant_atual - 3 where id = 348; 
update estoque_total set total = total - 3 where medicamento_id = 348; 
insert into itens_venda values (default, 928, 200, 200, 1, 11.00, 111.33); 
update estoque set quant_venda = quant_venda + 1, quant_atual = quant_atual - 1 where id = 200; 
update estoque_total set total = total - 1 where medicamento_id = 200; 

insert into venda values (929, '2023-04-08 08:37:02', 258.02, null, null); 
insert into itens_venda values (default, 929, 124, 124, 2, 7.40, 178.18); 
update estoque set quant_venda = quant_venda + 2, quant_atual = quant_atual - 2 where id = 124; 
update estoque_total set total = total - 2 where medicamento_id = 124; 
insert into itens_venda values (default, 929, 306, 306, 1, 3.30, 79.84); 
update estoque set quant_venda = quant_venda + 1, quant_atual = quant_atual - 1 where id = 306; 
update estoque_total set total = total - 1 where medicamento_id = 306; 

insert into venda values (930, '2023-04-08 08:51:02', 264.89, null, 24); 
insert into itens_venda values (default, 930, 184, 184, 1, 0.20, 20.95); 
update estoque set quant_venda = quant_venda + 1, quant_atual = quant_atual - 1 where id = 184; 
update estoque_total set total = total - 1 where medicamento_id = 184; 
insert into itens_venda values (default, 930, 96, 96, 1, 10.10, 243.94); 
update estoque set quant_venda = quant_venda + 1, quant_atual = quant_atual - 1 where id = 96; 
update estoque_total set total = total - 1 where medicamento_id = 96; 

insert into venda values (931, '2023-04-08 10:09:26', 98.16, null, null); 
insert into itens_venda values (default, 931, 439, 439, 2, 2.40, 79.54); 
update estoque set quant_venda = quant_venda + 2, quant_atual = quant_atual - 2 where id = 439; 
update estoque_total set total = total - 2 where medicamento_id = 439; 
insert into itens_venda values (default, 931, 493, 493, 1, 0.00, 7.56); 
update estoque set quant_venda = quant_venda + 1, quant_atual = quant_atual - 1 where id = 493; 
update estoque_total set total = total - 1 where medicamento_id = 493; 
insert into itens_venda values (default, 931, 431, 431, 1, 0.20, 11.06); 
update estoque set quant_venda = quant_venda + 1, quant_atual = quant_atual - 1 where id = 431; 
update estoque_total set total = total - 1 where medicamento_id = 431; 

insert into venda values (932, '2023-04-08 10:30:06', 236.66, 14, 25); 
insert into itens_venda values (default, 932, 357, 357, 1, 1.20, 60.68); 
update estoque set quant_venda = quant_venda + 1, quant_atual = quant_atual - 1 where id = 357; 
update estoque_total set total = total - 1 where medicamento_id = 357; 
insert into itens_venda values (default, 932, 338, 338, 2, 17.40, 175.98); 
update estoque set quant_venda = quant_venda + 2, quant_atual = quant_atual - 2 where id = 338; 
update estoque_total set total = total - 2 where medicamento_id = 338; 

insert into venda values (933, '2023-04-08 10:48:26', 79.00, null, null); 
insert into itens_venda values (default, 933, 394, 394, 2, 1.10, 56.16); 
update estoque set quant_venda = quant_venda + 2, quant_atual = quant_atual - 2 where id = 394; 
update estoque_total set total = total - 2 where medicamento_id = 394; 
insert into itens_venda values (default, 933, 442, 442, 1, 0.20, 22.84); 
update estoque set quant_venda = quant_venda + 1, quant_atual = quant_atual - 1 where id = 442; 
update estoque_total set total = total - 1 where medicamento_id = 442; 

insert into venda values (934, '2023-04-08 11:14:44', 231.47, null, null); 
insert into itens_venda values (default, 934, 397, 397, 1, 0.10, 18.02); 
update estoque set quant_venda = quant_venda + 1, quant_atual = quant_atual - 1 where id = 397; 
update estoque_total set total = total - 1 where medicamento_id = 397; 
insert into itens_venda values (default, 934, 487, 487, 1, 7.50, 180.53); 
update estoque set quant_venda = quant_venda + 1, quant_atual = quant_atual - 1 where id = 487; 
update estoque_total set total = total - 1 where medicamento_id = 487; 
insert into itens_venda values (default, 934, 459, 459, 1, 1.00, 32.92); 
update estoque set quant_venda = quant_venda + 1, quant_atual = quant_atual - 1 where id = 459; 
update estoque_total set total = total - 1 where medicamento_id = 459; 

insert into venda values (935, '2023-04-08 12:37:54', 58.01, 3, null); 
insert into itens_venda values (default, 935, 297, 297, 1, 0.50, 58.01); 
update estoque set quant_venda = quant_venda + 1, quant_atual = quant_atual - 1 where id = 297; 
update estoque_total set total = total - 1 where medicamento_id = 297; 

insert into venda values (936, '2023-04-08 13:26:47', 480.41, 7, null); 
insert into itens_venda values (default, 936, 396, 396, 1, 0.00, 341.30); 
update estoque set quant_venda = quant_venda + 1, quant_atual = quant_atual - 1 where id = 396; 
update estoque_total set total = total - 1 where medicamento_id = 396; 
insert into itens_venda values (default, 936, 172, 172, 1, 4.00, 132.34); 
update estoque set quant_venda = quant_venda + 1, quant_atual = quant_atual - 1 where id = 172; 
update estoque_total set total = total - 1 where medicamento_id = 172; 
insert into itens_venda values (default, 936, 496, 496, 1, 0.60, 6.77); 
update estoque set quant_venda = quant_venda + 1, quant_atual = quant_atual - 1 where id = 496; 
update estoque_total set total = total - 1 where medicamento_id = 496; 

insert into venda values (937, '2023-04-08 14:13:12', 351.69, null, null); 
insert into itens_venda values (default, 937, 454, 454, 1, 2.60, 86.38); 
update estoque set quant_venda = quant_venda + 1, quant_atual = quant_atual - 1 where id = 454; 
update estoque_total set total = total - 1 where medicamento_id = 454; 
insert into itens_venda values (default, 937, 272, 272, 1, 11.00, 265.31); 
update estoque set quant_venda = quant_venda + 1, quant_atual = quant_atual - 1 where id = 272; 
update estoque_total set total = total - 1 where medicamento_id = 272; 

insert into venda values (938, '2023-04-08 14:13:34', 121.02, null, null); 
insert into itens_venda values (default, 938, 465, 465, 1, 1.20, 121.02); 
update estoque set quant_venda = quant_venda + 1, quant_atual = quant_atual - 1 where id = 465; 
update estoque_total set total = total - 1 where medicamento_id = 465; 

insert into venda values (939, '2023-04-09 06:03:40', 214.85, 15, null); 
insert into itens_venda values (default, 939, 465, 465, 1, 6.10, 116.12); 
update estoque set quant_venda = quant_venda + 1, quant_atual = quant_atual - 1 where id = 465; 
update estoque_total set total = total - 1 where medicamento_id = 465; 
insert into itens_venda values (default, 939, 479, 479, 2, 0.70, 72.68); 
update estoque set quant_venda = quant_venda + 2, quant_atual = quant_atual - 2 where id = 479; 
update estoque_total set total = total - 2 where medicamento_id = 479; 
insert into itens_venda values (default, 939, 418, 418, 1, 1.60, 26.05); 
update estoque set quant_venda = quant_venda + 1, quant_atual = quant_atual - 1 where id = 418; 
update estoque_total set total = total - 1 where medicamento_id = 418; 

insert into venda values (940, '2023-04-09 06:35:38', 93.83, 7, null); 
insert into itens_venda values (default, 940, 496, 496, 2, 0.50, 14.24); 
update estoque set quant_venda = quant_venda + 2, quant_atual = quant_atual - 2 where id = 496; 
update estoque_total set total = total - 2 where medicamento_id = 496; 
insert into itens_venda values (default, 940, 293, 293, 3, 7.80, 79.59); 
update estoque set quant_venda = quant_venda + 3, quant_atual = quant_atual - 3 where id = 293; 
update estoque_total set total = total - 3 where medicamento_id = 293; 

insert into venda values (941, '2023-04-09 06:48:02', 98.25, null, null); 
insert into itens_venda values (default, 941, 162, 162, 1, 0.00, 67.41); 
update estoque set quant_venda = quant_venda + 1, quant_atual = quant_atual - 1 where id = 162; 
update estoque_total set total = total - 1 where medicamento_id = 162; 
insert into itens_venda values (default, 941, 495, 495, 3, 1.20, 30.84); 
update estoque set quant_venda = quant_venda + 3, quant_atual = quant_atual - 3 where id = 495; 
update estoque_total set total = total - 3 where medicamento_id = 495; 

insert into venda values (942, '2023-04-09 08:08:05', 231.10, 13, 22); 
insert into itens_venda values (default, 942, 16, 16, 1, 3.70, 181.99); 
update estoque set quant_venda = quant_venda + 1, quant_atual = quant_atual - 1 where id = 16; 
update estoque_total set total = total - 1 where medicamento_id = 16; 
insert into itens_venda values (default, 942, 379, 379, 2, 2.00, 23.36); 
update estoque set quant_venda = quant_venda + 2, quant_atual = quant_atual - 2 where id = 379; 
update estoque_total set total = total - 2 where medicamento_id = 379; 
insert into itens_venda values (default, 942, 418, 418, 1, 1.90, 25.75); 
update estoque set quant_venda = quant_venda + 1, quant_atual = quant_atual - 1 where id = 418; 
update estoque_total set total = total - 1 where medicamento_id = 418; 

insert into venda values (943, '2023-04-09 08:10:05', 80.34, null, null); 
insert into itens_venda values (default, 943, 439, 439, 2, 1.60, 80.34); 
update estoque set quant_venda = quant_venda + 2, quant_atual = quant_atual - 2 where id = 439; 
update estoque_total set total = total - 2 where medicamento_id = 439; 

insert into venda values (944, '2023-04-09 08:33:39', 182.15, null, 25); 
insert into itens_venda values (default, 944, 491, 491, 1, 0.00, 56.45); 
update estoque set quant_venda = quant_venda + 1, quant_atual = quant_atual - 1 where id = 491; 
update estoque_total set total = total - 1 where medicamento_id = 491; 
insert into itens_venda values (default, 944, 374, 374, 1, 1.30, 32.81); 
update estoque set quant_venda = quant_venda + 1, quant_atual = quant_atual - 1 where id = 374; 
update estoque_total set total = total - 1 where medicamento_id = 374; 
insert into itens_venda values (default, 944, 338, 338, 1, 3.80, 92.89); 
update estoque set quant_venda = quant_venda + 1, quant_atual = quant_atual - 1 where id = 338; 
update estoque_total set total = total - 1 where medicamento_id = 338; 

insert into venda values (945, '2023-04-09 08:56:59', 164.32, null, null); 
insert into itens_venda values (default, 945, 123, 123, 2, 1.00, 102.44); 
update estoque set quant_venda = quant_venda + 2, quant_atual = quant_atual - 2 where id = 123; 
update estoque_total set total = total - 2 where medicamento_id = 123; 
insert into itens_venda values (default, 945, 502, 502, 1, 0.40, 21.41); 
update estoque set quant_venda = quant_venda + 1, quant_atual = quant_atual - 1 where id = 502; 
update estoque_total set total = total - 1 where medicamento_id = 502; 
insert into itens_venda values (default, 945, 395, 395, 1, 0.80, 40.47); 
update estoque set quant_venda = quant_venda + 1, quant_atual = quant_atual - 1 where id = 395; 
update estoque_total set total = total - 1 where medicamento_id = 395; 

insert into venda values (946, '2023-04-09 09:12:28', 153.90, 17, null); 
insert into itens_venda values (default, 946, 443, 443, 3, 2.10, 68.10); 
update estoque set quant_venda = quant_venda + 3, quant_atual = quant_atual - 3 where id = 443; 
update estoque_total set total = total - 3 where medicamento_id = 443; 
insert into itens_venda values (default, 946, 389, 389, 2, 0.60, 64.20); 
update estoque set quant_venda = quant_venda + 2, quant_atual = quant_atual - 2 where id = 389; 
update estoque_total set total = total - 2 where medicamento_id = 389; 
insert into itens_venda values (default, 946, 443, 443, 1, 1.80, 21.60); 
update estoque set quant_venda = quant_venda + 1, quant_atual = quant_atual - 1 where id = 443; 
update estoque_total set total = total - 1 where medicamento_id = 443; 

insert into venda values (947, '2023-04-09 10:22:56', 210.25, null, 24); 
insert into itens_venda values (default, 947, 505, 505, 2, 0.60, 67.08); 
update estoque set quant_venda = quant_venda + 2, quant_atual = quant_atual - 2 where id = 505; 
update estoque_total set total = total - 2 where medicamento_id = 505; 
insert into itens_venda values (default, 947, 256, 256, 1, 1.50, 78.39); 
update estoque set quant_venda = quant_venda + 1, quant_atual = quant_atual - 1 where id = 256; 
update estoque_total set total = total - 1 where medicamento_id = 256; 
insert into itens_venda values (default, 947, 178, 178, 1, 2.00, 64.78); 
update estoque set quant_venda = quant_venda + 1, quant_atual = quant_atual - 1 where id = 178; 
update estoque_total set total = total - 1 where medicamento_id = 178; 

insert into venda values (948, '2023-04-10 07:50:29', 85.36, 16, null); 
insert into itens_venda values (default, 948, 472, 472, 3, 2.60, 85.36); 
update estoque set quant_venda = quant_venda + 3, quant_atual = quant_atual - 3 where id = 472; 
update estoque_total set total = total - 3 where medicamento_id = 472; 

insert into venda values (949, '2023-04-10 08:31:46', 137.19, null, null); 
insert into itens_venda values (default, 949, 456, 456, 2, 3.00, 73.92); 
update estoque set quant_venda = quant_venda + 2, quant_atual = quant_atual - 2 where id = 456; 
update estoque_total set total = total - 2 where medicamento_id = 456; 
insert into itens_venda values (default, 949, 481, 481, 3, 0.80, 39.22); 
update estoque set quant_venda = quant_venda + 3, quant_atual = quant_atual - 3 where id = 481; 
update estoque_total set total = total - 3 where medicamento_id = 481; 
insert into itens_venda values (default, 949, 409, 409, 1, 0.40, 24.05); 
update estoque set quant_venda = quant_venda + 1, quant_atual = quant_atual - 1 where id = 409; 
update estoque_total set total = total - 1 where medicamento_id = 409; 

insert into venda values (950, '2023-04-10 10:23:43', 141.48, null, null); 
insert into itens_venda values (default, 950, 289, 289, 2, 1.40, 141.48); 
update estoque set quant_venda = quant_venda + 2, quant_atual = quant_atual - 2 where id = 289; 
update estoque_total set total = total - 2 where medicamento_id = 289; 

insert into venda values (951, '2023-04-10 11:01:37', 157.87, null, null); 
insert into itens_venda values (default, 951, 258, 258, 1, 0.00, 63.45); 
update estoque set quant_venda = quant_venda + 1, quant_atual = quant_atual - 1 where id = 258; 
update estoque_total set total = total - 1 where medicamento_id = 258; 
insert into itens_venda values (default, 951, 473, 473, 2, 3.90, 94.42); 
update estoque set quant_venda = quant_venda + 2, quant_atual = quant_atual - 2 where id = 473; 
update estoque_total set total = total - 2 where medicamento_id = 473; 

insert into venda values (952, '2023-04-10 12:40:53', 80.01, 7, null); 
insert into itens_venda values (default, 952, 489, 489, 1, 0.40, 43.59); 
update estoque set quant_venda = quant_venda + 1, quant_atual = quant_atual - 1 where id = 489; 
update estoque_total set total = total - 1 where medicamento_id = 489; 
insert into itens_venda values (default, 952, 386, 386, 2, 0.30, 36.42); 
update estoque set quant_venda = quant_venda + 2, quant_atual = quant_atual - 2 where id = 386; 
update estoque_total set total = total - 2 where medicamento_id = 386; 

insert into venda values (953, '2023-04-11 06:47:01', 144.97, null, 25); 
insert into itens_venda values (default, 953, 499, 499, 2, 1.50, 76.04); 
update estoque set quant_venda = quant_venda + 2, quant_atual = quant_atual - 2 where id = 499; 
update estoque_total set total = total - 2 where medicamento_id = 499; 
insert into itens_venda values (default, 953, 319, 319, 1, 2.30, 56.87); 
update estoque set quant_venda = quant_venda + 1, quant_atual = quant_atual - 1 where id = 319; 
update estoque_total set total = total - 1 where medicamento_id = 319; 
insert into itens_venda values (default, 953, 204, 204, 1, 0.40, 12.06); 
update estoque set quant_venda = quant_venda + 1, quant_atual = quant_atual - 1 where id = 204; 
update estoque_total set total = total - 1 where medicamento_id = 204; 

insert into venda values (954, '2023-04-11 07:42:18', 168.59, null, null); 
insert into itens_venda values (default, 954, 403, 403, 3, 0.70, 74.03); 
update estoque set quant_venda = quant_venda + 3, quant_atual = quant_atual - 3 where id = 403; 
update estoque_total set total = total - 3 where medicamento_id = 403; 
insert into itens_venda values (default, 954, 488, 488, 2, 3.90, 94.56); 
update estoque set quant_venda = quant_venda + 2, quant_atual = quant_atual - 2 where id = 488; 
update estoque_total set total = total - 2 where medicamento_id = 488; 

insert into venda values (955, '2023-04-11 08:35:24', 62.37, null, null); 
insert into itens_venda values (default, 955, 314, 314, 3, 0.60, 62.37); 
update estoque set quant_venda = quant_venda + 3, quant_atual = quant_atual - 3 where id = 314; 
update estoque_total set total = total - 3 where medicamento_id = 314; 

insert into venda values (956, '2023-04-11 09:05:15', 139.97, null, null); 
insert into itens_venda values (default, 956, 478, 478, 1, 0.50, 57.02); 
update estoque set quant_venda = quant_venda + 1, quant_atual = quant_atual - 1 where id = 478; 
update estoque_total set total = total - 1 where medicamento_id = 478; 
insert into itens_venda values (default, 956, 418, 418, 3, 0.00, 82.95); 
update estoque set quant_venda = quant_venda + 3, quant_atual = quant_atual - 3 where id = 418; 
update estoque_total set total = total - 3 where medicamento_id = 418; 

insert into venda values (957, '2023-04-11 09:32:16', 105.00, 17, null); 
insert into itens_venda values (default, 957, 491, 491, 2, 7.90, 105.00); 
update estoque set quant_venda = quant_venda + 2, quant_atual = quant_atual - 2 where id = 491; 
update estoque_total set total = total - 2 where medicamento_id = 491; 

insert into venda values (958, '2023-04-11 10:44:39', 252.16, 14, 25); 
insert into itens_venda values (default, 958, 91, 91, 1, 15.20, 238.93); 
update estoque set quant_venda = quant_venda + 1, quant_atual = quant_atual - 1 where id = 91; 
update estoque_total set total = total - 1 where medicamento_id = 91; 
insert into itens_venda values (default, 958, 302, 302, 1, 0.50, 13.23); 
update estoque set quant_venda = quant_venda + 1, quant_atual = quant_atual - 1 where id = 302; 
update estoque_total set total = total - 1 where medicamento_id = 302; 

insert into venda values (959, '2023-04-11 11:19:24', 79.53, null, null); 
insert into itens_venda values (default, 959, 472, 472, 1, 0.00, 29.32); 
update estoque set quant_venda = quant_venda + 1, quant_atual = quant_atual - 1 where id = 472; 
update estoque_total set total = total - 1 where medicamento_id = 472; 
insert into itens_venda values (default, 959, 483, 483, 1, 0.00, 50.21); 
update estoque set quant_venda = quant_venda + 1, quant_atual = quant_atual - 1 where id = 483; 
update estoque_total set total = total - 1 where medicamento_id = 483; 

insert into venda values (960, '2023-04-11 12:41:53', 77.85, null, null); 
insert into itens_venda values (default, 960, 312, 312, 3, 1.50, 77.85); 
update estoque set quant_venda = quant_venda + 3, quant_atual = quant_atual - 3 where id = 312; 
update estoque_total set total = total - 3 where medicamento_id = 312; 

insert into venda values (961, '2023-04-11 12:44:27', 176.26, null, null); 
insert into itens_venda values (default, 961, 459, 459, 1, 0.60, 33.32); 
update estoque set quant_venda = quant_venda + 1, quant_atual = quant_atual - 1 where id = 459; 
update estoque_total set total = total - 1 where medicamento_id = 459; 
insert into itens_venda values (default, 961, 411, 411, 2, 1.40, 142.94); 
update estoque set quant_venda = quant_venda + 2, quant_atual = quant_atual - 2 where id = 411; 
update estoque_total set total = total - 2 where medicamento_id = 411; 

insert into venda values (962, '2023-04-11 13:12:46', 272.62, null, null); 
insert into itens_venda values (default, 962, 88, 88, 1, 6.60, 158.46); 
update estoque set quant_venda = quant_venda + 1, quant_atual = quant_atual - 1 where id = 88; 
update estoque_total set total = total - 1 where medicamento_id = 88; 
insert into itens_venda values (default, 962, 462, 462, 2, 0.00, 37.86); 
update estoque set quant_venda = quant_venda + 2, quant_atual = quant_atual - 2 where id = 462; 
update estoque_total set total = total - 2 where medicamento_id = 462; 
insert into itens_venda values (default, 962, 414, 414, 2, 0.70, 76.30); 
update estoque set quant_venda = quant_venda + 2, quant_atual = quant_atual - 2 where id = 414; 
update estoque_total set total = total - 2 where medicamento_id = 414; 

insert into venda values (963, '2023-04-11 13:30:59', 65.86, 13, 24); 
insert into itens_venda values (default, 963, 277, 277, 2, 4.90, 65.86); 
update estoque set quant_venda = quant_venda + 2, quant_atual = quant_atual - 2 where id = 277; 
update estoque_total set total = total - 2 where medicamento_id = 277; 

insert into venda values (964, '2023-04-12 07:13:23', 167.67, null, null); 
insert into itens_venda values (default, 964, 420, 420, 2, 1.30, 132.24); 
update estoque set quant_venda = quant_venda + 2, quant_atual = quant_atual - 2 where id = 420; 
update estoque_total set total = total - 2 where medicamento_id = 420; 
insert into itens_venda values (default, 964, 498, 498, 1, 0.00, 35.43); 
update estoque set quant_venda = quant_venda + 1, quant_atual = quant_atual - 1 where id = 498; 
update estoque_total set total = total - 1 where medicamento_id = 498; 

insert into venda values (965, '2023-04-12 08:28:51', 15.66, 10, null); 
insert into itens_venda values (default, 965, 380, 380, 2, 0.80, 15.66); 
update estoque set quant_venda = quant_venda + 2, quant_atual = quant_atual - 2 where id = 380; 
update estoque_total set total = total - 2 where medicamento_id = 380; 

insert into venda values (966, '2023-04-12 08:29:58', 203.29, null, 21); 
insert into itens_venda values (default, 966, 130, 130, 1, 0.00, 100.99); 
update estoque set quant_venda = quant_venda + 1, quant_atual = quant_atual - 1 where id = 130; 
update estoque_total set total = total - 1 where medicamento_id = 130; 
insert into itens_venda values (default, 966, 409, 409, 2, 1.40, 47.50); 
update estoque set quant_venda = quant_venda + 2, quant_atual = quant_atual - 2 where id = 409; 
update estoque_total set total = total - 2 where medicamento_id = 409; 
insert into itens_venda values (default, 966, 418, 418, 2, 0.50, 54.80); 
update estoque set quant_venda = quant_venda + 2, quant_atual = quant_atual - 2 where id = 418; 
update estoque_total set total = total - 2 where medicamento_id = 418; 

insert into venda values (967, '2023-04-12 08:40:28', 228.46, null, null); 
insert into itens_venda values (default, 967, 88, 88, 1, 4.90, 160.16); 
update estoque set quant_venda = quant_venda + 1, quant_atual = quant_atual - 1 where id = 88; 
update estoque_total set total = total - 1 where medicamento_id = 88; 
insert into itens_venda values (default, 967, 460, 460, 1, 0.70, 36.96); 
update estoque set quant_venda = quant_venda + 1, quant_atual = quant_atual - 1 where id = 460; 
update estoque_total set total = total - 1 where medicamento_id = 460; 
insert into itens_venda values (default, 967, 500, 500, 2, 0.60, 31.34); 
update estoque set quant_venda = quant_venda + 2, quant_atual = quant_atual - 2 where id = 500; 
update estoque_total set total = total - 2 where medicamento_id = 500; 

insert into venda values (968, '2023-04-12 08:58:22', 48.30, 12, null); 
insert into itens_venda values (default, 968, 283, 283, 1, 3.60, 48.30); 
update estoque set quant_venda = quant_venda + 1, quant_atual = quant_atual - 1 where id = 283; 
update estoque_total set total = total - 1 where medicamento_id = 283; 

insert into venda values (969, '2023-04-12 09:28:41', 233.64, null, 24); 
insert into itens_venda values (default, 969, 416, 416, 1, 0.00, 22.76); 
update estoque set quant_venda = quant_venda + 1, quant_atual = quant_atual - 1 where id = 416; 
update estoque_total set total = total - 1 where medicamento_id = 416; 
insert into itens_venda values (default, 969, 108, 108, 1, 0.00, 210.88); 
update estoque set quant_venda = quant_venda + 1, quant_atual = quant_atual - 1 where id = 108; 
update estoque_total set total = total - 1 where medicamento_id = 108; 

insert into venda values (970, '2023-04-12 10:31:35', 49.42, 5, null); 
insert into itens_venda values (default, 970, 403, 403, 2, 0.40, 49.42); 
update estoque set quant_venda = quant_venda + 2, quant_atual = quant_atual - 2 where id = 403; 
update estoque_total set total = total - 2 where medicamento_id = 403; 

insert into venda values (971, '2023-04-12 11:19:16', 330.64, null, null); 
insert into itens_venda values (default, 971, 176, 176, 1, 10.20, 330.64); 
update estoque set quant_venda = quant_venda + 1, quant_atual = quant_atual - 1 where id = 176; 
update estoque_total set total = total - 1 where medicamento_id = 176; 

insert into venda values (972, '2023-04-12 12:08:54', 83.20, 4, 21); 
insert into itens_venda values (default, 972, 317, 317, 1, 7.20, 83.20); 
update estoque set quant_venda = quant_venda + 1, quant_atual = quant_atual - 1 where id = 317; 
update estoque_total set total = total - 1 where medicamento_id = 317; 

insert into venda values (973, '2023-04-13 06:34:36', 352.90, 2, 24); 
insert into itens_venda values (default, 973, 191, 191, 1, 21.70, 340.75); 
update estoque set quant_venda = quant_venda + 1, quant_atual = quant_atual - 1 where id = 191; 
update estoque_total set total = total - 1 where medicamento_id = 191; 
insert into itens_venda values (default, 973, 463, 463, 1, 1.20, 12.15); 
update estoque set quant_venda = quant_venda + 1, quant_atual = quant_atual - 1 where id = 463; 
update estoque_total set total = total - 1 where medicamento_id = 463; 

insert into venda values (974, '2023-04-13 06:37:15', 169.60, null, null); 
insert into itens_venda values (default, 974, 470, 470, 2, 5.20, 169.60); 
update estoque set quant_venda = quant_venda + 2, quant_atual = quant_atual - 2 where id = 470; 
update estoque_total set total = total - 2 where medicamento_id = 470; 

insert into venda values (975, '2023-04-13 06:42:10', 127.21, null, null); 
insert into itens_venda values (default, 975, 439, 439, 2, 1.60, 80.34); 
update estoque set quant_venda = quant_venda + 2, quant_atual = quant_atual - 2 where id = 439; 
update estoque_total set total = total - 2 where medicamento_id = 439; 
insert into itens_venda values (default, 975, 485, 485, 3, 1.40, 46.87); 
update estoque set quant_venda = quant_venda + 3, quant_atual = quant_atual - 3 where id = 485; 
update estoque_total set total = total - 3 where medicamento_id = 485; 

insert into venda values (976, '2023-04-13 07:22:22', 261.27, null, null); 
insert into itens_venda values (default, 976, 469, 469, 2, 2.80, 92.96); 
update estoque set quant_venda = quant_venda + 2, quant_atual = quant_atual - 2 where id = 469; 
update estoque_total set total = total - 2 where medicamento_id = 469; 
insert into itens_venda values (default, 976, 413, 413, 1, 0.00, 90.22); 
update estoque set quant_venda = quant_venda + 1, quant_atual = quant_atual - 1 where id = 413; 
update estoque_total set total = total - 1 where medicamento_id = 413; 
insert into itens_venda values (default, 976, 447, 447, 3, 1.50, 78.09); 
update estoque set quant_venda = quant_venda + 3, quant_atual = quant_atual - 3 where id = 447; 
update estoque_total set total = total - 3 where medicamento_id = 447; 

insert into venda values (977, '2023-04-13 08:03:59', 76.22, null, null); 
insert into itens_venda values (default, 977, 436, 436, 1, 0.00, 65.74); 
update estoque set quant_venda = quant_venda + 1, quant_atual = quant_atual - 1 where id = 436; 
update estoque_total set total = total - 1 where medicamento_id = 436; 
insert into itens_venda values (default, 977, 495, 495, 1, 0.20, 10.48); 
update estoque set quant_venda = quant_venda + 1, quant_atual = quant_atual - 1 where id = 495; 
update estoque_total set total = total - 1 where medicamento_id = 495; 

insert into venda values (978, '2023-04-13 08:11:05', 10.61, null, null); 
insert into itens_venda values (default, 978, 503, 503, 3, 0.40, 10.61); 
update estoque set quant_venda = quant_venda + 3, quant_atual = quant_atual - 3 where id = 503; 
update estoque_total set total = total - 3 where medicamento_id = 503; 

insert into venda values (979, '2023-04-13 08:51:34', 107.36, 7, null); 
insert into itens_venda values (default, 979, 243, 243, 2, 4.60, 72.36); 
update estoque set quant_venda = quant_venda + 2, quant_atual = quant_atual - 2 where id = 243; 
update estoque_total set total = total - 2 where medicamento_id = 243; 
insert into itens_venda values (default, 979, 497, 497, 1, 2.60, 35.00); 
update estoque set quant_venda = quant_venda + 1, quant_atual = quant_atual - 1 where id = 497; 
update estoque_total set total = total - 1 where medicamento_id = 497; 

insert into venda values (980, '2023-04-13 09:01:41', 120.37, null, null); 
insert into itens_venda values (default, 980, 453, 453, 2, 0.20, 12.80); 
update estoque set quant_venda = quant_venda + 2, quant_atual = quant_atual - 2 where id = 453; 
update estoque_total set total = total - 2 where medicamento_id = 453; 
insert into itens_venda values (default, 980, 346, 346, 2, 3.50, 86.36); 
update estoque set quant_venda = quant_venda + 2, quant_atual = quant_atual - 2 where id = 346; 
update estoque_total set total = total - 2 where medicamento_id = 346; 
insert into itens_venda values (default, 980, 502, 502, 1, 0.60, 21.21); 
update estoque set quant_venda = quant_venda + 1, quant_atual = quant_atual - 1 where id = 502; 
update estoque_total set total = total - 1 where medicamento_id = 502; 

insert into venda values (981, '2023-04-13 09:07:52', 21.26, 4, null); 
insert into itens_venda values (default, 981, 416, 416, 1, 1.50, 21.26); 
update estoque set quant_venda = quant_venda + 1, quant_atual = quant_atual - 1 where id = 416; 
update estoque_total set total = total - 1 where medicamento_id = 416; 

insert into venda values (982, '2023-04-14 06:04:31', 135.53, null, null); 
insert into itens_venda values (default, 982, 351, 351, 3, 1.30, 64.10); 
update estoque set quant_venda = quant_venda + 3, quant_atual = quant_atual - 3 where id = 351; 
update estoque_total set total = total - 3 where medicamento_id = 351; 
insert into itens_venda values (default, 982, 440, 440, 1, 1.10, 38.31); 
update estoque set quant_venda = quant_venda + 1, quant_atual = quant_atual - 1 where id = 440; 
update estoque_total set total = total - 1 where medicamento_id = 440; 
insert into itens_venda values (default, 982, 364, 364, 1, 0.00, 33.12); 
update estoque set quant_venda = quant_venda + 1, quant_atual = quant_atual - 1 where id = 364; 
update estoque_total set total = total - 1 where medicamento_id = 364; 

insert into venda values (983, '2023-04-14 07:37:13', 127.71, null, null); 
insert into itens_venda values (default, 983, 127, 127, 1, 0.00, 45.57); 
update estoque set quant_venda = quant_venda + 1, quant_atual = quant_atual - 1 where id = 127; 
update estoque_total set total = total - 1 where medicamento_id = 127; 
insert into itens_venda values (default, 983, 419, 419, 3, 0.00, 82.14); 
update estoque set quant_venda = quant_venda + 3, quant_atual = quant_atual - 3 where id = 419; 
update estoque_total set total = total - 3 where medicamento_id = 419; 

insert into venda values (984, '2023-04-14 08:56:20', 207.11, 18, 24); 
insert into itens_venda values (default, 984, 452, 452, 1, 1.70, 57.97); 
update estoque set quant_venda = quant_venda + 1, quant_atual = quant_atual - 1 where id = 452; 
update estoque_total set total = total - 1 where medicamento_id = 452; 
insert into itens_venda values (default, 984, 260, 260, 2, 3.00, 149.14); 
update estoque set quant_venda = quant_venda + 2, quant_atual = quant_atual - 2 where id = 260; 
update estoque_total set total = total - 2 where medicamento_id = 260; 

insert into venda values (985, '2023-04-15 06:43:34', 74.92, 4, null); 
insert into itens_venda values (default, 985, 440, 440, 2, 3.90, 74.92); 
update estoque set quant_venda = quant_venda + 2, quant_atual = quant_atual - 2 where id = 440; 
update estoque_total set total = total - 2 where medicamento_id = 440; 

insert into venda values (986, '2023-04-15 07:06:28', 104.34, null, null); 
insert into itens_venda values (default, 986, 448, 448, 3, 0.40, 49.07); 
update estoque set quant_venda = quant_venda + 3, quant_atual = quant_atual - 3 where id = 448; 
update estoque_total set total = total - 3 where medicamento_id = 448; 
insert into itens_venda values (default, 986, 461, 461, 3, 0.50, 55.27); 
update estoque set quant_venda = quant_venda + 3, quant_atual = quant_atual - 3 where id = 461; 
update estoque_total set total = total - 3 where medicamento_id = 461; 

insert into venda values (987, '2023-04-15 08:26:29', 13.30, 4, null); 
insert into itens_venda values (default, 987, 504, 504, 2, 0.20, 13.30); 
update estoque set quant_venda = quant_venda + 2, quant_atual = quant_atual - 2 where id = 504; 
update estoque_total set total = total - 2 where medicamento_id = 504; 

insert into venda values (988, '2023-04-15 08:47:13', 107.31, 18, null); 
insert into itens_venda values (default, 988, 500, 500, 1, 0.10, 15.87); 
update estoque set quant_venda = quant_venda + 1, quant_atual = quant_atual - 1 where id = 500; 
update estoque_total set total = total - 1 where medicamento_id = 500; 
insert into itens_venda values (default, 988, 326, 326, 2, 0.00, 91.44); 
update estoque set quant_venda = quant_venda + 2, quant_atual = quant_atual - 2 where id = 326; 
update estoque_total set total = total - 2 where medicamento_id = 326; 

insert into venda values (989, '2023-04-15 09:55:14', 62.01, 7, null); 
insert into itens_venda values (default, 989, 417, 417, 3, 2.20, 42.02); 
update estoque set quant_venda = quant_venda + 3, quant_atual = quant_atual - 3 where id = 417; 
update estoque_total set total = total - 3 where medicamento_id = 417; 
insert into itens_venda values (default, 989, 314, 314, 1, 1.00, 19.99); 
update estoque set quant_venda = quant_venda + 1, quant_atual = quant_atual - 1 where id = 314; 
update estoque_total set total = total - 1 where medicamento_id = 314; 

insert into venda values (990, '2023-04-15 10:13:23', 238.16, 13, null); 
insert into itens_venda values (default, 990, 435, 435, 2, 7.80, 188.24); 
update estoque set quant_venda = quant_venda + 2, quant_atual = quant_atual - 2 where id = 435; 
update estoque_total set total = total - 2 where medicamento_id = 435; 
insert into itens_venda values (default, 990, 428, 428, 3, 0.00, 49.92); 
update estoque set quant_venda = quant_venda + 3, quant_atual = quant_atual - 3 where id = 428; 
update estoque_total set total = total - 3 where medicamento_id = 428; 

insert into venda values (991, '2023-04-15 11:20:07', 69.46, null, null); 
insert into itens_venda values (default, 991, 373, 373, 2, 0.00, 69.46); 
update estoque set quant_venda = quant_venda + 2, quant_atual = quant_atual - 2 where id = 373; 
update estoque_total set total = total - 2 where medicamento_id = 373; 

insert into venda values (992, '2023-04-15 12:38:03', 164.80, 5, null); 
insert into itens_venda values (default, 992, 415, 415, 1, 9.20, 144.42); 
update estoque set quant_venda = quant_venda + 1, quant_atual = quant_atual - 1 where id = 415; 
update estoque_total set total = total - 1 where medicamento_id = 415; 
insert into itens_venda values (default, 992, 486, 486, 2, 1.50, 20.38); 
update estoque set quant_venda = quant_venda + 2, quant_atual = quant_atual - 2 where id = 486; 
update estoque_total set total = total - 2 where medicamento_id = 486; 

insert into venda values (993, '2023-04-15 13:49:52', 69.79, null, null); 
insert into itens_venda values (default, 993, 491, 491, 1, 1.60, 54.85); 
update estoque set quant_venda = quant_venda + 1, quant_atual = quant_atual - 1 where id = 491; 
update estoque_total set total = total - 1 where medicamento_id = 491; 
insert into itens_venda values (default, 993, 398, 398, 1, 0.60, 14.94); 
update estoque set quant_venda = quant_venda + 1, quant_atual = quant_atual - 1 where id = 398; 
update estoque_total set total = total - 1 where medicamento_id = 398; 

insert into venda values (994, '2023-04-15 14:21:07', 317.74, null, 25); 
insert into itens_venda values (default, 994, 20, 20, 1, 6.50, 211.48); 
update estoque set quant_venda = quant_venda + 1, quant_atual = quant_atual - 1 where id = 20; 
update estoque_total set total = total - 1 where medicamento_id = 20; 
insert into itens_venda values (default, 994, 486, 486, 1, 0.30, 10.64); 
update estoque set quant_venda = quant_venda + 1, quant_atual = quant_atual - 1 where id = 486; 
update estoque_total set total = total - 1 where medicamento_id = 486; 
insert into itens_venda values (default, 994, 367, 367, 1, 1.90, 95.62); 
update estoque set quant_venda = quant_venda + 1, quant_atual = quant_atual - 1 where id = 367; 
update estoque_total set total = total - 1 where medicamento_id = 367; 

insert into venda values (995, '2023-04-15 15:11:13', 186.21, null, null); 
insert into itens_venda values (default, 995, 408, 408, 1, 2.30, 114.23); 
update estoque set quant_venda = quant_venda + 1, quant_atual = quant_atual - 1 where id = 408; 
update estoque_total set total = total - 1 where medicamento_id = 408; 
insert into itens_venda values (default, 995, 479, 479, 2, 1.40, 71.98); 
update estoque set quant_venda = quant_venda + 2, quant_atual = quant_atual - 2 where id = 479; 
update estoque_total set total = total - 2 where medicamento_id = 479; 

insert into venda values (996, '2023-04-15 16:18:17', 468.00, null, 21); 
insert into itens_venda values (default, 996, 191, 191, 1, 0.00, 362.45); 
update estoque set quant_venda = quant_venda + 1, quant_atual = quant_atual - 1 where id = 191; 
update estoque_total set total = total - 1 where medicamento_id = 191; 
insert into itens_venda values (default, 996, 342, 342, 1, 0.00, 42.91); 
update estoque set quant_venda = quant_venda + 1, quant_atual = quant_atual - 1 where id = 342; 
update estoque_total set total = total - 1 where medicamento_id = 342; 
insert into itens_venda values (default, 996, 327, 327, 2, 0.60, 62.64); 
update estoque set quant_venda = quant_venda + 2, quant_atual = quant_atual - 2 where id = 327; 
update estoque_total set total = total - 2 where medicamento_id = 327; 

insert into venda values (997, '2023-04-15 16:50:23', 207.56, 2, null); 
insert into itens_venda values (default, 997, 264, 264, 2, 7.80, 90.52); 
update estoque set quant_venda = quant_venda + 2, quant_atual = quant_atual - 2 where id = 264; 
update estoque_total set total = total - 2 where medicamento_id = 264; 
insert into itens_venda values (default, 997, 452, 452, 2, 2.30, 117.04); 
update estoque set quant_venda = quant_venda + 2, quant_atual = quant_atual - 2 where id = 452; 
update estoque_total set total = total - 2 where medicamento_id = 452; 

insert into venda values (998, '2023-04-16 06:22:17', 180.20, 13, 21); 
insert into itens_venda values (default, 998, 206, 206, 2, 4.70, 62.80); 
update estoque set quant_venda = quant_venda + 2, quant_atual = quant_atual - 2 where id = 206; 
update estoque_total set total = total - 2 where medicamento_id = 206; 
insert into itens_venda values (default, 998, 478, 478, 1, 3.40, 54.12); 
update estoque set quant_venda = quant_venda + 1, quant_atual = quant_atual - 1 where id = 478; 
update estoque_total set total = total - 1 where medicamento_id = 478; 
insert into itens_venda values (default, 998, 401, 401, 2, 4.00, 63.28); 
update estoque set quant_venda = quant_venda + 2, quant_atual = quant_atual - 2 where id = 401; 
update estoque_total set total = total - 2 where medicamento_id = 401; 

insert into venda values (999, '2023-04-16 07:02:07', 235.25, null, 23); 
insert into itens_venda values (default, 999, 387, 387, 2, 5.20, 125.00); 
update estoque set quant_venda = quant_venda + 2, quant_atual = quant_atual - 2 where id = 387; 
update estoque_total set total = total - 2 where medicamento_id = 387; 
insert into itens_venda values (default, 999, 201, 201, 2, 0.00, 71.48); 
update estoque set quant_venda = quant_venda + 2, quant_atual = quant_atual - 2 where id = 201; 
update estoque_total set total = total - 2 where medicamento_id = 201; 
insert into itens_venda values (default, 999, 499, 499, 1, 0.00, 38.77); 
update estoque set quant_venda = quant_venda + 1, quant_atual = quant_atual - 1 where id = 499; 
update estoque_total set total = total - 1 where medicamento_id = 499; 

insert into venda values (1000, '2023-04-16 07:58:42', 367.98, null, null); 
insert into itens_venda values (default, 1000, 370, 370, 1, 2.30, 235.04); 
update estoque set quant_venda = quant_venda + 1, quant_atual = quant_atual - 1 where id = 370; 
update estoque_total set total = total - 1 where medicamento_id = 370; 
insert into itens_venda values (default, 1000, 344, 344, 2, 0.00, 70.50); 
update estoque set quant_venda = quant_venda + 2, quant_atual = quant_atual - 2 where id = 344; 
update estoque_total set total = total - 2 where medicamento_id = 344; 
insert into itens_venda values (default, 1000, 477, 477, 1, 2.60, 62.44); 
update estoque set quant_venda = quant_venda + 1, quant_atual = quant_atual - 1 where id = 477; 
update estoque_total set total = total - 1 where medicamento_id = 477; 

insert into venda values (1001, '2023-04-16 09:19:07', 94.60, null, null); 
insert into itens_venda values (default, 1001, 479, 479, 1, 0.00, 36.69); 
update estoque set quant_venda = quant_venda + 1, quant_atual = quant_atual - 1 where id = 479; 
update estoque_total set total = total - 1 where medicamento_id = 479; 
insert into itens_venda values (default, 1001, 346, 346, 1, 0.00, 44.93); 
update estoque set quant_venda = quant_venda + 1, quant_atual = quant_atual - 1 where id = 346; 
update estoque_total set total = total - 1 where medicamento_id = 346; 
insert into itens_venda values (default, 1001, 427, 427, 1, 0.00, 12.98); 
update estoque set quant_venda = quant_venda + 1, quant_atual = quant_atual - 1 where id = 427; 
update estoque_total set total = total - 1 where medicamento_id = 427; 

insert into venda values (1002, '2023-04-16 10:32:40', 172.19, null, null); 
insert into itens_venda values (default, 1002, 128, 128, 1, 0.70, 78.24); 
update estoque set quant_venda = quant_venda + 1, quant_atual = quant_atual - 1 where id = 128; 
update estoque_total set total = total - 1 where medicamento_id = 128; 
insert into itens_venda values (default, 1002, 481, 481, 2, 0.00, 26.68); 
update estoque set quant_venda = quant_venda + 2, quant_atual = quant_atual - 2 where id = 481; 
update estoque_total set total = total - 2 where medicamento_id = 481; 
insert into itens_venda values (default, 1002, 501, 501, 3, 2.00, 67.27); 
update estoque set quant_venda = quant_venda + 3, quant_atual = quant_atual - 3 where id = 501; 
update estoque_total set total = total - 3 where medicamento_id = 501; 

insert into venda values (1003, '2023-04-16 11:30:22', 105.19, 10, 23); 
insert into itens_venda values (default, 1003, 483, 483, 1, 2.00, 48.21); 
update estoque set quant_venda = quant_venda + 1, quant_atual = quant_atual - 1 where id = 483; 
update estoque_total set total = total - 1 where medicamento_id = 483; 
insert into itens_venda values (default, 1003, 357, 357, 1, 4.90, 56.98); 
update estoque set quant_venda = quant_venda + 1, quant_atual = quant_atual - 1 where id = 357; 
update estoque_total set total = total - 1 where medicamento_id = 357; 

insert into venda values (1004, '2023-04-16 12:24:49', 96.53, 16, null); 
insert into itens_venda values (default, 1004, 288, 288, 3, 0.00, 49.02); 
update estoque set quant_venda = quant_venda + 3, quant_atual = quant_atual - 3 where id = 288; 
update estoque_total set total = total - 3 where medicamento_id = 288; 
insert into itens_venda values (default, 1004, 337, 337, 1, 2.20, 42.91); 
update estoque set quant_venda = quant_venda + 1, quant_atual = quant_atual - 1 where id = 337; 
update estoque_total set total = total - 1 where medicamento_id = 337; 
insert into itens_venda values (default, 1004, 432, 432, 1, 0.10, 4.60); 
update estoque set quant_venda = quant_venda + 1, quant_atual = quant_atual - 1 where id = 432; 
update estoque_total set total = total - 1 where medicamento_id = 432; 

insert into venda values (1005, '2023-04-16 13:20:54', 375.46, null, null); 
insert into itens_venda values (default, 1005, 369, 369, 2, 7.10, 172.28); 
update estoque set quant_venda = quant_venda + 2, quant_atual = quant_atual - 2 where id = 369; 
update estoque_total set total = total - 2 where medicamento_id = 369; 
insert into itens_venda values (default, 1005, 475, 475, 3, 1.20, 59.10); 
update estoque set quant_venda = quant_venda + 3, quant_atual = quant_atual - 3 where id = 475; 
update estoque_total set total = total - 3 where medicamento_id = 475; 
insert into itens_venda values (default, 1005, 363, 363, 2, 0.00, 144.08); 
update estoque set quant_venda = quant_venda + 2, quant_atual = quant_atual - 2 where id = 363; 
update estoque_total set total = total - 2 where medicamento_id = 363; 

insert into venda values (1006, '2023-04-16 13:50:18', 69.66, null, null); 
insert into itens_venda values (default, 1006, 434, 434, 1, 0.60, 32.06); 
update estoque set quant_venda = quant_venda + 1, quant_atual = quant_atual - 1 where id = 434; 
update estoque_total set total = total - 1 where medicamento_id = 434; 
insert into itens_venda values (default, 1006, 497, 497, 1, 0.00, 37.60); 
update estoque set quant_venda = quant_venda + 1, quant_atual = quant_atual - 1 where id = 497; 
update estoque_total set total = total - 1 where medicamento_id = 497; 

insert into venda values (1007, '2023-04-16 14:14:03', 219.00, null, null); 
insert into itens_venda values (default, 1007, 481, 481, 3, 0.40, 39.62); 
update estoque set quant_venda = quant_venda + 3, quant_atual = quant_atual - 3 where id = 481; 
update estoque_total set total = total - 3 where medicamento_id = 481; 
insert into itens_venda values (default, 1007, 369, 369, 2, 0.00, 179.38); 
update estoque set quant_venda = quant_venda + 2, quant_atual = quant_atual - 2 where id = 369; 
update estoque_total set total = total - 2 where medicamento_id = 369; 

insert into venda values (1008, '2023-04-16 14:24:10', 99.03, 19, null); 
insert into itens_venda values (default, 1008, 355, 355, 2, 4.10, 48.12); 
update estoque set quant_venda = quant_venda + 2, quant_atual = quant_atual - 2 where id = 355; 
update estoque_total set total = total - 2 where medicamento_id = 355; 
insert into itens_venda values (default, 1008, 383, 383, 1, 1.00, 50.91); 
update estoque set quant_venda = quant_venda + 1, quant_atual = quant_atual - 1 where id = 383; 
update estoque_total set total = total - 1 where medicamento_id = 383; 

insert into venda values (1009, '2023-04-16 14:32:25', 424.26, null, null); 
insert into itens_venda values (default, 1009, 199, 199, 1, 0.80, 42.36); 
update estoque set quant_venda = quant_venda + 1, quant_atual = quant_atual - 1 where id = 199; 
update estoque_total set total = total - 1 where medicamento_id = 199; 
insert into itens_venda values (default, 1009, 270, 270, 1, 3.30, 327.01); 
update estoque set quant_venda = quant_venda + 1, quant_atual = quant_atual - 1 where id = 270; 
update estoque_total set total = total - 1 where medicamento_id = 270; 
insert into itens_venda values (default, 1009, 281, 281, 1, 2.20, 54.89); 
update estoque set quant_venda = quant_venda + 1, quant_atual = quant_atual - 1 where id = 281; 
update estoque_total set total = total - 1 where medicamento_id = 281; 

insert into venda values (1010, '2023-04-16 15:44:43', 190.24, 6, null); 
insert into itens_venda values (default, 1010, 79, 79, 1, 5.00, 121.01); 
update estoque set quant_venda = quant_venda + 1, quant_atual = quant_atual - 1 where id = 79; 
update estoque_total set total = total - 1 where medicamento_id = 79; 
insert into itens_venda values (default, 1010, 407, 407, 1, 0.60, 69.23); 
update estoque set quant_venda = quant_venda + 1, quant_atual = quant_atual - 1 where id = 407; 
update estoque_total set total = total - 1 where medicamento_id = 407; 

insert into venda values (1011, '2023-04-17 06:30:20', 344.04, 11, 25); 
insert into itens_venda values (default, 1011, 504, 504, 2, 0.40, 13.10); 
update estoque set quant_venda = quant_venda + 2, quant_atual = quant_atual - 2 where id = 504; 
update estoque_total set total = total - 2 where medicamento_id = 504; 
insert into itens_venda values (default, 1011, 215, 215, 1, 6.50, 212.40); 
update estoque set quant_venda = quant_venda + 1, quant_atual = quant_atual - 1 where id = 215; 
update estoque_total set total = total - 1 where medicamento_id = 215; 
insert into itens_venda values (default, 1011, 350, 350, 1, 4.90, 118.54); 
update estoque set quant_venda = quant_venda + 1, quant_atual = quant_atual - 1 where id = 350; 
update estoque_total set total = total - 1 where medicamento_id = 350; 

insert into venda values (1012, '2023-04-17 06:43:04', 90.06, 13, 23); 
insert into itens_venda values (default, 1012, 216, 216, 2, 8.90, 90.06); 
update estoque set quant_venda = quant_venda + 2, quant_atual = quant_atual - 2 where id = 216; 
update estoque_total set total = total - 2 where medicamento_id = 216; 

insert into venda values (1013, '2023-04-17 07:35:19', 39.65, null, null); 
insert into itens_venda values (default, 1013, 463, 463, 3, 0.40, 39.65); 
update estoque set quant_venda = quant_venda + 3, quant_atual = quant_atual - 3 where id = 463; 
update estoque_total set total = total - 3 where medicamento_id = 463; 

insert into venda values (1014, '2023-04-17 07:43:18', 214.63, null, null); 
insert into itens_venda values (default, 1014, 421, 421, 3, 0.00, 27.57); 
update estoque set quant_venda = quant_venda + 3, quant_atual = quant_atual - 3 where id = 421; 
update estoque_total set total = total - 3 where medicamento_id = 421; 
insert into itens_venda values (default, 1014, 129, 129, 2, 0.00, 114.60); 
update estoque set quant_venda = quant_venda + 2, quant_atual = quant_atual - 2 where id = 129; 
update estoque_total set total = total - 2 where medicamento_id = 129; 
insert into itens_venda values (default, 1014, 223, 223, 1, 0.00, 72.46); 
update estoque set quant_venda = quant_venda + 1, quant_atual = quant_atual - 1 where id = 223; 
update estoque_total set total = total - 1 where medicamento_id = 223; 

insert into venda values (1015, '2023-04-17 10:09:08', 33.58, null, null); 
insert into itens_venda values (default, 1015, 315, 315, 1, 0.30, 33.58); 
update estoque set quant_venda = quant_venda + 1, quant_atual = quant_atual - 1 where id = 315; 
update estoque_total set total = total - 1 where medicamento_id = 315; 

insert into venda values (1016, '2023-04-17 12:32:57', 159.22, null, 25); 
insert into itens_venda values (default, 1016, 274, 274, 1, 1.00, 35.10); 
update estoque set quant_venda = quant_venda + 1, quant_atual = quant_atual - 1 where id = 274; 
update estoque_total set total = total - 1 where medicamento_id = 274; 
insert into itens_venda values (default, 1016, 329, 329, 2, 0.60, 67.60); 
update estoque set quant_venda = quant_venda + 2, quant_atual = quant_atual - 2 where id = 329; 
update estoque_total set total = total - 2 where medicamento_id = 329; 
insert into itens_venda values (default, 1016, 186, 186, 1, 1.10, 56.52); 
update estoque set quant_venda = quant_venda + 1, quant_atual = quant_atual - 1 where id = 186; 
update estoque_total set total = total - 1 where medicamento_id = 186; 

insert into venda values (1017, '2023-04-18 07:07:05', 176.68, 14, null); 
insert into itens_venda values (default, 1017, 466, 466, 1, 3.70, 121.18); 
update estoque set quant_venda = quant_venda + 1, quant_atual = quant_atual - 1 where id = 466; 
update estoque_total set total = total - 1 where medicamento_id = 466; 
insert into itens_venda values (default, 1017, 475, 475, 3, 4.80, 55.50); 
update estoque set quant_venda = quant_venda + 3, quant_atual = quant_atual - 3 where id = 475; 
update estoque_total set total = total - 3 where medicamento_id = 475; 

insert into venda values (1018, '2023-04-18 08:37:20', 73.24, null, 22); 
insert into itens_venda values (default, 1018, 313, 313, 1, 1.60, 39.94); 
update estoque set quant_venda = quant_venda + 1, quant_atual = quant_atual - 1 where id = 313; 
update estoque_total set total = total - 1 where medicamento_id = 313; 
insert into itens_venda values (default, 1018, 120, 120, 1, 0.00, 33.30); 
update estoque set quant_venda = quant_venda + 1, quant_atual = quant_atual - 1 where id = 120; 
update estoque_total set total = total - 1 where medicamento_id = 120; 

insert into venda values (1019, '2023-04-18 08:47:01', 180.18, null, null); 
insert into itens_venda values (default, 1019, 271, 271, 2, 0.00, 180.18); 
update estoque set quant_venda = quant_venda + 2, quant_atual = quant_atual - 2 where id = 271; 
update estoque_total set total = total - 2 where medicamento_id = 271; 

insert into venda values (1020, '2023-04-18 10:32:44', 28.42, 19, null); 
insert into itens_venda values (default, 1020, 279, 279, 1, 1.10, 28.42); 
update estoque set quant_venda = quant_venda + 1, quant_atual = quant_atual - 1 where id = 279; 
update estoque_total set total = total - 1 where medicamento_id = 279; 

insert into venda values (1021, '2023-04-18 10:38:15', 89.86, null, null); 
insert into itens_venda values (default, 1021, 346, 346, 2, 0.00, 89.86); 
update estoque set quant_venda = quant_venda + 2, quant_atual = quant_atual - 2 where id = 346; 
update estoque_total set total = total - 2 where medicamento_id = 346; 

insert into venda values (1022, '2023-04-18 12:54:30', 30.22, null, null); 
insert into itens_venda values (default, 1022, 303, 303, 1, 0.60, 30.22); 
update estoque set quant_venda = quant_venda + 1, quant_atual = quant_atual - 1 where id = 303; 
update estoque_total set total = total - 1 where medicamento_id = 303; 

insert into venda values (1023, '2023-04-20 07:08:06', 165.90, null, 23); 
insert into itens_venda values (default, 1023, 382, 382, 1, 0.30, 34.22); 
update estoque set quant_venda = quant_venda + 1, quant_atual = quant_atual - 1 where id = 382; 
update estoque_total set total = total - 1 where medicamento_id = 382; 
insert into itens_venda values (default, 1023, 344, 344, 2, 0.70, 69.80); 
update estoque set quant_venda = quant_venda + 2, quant_atual = quant_atual - 2 where id = 344; 
update estoque_total set total = total - 2 where medicamento_id = 344; 
insert into itens_venda values (default, 1023, 357, 357, 1, 0.00, 61.88); 
update estoque set quant_venda = quant_venda + 1, quant_atual = quant_atual - 1 where id = 357; 
update estoque_total set total = total - 1 where medicamento_id = 357; 

insert into venda values (1024, '2023-04-20 09:48:56', 35.13, 5, null); 
insert into itens_venda values (default, 1024, 498, 498, 1, 0.30, 35.13); 
update estoque set quant_venda = quant_venda + 1, quant_atual = quant_atual - 1 where id = 498; 
update estoque_total set total = total - 1 where medicamento_id = 498; 

insert into venda values (1025, '2023-04-20 10:27:59', 320.96, null, null); 
insert into itens_venda values (default, 1025, 497, 497, 2, 0.00, 75.20); 
update estoque set quant_venda = quant_venda + 2, quant_atual = quant_atual - 2 where id = 497; 
update estoque_total set total = total - 2 where medicamento_id = 497; 
insert into itens_venda values (default, 1025, 467, 467, 2, 2.40, 122.26); 
update estoque set quant_venda = quant_venda + 2, quant_atual = quant_atual - 2 where id = 467; 
update estoque_total set total = total - 2 where medicamento_id = 467; 
insert into itens_venda values (default, 1025, 246, 246, 2, 0.00, 123.50); 
update estoque set quant_venda = quant_venda + 2, quant_atual = quant_atual - 2 where id = 246; 
update estoque_total set total = total - 2 where medicamento_id = 246; 

insert into venda values (1026, '2023-04-20 11:03:32', 20.12, 1, null); 
insert into itens_venda values (default, 1026, 450, 450, 1, 1.90, 20.12); 
update estoque set quant_venda = quant_venda + 1, quant_atual = quant_atual - 1 where id = 450; 
update estoque_total set total = total - 1 where medicamento_id = 450; 

insert into venda values (1027, '2023-04-20 12:13:47', 37.36, 20, null); 
insert into itens_venda values (default, 1027, 460, 460, 1, 0.30, 37.36); 
update estoque set quant_venda = quant_venda + 1, quant_atual = quant_atual - 1 where id = 460; 
update estoque_total set total = total - 1 where medicamento_id = 460; 

insert into venda values (1028, '2023-04-21 06:41:16', 528.10, null, null); 
insert into itens_venda values (default, 1028, 244, 244, 2, 0.00, 60.28); 
update estoque set quant_venda = quant_venda + 2, quant_atual = quant_atual - 2 where id = 244; 
update estoque_total set total = total - 2 where medicamento_id = 244; 
insert into itens_venda values (default, 1028, 259, 259, 1, 11.80, 382.44); 
update estoque set quant_venda = quant_venda + 1, quant_atual = quant_atual - 1 where id = 259; 
update estoque_total set total = total - 1 where medicamento_id = 259; 
insert into itens_venda values (default, 1028, 489, 489, 2, 2.60, 85.38); 
update estoque set quant_venda = quant_venda + 2, quant_atual = quant_atual - 2 where id = 489; 
update estoque_total set total = total - 2 where medicamento_id = 489; 

insert into venda values (1029, '2023-04-21 07:01:11', 88.10, 15, 23); 
insert into itens_venda values (default, 1029, 357, 357, 1, 3.00, 58.88); 
update estoque set quant_venda = quant_venda + 1, quant_atual = quant_atual - 1 where id = 357; 
update estoque_total set total = total - 1 where medicamento_id = 357; 
insert into itens_venda values (default, 1029, 474, 474, 2, 0.50, 29.22); 
update estoque set quant_venda = quant_venda + 2, quant_atual = quant_atual - 2 where id = 474; 
update estoque_total set total = total - 2 where medicamento_id = 474; 

insert into venda values (1030, '2023-04-21 07:28:47', 37.34, null, null); 
insert into itens_venda values (default, 1030, 379, 379, 3, 0.70, 37.34); 
update estoque set quant_venda = quant_venda + 3, quant_atual = quant_atual - 3 where id = 379; 
update estoque_total set total = total - 3 where medicamento_id = 379; 

insert into venda values (1031, '2023-04-21 07:43:16', 274.73, 4, 22); 
insert into itens_venda values (default, 1031, 202, 202, 1, 5.60, 274.73); 
update estoque set quant_venda = quant_venda + 1, quant_atual = quant_atual - 1 where id = 202; 
update estoque_total set total = total - 1 where medicamento_id = 202; 

insert into venda values (1032, '2023-04-21 07:58:15', 46.94, null, null); 
insert into itens_venda values (default, 1032, 368, 368, 3, 0.40, 46.94); 
update estoque set quant_venda = quant_venda + 3, quant_atual = quant_atual - 3 where id = 368; 
update estoque_total set total = total - 3 where medicamento_id = 368; 

insert into venda values (1033, '2023-04-21 09:18:39', 67.88, null, null); 
insert into itens_venda values (default, 1033, 397, 397, 3, 1.00, 53.36); 
update estoque set quant_venda = quant_venda + 3, quant_atual = quant_atual - 3 where id = 397; 
update estoque_total set total = total - 3 where medicamento_id = 397; 
insert into itens_venda values (default, 1033, 493, 493, 2, 0.60, 14.52); 
update estoque set quant_venda = quant_venda + 2, quant_atual = quant_atual - 2 where id = 493; 
update estoque_total set total = total - 2 where medicamento_id = 493; 

insert into venda values (1034, '2023-04-21 10:08:46', 98.02, null, null); 
insert into itens_venda values (default, 1034, 435, 435, 1, 0.00, 98.02); 
update estoque set quant_venda = quant_venda + 1, quant_atual = quant_atual - 1 where id = 435; 
update estoque_total set total = total - 1 where medicamento_id = 435; 

insert into venda values (1035, '2023-04-21 10:43:07', 40.74, null, null); 
insert into itens_venda values (default, 1035, 313, 313, 1, 0.80, 40.74); 
update estoque set quant_venda = quant_venda + 1, quant_atual = quant_atual - 1 where id = 313; 
update estoque_total set total = total - 1 where medicamento_id = 313; 

insert into venda values (1036, '2023-04-21 11:57:28', 149.14, null, 25); 
insert into itens_venda values (default, 1036, 260, 260, 2, 3.00, 149.14); 
update estoque set quant_venda = quant_venda + 2, quant_atual = quant_atual - 2 where id = 260; 
update estoque_total set total = total - 2 where medicamento_id = 260; 

insert into venda values (1037, '2023-04-21 12:40:35', 25.83, null, null); 
insert into itens_venda values (default, 1037, 447, 447, 1, 0.70, 25.83); 
update estoque set quant_venda = quant_venda + 1, quant_atual = quant_atual - 1 where id = 447; 
update estoque_total set total = total - 1 where medicamento_id = 447; 

insert into venda values (1038, '2023-04-21 13:58:28', 220.54, 7, null); 
insert into itens_venda values (default, 1038, 407, 407, 2, 1.30, 138.36); 
update estoque set quant_venda = quant_venda + 2, quant_atual = quant_atual - 2 where id = 407; 
update estoque_total set total = total - 2 where medicamento_id = 407; 
insert into itens_venda values (default, 1038, 335, 335, 2, 2.50, 48.54); 
update estoque set quant_venda = quant_venda + 2, quant_atual = quant_atual - 2 where id = 335; 
update estoque_total set total = total - 2 where medicamento_id = 335; 
insert into itens_venda values (default, 1038, 401, 401, 1, 0.00, 33.64); 
update estoque set quant_venda = quant_venda + 1, quant_atual = quant_atual - 1 where id = 401; 
update estoque_total set total = total - 1 where medicamento_id = 401; 

insert into venda values (1039, '2023-04-21 14:42:19', 265.80, 14, null); 
insert into itens_venda values (default, 1039, 249, 249, 2, 9.10, 92.60); 
update estoque set quant_venda = quant_venda + 2, quant_atual = quant_atual - 2 where id = 249; 
update estoque_total set total = total - 2 where medicamento_id = 249; 
insert into itens_venda values (default, 1039, 250, 250, 2, 3.50, 173.20); 
update estoque set quant_venda = quant_venda + 2, quant_atual = quant_atual - 2 where id = 250; 
update estoque_total set total = total - 2 where medicamento_id = 250; 

insert into venda values (1040, '2023-04-21 15:43:14', 121.08, null, null); 
insert into itens_venda values (default, 1040, 332, 332, 2, 5.00, 121.08); 
update estoque set quant_venda = quant_venda + 2, quant_atual = quant_atual - 2 where id = 332; 
update estoque_total set total = total - 2 where medicamento_id = 332; 

insert into venda values (1041, '2023-04-22 07:24:58', 365.23, null, null); 
insert into itens_venda values (default, 1041, 107, 107, 1, 4.00, 132.56); 
update estoque set quant_venda = quant_venda + 1, quant_atual = quant_atual - 1 where id = 107; 
update estoque_total set total = total - 1 where medicamento_id = 107; 
insert into itens_venda values (default, 1041, 158, 158, 1, 2.30, 116.30); 
update estoque set quant_venda = quant_venda + 1, quant_atual = quant_atual - 1 where id = 158; 
update estoque_total set total = total - 1 where medicamento_id = 158; 
insert into itens_venda values (default, 1041, 266, 266, 1, 3.50, 116.37); 
update estoque set quant_venda = quant_venda + 1, quant_atual = quant_atual - 1 where id = 266; 
update estoque_total set total = total - 1 where medicamento_id = 266; 

insert into venda values (1042, '2023-04-22 09:04:18', 166.64, 14, null); 
insert into itens_venda values (default, 1042, 426, 426, 2, 0.00, 72.52); 
update estoque set quant_venda = quant_venda + 2, quant_atual = quant_atual - 2 where id = 426; 
update estoque_total set total = total - 2 where medicamento_id = 426; 
insert into itens_venda values (default, 1042, 435, 435, 1, 3.90, 94.12); 
update estoque set quant_venda = quant_venda + 1, quant_atual = quant_atual - 1 where id = 435; 
update estoque_total set total = total - 1 where medicamento_id = 435; 

insert into venda values (1043, '2023-04-22 10:09:04', 357.46, 2, 25); 
insert into itens_venda values (default, 1043, 430, 430, 3, 6.60, 67.53); 
update estoque set quant_venda = quant_venda + 3, quant_atual = quant_atual - 3 where id = 430; 
update estoque_total set total = total - 3 where medicamento_id = 430; 
insert into itens_venda values (default, 1043, 203, 203, 1, 19.60, 260.75); 
update estoque set quant_venda = quant_venda + 1, quant_atual = quant_atual - 1 where id = 203; 
update estoque_total set total = total - 1 where medicamento_id = 203; 
insert into itens_venda values (default, 1043, 422, 422, 2, 2.80, 29.18); 
update estoque set quant_venda = quant_venda + 2, quant_atual = quant_atual - 2 where id = 422; 
update estoque_total set total = total - 2 where medicamento_id = 422; 

insert into venda values (1044, '2023-04-22 10:45:34', 59.56, 20, null); 
insert into itens_venda values (default, 1044, 240, 240, 2, 1.80, 59.56); 
update estoque set quant_venda = quant_venda + 2, quant_atual = quant_atual - 2 where id = 240; 
update estoque_total set total = total - 2 where medicamento_id = 240; 

insert into venda values (1045, '2023-04-22 12:28:07', 49.53, null, 24); 
insert into itens_venda values (default, 1045, 366, 366, 1, 0.00, 49.53); 
update estoque set quant_venda = quant_venda + 1, quant_atual = quant_atual - 1 where id = 366; 
update estoque_total set total = total - 1 where medicamento_id = 366; 

insert into venda values (1046, '2023-04-22 13:24:08', 552.99, null, 23); 
insert into itens_venda values (default, 1046, 287, 287, 1, 1.80, 61.16); 
update estoque set quant_venda = quant_venda + 1, quant_atual = quant_atual - 1 where id = 287; 
update estoque_total set total = total - 1 where medicamento_id = 287; 
insert into itens_venda values (default, 1046, 20, 20, 1, 8.70, 209.28); 
update estoque set quant_venda = quant_venda + 1, quant_atual = quant_atual - 1 where id = 20; 
update estoque_total set total = total - 1 where medicamento_id = 20; 
insert into itens_venda values (default, 1046, 97, 97, 1, 2.80, 282.55); 
update estoque set quant_venda = quant_venda + 1, quant_atual = quant_atual - 1 where id = 97; 
update estoque_total set total = total - 1 where medicamento_id = 97; 

insert into venda values (1047, '2023-04-22 15:00:29', 49.58, 6, null); 
insert into itens_venda values (default, 1047, 501, 501, 2, 1.30, 44.88); 
update estoque set quant_venda = quant_venda + 2, quant_atual = quant_atual - 2 where id = 501; 
update estoque_total set total = total - 2 where medicamento_id = 501; 
insert into itens_venda values (default, 1047, 432, 432, 1, 0.00, 4.70); 
update estoque set quant_venda = quant_venda + 1, quant_atual = quant_atual - 1 where id = 432; 
update estoque_total set total = total - 1 where medicamento_id = 432; 

insert into venda values (1048, '2023-04-23 07:01:57', 33.70, null, null); 
insert into itens_venda values (default, 1048, 448, 448, 1, 0.30, 16.19); 
update estoque set quant_venda = quant_venda + 1, quant_atual = quant_atual - 1 where id = 448; 
update estoque_total set total = total - 1 where medicamento_id = 448; 
insert into itens_venda values (default, 1048, 445, 445, 1, 0.70, 17.51); 
update estoque set quant_venda = quant_venda + 1, quant_atual = quant_atual - 1 where id = 445; 
update estoque_total set total = total - 1 where medicamento_id = 445; 

insert into venda values (1049, '2023-04-23 08:21:55', 375.91, null, null); 
insert into itens_venda values (default, 1049, 222, 222, 1, 0.00, 258.34); 
update estoque set quant_venda = quant_venda + 1, quant_atual = quant_atual - 1 where id = 222; 
update estoque_total set total = total - 1 where medicamento_id = 222; 
insert into itens_venda values (default, 1049, 266, 266, 1, 2.30, 117.57); 
update estoque set quant_venda = quant_venda + 1, quant_atual = quant_atual - 1 where id = 266; 
update estoque_total set total = total - 1 where medicamento_id = 266; 

insert into venda values (1050, '2023-04-23 10:14:28', 622.53, null, 24); 
insert into itens_venda values (default, 1050, 381, 381, 2, 0.00, 120.78); 
update estoque set quant_venda = quant_venda + 2, quant_atual = quant_atual - 2 where id = 381; 
update estoque_total set total = total - 2 where medicamento_id = 381; 
insert into itens_venda values (default, 1050, 191, 191, 1, 3.60, 358.85); 
update estoque set quant_venda = quant_venda + 1, quant_atual = quant_atual - 1 where id = 191; 
update estoque_total set total = total - 1 where medicamento_id = 191; 
insert into itens_venda values (default, 1050, 86, 86, 1, 1.40, 142.90); 
update estoque set quant_venda = quant_venda + 1, quant_atual = quant_atual - 1 where id = 86; 
update estoque_total set total = total - 1 where medicamento_id = 86; 

insert into venda values (1051, '2023-04-23 11:16:17', 218.90, null, 24); 
insert into itens_venda values (default, 1051, 215, 215, 1, 0.00, 218.90); 
update estoque set quant_venda = quant_venda + 1, quant_atual = quant_atual - 1 where id = 215; 
update estoque_total set total = total - 1 where medicamento_id = 215; 

insert into venda values (1052, '2023-04-23 13:48:38', 190.44, 5, null); 
insert into itens_venda values (default, 1052, 407, 407, 2, 4.10, 135.56); 
update estoque set quant_venda = quant_venda + 2, quant_atual = quant_atual - 2 where id = 407; 
update estoque_total set total = total - 2 where medicamento_id = 407; 
insert into itens_venda values (default, 1052, 244, 244, 2, 5.40, 54.88); 
update estoque set quant_venda = quant_venda + 2, quant_atual = quant_atual - 2 where id = 244; 
update estoque_total set total = total - 2 where medicamento_id = 244; 

insert into venda values (1053, '2023-04-24 06:54:22', 295.87, null, null); 
insert into itens_venda values (default, 1053, 416, 416, 2, 0.40, 45.12); 
update estoque set quant_venda = quant_venda + 2, quant_atual = quant_atual - 2 where id = 416; 
update estoque_total set total = total - 2 where medicamento_id = 416; 
insert into itens_venda values (default, 1053, 195, 195, 1, 7.70, 250.75); 
update estoque set quant_venda = quant_venda + 1, quant_atual = quant_atual - 1 where id = 195; 
update estoque_total set total = total - 1 where medicamento_id = 195; 

insert into venda values (1054, '2023-04-24 07:49:17', 220.48, 5, null); 
insert into itens_venda values (default, 1054, 305, 305, 1, 2.60, 40.86); 
update estoque set quant_venda = quant_venda + 1, quant_atual = quant_atual - 1 where id = 305; 
update estoque_total set total = total - 1 where medicamento_id = 305; 
insert into itens_venda values (default, 1054, 414, 414, 2, 5.30, 71.70); 
update estoque set quant_venda = quant_venda + 2, quant_atual = quant_atual - 2 where id = 414; 
update estoque_total set total = total - 2 where medicamento_id = 414; 
insert into itens_venda values (default, 1054, 296, 296, 2, 1.00, 107.92); 
update estoque set quant_venda = quant_venda + 2, quant_atual = quant_atual - 2 where id = 296; 
update estoque_total set total = total - 2 where medicamento_id = 296; 

insert into venda values (1055, '2023-04-24 08:55:13', 213.45, 6, null); 
insert into itens_venda values (default, 1055, 171, 171, 1, 6.40, 64.89); 
update estoque set quant_venda = quant_venda + 1, quant_atual = quant_atual - 1 where id = 171; 
update estoque_total set total = total - 1 where medicamento_id = 171; 
insert into itens_venda values (default, 1055, 437, 437, 1, 1.30, 24.88); 
update estoque set quant_venda = quant_venda + 1, quant_atual = quant_atual - 1 where id = 437; 
update estoque_total set total = total - 1 where medicamento_id = 437; 
insert into itens_venda values (default, 1055, 466, 466, 1, 1.20, 123.68); 
update estoque set quant_venda = quant_venda + 1, quant_atual = quant_atual - 1 where id = 466; 
update estoque_total set total = total - 1 where medicamento_id = 466; 

insert into venda values (1056, '2023-04-24 09:42:26', 124.81, null, null); 
insert into itens_venda values (default, 1056, 79, 79, 1, 1.20, 124.81); 
update estoque set quant_venda = quant_venda + 1, quant_atual = quant_atual - 1 where id = 79; 
update estoque_total set total = total - 1 where medicamento_id = 79; 

insert into venda values (1057, '2023-04-24 11:01:49', 36.01, 16, null); 
insert into itens_venda values (default, 1057, 405, 405, 1, 0.00, 36.01); 
update estoque set quant_venda = quant_venda + 1, quant_atual = quant_atual - 1 where id = 405; 
update estoque_total set total = total - 1 where medicamento_id = 405; 

insert into venda values (1058, '2023-04-24 12:07:58', 96.56, 7, null); 
insert into itens_venda values (default, 1058, 488, 488, 2, 1.90, 96.56); 
update estoque set quant_venda = quant_venda + 2, quant_atual = quant_atual - 2 where id = 488; 
update estoque_total set total = total - 2 where medicamento_id = 488; 

insert into venda values (1059, '2023-04-24 12:59:57', 98.52, 2, null); 
insert into itens_venda values (default, 1059, 431, 431, 1, 0.90, 10.36); 
update estoque set quant_venda = quant_venda + 1, quant_atual = quant_atual - 1 where id = 431; 
update estoque_total set total = total - 1 where medicamento_id = 431; 
insert into itens_venda values (default, 1059, 504, 504, 2, 0.00, 13.50); 
update estoque set quant_venda = quant_venda + 2, quant_atual = quant_atual - 2 where id = 504; 
update estoque_total set total = total - 2 where medicamento_id = 504; 
insert into itens_venda values (default, 1059, 243, 243, 2, 2.30, 74.66); 
update estoque set quant_venda = quant_venda + 2, quant_atual = quant_atual - 2 where id = 243; 
update estoque_total set total = total - 2 where medicamento_id = 243; 

insert into venda values (1060, '2023-04-24 13:49:14', 160.44, 1, null); 
insert into itens_venda values (default, 1060, 324, 324, 1, 0.50, 19.02); 
update estoque set quant_venda = quant_venda + 1, quant_atual = quant_atual - 1 where id = 324; 
update estoque_total set total = total - 1 where medicamento_id = 324; 
insert into itens_venda values (default, 1060, 415, 415, 1, 12.20, 141.42); 
update estoque set quant_venda = quant_venda + 1, quant_atual = quant_atual - 1 where id = 415; 
update estoque_total set total = total - 1 where medicamento_id = 415; 

insert into venda values (1061, '2023-04-24 14:47:12', 170.75, null, 23); 
insert into itens_venda values (default, 1061, 260, 260, 1, 0.70, 75.37); 
update estoque set quant_venda = quant_venda + 1, quant_atual = quant_atual - 1 where id = 260; 
update estoque_total set total = total - 1 where medicamento_id = 260; 
insert into itens_venda values (default, 1061, 474, 474, 2, 0.80, 28.92); 
update estoque set quant_venda = quant_venda + 2, quant_atual = quant_atual - 2 where id = 474; 
update estoque_total set total = total - 2 where medicamento_id = 474; 
insert into itens_venda values (default, 1061, 315, 315, 2, 1.30, 66.46); 
update estoque set quant_venda = quant_venda + 2, quant_atual = quant_atual - 2 where id = 315; 
update estoque_total set total = total - 2 where medicamento_id = 315; 

insert into venda values (1062, '2023-04-24 15:56:30', 72.53, null, null); 
insert into itens_venda values (default, 1062, 403, 403, 3, 2.20, 72.53); 
update estoque set quant_venda = quant_venda + 3, quant_atual = quant_atual - 3 where id = 403; 
update estoque_total set total = total - 3 where medicamento_id = 403; 

insert into venda values (1063, '2023-04-24 16:42:54', 43.16, null, null); 
insert into itens_venda values (default, 1063, 341, 341, 3, 0.40, 43.16); 
update estoque set quant_venda = quant_venda + 3, quant_atual = quant_atual - 3 where id = 341; 
update estoque_total set total = total - 3 where medicamento_id = 341; 

insert into venda values (1064, '2023-04-24 17:41:41', 31.72, null, 25); 
insert into itens_venda values (default, 1064, 450, 450, 1, 0.20, 21.82); 
update estoque set quant_venda = quant_venda + 1, quant_atual = quant_atual - 1 where id = 450; 
update estoque_total set total = total - 1 where medicamento_id = 450; 
insert into itens_venda values (default, 1064, 155, 155, 2, 0.00, 9.90); 
update estoque set quant_venda = quant_venda + 2, quant_atual = quant_atual - 2 where id = 155; 
update estoque_total set total = total - 2 where medicamento_id = 155; 

insert into venda values (1065, '2023-04-24 19:01:38', 321.89, 18, 21); 
insert into itens_venda values (default, 1065, 387, 387, 2, 1.30, 128.90); 
update estoque set quant_venda = quant_venda + 2, quant_atual = quant_atual - 2 where id = 387; 
update estoque_total set total = total - 2 where medicamento_id = 387; 
insert into itens_venda values (default, 1065, 372, 372, 1, 6.40, 101.10); 
update estoque set quant_venda = quant_venda + 1, quant_atual = quant_atual - 1 where id = 372; 
update estoque_total set total = total - 1 where medicamento_id = 372; 
insert into itens_venda values (default, 1065, 338, 338, 1, 4.80, 91.89); 
update estoque set quant_venda = quant_venda + 1, quant_atual = quant_atual - 1 where id = 338; 
update estoque_total set total = total - 1 where medicamento_id = 338; 

insert into venda values (1066, '2023-04-25 06:06:28', 324.02, null, null); 
insert into itens_venda values (default, 1066, 505, 505, 2, 2.00, 65.68); 
update estoque set quant_venda = quant_venda + 2, quant_atual = quant_atual - 2 where id = 505; 
update estoque_total set total = total - 2 where medicamento_id = 505; 
insert into itens_venda values (default, 1066, 222, 222, 1, 0.00, 258.34); 
update estoque set quant_venda = quant_venda + 1, quant_atual = quant_atual - 1 where id = 222; 
update estoque_total set total = total - 1 where medicamento_id = 222; 

insert into venda values (1067, '2023-04-25 06:15:51', 461.29, 19, 25); 
insert into itens_venda values (default, 1067, 336, 336, 2, 0.70, 75.38); 
update estoque set quant_venda = quant_venda + 2, quant_atual = quant_atual - 2 where id = 336; 
update estoque_total set total = total - 2 where medicamento_id = 336; 
insert into itens_venda values (default, 1067, 461, 461, 3, 0.50, 55.27); 
update estoque set quant_venda = quant_venda + 3, quant_atual = quant_atual - 3 where id = 461; 
update estoque_total set total = total - 3 where medicamento_id = 461; 
insert into itens_venda values (default, 1067, 176, 176, 1, 10.20, 330.64); 
update estoque set quant_venda = quant_venda + 1, quant_atual = quant_atual - 1 where id = 176; 
update estoque_total set total = total - 1 where medicamento_id = 176; 

insert into venda values (1068, '2023-04-25 07:39:38', 239.58, 16, null); 
insert into itens_venda values (default, 1068, 391, 391, 2, 1.70, 176.30); 
update estoque set quant_venda = quant_venda + 2, quant_atual = quant_atual - 2 where id = 391; 
update estoque_total set total = total - 2 where medicamento_id = 391; 
insert into itens_venda values (default, 1068, 401, 401, 2, 4.00, 63.28); 
update estoque set quant_venda = quant_venda + 2, quant_atual = quant_atual - 2 where id = 401; 
update estoque_total set total = total - 2 where medicamento_id = 401; 

insert into venda values (1069, '2023-04-25 09:22:42', 351.76, 17, null); 
insert into itens_venda values (default, 1069, 470, 470, 1, 6.90, 80.50); 
update estoque set quant_venda = quant_venda + 1, quant_atual = quant_atual - 1 where id = 470; 
update estoque_total set total = total - 1 where medicamento_id = 470; 
insert into itens_venda values (default, 1069, 298, 298, 1, 8.40, 97.58); 
update estoque set quant_venda = quant_venda + 1, quant_atual = quant_atual - 1 where id = 298; 
update estoque_total set total = total - 1 where medicamento_id = 298; 
insert into itens_venda values (default, 1069, 228, 228, 1, 15.00, 173.68); 
update estoque set quant_venda = quant_venda + 1, quant_atual = quant_atual - 1 where id = 228; 
update estoque_total set total = total - 1 where medicamento_id = 228; 

insert into venda values (1070, '2023-04-25 12:04:26', 297.84, null, null); 
insert into itens_venda values (default, 1070, 444, 444, 2, 0.00, 151.18); 
update estoque set quant_venda = quant_venda + 2, quant_atual = quant_atual - 2 where id = 444; 
update estoque_total set total = total - 2 where medicamento_id = 444; 
insert into itens_venda values (default, 1070, 360, 360, 1, 1.40, 146.66); 
update estoque set quant_venda = quant_venda + 1, quant_atual = quant_atual - 1 where id = 360; 
update estoque_total set total = total - 1 where medicamento_id = 360; 

insert into venda values (1071, '2023-04-25 13:18:21', 272.44, null, null); 
insert into itens_venda values (default, 1071, 156, 156, 1, 4.00, 96.14); 
update estoque set quant_venda = quant_venda + 1, quant_atual = quant_atual - 1 where id = 156; 
update estoque_total set total = total - 1 where medicamento_id = 156; 
insert into itens_venda values (default, 1071, 391, 391, 2, 1.70, 176.30); 
update estoque set quant_venda = quant_venda + 2, quant_atual = quant_atual - 2 where id = 391; 
update estoque_total set total = total - 2 where medicamento_id = 391; 

insert into venda values (1072, '2023-04-25 15:37:06', 247.50, null, null); 
insert into itens_venda values (default, 1072, 300, 300, 1, 2.50, 247.50); 
update estoque set quant_venda = quant_venda + 1, quant_atual = quant_atual - 1 where id = 300; 
update estoque_total set total = total - 1 where medicamento_id = 300; 

insert into venda values (1073, '2023-04-26 06:35:16', 85.57, 10, null); 
insert into itens_venda values (default, 1073, 312, 312, 1, 1.00, 25.45); 
update estoque set quant_venda = quant_venda + 1, quant_atual = quant_atual - 1 where id = 312; 
update estoque_total set total = total - 1 where medicamento_id = 312; 
insert into itens_venda values (default, 1073, 434, 434, 2, 5.20, 60.12); 
update estoque set quant_venda = quant_venda + 2, quant_atual = quant_atual - 2 where id = 434; 
update estoque_total set total = total - 2 where medicamento_id = 434; 

insert into venda values (1074, '2023-04-26 07:12:33', 125.39, null, null); 
insert into itens_venda values (default, 1074, 395, 395, 2, 3.30, 79.24); 
update estoque set quant_venda = quant_venda + 2, quant_atual = quant_atual - 2 where id = 395; 
update estoque_total set total = total - 2 where medicamento_id = 395; 
insert into itens_venda values (default, 1074, 481, 481, 1, 0.00, 13.34); 
update estoque set quant_venda = quant_venda + 1, quant_atual = quant_atual - 1 where id = 481; 
update estoque_total set total = total - 1 where medicamento_id = 481; 
insert into itens_venda values (default, 1074, 374, 374, 1, 1.30, 32.81); 
update estoque set quant_venda = quant_venda + 1, quant_atual = quant_atual - 1 where id = 374; 
update estoque_total set total = total - 1 where medicamento_id = 374; 

insert into venda values (1075, '2023-04-26 07:16:39', 87.16, 7, null); 
insert into itens_venda values (default, 1075, 315, 315, 2, 4.00, 63.76); 
update estoque set quant_venda = quant_venda + 2, quant_atual = quant_atual - 2 where id = 315; 
update estoque_total set total = total - 2 where medicamento_id = 315; 
insert into itens_venda values (default, 1075, 443, 443, 1, 0.00, 23.40); 
update estoque set quant_venda = quant_venda + 1, quant_atual = quant_atual - 1 where id = 443; 
update estoque_total set total = total - 1 where medicamento_id = 443; 

insert into venda values (1076, '2023-04-26 07:22:08', 71.83, 5, null); 
insert into itens_venda values (default, 1076, 426, 426, 1, 2.90, 33.36); 
update estoque set quant_venda = quant_venda + 1, quant_atual = quant_atual - 1 where id = 426; 
update estoque_total set total = total - 1 where medicamento_id = 426; 
insert into itens_venda values (default, 1076, 499, 499, 1, 0.30, 38.47); 
update estoque set quant_venda = quant_venda + 1, quant_atual = quant_atual - 1 where id = 499; 
update estoque_total set total = total - 1 where medicamento_id = 499; 

insert into venda values (1077, '2023-04-26 08:07:33', 41.73, 15, null); 
insert into itens_venda values (default, 1077, 492, 492, 1, 2.60, 41.73); 
update estoque set quant_venda = quant_venda + 1, quant_atual = quant_atual - 1 where id = 492; 
update estoque_total set total = total - 1 where medicamento_id = 492; 

insert into venda values (1078, '2023-04-26 09:23:47', 121.01, null, null); 
insert into itens_venda values (default, 1078, 398, 398, 1, 0.00, 15.54); 
update estoque set quant_venda = quant_venda + 1, quant_atual = quant_atual - 1 where id = 398; 
update estoque_total set total = total - 1 where medicamento_id = 398; 
insert into itens_venda values (default, 1078, 401, 401, 1, 0.00, 33.64); 
update estoque set quant_venda = quant_venda + 1, quant_atual = quant_atual - 1 where id = 401; 
update estoque_total set total = total - 1 where medicamento_id = 401; 
insert into itens_venda values (default, 1078, 403, 403, 3, 2.90, 71.83); 
update estoque set quant_venda = quant_venda + 3, quant_atual = quant_atual - 3 where id = 403; 
update estoque_total set total = total - 3 where medicamento_id = 403; 

insert into venda values (1079, '2023-04-26 10:34:11', 526.92, null, 24); 
insert into itens_venda values (default, 1079, 394, 394, 3, 3.40, 82.49); 
update estoque set quant_venda = quant_venda + 3, quant_atual = quant_atual - 3 where id = 394; 
update estoque_total set total = total - 3 where medicamento_id = 394; 
insert into itens_venda values (default, 1079, 491, 491, 1, 0.00, 56.45); 
update estoque set quant_venda = quant_venda + 1, quant_atual = quant_atual - 1 where id = 491; 
update estoque_total set total = total - 1 where medicamento_id = 491; 
insert into itens_venda values (default, 1079, 194, 194, 1, 11.90, 387.98); 
update estoque set quant_venda = quant_venda + 1, quant_atual = quant_atual - 1 where id = 194; 
update estoque_total set total = total - 1 where medicamento_id = 194; 

insert into venda values (1080, '2023-04-26 11:03:20', 34.73, null, null); 
insert into itens_venda values (default, 1080, 373, 373, 1, 0.00, 34.73); 
update estoque set quant_venda = quant_venda + 1, quant_atual = quant_atual - 1 where id = 373; 
update estoque_total set total = total - 1 where medicamento_id = 373; 

insert into venda values (1081, '2023-04-26 11:44:45', 52.07, null, null); 
insert into itens_venda values (default, 1081, 471, 471, 3, 1.60, 52.07); 
update estoque set quant_venda = quant_venda + 3, quant_atual = quant_atual - 3 where id = 471; 
update estoque_total set total = total - 3 where medicamento_id = 471; 

insert into venda values (1082, '2023-04-26 13:05:45', 125.07, 3, 22); 
insert into itens_venda values (default, 1082, 225, 225, 1, 9.40, 125.07); 
update estoque set quant_venda = quant_venda + 1, quant_atual = quant_atual - 1 where id = 225; 
update estoque_total set total = total - 1 where medicamento_id = 225; 

insert into venda values (1083, '2023-04-26 14:10:49', 186.08, 15, null); 
insert into itens_venda values (default, 1083, 61, 61, 1, 5.00, 121.91); 
update estoque set quant_venda = quant_venda + 1, quant_atual = quant_atual - 1 where id = 61; 
update estoque_total set total = total - 1 where medicamento_id = 61; 
insert into itens_venda values (default, 1083, 390, 390, 1, 0.00, 38.31); 
update estoque set quant_venda = quant_venda + 1, quant_atual = quant_atual - 1 where id = 390; 
update estoque_total set total = total - 1 where medicamento_id = 390; 
insert into itens_venda values (default, 1083, 302, 302, 2, 1.60, 25.86); 
update estoque set quant_venda = quant_venda + 2, quant_atual = quant_atual - 2 where id = 302; 
update estoque_total set total = total - 2 where medicamento_id = 302; 

insert into venda values (1084, '2023-04-27 07:50:40', 65.04, null, null); 
insert into itens_venda values (default, 1084, 477, 477, 1, 0.00, 65.04); 
update estoque set quant_venda = quant_venda + 1, quant_atual = quant_atual - 1 where id = 477; 
update estoque_total set total = total - 1 where medicamento_id = 477; 

insert into venda values (1085, '2023-04-27 08:16:49', 105.82, null, null); 
insert into itens_venda values (default, 1085, 499, 499, 1, 0.30, 38.47); 
update estoque set quant_venda = quant_venda + 1, quant_atual = quant_atual - 1 where id = 499; 
update estoque_total set total = total - 1 where medicamento_id = 499; 
insert into itens_venda values (default, 1085, 437, 437, 2, 1.00, 51.36); 
update estoque set quant_venda = quant_venda + 2, quant_atual = quant_atual - 2 where id = 437; 
update estoque_total set total = total - 2 where medicamento_id = 437; 
insert into itens_venda values (default, 1085, 422, 422, 1, 0.00, 15.99); 
update estoque set quant_venda = quant_venda + 1, quant_atual = quant_atual - 1 where id = 422; 
update estoque_total set total = total - 1 where medicamento_id = 422; 

insert into venda values (1086, '2023-04-28 06:56:48', 333.21, 16, null); 
insert into itens_venda values (default, 1086, 297, 297, 2, 4.60, 112.42); 
update estoque set quant_venda = quant_venda + 2, quant_atual = quant_atual - 2 where id = 297; 
update estoque_total set total = total - 2 where medicamento_id = 297; 
insert into itens_venda values (default, 1086, 442, 442, 3, 1.30, 67.82); 
update estoque set quant_venda = quant_venda + 3, quant_atual = quant_atual - 3 where id = 442; 
update estoque_total set total = total - 3 where medicamento_id = 442; 
insert into itens_venda values (default, 1086, 14, 14, 1, 3.10, 152.97); 
update estoque set quant_venda = quant_venda + 1, quant_atual = quant_atual - 1 where id = 14; 
update estoque_total set total = total - 1 where medicamento_id = 14; 

insert into venda values (1087, '2023-04-28 08:07:50', 280.79, 9, 21); 
insert into itens_venda values (default, 1087, 233, 233, 2, 0.00, 51.96); 
update estoque set quant_venda = quant_venda + 2, quant_atual = quant_atual - 2 where id = 233; 
update estoque_total set total = total - 2 where medicamento_id = 233; 
insert into itens_venda values (default, 1087, 187, 187, 2, 2.20, 71.82); 
update estoque set quant_venda = quant_venda + 2, quant_atual = quant_atual - 2 where id = 187; 
update estoque_total set total = total - 2 where medicamento_id = 187; 
insert into itens_venda values (default, 1087, 213, 213, 1, 13.60, 157.01); 
update estoque set quant_venda = quant_venda + 1, quant_atual = quant_atual - 1 where id = 213; 
update estoque_total set total = total - 1 where medicamento_id = 213; 

insert into venda values (1088, '2023-04-28 08:21:41', 155.48, null, 25); 
insert into itens_venda values (default, 1088, 227, 227, 3, 0.00, 8.10); 
update estoque set quant_venda = quant_venda + 3, quant_atual = quant_atual - 3 where id = 227; 
update estoque_total set total = total - 3 where medicamento_id = 227; 
insert into itens_venda values (default, 1088, 145, 145, 1, 1.20, 126.07); 
update estoque set quant_venda = quant_venda + 1, quant_atual = quant_atual - 1 where id = 145; 
update estoque_total set total = total - 1 where medicamento_id = 145; 
insert into itens_venda values (default, 1088, 496, 496, 3, 0.80, 21.31); 
update estoque set quant_venda = quant_venda + 3, quant_atual = quant_atual - 3 where id = 496; 
update estoque_total set total = total - 3 where medicamento_id = 496; 

insert into venda values (1089, '2023-04-28 09:05:30', 100.43, null, null); 
insert into itens_venda values (default, 1089, 74, 74, 1, 2.00, 100.43); 
update estoque set quant_venda = quant_venda + 1, quant_atual = quant_atual - 1 where id = 74; 
update estoque_total set total = total - 1 where medicamento_id = 74; 

insert into venda values (1090, '2023-04-28 10:23:49', 143.10, 18, null); 
insert into itens_venda values (default, 1090, 325, 325, 1, 2.80, 54.18); 
update estoque set quant_venda = quant_venda + 1, quant_atual = quant_atual - 1 where id = 325; 
update estoque_total set total = total - 1 where medicamento_id = 325; 
insert into itens_venda values (default, 1090, 473, 473, 1, 0.40, 48.76); 
update estoque set quant_venda = quant_venda + 1, quant_atual = quant_atual - 1 where id = 473; 
update estoque_total set total = total - 1 where medicamento_id = 473; 
insert into itens_venda values (default, 1090, 341, 341, 3, 3.40, 40.16); 
update estoque set quant_venda = quant_venda + 3, quant_atual = quant_atual - 3 where id = 341; 
update estoque_total set total = total - 3 where medicamento_id = 341; 

insert into venda values (1091, '2023-04-28 11:01:50', 69.75, 1, null); 
insert into itens_venda values (default, 1091, 409, 409, 3, 3.60, 69.75); 
update estoque set quant_venda = quant_venda + 3, quant_atual = quant_atual - 3 where id = 409; 
update estoque_total set total = total - 3 where medicamento_id = 409; 

insert into venda values (1092, '2023-04-28 11:35:32', 132.32, null, 22); 
insert into itens_venda values (default, 1092, 149, 149, 2, 0.00, 55.18); 
update estoque set quant_venda = quant_venda + 2, quant_atual = quant_atual - 2 where id = 149; 
update estoque_total set total = total - 2 where medicamento_id = 149; 
insert into itens_venda values (default, 1092, 315, 315, 2, 1.30, 66.46); 
update estoque set quant_venda = quant_venda + 2, quant_atual = quant_atual - 2 where id = 315; 
update estoque_total set total = total - 2 where medicamento_id = 315; 
insert into itens_venda values (default, 1092, 495, 495, 1, 0.00, 10.68); 
update estoque set quant_venda = quant_venda + 1, quant_atual = quant_atual - 1 where id = 495; 
update estoque_total set total = total - 1 where medicamento_id = 495; 

insert into venda values (1093, '2023-04-28 12:09:08', 334.50, null, null); 
insert into itens_venda values (default, 1093, 396, 396, 1, 6.80, 334.50); 
update estoque set quant_venda = quant_venda + 1, quant_atual = quant_atual - 1 where id = 396; 
update estoque_total set total = total - 1 where medicamento_id = 396; 

insert into venda values (1094, '2023-04-28 13:29:43', 140.91, null, null); 
insert into itens_venda values (default, 1094, 502, 502, 1, 0.60, 21.21); 
update estoque set quant_venda = quant_venda + 1, quant_atual = quant_atual - 1 where id = 502; 
update estoque_total set total = total - 1 where medicamento_id = 502; 
insert into itens_venda values (default, 1094, 240, 240, 2, 2.40, 58.96); 
update estoque set quant_venda = quant_venda + 2, quant_atual = quant_atual - 2 where id = 240; 
update estoque_total set total = total - 2 where medicamento_id = 240; 
insert into itens_venda values (default, 1094, 327, 327, 2, 2.50, 60.74); 
update estoque set quant_venda = quant_venda + 2, quant_atual = quant_atual - 2 where id = 327; 
update estoque_total set total = total - 2 where medicamento_id = 327; 

insert into venda values (1095, '2023-04-28 13:52:04', 132.39, 4, null); 
insert into itens_venda values (default, 1095, 432, 432, 3, 0.80, 13.30); 
update estoque set quant_venda = quant_venda + 3, quant_atual = quant_atual - 3 where id = 432; 
update estoque_total set total = total - 3 where medicamento_id = 432; 
insert into itens_venda values (default, 1095, 256, 256, 1, 3.10, 76.79); 
update estoque set quant_venda = quant_venda + 1, quant_atual = quant_atual - 1 where id = 256; 
update estoque_total set total = total - 1 where medicamento_id = 256; 
insert into itens_venda values (default, 1095, 351, 351, 2, 1.30, 42.30); 
update estoque set quant_venda = quant_venda + 2, quant_atual = quant_atual - 2 where id = 351; 
update estoque_total set total = total - 2 where medicamento_id = 351; 

insert into venda values (1096, '2023-04-28 14:50:46', 104.74, 16, null); 
insert into itens_venda values (default, 1096, 478, 478, 2, 10.30, 104.74); 
update estoque set quant_venda = quant_venda + 2, quant_atual = quant_atual - 2 where id = 478; 
update estoque_total set total = total - 2 where medicamento_id = 478; 

insert into venda values (1097, '2023-04-28 15:06:28', 146.02, 20, null); 
insert into itens_venda values (default, 1097, 415, 415, 1, 7.60, 146.02); 
update estoque set quant_venda = quant_venda + 1, quant_atual = quant_atual - 1 where id = 415; 
update estoque_total set total = total - 1 where medicamento_id = 415; 

insert into venda values (1098, '2023-04-29 07:59:21', 40.20, null, null); 
insert into itens_venda values (default, 1098, 475, 475, 2, 0.00, 40.20); 
update estoque set quant_venda = quant_venda + 2, quant_atual = quant_atual - 2 where id = 475; 
update estoque_total set total = total - 2 where medicamento_id = 475; 

insert into venda values (1099, '2023-04-29 08:58:17', 109.22, null, null); 
insert into itens_venda values (default, 1099, 448, 448, 2, 1.30, 31.68); 
update estoque set quant_venda = quant_venda + 2, quant_atual = quant_atual - 2 where id = 448; 
update estoque_total set total = total - 2 where medicamento_id = 448; 
insert into itens_venda values (default, 1099, 499, 499, 2, 0.00, 77.54); 
update estoque set quant_venda = quant_venda + 2, quant_atual = quant_atual - 2 where id = 499; 
update estoque_total set total = total - 2 where medicamento_id = 499; 

insert into venda values (1100, '2023-04-29 11:15:48', 45.57, null, null); 
insert into itens_venda values (default, 1100, 127, 127, 1, 0.00, 45.57); 
update estoque set quant_venda = quant_venda + 1, quant_atual = quant_atual - 1 where id = 127; 
update estoque_total set total = total - 1 where medicamento_id = 127; 

insert into venda values (1101, '2023-04-29 11:42:08', 142.79, 17, 21); 
insert into itens_venda values (default, 1101, 186, 186, 2, 4.60, 110.64); 
update estoque set quant_venda = quant_venda + 2, quant_atual = quant_atual - 2 where id = 186; 
update estoque_total set total = total - 2 where medicamento_id = 186; 
insert into itens_venda values (default, 1101, 464, 464, 1, 0.30, 32.15); 
update estoque set quant_venda = quant_venda + 1, quant_atual = quant_atual - 1 where id = 464; 
update estoque_total set total = total - 1 where medicamento_id = 464; 

insert into venda values (1102, '2023-04-29 13:05:51', 258.13, null, null); 
insert into itens_venda values (default, 1102, 364, 364, 2, 1.30, 64.94); 
update estoque set quant_venda = quant_venda + 2, quant_atual = quant_atual - 2 where id = 364; 
update estoque_total set total = total - 2 where medicamento_id = 364; 
insert into itens_venda values (default, 1102, 503, 503, 3, 0.10, 10.91); 
update estoque set quant_venda = quant_venda + 3, quant_atual = quant_atual - 3 where id = 503; 
update estoque_total set total = total - 3 where medicamento_id = 503; 
insert into itens_venda values (default, 1102, 361, 361, 1, 7.50, 182.28); 
update estoque set quant_venda = quant_venda + 1, quant_atual = quant_atual - 1 where id = 361; 
update estoque_total set total = total - 1 where medicamento_id = 361; 

insert into venda values (1103, '2023-04-29 15:19:59', 32.38, 2, null); 
insert into itens_venda values (default, 1103, 448, 448, 2, 0.60, 32.38); 
update estoque set quant_venda = quant_venda + 2, quant_atual = quant_atual - 2 where id = 448; 
update estoque_total set total = total - 2 where medicamento_id = 448; 

insert into venda values (1104, '2023-04-30 06:49:09', 174.80, null, null); 
insert into itens_venda values (default, 1104, 470, 470, 2, 0.00, 174.80); 
update estoque set quant_venda = quant_venda + 2, quant_atual = quant_atual - 2 where id = 470; 
update estoque_total set total = total - 2 where medicamento_id = 470; 

insert into venda values (1105, '2023-04-30 07:34:34', 63.33, null, null); 
insert into itens_venda values (default, 1105, 262, 262, 3, 1.20, 63.33); 
update estoque set quant_venda = quant_venda + 3, quant_atual = quant_atual - 3 where id = 262; 
update estoque_total set total = total - 3 where medicamento_id = 262; 

insert into venda values (1106, '2023-04-30 08:50:03', 247.86, 9, null); 
insert into itens_venda values (default, 1106, 465, 465, 1, 4.80, 117.42); 
update estoque set quant_venda = quant_venda + 1, quant_atual = quant_atual - 1 where id = 465; 
update estoque_total set total = total - 1 where medicamento_id = 465; 
insert into itens_venda values (default, 1106, 104, 104, 2, 1.30, 130.44); 
update estoque set quant_venda = quant_venda + 2, quant_atual = quant_atual - 2 where id = 104; 
update estoque_total set total = total - 2 where medicamento_id = 104; 

insert into venda values (1107, '2023-04-30 09:06:00', 85.51, 10, null); 
insert into itens_venda values (default, 1107, 315, 315, 1, 2.00, 31.88); 
update estoque set quant_venda = quant_venda + 1, quant_atual = quant_atual - 1 where id = 315; 
update estoque_total set total = total - 1 where medicamento_id = 315; 
insert into itens_venda values (default, 1107, 445, 445, 3, 1.00, 53.63); 
update estoque set quant_venda = quant_venda + 3, quant_atual = quant_atual - 3 where id = 445; 
update estoque_total set total = total - 3 where medicamento_id = 445; 

insert into venda values (1108, '2023-04-30 09:47:42', 87.68, 7, null); 
insert into itens_venda values (default, 1108, 500, 500, 2, 1.20, 30.74); 
update estoque set quant_venda = quant_venda + 2, quant_atual = quant_atual - 2 where id = 500; 
update estoque_total set total = total - 2 where medicamento_id = 500; 
insert into itens_venda values (default, 1108, 472, 472, 2, 1.70, 56.94); 
update estoque set quant_venda = quant_venda + 2, quant_atual = quant_atual - 2 where id = 472; 
update estoque_total set total = total - 2 where medicamento_id = 472; 

insert into venda values (1109, '2023-04-30 10:04:46', 118.94, null, null); 
insert into itens_venda values (default, 1109, 468, 468, 2, 0.00, 118.94); 
update estoque set quant_venda = quant_venda + 2, quant_atual = quant_atual - 2 where id = 468; 
update estoque_total set total = total - 2 where medicamento_id = 468; 

insert into venda values (1110, '2023-04-30 10:33:49', 30.74, 18, null); 
insert into itens_venda values (default, 1110, 402, 402, 2, 3.00, 30.74); 
update estoque set quant_venda = quant_venda + 2, quant_atual = quant_atual - 2 where id = 402; 
update estoque_total set total = total - 2 where medicamento_id = 402; 

insert into venda values (1111, '2023-04-30 11:23:43', 196.94, 3, null); 
insert into itens_venda values (default, 1111, 119, 119, 1, 3.00, 151.97); 
update estoque set quant_venda = quant_venda + 1, quant_atual = quant_atual - 1 where id = 119; 
update estoque_total set total = total - 1 where medicamento_id = 119; 
insert into itens_venda values (default, 1111, 485, 485, 3, 3.30, 44.97); 
update estoque set quant_venda = quant_venda + 3, quant_atual = quant_atual - 3 where id = 485; 
update estoque_total set total = total - 3 where medicamento_id = 485; 

insert into venda values (1112, '2023-05-01 06:48:51', 170.62, null, null); 
insert into itens_venda values (default, 1112, 461, 461, 2, 0.00, 37.18); 
update estoque set quant_venda = quant_venda + 2, quant_atual = quant_atual - 2 where id = 461; 
update estoque_total set total = total - 2 where medicamento_id = 461; 
insert into itens_venda values (default, 1112, 266, 266, 1, 2.30, 117.57); 
update estoque set quant_venda = quant_venda + 1, quant_atual = quant_atual - 1 where id = 266; 
update estoque_total set total = total - 1 where medicamento_id = 266; 
insert into itens_venda values (default, 1112, 500, 500, 1, 0.10, 15.87); 
update estoque set quant_venda = quant_venda + 1, quant_atual = quant_atual - 1 where id = 500; 
update estoque_total set total = total - 1 where medicamento_id = 500; 

insert into venda values (1113, '2023-05-01 09:11:49', 282.37, null, 24); 
insert into itens_venda values (default, 1113, 268, 268, 1, 8.70, 282.37); 
update estoque set quant_venda = quant_venda + 1, quant_atual = quant_atual - 1 where id = 268; 
update estoque_total set total = total - 1 where medicamento_id = 268; 

insert into venda values (1114, '2023-05-01 11:43:09', 177.56, null, 25); 
insert into itens_venda values (default, 1114, 359, 359, 2, 3.60, 177.56); 
update estoque set quant_venda = quant_venda + 2, quant_atual = quant_atual - 2 where id = 359; 
update estoque_total set total = total - 2 where medicamento_id = 359; 

insert into venda values (1115, '2023-05-01 13:43:16', 77.94, 4, null); 
insert into itens_venda values (default, 1115, 439, 439, 2, 4.00, 77.94); 
update estoque set quant_venda = quant_venda + 2, quant_atual = quant_atual - 2 where id = 439; 
update estoque_total set total = total - 2 where medicamento_id = 439; 

insert into venda values (1116, '2023-05-01 14:26:26', 72.40, null, null); 
insert into itens_venda values (default, 1116, 458, 458, 2, 0.00, 72.40); 
update estoque set quant_venda = quant_venda + 2, quant_atual = quant_atual - 2 where id = 458; 
update estoque_total set total = total - 2 where medicamento_id = 458; 

insert into venda values (1117, '2023-05-02 06:03:47', 97.59, 14, null); 
insert into itens_venda values (default, 1117, 500, 500, 2, 0.30, 31.64); 
update estoque set quant_venda = quant_venda + 2, quant_atual = quant_atual - 2 where id = 500; 
update estoque_total set total = total - 2 where medicamento_id = 500; 
insert into itens_venda values (default, 1117, 154, 154, 1, 2.70, 65.95); 
update estoque set quant_venda = quant_venda + 1, quant_atual = quant_atual - 1 where id = 154; 
update estoque_total set total = total - 1 where medicamento_id = 154; 

insert into venda values (1118, '2023-05-02 06:46:19', 128.07, null, 23); 
insert into itens_venda values (default, 1118, 503, 503, 3, 0.20, 10.81); 
update estoque set quant_venda = quant_venda + 3, quant_atual = quant_atual - 3 where id = 503; 
update estoque_total set total = total - 3 where medicamento_id = 503; 
insert into itens_venda values (default, 1118, 428, 428, 2, 0.90, 32.38); 
update estoque set quant_venda = quant_venda + 2, quant_atual = quant_atual - 2 where id = 428; 
update estoque_total set total = total - 2 where medicamento_id = 428; 
insert into itens_venda values (default, 1118, 113, 113, 3, 2.60, 84.88); 
update estoque set quant_venda = quant_venda + 3, quant_atual = quant_atual - 3 where id = 113; 
update estoque_total set total = total - 3 where medicamento_id = 113; 

insert into venda values (1119, '2023-05-03 06:53:51', 377.43, null, null); 
insert into itens_venda values (default, 1119, 445, 445, 2, 0.30, 36.12); 
update estoque set quant_venda = quant_venda + 2, quant_atual = quant_atual - 2 where id = 445; 
update estoque_total set total = total - 2 where medicamento_id = 445; 
insert into itens_venda values (default, 1119, 272, 272, 1, 5.50, 270.81); 
update estoque set quant_venda = quant_venda + 1, quant_atual = quant_atual - 1 where id = 272; 
update estoque_total set total = total - 1 where medicamento_id = 272; 
insert into itens_venda values (default, 1119, 344, 344, 2, 0.00, 70.50); 
update estoque set quant_venda = quant_venda + 2, quant_atual = quant_atual - 2 where id = 344; 
update estoque_total set total = total - 2 where medicamento_id = 344; 

insert into venda values (1120, '2023-05-03 08:14:59', 31.80, null, null); 
insert into itens_venda values (default, 1120, 389, 389, 1, 0.60, 31.80); 
update estoque set quant_venda = quant_venda + 1, quant_atual = quant_atual - 1 where id = 389; 
update estoque_total set total = total - 1 where medicamento_id = 389; 

insert into venda values (1121, '2023-05-03 10:06:34', 136.20, null, null); 
insert into itens_venda values (default, 1121, 400, 400, 1, 0.00, 136.20); 
update estoque set quant_venda = quant_venda + 1, quant_atual = quant_atual - 1 where id = 400; 
update estoque_total set total = total - 1 where medicamento_id = 400; 

insert into venda values (1122, '2023-05-03 12:13:04', 157.35, 20, 22); 
insert into itens_venda values (default, 1122, 488, 488, 1, 1.40, 47.83); 
update estoque set quant_venda = quant_venda + 1, quant_atual = quant_atual - 1 where id = 488; 
update estoque_total set total = total - 1 where medicamento_id = 488; 
insert into itens_venda values (default, 1122, 118, 118, 1, 0.80, 39.77); 
update estoque set quant_venda = quant_venda + 1, quant_atual = quant_atual - 1 where id = 118; 
update estoque_total set total = total - 1 where medicamento_id = 118; 
insert into itens_venda values (default, 1122, 409, 409, 3, 3.60, 69.75); 
update estoque set quant_venda = quant_venda + 3, quant_atual = quant_atual - 3 where id = 409; 
update estoque_total set total = total - 3 where medicamento_id = 409; 

insert into venda values (1123, '2023-05-03 14:12:17', 136.56, null, null); 
insert into itens_venda values (default, 1123, 107, 107, 1, 0.00, 136.56); 
update estoque set quant_venda = quant_venda + 1, quant_atual = quant_atual - 1 where id = 107; 
update estoque_total set total = total - 1 where medicamento_id = 107; 

insert into venda values (1124, '2023-05-04 06:15:18', 84.69, null, 24); 
insert into itens_venda values (default, 1124, 403, 403, 1, 0.90, 24.01); 
update estoque set quant_venda = quant_venda + 1, quant_atual = quant_atual - 1 where id = 403; 
update estoque_total set total = total - 1 where medicamento_id = 403; 
insert into itens_venda values (default, 1124, 357, 357, 1, 1.20, 60.68); 
update estoque set quant_venda = quant_venda + 1, quant_atual = quant_atual - 1 where id = 357; 
update estoque_total set total = total - 1 where medicamento_id = 357; 

insert into venda values (1125, '2023-05-05 07:50:13', 135.04, 9, 21); 
insert into itens_venda values (default, 1125, 192, 192, 1, 9.60, 128.08); 
update estoque set quant_venda = quant_venda + 1, quant_atual = quant_atual - 1 where id = 192; 
update estoque_total set total = total - 1 where medicamento_id = 192; 
insert into itens_venda values (default, 1125, 493, 493, 1, 0.60, 6.96); 
update estoque set quant_venda = quant_venda + 1, quant_atual = quant_atual - 1 where id = 493; 
update estoque_total set total = total - 1 where medicamento_id = 493; 

insert into venda values (1126, '2023-05-05 09:47:03', 495.92, 16, 24); 
insert into itens_venda values (default, 1126, 447, 447, 2, 4.20, 48.86); 
update estoque set quant_venda = quant_venda + 2, quant_atual = quant_atual - 2 where id = 447; 
update estoque_total set total = total - 2 where medicamento_id = 447; 
insert into itens_venda values (default, 1126, 416, 416, 3, 0.00, 68.28); 
update estoque set quant_venda = quant_venda + 3, quant_atual = quant_atual - 3 where id = 416; 
update estoque_total set total = total - 3 where medicamento_id = 416; 
insert into itens_venda values (default, 1126, 87, 87, 1, 11.70, 378.78); 
update estoque set quant_venda = quant_venda + 1, quant_atual = quant_atual - 1 where id = 87; 
update estoque_total set total = total - 1 where medicamento_id = 87; 

insert into venda values (1127, '2023-05-05 11:00:30', 314.72, null, 25); 
insert into itens_venda values (default, 1127, 141, 141, 2, 0.00, 99.84); 
update estoque set quant_venda = quant_venda + 2, quant_atual = quant_atual - 2 where id = 141; 
update estoque_total set total = total - 2 where medicamento_id = 141; 
insert into itens_venda values (default, 1127, 498, 498, 2, 2.10, 68.76); 
update estoque set quant_venda = quant_venda + 2, quant_atual = quant_atual - 2 where id = 498; 
update estoque_total set total = total - 2 where medicamento_id = 498; 
insert into itens_venda values (default, 1127, 354, 354, 2, 0.00, 146.12); 
update estoque set quant_venda = quant_venda + 2, quant_atual = quant_atual - 2 where id = 354; 
update estoque_total set total = total - 2 where medicamento_id = 354; 

insert into venda values (1128, '2023-05-06 07:14:12', 271.32, 3, null); 
insert into itens_venda values (default, 1128, 143, 143, 1, 3.80, 190.56); 
update estoque set quant_venda = quant_venda + 1, quant_atual = quant_atual - 1 where id = 143; 
update estoque_total set total = total - 1 where medicamento_id = 143; 
insert into itens_venda values (default, 1128, 492, 492, 2, 7.90, 80.76); 
update estoque set quant_venda = quant_venda + 2, quant_atual = quant_atual - 2 where id = 492; 
update estoque_total set total = total - 2 where medicamento_id = 492; 

insert into venda values (1129, '2023-05-06 07:34:17', 74.70, null, null); 
insert into itens_venda values (default, 1129, 414, 414, 2, 2.30, 74.70); 
update estoque set quant_venda = quant_venda + 2, quant_atual = quant_atual - 2 where id = 414; 
update estoque_total set total = total - 2 where medicamento_id = 414; 

insert into venda values (1130, '2023-05-06 08:25:57', 447.60, null, 22); 
insert into itens_venda values (default, 1130, 106, 106, 1, 0.00, 394.44); 
update estoque set quant_venda = quant_venda + 1, quant_atual = quant_atual - 1 where id = 106; 
update estoque_total set total = total - 1 where medicamento_id = 106; 
insert into itens_venda values (default, 1130, 419, 419, 2, 1.60, 53.16); 
update estoque set quant_venda = quant_venda + 2, quant_atual = quant_atual - 2 where id = 419; 
update estoque_total set total = total - 2 where medicamento_id = 419; 

insert into venda values (1131, '2023-05-06 09:40:46', 218.66, null, null); 
insert into itens_venda values (default, 1131, 408, 408, 1, 1.10, 115.43); 
update estoque set quant_venda = quant_venda + 1, quant_atual = quant_atual - 1 where id = 408; 
update estoque_total set total = total - 1 where medicamento_id = 408; 
insert into itens_venda values (default, 1131, 280, 280, 1, 1.00, 103.23); 
update estoque set quant_venda = quant_venda + 1, quant_atual = quant_atual - 1 where id = 280; 
update estoque_total set total = total - 1 where medicamento_id = 280; 

insert into venda values (1132, '2023-05-06 10:49:20', 49.04, null, null); 
insert into itens_venda values (default, 1132, 335, 335, 2, 2.00, 49.04); 
update estoque set quant_venda = quant_venda + 2, quant_atual = quant_atual - 2 where id = 335; 
update estoque_total set total = total - 2 where medicamento_id = 335; 

insert into venda values (1133, '2023-05-06 11:10:12', 389.00, null, null); 
insert into itens_venda values (default, 1133, 385, 385, 1, 0.40, 21.09); 
update estoque set quant_venda = quant_venda + 1, quant_atual = quant_atual - 1 where id = 385; 
update estoque_total set total = total - 1 where medicamento_id = 385; 
insert into itens_venda values (default, 1133, 257, 257, 1, 0.00, 343.90); 
update estoque set quant_venda = quant_venda + 1, quant_atual = quant_atual - 1 where id = 257; 
update estoque_total set total = total - 1 where medicamento_id = 257; 
insert into itens_venda values (default, 1133, 429, 429, 1, 0.70, 24.01); 
update estoque set quant_venda = quant_venda + 1, quant_atual = quant_atual - 1 where id = 429; 
update estoque_total set total = total - 1 where medicamento_id = 429; 

insert into venda values (1134, '2023-05-06 11:52:08', 118.65, null, 21); 
insert into itens_venda values (default, 1134, 333, 333, 1, 2.40, 118.65); 
update estoque set quant_venda = quant_venda + 1, quant_atual = quant_atual - 1 where id = 333; 
update estoque_total set total = total - 1 where medicamento_id = 333; 

insert into venda values (1135, '2023-05-06 12:13:44', 221.10, null, 25); 
insert into itens_venda values (default, 1135, 245, 245, 1, 0.00, 147.75); 
update estoque set quant_venda = quant_venda + 1, quant_atual = quant_atual - 1 where id = 245; 
update estoque_total set total = total - 1 where medicamento_id = 245; 
insert into itens_venda values (default, 1135, 390, 390, 1, 1.50, 36.81); 
update estoque set quant_venda = quant_venda + 1, quant_atual = quant_atual - 1 where id = 390; 
update estoque_total set total = total - 1 where medicamento_id = 390; 
insert into itens_venda values (default, 1135, 336, 336, 1, 1.50, 36.54); 
update estoque set quant_venda = quant_venda + 1, quant_atual = quant_atual - 1 where id = 336; 
update estoque_total set total = total - 1 where medicamento_id = 336; 

insert into venda values (1136, '2023-05-06 12:27:43', 76.14, null, null); 
insert into itens_venda values (default, 1136, 504, 504, 1, 0.20, 6.55); 
update estoque set quant_venda = quant_venda + 1, quant_atual = quant_atual - 1 where id = 504; 
update estoque_total set total = total - 1 where medicamento_id = 504; 
insert into itens_venda values (default, 1136, 450, 450, 1, 0.00, 22.02); 
update estoque set quant_venda = quant_venda + 1, quant_atual = quant_atual - 1 where id = 450; 
update estoque_total set total = total - 1 where medicamento_id = 450; 
insert into itens_venda values (default, 1136, 422, 422, 3, 0.40, 47.57); 
update estoque set quant_venda = quant_venda + 3, quant_atual = quant_atual - 3 where id = 422; 
update estoque_total set total = total - 3 where medicamento_id = 422; 

insert into venda values (1137, '2023-05-06 12:48:06', 41.62, 15, null); 
insert into itens_venda values (default, 1137, 326, 326, 1, 4.10, 41.62); 
update estoque set quant_venda = quant_venda + 1, quant_atual = quant_atual - 1 where id = 326; 
update estoque_total set total = total - 1 where medicamento_id = 326; 

insert into venda values (1138, '2023-05-06 14:05:04', 154.17, null, 21); 
insert into itens_venda values (default, 1138, 356, 356, 1, 0.00, 115.06); 
update estoque set quant_venda = quant_venda + 1, quant_atual = quant_atual - 1 where id = 356; 
update estoque_total set total = total - 1 where medicamento_id = 356; 
insert into itens_venda values (default, 1138, 440, 440, 1, 0.30, 39.11); 
update estoque set quant_venda = quant_venda + 1, quant_atual = quant_atual - 1 where id = 440; 
update estoque_total set total = total - 1 where medicamento_id = 440; 

insert into venda values (1139, '2023-05-06 14:45:15', 104.16, 8, null); 
insert into itens_venda values (default, 1139, 489, 489, 2, 1.70, 86.28); 
update estoque set quant_venda = quant_venda + 2, quant_atual = quant_atual - 2 where id = 489; 
update estoque_total set total = total - 2 where medicamento_id = 489; 
insert into itens_venda values (default, 1139, 421, 421, 2, 0.50, 17.88); 
update estoque set quant_venda = quant_venda + 2, quant_atual = quant_atual - 2 where id = 421; 
update estoque_total set total = total - 2 where medicamento_id = 421; 

insert into venda values (1140, '2023-05-07 06:41:23', 47.88, null, null); 
insert into itens_venda values (default, 1140, 469, 469, 1, 0.00, 47.88); 
update estoque set quant_venda = quant_venda + 1, quant_atual = quant_atual - 1 where id = 469; 
update estoque_total set total = total - 1 where medicamento_id = 469; 

insert into venda values (1141, '2023-05-07 07:20:51', 235.98, null, null); 
insert into itens_venda values (default, 1141, 52, 52, 1, 1.70, 84.05); 
update estoque set quant_venda = quant_venda + 1, quant_atual = quant_atual - 1 where id = 52; 
update estoque_total set total = total - 1 where medicamento_id = 52; 
insert into itens_venda values (default, 1141, 104, 104, 1, 0.00, 65.87); 
update estoque set quant_venda = quant_venda + 1, quant_atual = quant_atual - 1 where id = 104; 
update estoque_total set total = total - 1 where medicamento_id = 104; 
insert into itens_venda values (default, 1141, 492, 492, 2, 2.60, 86.06); 
update estoque set quant_venda = quant_venda + 2, quant_atual = quant_atual - 2 where id = 492; 
update estoque_total set total = total - 2 where medicamento_id = 492; 

insert into venda values (1142, '2023-05-07 08:25:51', 104.23, 14, null); 
insert into itens_venda values (default, 1142, 473, 473, 1, 4.40, 44.76); 
update estoque set quant_venda = quant_venda + 1, quant_atual = quant_atual - 1 where id = 473; 
update estoque_total set total = total - 1 where medicamento_id = 473; 
insert into itens_venda values (default, 1142, 468, 468, 1, 0.00, 59.47); 
update estoque set quant_venda = quant_venda + 1, quant_atual = quant_atual - 1 where id = 468; 
update estoque_total set total = total - 1 where medicamento_id = 468; 

insert into venda values (1143, '2023-05-07 08:53:44', 41.52, 6, null); 
insert into itens_venda values (default, 1143, 502, 502, 2, 2.10, 41.52); 
update estoque set quant_venda = quant_venda + 2, quant_atual = quant_atual - 2 where id = 502; 
update estoque_total set total = total - 2 where medicamento_id = 502; 

insert into venda values (1144, '2023-05-07 10:04:45', 104.76, null, 21); 
insert into itens_venda values (default, 1144, 116, 116, 3, 0.20, 23.02); 
update estoque set quant_venda = quant_venda + 3, quant_atual = quant_atual - 3 where id = 116; 
update estoque_total set total = total - 3 where medicamento_id = 116; 
insert into itens_venda values (default, 1144, 395, 395, 2, 0.80, 81.74); 
update estoque set quant_venda = quant_venda + 2, quant_atual = quant_atual - 2 where id = 395; 
update estoque_total set total = total - 2 where medicamento_id = 395; 

insert into venda values (1145, '2023-05-07 10:30:58', 192.03, 12, null); 
insert into itens_venda values (default, 1145, 67, 67, 1, 1.20, 123.40); 
update estoque set quant_venda = quant_venda + 1, quant_atual = quant_atual - 1 where id = 67; 
update estoque_total set total = total - 1 where medicamento_id = 67; 
insert into itens_venda values (default, 1145, 334, 334, 1, 0.60, 61.93); 
update estoque set quant_venda = quant_venda + 1, quant_atual = quant_atual - 1 where id = 334; 
update estoque_total set total = total - 1 where medicamento_id = 334; 
insert into itens_venda values (default, 1145, 406, 406, 1, 0.50, 6.70); 
update estoque set quant_venda = quant_venda + 1, quant_atual = quant_atual - 1 where id = 406; 
update estoque_total set total = total - 1 where medicamento_id = 406; 

insert into venda values (1146, '2023-05-07 11:01:37', 236.21, 20, 22); 
insert into itens_venda values (default, 1146, 372, 372, 1, 2.10, 105.40); 
update estoque set quant_venda = quant_venda + 1, quant_atual = quant_atual - 1 where id = 372; 
update estoque_total set total = total - 1 where medicamento_id = 372; 
insert into itens_venda values (default, 1146, 452, 452, 1, 0.00, 59.67); 
update estoque set quant_venda = quant_venda + 1, quant_atual = quant_atual - 1 where id = 452; 
update estoque_total set total = total - 1 where medicamento_id = 452; 
insert into itens_venda values (default, 1146, 137, 137, 1, 7.00, 71.14); 
update estoque set quant_venda = quant_venda + 1, quant_atual = quant_atual - 1 where id = 137; 
update estoque_total set total = total - 1 where medicamento_id = 137; 

insert into venda values (1147, '2023-05-07 11:13:51', 92.88, null, null); 
insert into itens_venda values (default, 1147, 464, 464, 1, 0.90, 31.55); 
update estoque set quant_venda = quant_venda + 1, quant_atual = quant_atual - 1 where id = 464; 
update estoque_total set total = total - 1 where medicamento_id = 464; 
insert into itens_venda values (default, 1147, 498, 498, 1, 0.30, 35.13); 
update estoque set quant_venda = quant_venda + 1, quant_atual = quant_atual - 1 where id = 498; 
update estoque_total set total = total - 1 where medicamento_id = 498; 
insert into itens_venda values (default, 1147, 463, 463, 2, 0.50, 26.20); 
update estoque set quant_venda = quant_venda + 2, quant_atual = quant_atual - 2 where id = 463; 
update estoque_total set total = total - 2 where medicamento_id = 463; 

insert into venda values (1148, '2023-05-09 06:02:55', 99.34, null, null); 
insert into itens_venda values (default, 1148, 455, 455, 2, 1.00, 99.34); 
update estoque set quant_venda = quant_venda + 2, quant_atual = quant_atual - 2 where id = 455; 
update estoque_total set total = total - 2 where medicamento_id = 455; 

insert into venda values (1149, '2023-05-09 06:55:43', 126.34, 18, null); 
insert into itens_venda values (default, 1149, 459, 459, 1, 3.00, 30.92); 
update estoque set quant_venda = quant_venda + 1, quant_atual = quant_atual - 1 where id = 459; 
update estoque_total set total = total - 1 where medicamento_id = 459; 
insert into itens_venda values (default, 1149, 483, 483, 2, 5.00, 95.42); 
update estoque set quant_venda = quant_venda + 2, quant_atual = quant_atual - 2 where id = 483; 
update estoque_total set total = total - 2 where medicamento_id = 483; 

insert into venda values (1150, '2023-05-09 07:32:28', 153.62, null, null); 
insert into itens_venda values (default, 1150, 415, 415, 1, 0.00, 153.62); 
update estoque set quant_venda = quant_venda + 1, quant_atual = quant_atual - 1 where id = 415; 
update estoque_total set total = total - 1 where medicamento_id = 415; 

insert into venda values (1151, '2023-05-09 08:18:32', 107.74, null, null); 
insert into itens_venda values (default, 1151, 340, 340, 1, 0.40, 20.78); 
update estoque set quant_venda = quant_venda + 1, quant_atual = quant_atual - 1 where id = 340; 
update estoque_total set total = total - 1 where medicamento_id = 340; 
insert into itens_venda values (default, 1151, 492, 492, 2, 1.70, 86.96); 
update estoque set quant_venda = quant_venda + 2, quant_atual = quant_atual - 2 where id = 492; 
update estoque_total set total = total - 2 where medicamento_id = 492; 

insert into venda values (1152, '2023-05-09 09:30:32', 27.26, 3, null); 
insert into itens_venda values (default, 1152, 302, 302, 2, 0.20, 27.26); 
update estoque set quant_venda = quant_venda + 2, quant_atual = quant_atual - 2 where id = 302; 
update estoque_total set total = total - 2 where medicamento_id = 302; 

insert into venda values (1153, '2023-05-09 10:22:58', 137.86, 9, null); 
insert into itens_venda values (default, 1153, 441, 441, 2, 3.90, 53.10); 
update estoque set quant_venda = quant_venda + 2, quant_atual = quant_atual - 2 where id = 441; 
update estoque_total set total = total - 2 where medicamento_id = 441; 
insert into itens_venda values (default, 1153, 269, 269, 1, 1.50, 36.96); 
update estoque set quant_venda = quant_venda + 1, quant_atual = quant_atual - 1 where id = 269; 
update estoque_total set total = total - 1 where medicamento_id = 269; 
insert into itens_venda values (default, 1153, 283, 283, 1, 4.10, 47.80); 
update estoque set quant_venda = quant_venda + 1, quant_atual = quant_atual - 1 where id = 283; 
update estoque_total set total = total - 1 where medicamento_id = 283; 

insert into venda values (1154, '2023-05-09 11:37:20', 20.92, 9, null); 
insert into itens_venda values (default, 1154, 450, 450, 1, 1.10, 20.92); 
update estoque set quant_venda = quant_venda + 1, quant_atual = quant_atual - 1 where id = 450; 
update estoque_total set total = total - 1 where medicamento_id = 450; 

insert into venda values (1155, '2023-05-09 12:26:47', 87.52, 2, null); 
insert into itens_venda values (default, 1155, 337, 337, 2, 2.70, 87.52); 
update estoque set quant_venda = quant_venda + 2, quant_atual = quant_atual - 2 where id = 337; 
update estoque_total set total = total - 2 where medicamento_id = 337; 

insert into venda values (1156, '2023-05-10 06:02:25', 48.78, 14, 21); 
insert into itens_venda values (default, 1156, 201, 201, 1, 3.20, 32.54); 
update estoque set quant_venda = quant_venda + 1, quant_atual = quant_atual - 1 where id = 201; 
update estoque_total set total = total - 1 where medicamento_id = 201; 
insert into itens_venda values (default, 1156, 428, 428, 1, 0.40, 16.24); 
update estoque set quant_venda = quant_venda + 1, quant_atual = quant_atual - 1 where id = 428; 
update estoque_total set total = total - 1 where medicamento_id = 428; 

insert into venda values (1157, '2023-05-10 06:30:53', 81.12, null, null); 
insert into itens_venda values (default, 1157, 500, 500, 3, 0.40, 47.51); 
update estoque set quant_venda = quant_venda + 3, quant_atual = quant_atual - 3 where id = 500; 
update estoque_total set total = total - 3 where medicamento_id = 500; 
insert into itens_venda values (default, 1157, 183, 183, 1, 0.00, 33.61); 
update estoque set quant_venda = quant_venda + 1, quant_atual = quant_atual - 1 where id = 183; 
update estoque_total set total = total - 1 where medicamento_id = 183; 

insert into venda values (1158, '2023-05-10 06:46:52', 302.71, null, null); 
insert into itens_venda values (default, 1158, 478, 478, 2, 2.30, 112.74); 
update estoque set quant_venda = quant_venda + 2, quant_atual = quant_atual - 2 where id = 478; 
update estoque_total set total = total - 2 where medicamento_id = 478; 
insert into itens_venda values (default, 1158, 498, 498, 1, 0.30, 35.13); 
update estoque set quant_venda = quant_venda + 1, quant_atual = quant_atual - 1 where id = 498; 
update estoque_total set total = total - 1 where medicamento_id = 498; 
insert into itens_venda values (default, 1158, 224, 224, 2, 4.70, 154.84); 
update estoque set quant_venda = quant_venda + 2, quant_atual = quant_atual - 2 where id = 224; 
update estoque_total set total = total - 2 where medicamento_id = 224; 

insert into venda values (1159, '2023-05-10 07:59:27', 387.19, 20, null); 
insert into itens_venda values (default, 1159, 413, 413, 1, 5.40, 84.82); 
update estoque set quant_venda = quant_venda + 1, quant_atual = quant_atual - 1 where id = 413; 
update estoque_total set total = total - 1 where medicamento_id = 413; 
insert into itens_venda values (default, 1159, 314, 314, 3, 5.60, 57.37); 
update estoque set quant_venda = quant_venda + 3, quant_atual = quant_atual - 3 where id = 314; 
update estoque_total set total = total - 3 where medicamento_id = 314; 
insert into itens_venda values (default, 1159, 300, 300, 1, 5.00, 245.00); 
update estoque set quant_venda = quant_venda + 1, quant_atual = quant_atual - 1 where id = 300; 
update estoque_total set total = total - 1 where medicamento_id = 300; 

insert into venda values (1160, '2023-05-10 08:25:24', 66.16, null, null); 
insert into itens_venda values (default, 1160, 431, 431, 1, 0.40, 10.86); 
update estoque set quant_venda = quant_venda + 1, quant_atual = quant_atual - 1 where id = 431; 
update estoque_total set total = total - 1 where medicamento_id = 431; 
insert into itens_venda values (default, 1160, 441, 441, 2, 1.70, 55.30); 
update estoque set quant_venda = quant_venda + 2, quant_atual = quant_atual - 2 where id = 441; 
update estoque_total set total = total - 2 where medicamento_id = 441; 

insert into venda values (1161, '2023-05-10 08:49:15', 49.63, 20, null); 
insert into itens_venda values (default, 1161, 341, 341, 2, 2.30, 26.74); 
update estoque set quant_venda = quant_venda + 2, quant_atual = quant_atual - 2 where id = 341; 
update estoque_total set total = total - 2 where medicamento_id = 341; 
insert into itens_venda values (default, 1161, 501, 501, 1, 0.20, 22.89); 
update estoque set quant_venda = quant_venda + 1, quant_atual = quant_atual - 1 where id = 501; 
update estoque_total set total = total - 1 where medicamento_id = 501; 

insert into venda values (1162, '2023-05-10 10:03:57', 177.59, null, null); 
insert into itens_venda values (default, 1162, 466, 466, 1, 1.20, 123.68); 
update estoque set quant_venda = quant_venda + 1, quant_atual = quant_atual - 1 where id = 466; 
update estoque_total set total = total - 1 where medicamento_id = 466; 
insert into itens_venda values (default, 1162, 500, 500, 1, 0.10, 15.87); 
update estoque set quant_venda = quant_venda + 1, quant_atual = quant_atual - 1 where id = 500; 
update estoque_total set total = total - 1 where medicamento_id = 500; 
insert into itens_venda values (default, 1162, 379, 379, 3, 0.00, 38.04); 
update estoque set quant_venda = quant_venda + 3, quant_atual = quant_atual - 3 where id = 379; 
update estoque_total set total = total - 3 where medicamento_id = 379; 

insert into venda values (1163, '2023-05-10 10:46:46', 349.94, 19, null); 
insert into itens_venda values (default, 1163, 294, 294, 3, 0.00, 49.86); 
update estoque set quant_venda = quant_venda + 3, quant_atual = quant_atual - 3 where id = 294; 
update estoque_total set total = total - 3 where medicamento_id = 294; 
insert into itens_venda values (default, 1163, 173, 173, 1, 11.60, 279.20); 
update estoque set quant_venda = quant_venda + 1, quant_atual = quant_atual - 1 where id = 173; 
update estoque_total set total = total - 1 where medicamento_id = 173; 
insert into itens_venda values (default, 1163, 493, 493, 3, 1.80, 20.88); 
update estoque set quant_venda = quant_venda + 3, quant_atual = quant_atual - 3 where id = 493; 
update estoque_total set total = total - 3 where medicamento_id = 493; 

insert into venda values (1164, '2023-05-10 11:33:46', 188.03, null, null); 
insert into itens_venda values (default, 1164, 487, 487, 1, 0.00, 188.03); 
update estoque set quant_venda = quant_venda + 1, quant_atual = quant_atual - 1 where id = 487; 
update estoque_total set total = total - 1 where medicamento_id = 487; 

insert into venda values (1165, '2023-05-10 12:24:51', 102.61, 1, null); 
insert into itens_venda values (default, 1165, 427, 427, 2, 1.00, 24.96); 
update estoque set quant_venda = quant_venda + 2, quant_atual = quant_atual - 2 where id = 427; 
update estoque_total set total = total - 2 where medicamento_id = 427; 
insert into itens_venda values (default, 1165, 232, 232, 1, 0.00, 77.65); 
update estoque set quant_venda = quant_venda + 1, quant_atual = quant_atual - 1 where id = 232; 
update estoque_total set total = total - 1 where medicamento_id = 232; 

insert into venda values (1166, '2023-05-10 13:03:22', 7.20, null, null); 
insert into itens_venda values (default, 1166, 406, 406, 1, 0.00, 7.20); 
update estoque set quant_venda = quant_venda + 1, quant_atual = quant_atual - 1 where id = 406; 
update estoque_total set total = total - 1 where medicamento_id = 406; 

insert into venda values (1167, '2023-05-10 13:39:23', 66.32, null, 25); 
insert into itens_venda values (default, 1167, 121, 121, 1, 0.60, 66.32); 
update estoque set quant_venda = quant_venda + 1, quant_atual = quant_atual - 1 where id = 121; 
update estoque_total set total = total - 1 where medicamento_id = 121; 

insert into venda values (1168, '2023-05-10 14:42:46', 156.07, 3, null); 
insert into itens_venda values (default, 1168, 14, 14, 1, 0.00, 156.07); 
update estoque set quant_venda = quant_venda + 1, quant_atual = quant_atual - 1 where id = 14; 
update estoque_total set total = total - 1 where medicamento_id = 14; 

insert into venda values (1169, '2023-05-11 06:24:54', 106.00, null, null); 
insert into itens_venda values (default, 1169, 469, 469, 1, 0.00, 47.88); 
update estoque set quant_venda = quant_venda + 1, quant_atual = quant_atual - 1 where id = 469; 
update estoque_total set total = total - 1 where medicamento_id = 469; 
insert into itens_venda values (default, 1169, 424, 424, 1, 0.40, 10.60); 
update estoque set quant_venda = quant_venda + 1, quant_atual = quant_atual - 1 where id = 424; 
update estoque_total set total = total - 1 where medicamento_id = 424; 
insert into itens_venda values (default, 1169, 430, 430, 2, 1.90, 47.52); 
update estoque set quant_venda = quant_venda + 2, quant_atual = quant_atual - 2 where id = 430; 
update estoque_total set total = total - 2 where medicamento_id = 430; 

insert into venda values (1170, '2023-05-11 06:46:20', 191.00, null, 21); 
insert into itens_venda values (default, 1170, 219, 219, 1, 0.90, 91.86); 
update estoque set quant_venda = quant_venda + 1, quant_atual = quant_atual - 1 where id = 219; 
update estoque_total set total = total - 1 where medicamento_id = 219; 
insert into itens_venda values (default, 1170, 204, 204, 2, 0.40, 24.52); 
update estoque set quant_venda = quant_venda + 2, quant_atual = quant_atual - 2 where id = 204; 
update estoque_total set total = total - 2 where medicamento_id = 204; 
insert into itens_venda values (default, 1170, 456, 456, 2, 2.30, 74.62); 
update estoque set quant_venda = quant_venda + 2, quant_atual = quant_atual - 2 where id = 456; 
update estoque_total set total = total - 2 where medicamento_id = 456; 

insert into venda values (1171, '2023-05-11 07:26:09', 23.75, null, null); 
insert into itens_venda values (default, 1171, 409, 409, 1, 0.70, 23.75); 
update estoque set quant_venda = quant_venda + 1, quant_atual = quant_atual - 1 where id = 409; 
update estoque_total set total = total - 1 where medicamento_id = 409; 

insert into venda values (1172, '2023-05-11 07:54:44', 159.72, 3, null); 
insert into itens_venda values (default, 1172, 318, 318, 2, 1.10, 110.68); 
update estoque set quant_venda = quant_venda + 2, quant_atual = quant_atual - 2 where id = 318; 
update estoque_total set total = total - 2 where medicamento_id = 318; 
insert into itens_venda values (default, 1172, 393, 393, 2, 0.00, 49.04); 
update estoque set quant_venda = quant_venda + 2, quant_atual = quant_atual - 2 where id = 393; 
update estoque_total set total = total - 2 where medicamento_id = 393; 

insert into venda values (1173, '2023-05-11 08:57:41', 27.83, 20, null); 
insert into itens_venda values (default, 1173, 291, 291, 1, 0.10, 12.76); 
update estoque set quant_venda = quant_venda + 1, quant_atual = quant_atual - 1 where id = 291; 
update estoque_total set total = total - 1 where medicamento_id = 291; 
insert into itens_venda values (default, 1173, 500, 500, 1, 0.90, 15.07); 
update estoque set quant_venda = quant_venda + 1, quant_atual = quant_atual - 1 where id = 500; 
update estoque_total set total = total - 1 where medicamento_id = 500; 

insert into venda values (1174, '2023-05-11 10:07:30', 119.74, null, 23); 
insert into itens_venda values (default, 1174, 310, 310, 1, 3.70, 119.74); 
update estoque set quant_venda = quant_venda + 1, quant_atual = quant_atual - 1 where id = 310; 
update estoque_total set total = total - 1 where medicamento_id = 310; 

insert into venda values (1175, '2023-05-11 10:49:05', 119.21, null, 25); 
insert into itens_venda values (default, 1175, 459, 459, 2, 1.30, 66.54); 
update estoque set quant_venda = quant_venda + 2, quant_atual = quant_atual - 2 where id = 459; 
update estoque_total set total = total - 2 where medicamento_id = 459; 
insert into itens_venda values (default, 1175, 308, 308, 1, 0.50, 52.67); 
update estoque set quant_venda = quant_venda + 1, quant_atual = quant_atual - 1 where id = 308; 
update estoque_total set total = total - 1 where medicamento_id = 308; 

insert into venda values (1176, '2023-05-11 10:59:48', 213.49, 6, null); 
insert into itens_venda values (default, 1176, 337, 337, 1, 0.90, 44.21); 
update estoque set quant_venda = quant_venda + 1, quant_atual = quant_atual - 1 where id = 337; 
update estoque_total set total = total - 1 where medicamento_id = 337; 
insert into itens_venda values (default, 1176, 453, 453, 1, 0.50, 6.00); 
update estoque set quant_venda = quant_venda + 1, quant_atual = quant_atual - 1 where id = 453; 
update estoque_total set total = total - 1 where medicamento_id = 453; 
insert into itens_venda values (default, 1176, 369, 369, 2, 16.10, 163.28); 
update estoque set quant_venda = quant_venda + 2, quant_atual = quant_atual - 2 where id = 369; 
update estoque_total set total = total - 2 where medicamento_id = 369; 

insert into venda values (1177, '2023-05-11 12:09:45', 147.93, null, null); 
insert into itens_venda values (default, 1177, 296, 296, 2, 4.30, 104.62); 
update estoque set quant_venda = quant_venda + 2, quant_atual = quant_atual - 2 where id = 296; 
update estoque_total set total = total - 2 where medicamento_id = 296; 
insert into itens_venda values (default, 1177, 337, 337, 1, 1.80, 43.31); 
update estoque set quant_venda = quant_venda + 1, quant_atual = quant_atual - 1 where id = 337; 
update estoque_total set total = total - 1 where medicamento_id = 337; 

insert into venda values (1178, '2023-05-11 13:26:05', 138.17, null, null); 
insert into itens_venda values (default, 1178, 351, 351, 1, 0.00, 21.80); 
update estoque set quant_venda = quant_venda + 1, quant_atual = quant_atual - 1 where id = 351; 
update estoque_total set total = total - 1 where medicamento_id = 351; 
insert into itens_venda values (default, 1178, 266, 266, 1, 3.50, 116.37); 
update estoque set quant_venda = quant_venda + 1, quant_atual = quant_atual - 1 where id = 266; 
update estoque_total set total = total - 1 where medicamento_id = 266; 

insert into venda values (1179, '2023-05-11 13:26:20', 62.15, 10, null); 
insert into itens_venda values (default, 1179, 502, 502, 2, 0.40, 43.22); 
update estoque set quant_venda = quant_venda + 2, quant_atual = quant_atual - 2 where id = 502; 
update estoque_total set total = total - 2 where medicamento_id = 502; 
insert into itens_venda values (default, 1179, 462, 462, 1, 0.00, 18.93); 
update estoque set quant_venda = quant_venda + 1, quant_atual = quant_atual - 1 where id = 462; 
update estoque_total set total = total - 1 where medicamento_id = 462; 

insert into venda values (1180, '2023-05-11 14:07:56', 13.50, 10, null); 
insert into itens_venda values (default, 1180, 504, 504, 2, 0.00, 13.50); 
update estoque set quant_venda = quant_venda + 2, quant_atual = quant_atual - 2 where id = 504; 
update estoque_total set total = total - 2 where medicamento_id = 504; 

insert into venda values (1181, '2023-05-12 07:09:09', 182.99, null, null); 
insert into itens_venda values (default, 1181, 414, 414, 2, 3.00, 74.00); 
update estoque set quant_venda = quant_venda + 2, quant_atual = quant_atual - 2 where id = 414; 
update estoque_total set total = total - 2 where medicamento_id = 414; 
insert into itens_venda values (default, 1181, 244, 244, 2, 1.20, 59.08); 
update estoque set quant_venda = quant_venda + 2, quant_atual = quant_atual - 2 where id = 244; 
update estoque_total set total = total - 2 where medicamento_id = 244; 
insert into itens_venda values (default, 1181, 383, 383, 1, 2.00, 49.91); 
update estoque set quant_venda = quant_venda + 1, quant_atual = quant_atual - 1 where id = 383; 
update estoque_total set total = total - 1 where medicamento_id = 383; 

insert into venda values (1182, '2023-05-12 07:16:13', 361.28, null, null); 
insert into itens_venda values (default, 1182, 435, 435, 2, 7.80, 188.24); 
update estoque set quant_venda = quant_venda + 2, quant_atual = quant_atual - 2 where id = 435; 
update estoque_total set total = total - 2 where medicamento_id = 435; 
insert into itens_venda values (default, 1182, 444, 444, 2, 0.00, 151.18); 
update estoque set quant_venda = quant_venda + 2, quant_atual = quant_atual - 2 where id = 444; 
update estoque_total set total = total - 2 where medicamento_id = 444; 
insert into itens_venda values (default, 1182, 416, 416, 1, 0.90, 21.86); 
update estoque set quant_venda = quant_venda + 1, quant_atual = quant_atual - 1 where id = 416; 
update estoque_total set total = total - 1 where medicamento_id = 416; 

insert into venda values (1183, '2023-05-12 08:38:03', 168.22, null, 22); 
insert into itens_venda values (default, 1183, 386, 386, 2, 0.30, 36.42); 
update estoque set quant_venda = quant_venda + 2, quant_atual = quant_atual - 2 where id = 386; 
update estoque_total set total = total - 2 where medicamento_id = 386; 
insert into itens_venda values (default, 1183, 464, 464, 2, 0.60, 64.30); 
update estoque set quant_venda = quant_venda + 2, quant_atual = quant_atual - 2 where id = 464; 
update estoque_total set total = total - 2 where medicamento_id = 464; 
insert into itens_venda values (default, 1183, 206, 206, 2, 0.00, 67.50); 
update estoque set quant_venda = quant_venda + 2, quant_atual = quant_atual - 2 where id = 206; 
update estoque_total set total = total - 2 where medicamento_id = 206; 

insert into venda values (1184, '2023-05-12 09:53:14', 58.42, null, null); 
insert into itens_venda values (default, 1184, 416, 416, 2, 0.00, 45.52); 
update estoque set quant_venda = quant_venda + 2, quant_atual = quant_atual - 2 where id = 416; 
update estoque_total set total = total - 2 where medicamento_id = 416; 
insert into itens_venda values (default, 1184, 453, 453, 2, 0.10, 12.90); 
update estoque set quant_venda = quant_venda + 2, quant_atual = quant_atual - 2 where id = 453; 
update estoque_total set total = total - 2 where medicamento_id = 453; 

insert into venda values (1185, '2023-05-12 11:14:57', 329.14, 12, 23); 
insert into itens_venda values (default, 1185, 41, 41, 1, 7.80, 252.22); 
update estoque set quant_venda = quant_venda + 1, quant_atual = quant_atual - 1 where id = 41; 
update estoque_total set total = total - 1 where medicamento_id = 41; 
insert into itens_venda values (default, 1185, 388, 388, 2, 2.30, 76.92); 
update estoque set quant_venda = quant_venda + 2, quant_atual = quant_atual - 2 where id = 388; 
update estoque_total set total = total - 2 where medicamento_id = 388; 

insert into venda values (1186, '2023-05-12 12:00:06', 67.09, null, null); 
insert into itens_venda values (default, 1186, 182, 182, 1, 0.50, 51.41); 
update estoque set quant_venda = quant_venda + 1, quant_atual = quant_atual - 1 where id = 182; 
update estoque_total set total = total - 1 where medicamento_id = 182; 
insert into itens_venda values (default, 1186, 368, 368, 1, 0.10, 15.68); 
update estoque set quant_venda = quant_venda + 1, quant_atual = quant_atual - 1 where id = 368; 
update estoque_total set total = total - 1 where medicamento_id = 368; 

insert into venda values (1187, '2023-05-12 12:54:58', 112.97, 15, null); 
insert into itens_venda values (default, 1187, 152, 152, 1, 0.00, 67.45); 
update estoque set quant_venda = quant_venda + 1, quant_atual = quant_atual - 1 where id = 152; 
update estoque_total set total = total - 1 where medicamento_id = 152; 
insert into itens_venda values (default, 1187, 429, 429, 2, 3.90, 45.52); 
update estoque set quant_venda = quant_venda + 2, quant_atual = quant_atual - 2 where id = 429; 
update estoque_total set total = total - 2 where medicamento_id = 429; 

insert into venda values (1188, '2023-05-12 13:40:53', 179.50, null, null); 
insert into itens_venda values (default, 1188, 316, 316, 1, 0.00, 179.50); 
update estoque set quant_venda = quant_venda + 1, quant_atual = quant_atual - 1 where id = 316; 
update estoque_total set total = total - 1 where medicamento_id = 316; 

insert into venda values (1189, '2023-05-13 08:09:05', 62.40, null, null); 
insert into itens_venda values (default, 1189, 464, 464, 2, 2.50, 62.40); 
update estoque set quant_venda = quant_venda + 2, quant_atual = quant_atual - 2 where id = 464; 
update estoque_total set total = total - 2 where medicamento_id = 464; 

insert into venda values (1190, '2023-05-13 10:23:50', 281.52, null, null); 
insert into itens_venda values (default, 1190, 253, 253, 2, 0.00, 154.04); 
update estoque set quant_venda = quant_venda + 2, quant_atual = quant_atual - 2 where id = 253; 
update estoque_total set total = total - 2 where medicamento_id = 253; 
insert into itens_venda values (default, 1190, 477, 477, 2, 2.60, 127.48); 
update estoque set quant_venda = quant_venda + 2, quant_atual = quant_atual - 2 where id = 477; 
update estoque_total set total = total - 2 where medicamento_id = 477; 

insert into venda values (1191, '2023-05-13 10:40:47', 72.40, 6, null); 
insert into itens_venda values (default, 1191, 425, 425, 2, 0.00, 72.40); 
update estoque set quant_venda = quant_venda + 2, quant_atual = quant_atual - 2 where id = 425; 
update estoque_total set total = total - 2 where medicamento_id = 425; 

insert into venda values (1192, '2023-05-13 12:54:58', 66.48, 4, 24); 
insert into itens_venda values (default, 1192, 201, 201, 2, 5.00, 66.48); 
update estoque set quant_venda = quant_venda + 2, quant_atual = quant_atual - 2 where id = 201; 
update estoque_total set total = total - 2 where medicamento_id = 201; 

insert into venda values (1193, '2023-05-13 14:02:13', 189.68, null, null); 
insert into itens_venda values (default, 1193, 335, 335, 3, 0.00, 76.56); 
update estoque set quant_venda = quant_venda + 3, quant_atual = quant_atual - 3 where id = 335; 
update estoque_total set total = total - 3 where medicamento_id = 335; 
insert into itens_venda values (default, 1193, 472, 472, 1, 0.00, 29.32); 
update estoque set quant_venda = quant_venda + 1, quant_atual = quant_atual - 1 where id = 472; 
update estoque_total set total = total - 1 where medicamento_id = 472; 
insert into itens_venda values (default, 1193, 441, 441, 3, 1.70, 83.80); 
update estoque set quant_venda = quant_venda + 3, quant_atual = quant_atual - 3 where id = 441; 
update estoque_total set total = total - 3 where medicamento_id = 441; 

insert into venda values (1194, '2023-05-13 15:17:48', 184.32, null, null); 
insert into itens_venda values (default, 1194, 427, 427, 1, 0.50, 12.48); 
update estoque set quant_venda = quant_venda + 1, quant_atual = quant_atual - 1 where id = 427; 
update estoque_total set total = total - 1 where medicamento_id = 427; 
insert into itens_venda values (default, 1194, 497, 497, 2, 1.50, 73.70); 
update estoque set quant_venda = quant_venda + 2, quant_atual = quant_atual - 2 where id = 497; 
update estoque_total set total = total - 2 where medicamento_id = 497; 
insert into itens_venda values (default, 1194, 156, 156, 1, 2.00, 98.14); 
update estoque set quant_venda = quant_venda + 1, quant_atual = quant_atual - 1 where id = 156; 
update estoque_total set total = total - 1 where medicamento_id = 156; 

insert into venda values (1195, '2023-05-13 15:29:42', 104.06, null, null); 
insert into itens_venda values (default, 1195, 490, 490, 2, 0.00, 104.06); 
update estoque set quant_venda = quant_venda + 2, quant_atual = quant_atual - 2 where id = 490; 
update estoque_total set total = total - 2 where medicamento_id = 490; 

insert into venda values (1196, '2023-05-14 08:45:33', 184.33, null, null); 
insert into itens_venda values (default, 1196, 487, 487, 1, 3.70, 184.33); 
update estoque set quant_venda = quant_venda + 1, quant_atual = quant_atual - 1 where id = 487; 
update estoque_total set total = total - 1 where medicamento_id = 487; 

insert into venda values (1197, '2023-05-14 11:31:20', 69.12, 5, null); 
insert into itens_venda values (default, 1197, 442, 442, 3, 0.00, 69.12); 
update estoque set quant_venda = quant_venda + 3, quant_atual = quant_atual - 3 where id = 442; 
update estoque_total set total = total - 3 where medicamento_id = 442; 

insert into venda values (1198, '2023-05-14 14:17:59', 83.75, null, null); 
insert into itens_venda values (default, 1198, 387, 387, 1, 0.60, 64.50); 
update estoque set quant_venda = quant_venda + 1, quant_atual = quant_atual - 1 where id = 387; 
update estoque_total set total = total - 1 where medicamento_id = 387; 
insert into itens_venda values (default, 1198, 451, 451, 1, 0.00, 19.25); 
update estoque set quant_venda = quant_venda + 1, quant_atual = quant_atual - 1 where id = 451; 
update estoque_total set total = total - 1 where medicamento_id = 451; 

insert into venda values (1199, '2023-05-14 16:01:44', 354.18, null, null); 
insert into itens_venda values (default, 1199, 396, 396, 1, 13.60, 327.70); 
update estoque set quant_venda = quant_venda + 1, quant_atual = quant_atual - 1 where id = 396; 
update estoque_total set total = total - 1 where medicamento_id = 396; 
insert into itens_venda values (default, 1199, 481, 481, 2, 0.20, 26.48); 
update estoque set quant_venda = quant_venda + 2, quant_atual = quant_atual - 2 where id = 481; 
update estoque_total set total = total - 2 where medicamento_id = 481; 

insert into venda values (1200, '2023-05-14 17:14:57', 36.31, 7, null); 
insert into itens_venda values (default, 1200, 440, 440, 1, 3.10, 36.31); 
update estoque set quant_venda = quant_venda + 1, quant_atual = quant_atual - 1 where id = 440; 
update estoque_total set total = total - 1 where medicamento_id = 440; 

insert into venda values (1201, '2023-05-14 17:33:12', 129.35, null, null); 
insert into itens_venda values (default, 1201, 438, 438, 2, 2.00, 102.58); 
update estoque set quant_venda = quant_venda + 2, quant_atual = quant_atual - 2 where id = 438; 
update estoque_total set total = total - 2 where medicamento_id = 438; 
insert into itens_venda values (default, 1201, 421, 421, 3, 0.80, 26.77); 
update estoque set quant_venda = quant_venda + 3, quant_atual = quant_atual - 3 where id = 421; 
update estoque_total set total = total - 3 where medicamento_id = 421; 

insert into venda values (1202, '2023-05-15 06:15:43', 208.31, 5, null); 
insert into itens_venda values (default, 1202, 487, 487, 1, 9.40, 178.63); 
update estoque set quant_venda = quant_venda + 1, quant_atual = quant_atual - 1 where id = 487; 
update estoque_total set total = total - 1 where medicamento_id = 487; 
insert into itens_venda values (default, 1202, 485, 485, 2, 2.50, 29.68); 
update estoque set quant_venda = quant_venda + 2, quant_atual = quant_atual - 2 where id = 485; 
update estoque_total set total = total - 2 where medicamento_id = 485; 

insert into venda values (1203, '2023-05-15 07:09:14', 151.47, null, null); 
insert into itens_venda values (default, 1203, 439, 439, 2, 2.40, 79.54); 
update estoque set quant_venda = quant_venda + 2, quant_atual = quant_atual - 2 where id = 439; 
update estoque_total set total = total - 2 where medicamento_id = 439; 
insert into itens_venda values (default, 1203, 430, 430, 3, 2.20, 71.93); 
update estoque set quant_venda = quant_venda + 3, quant_atual = quant_atual - 3 where id = 430; 
update estoque_total set total = total - 3 where medicamento_id = 430; 

insert into venda values (1204, '2023-05-15 07:32:15', 79.05, 17, null); 
insert into itens_venda values (default, 1204, 433, 433, 3, 2.40, 79.05); 
update estoque set quant_venda = quant_venda + 3, quant_atual = quant_atual - 3 where id = 433; 
update estoque_total set total = total - 3 where medicamento_id = 433; 

insert into venda values (1205, '2023-05-15 08:32:43', 73.06, null, 25); 
insert into itens_venda values (default, 1205, 354, 354, 1, 0.00, 73.06); 
update estoque set quant_venda = quant_venda + 1, quant_atual = quant_atual - 1 where id = 354; 
update estoque_total set total = total - 1 where medicamento_id = 354; 

insert into venda values (1206, '2023-05-15 08:54:26', 192.40, 3, 25); 
insert into itens_venda values (default, 1206, 359, 359, 2, 3.60, 177.56); 
update estoque set quant_venda = quant_venda + 2, quant_atual = quant_atual - 2 where id = 359; 
update estoque_total set total = total - 2 where medicamento_id = 359; 
insert into itens_venda values (default, 1206, 398, 398, 1, 0.70, 14.84); 
update estoque set quant_venda = quant_venda + 1, quant_atual = quant_atual - 1 where id = 398; 
update estoque_total set total = total - 1 where medicamento_id = 398; 

insert into venda values (1207, '2023-05-15 09:07:38', 362.42, null, null); 
insert into itens_venda values (default, 1207, 477, 477, 1, 0.60, 64.44); 
update estoque set quant_venda = quant_venda + 1, quant_atual = quant_atual - 1 where id = 477; 
update estoque_total set total = total - 1 where medicamento_id = 477; 
insert into itens_venda values (default, 1207, 124, 124, 2, 7.40, 178.18); 
update estoque set quant_venda = quant_venda + 2, quant_atual = quant_atual - 2 where id = 124; 
update estoque_total set total = total - 2 where medicamento_id = 124; 
insert into itens_venda values (default, 1207, 246, 246, 2, 3.70, 119.80); 
update estoque set quant_venda = quant_venda + 2, quant_atual = quant_atual - 2 where id = 246; 
update estoque_total set total = total - 2 where medicamento_id = 246; 

insert into venda values (1208, '2023-05-15 09:31:50', 309.58, null, null); 
insert into itens_venda values (default, 1208, 435, 435, 2, 1.90, 194.14); 
update estoque set quant_venda = quant_venda + 2, quant_atual = quant_atual - 2 where id = 435; 
update estoque_total set total = total - 2 where medicamento_id = 435; 
insert into itens_venda values (default, 1208, 468, 468, 2, 3.50, 115.44); 
update estoque set quant_venda = quant_venda + 2, quant_atual = quant_atual - 2 where id = 468; 
update estoque_total set total = total - 2 where medicamento_id = 468; 

insert into venda values (1209, '2023-05-15 10:51:55', 29.50, 10, null); 
insert into itens_venda values (default, 1209, 404, 404, 2, 2.90, 29.50); 
update estoque set quant_venda = quant_venda + 2, quant_atual = quant_atual - 2 where id = 404; 
update estoque_total set total = total - 2 where medicamento_id = 404; 

insert into venda values (1210, '2023-05-16 08:21:44', 181.00, 4, 23); 
insert into itens_venda values (default, 1210, 102, 102, 1, 7.50, 181.00); 
update estoque set quant_venda = quant_venda + 1, quant_atual = quant_atual - 1 where id = 102; 
update estoque_total set total = total - 1 where medicamento_id = 102; 

insert into venda values (1211, '2023-05-16 10:02:39', 74.64, 1, null); 
insert into itens_venda values (default, 1211, 439, 439, 2, 7.30, 74.64); 
update estoque set quant_venda = quant_venda + 2, quant_atual = quant_atual - 2 where id = 439; 
update estoque_total set total = total - 2 where medicamento_id = 439; 

insert into venda values (1212, '2023-05-16 10:05:17', 7.24, null, null); 
insert into itens_venda values (default, 1212, 503, 503, 2, 0.10, 7.24); 
update estoque set quant_venda = quant_venda + 2, quant_atual = quant_atual - 2 where id = 503; 
update estoque_total set total = total - 2 where medicamento_id = 503; 

insert into venda values (1213, '2023-05-16 12:33:39', 138.20, 3, null); 
insert into itens_venda values (default, 1213, 442, 442, 2, 2.30, 43.78); 
update estoque set quant_venda = quant_venda + 2, quant_atual = quant_atual - 2 where id = 442; 
update estoque_total set total = total - 2 where medicamento_id = 442; 
insert into itens_venda values (default, 1213, 264, 264, 2, 3.90, 94.42); 
update estoque set quant_venda = quant_venda + 2, quant_atual = quant_atual - 2 where id = 264; 
update estoque_total set total = total - 2 where medicamento_id = 264; 

insert into venda values (1214, '2023-05-17 06:54:16', 146.22, 19, 21); 
insert into itens_venda values (default, 1214, 317, 317, 1, 0.00, 90.40); 
update estoque set quant_venda = quant_venda + 1, quant_atual = quant_atual - 1 where id = 317; 
update estoque_total set total = total - 1 where medicamento_id = 317; 
insert into itens_venda values (default, 1214, 478, 478, 1, 1.70, 55.82); 
update estoque set quant_venda = quant_venda + 1, quant_atual = quant_atual - 1 where id = 478; 
update estoque_total set total = total - 1 where medicamento_id = 478; 

insert into venda values (1215, '2023-05-17 07:16:11', 300.61, 20, null); 
insert into itens_venda values (default, 1215, 270, 270, 1, 29.70, 300.61); 
update estoque set quant_venda = quant_venda + 1, quant_atual = quant_atual - 1 where id = 270; 
update estoque_total set total = total - 1 where medicamento_id = 270; 

insert into venda values (1216, '2023-05-17 07:41:39', 54.01, 4, 22); 
insert into itens_venda values (default, 1216, 416, 416, 1, 2.00, 20.76); 
update estoque set quant_venda = quant_venda + 1, quant_atual = quant_atual - 1 where id = 416; 
update estoque_total set total = total - 1 where medicamento_id = 416; 
insert into itens_venda values (default, 1216, 286, 286, 1, 1.30, 33.25); 
update estoque set quant_venda = quant_venda + 1, quant_atual = quant_atual - 1 where id = 286; 
update estoque_total set total = total - 1 where medicamento_id = 286; 

insert into venda values (1217, '2023-05-17 08:26:55', 52.03, null, null); 
insert into itens_venda values (default, 1217, 490, 490, 1, 0.00, 52.03); 
update estoque set quant_venda = quant_venda + 1, quant_atual = quant_atual - 1 where id = 490; 
update estoque_total set total = total - 1 where medicamento_id = 490; 

insert into venda values (1218, '2023-05-17 08:41:44', 118.68, 1, null); 
insert into itens_venda values (default, 1218, 466, 466, 1, 6.20, 118.68); 
update estoque set quant_venda = quant_venda + 1, quant_atual = quant_atual - 1 where id = 466; 
update estoque_total set total = total - 1 where medicamento_id = 466; 

insert into venda values (1219, '2023-05-17 09:05:27', 137.30, 20, null); 
insert into itens_venda values (default, 1219, 154, 154, 2, 0.00, 137.30); 
update estoque set quant_venda = quant_venda + 2, quant_atual = quant_atual - 2 where id = 154; 
update estoque_total set total = total - 2 where medicamento_id = 154; 

insert into venda values (1220, '2023-05-17 09:07:54', 274.09, null, null); 
insert into itens_venda values (default, 1220, 180, 180, 1, 5.10, 167.14); 
update estoque set quant_venda = quant_venda + 1, quant_atual = quant_atual - 1 where id = 180; 
update estoque_total set total = total - 1 where medicamento_id = 180; 
insert into itens_venda values (default, 1220, 281, 281, 1, 1.70, 55.39); 
update estoque set quant_venda = quant_venda + 1, quant_atual = quant_atual - 1 where id = 281; 
update estoque_total set total = total - 1 where medicamento_id = 281; 
insert into itens_venda values (default, 1220, 447, 447, 2, 1.50, 51.56); 
update estoque set quant_venda = quant_venda + 2, quant_atual = quant_atual - 2 where id = 447; 
update estoque_total set total = total - 2 where medicamento_id = 447; 

insert into venda values (1221, '2023-05-17 09:23:25', 179.12, null, 21); 
insert into itens_venda values (default, 1221, 351, 351, 2, 1.30, 42.30); 
update estoque set quant_venda = quant_venda + 2, quant_atual = quant_atual - 2 where id = 351; 
update estoque_total set total = total - 2 where medicamento_id = 351; 
insert into itens_venda values (default, 1221, 133, 133, 2, 2.70, 136.82); 
update estoque set quant_venda = quant_venda + 2, quant_atual = quant_atual - 2 where id = 133; 
update estoque_total set total = total - 2 where medicamento_id = 133; 

insert into venda values (1222, '2023-05-17 09:46:44', 146.40, null, 21); 
insert into itens_venda values (default, 1222, 358, 358, 2, 1.40, 72.58); 
update estoque set quant_venda = quant_venda + 2, quant_atual = quant_atual - 2 where id = 358; 
update estoque_total set total = total - 2 where medicamento_id = 358; 
insert into itens_venda values (default, 1222, 460, 460, 2, 1.50, 73.82); 
update estoque set quant_venda = quant_venda + 2, quant_atual = quant_atual - 2 where id = 460; 
update estoque_total set total = total - 2 where medicamento_id = 460; 

insert into venda values (1223, '2023-05-17 10:41:05', 273.45, null, 22); 
insert into itens_venda values (default, 1223, 423, 423, 3, 0.90, 47.07); 
update estoque set quant_venda = quant_venda + 3, quant_atual = quant_atual - 3 where id = 423; 
update estoque_total set total = total - 3 where medicamento_id = 423; 
insert into itens_venda values (default, 1223, 319, 319, 1, 1.70, 57.47); 
update estoque set quant_venda = quant_venda + 1, quant_atual = quant_atual - 1 where id = 319; 
update estoque_total set total = total - 1 where medicamento_id = 319; 
insert into itens_venda values (default, 1223, 213, 213, 1, 1.70, 168.91); 
update estoque set quant_venda = quant_venda + 1, quant_atual = quant_atual - 1 where id = 213; 
update estoque_total set total = total - 1 where medicamento_id = 213; 

insert into venda values (1224, '2023-05-17 10:49:01', 152.03, null, null); 
insert into itens_venda values (default, 1224, 477, 477, 1, 1.30, 63.74); 
update estoque set quant_venda = quant_venda + 1, quant_atual = quant_atual - 1 where id = 477; 
update estoque_total set total = total - 1 where medicamento_id = 477; 
insert into itens_venda values (default, 1224, 303, 303, 1, 0.90, 29.92); 
update estoque set quant_venda = quant_venda + 1, quant_atual = quant_atual - 1 where id = 303; 
update estoque_total set total = total - 1 where medicamento_id = 303; 
insert into itens_venda values (default, 1224, 468, 468, 1, 1.10, 58.37); 
update estoque set quant_venda = quant_venda + 1, quant_atual = quant_atual - 1 where id = 468; 
update estoque_total set total = total - 1 where medicamento_id = 468; 

insert into venda values (1225, '2023-05-17 11:13:18', 253.16, 19, null); 
insert into itens_venda values (default, 1225, 362, 362, 1, 9.40, 179.48); 
update estoque set quant_venda = quant_venda + 1, quant_atual = quant_atual - 1 where id = 362; 
update estoque_total set total = total - 1 where medicamento_id = 362; 
insert into itens_venda values (default, 1225, 463, 463, 2, 0.00, 26.70); 
update estoque set quant_venda = quant_venda + 2, quant_atual = quant_atual - 2 where id = 463; 
update estoque_total set total = total - 2 where medicamento_id = 463; 
insert into itens_venda values (default, 1225, 469, 469, 1, 0.90, 46.98); 
update estoque set quant_venda = quant_venda + 1, quant_atual = quant_atual - 1 where id = 469; 
update estoque_total set total = total - 1 where medicamento_id = 469; 

insert into venda values (1226, '2023-05-18 06:51:29', 48.33, null, null); 
insert into itens_venda values (default, 1226, 488, 488, 1, 0.90, 48.33); 
update estoque set quant_venda = quant_venda + 1, quant_atual = quant_atual - 1 where id = 488; 
update estoque_total set total = total - 1 where medicamento_id = 488; 

insert into venda values (1227, '2023-05-18 07:04:58', 119.01, 15, null); 
insert into itens_venda values (default, 1227, 375, 375, 3, 1.70, 57.73); 
update estoque set quant_venda = quant_venda + 3, quant_atual = quant_atual - 3 where id = 375; 
update estoque_total set total = total - 3 where medicamento_id = 375; 
insert into itens_venda values (default, 1227, 480, 480, 2, 1.80, 61.28); 
update estoque set quant_venda = quant_venda + 2, quant_atual = quant_atual - 2 where id = 480; 
update estoque_total set total = total - 2 where medicamento_id = 480; 

insert into venda values (1228, '2023-05-18 07:54:10', 182.77, 15, null); 
insert into itens_venda values (default, 1228, 151, 151, 3, 0.50, 56.47); 
update estoque set quant_venda = quant_venda + 3, quant_atual = quant_atual - 3 where id = 151; 
update estoque_total set total = total - 3 where medicamento_id = 151; 
insert into itens_venda values (default, 1228, 387, 387, 2, 3.90, 126.30); 
update estoque set quant_venda = quant_venda + 2, quant_atual = quant_atual - 2 where id = 387; 
update estoque_total set total = total - 2 where medicamento_id = 387; 

insert into venda values (1229, '2023-05-18 08:15:47', 375.98, null, null); 
insert into itens_venda values (default, 1229, 195, 195, 1, 0.00, 258.45); 
update estoque set quant_venda = quant_venda + 1, quant_atual = quant_atual - 1 where id = 195; 
update estoque_total set total = total - 1 where medicamento_id = 195; 
insert into itens_venda values (default, 1229, 200, 200, 1, 4.80, 117.53); 
update estoque set quant_venda = quant_venda + 1, quant_atual = quant_atual - 1 where id = 200; 
update estoque_total set total = total - 1 where medicamento_id = 200; 

insert into venda values (1230, '2023-05-18 08:44:33', 92.65, 16, null); 
insert into itens_venda values (default, 1230, 472, 472, 2, 2.90, 55.74); 
update estoque set quant_venda = quant_venda + 2, quant_atual = quant_atual - 2 where id = 472; 
update estoque_total set total = total - 2 where medicamento_id = 472; 
insert into itens_venda values (default, 1230, 324, 324, 1, 0.90, 18.62); 
update estoque set quant_venda = quant_venda + 1, quant_atual = quant_atual - 1 where id = 324; 
update estoque_total set total = total - 1 where medicamento_id = 324; 
insert into itens_venda values (default, 1230, 461, 461, 1, 0.30, 18.29); 
update estoque set quant_venda = quant_venda + 1, quant_atual = quant_atual - 1 where id = 461; 
update estoque_total set total = total - 1 where medicamento_id = 461; 

insert into venda values (1231, '2023-05-18 09:59:17', 145.18, null, null); 
insert into itens_venda values (default, 1231, 444, 444, 2, 6.00, 145.18); 
update estoque set quant_venda = quant_venda + 2, quant_atual = quant_atual - 2 where id = 444; 
update estoque_total set total = total - 2 where medicamento_id = 444; 

insert into venda values (1232, '2023-05-18 10:27:41', 39.57, null, 21); 
insert into itens_venda values (default, 1232, 111, 111, 1, 0.00, 39.57); 
update estoque set quant_venda = quant_venda + 1, quant_atual = quant_atual - 1 where id = 111; 
update estoque_total set total = total - 1 where medicamento_id = 111; 

insert into venda values (1233, '2023-05-18 11:01:49', 237.12, null, null); 
insert into itens_venda values (default, 1233, 244, 244, 2, 2.40, 57.88); 
update estoque set quant_venda = quant_venda + 2, quant_atual = quant_atual - 2 where id = 244; 
update estoque_total set total = total - 2 where medicamento_id = 244; 
insert into itens_venda values (default, 1233, 223, 223, 1, 0.00, 72.46); 
update estoque set quant_venda = quant_venda + 1, quant_atual = quant_atual - 1 where id = 223; 
update estoque_total set total = total - 1 where medicamento_id = 223; 
insert into itens_venda values (default, 1233, 410, 410, 1, 0.00, 106.78); 
update estoque set quant_venda = quant_venda + 1, quant_atual = quant_atual - 1 where id = 410; 
update estoque_total set total = total - 1 where medicamento_id = 410; 

insert into venda values (1234, '2023-05-18 11:24:26', 69.27, 9, null); 
insert into itens_venda values (default, 1234, 501, 501, 3, 0.00, 69.27); 
update estoque set quant_venda = quant_venda + 3, quant_atual = quant_atual - 3 where id = 501; 
update estoque_total set total = total - 3 where medicamento_id = 501; 

insert into venda values (1235, '2023-05-18 12:33:20', 49.71, null, null); 
insert into itens_venda values (default, 1235, 483, 483, 1, 0.50, 49.71); 
update estoque set quant_venda = quant_venda + 1, quant_atual = quant_atual - 1 where id = 483; 
update estoque_total set total = total - 1 where medicamento_id = 483; 

insert into venda values (1236, '2023-05-18 13:37:53', 310.51, null, null); 
insert into itens_venda values (default, 1236, 278, 278, 2, 1.40, 68.68); 
update estoque set quant_venda = quant_venda + 2, quant_atual = quant_atual - 2 where id = 278; 
update estoque_total set total = total - 2 where medicamento_id = 278; 
insert into itens_venda values (default, 1236, 307, 307, 1, 0.00, 241.83); 
update estoque set quant_venda = quant_venda + 1, quant_atual = quant_atual - 1 where id = 307; 
update estoque_total set total = total - 1 where medicamento_id = 307; 

insert into venda values (1237, '2023-05-19 06:18:49', 217.81, 13, null); 
insert into itens_venda values (default, 1237, 483, 483, 2, 1.00, 99.42); 
update estoque set quant_venda = quant_venda + 2, quant_atual = quant_atual - 2 where id = 483; 
update estoque_total set total = total - 2 where medicamento_id = 483; 
insert into itens_venda values (default, 1237, 489, 489, 2, 2.60, 85.38); 
update estoque set quant_venda = quant_venda + 2, quant_atual = quant_atual - 2 where id = 489; 
update estoque_total set total = total - 2 where medicamento_id = 489; 
insert into itens_venda values (default, 1237, 183, 183, 1, 0.60, 33.01); 
update estoque set quant_venda = quant_venda + 1, quant_atual = quant_atual - 1 where id = 183; 
update estoque_total set total = total - 1 where medicamento_id = 183; 

insert into venda values (1238, '2023-05-19 06:23:30', 102.79, 17, null); 
insert into itens_venda values (default, 1238, 241, 241, 1, 0.00, 39.37); 
update estoque set quant_venda = quant_venda + 1, quant_atual = quant_atual - 1 where id = 241; 
update estoque_total set total = total - 1 where medicamento_id = 241; 
insert into itens_venda values (default, 1238, 368, 368, 1, 1.40, 14.38); 
update estoque set quant_venda = quant_venda + 1, quant_atual = quant_atual - 1 where id = 368; 
update estoque_total set total = total - 1 where medicamento_id = 368; 
insert into itens_venda values (default, 1238, 393, 393, 2, 0.00, 49.04); 
update estoque set quant_venda = quant_venda + 2, quant_atual = quant_atual - 2 where id = 393; 
update estoque_total set total = total - 2 where medicamento_id = 393; 

insert into venda values (1239, '2023-05-19 07:45:24', 246.47, 16, null); 
insert into itens_venda values (default, 1239, 423, 423, 1, 0.40, 15.59); 
update estoque set quant_venda = quant_venda + 1, quant_atual = quant_atual - 1 where id = 423; 
update estoque_total set total = total - 1 where medicamento_id = 423; 
insert into itens_venda values (default, 1239, 467, 467, 2, 8.70, 115.96); 
update estoque set quant_venda = quant_venda + 2, quant_atual = quant_atual - 2 where id = 467; 
update estoque_total set total = total - 2 where medicamento_id = 467; 
insert into itens_venda values (default, 1239, 465, 465, 1, 7.30, 114.92); 
update estoque set quant_venda = quant_venda + 1, quant_atual = quant_atual - 1 where id = 465; 
update estoque_total set total = total - 1 where medicamento_id = 465; 

insert into venda values (1240, '2023-05-19 08:35:23', 25.96, null, null); 
insert into itens_venda values (default, 1240, 427, 427, 2, 0.00, 25.96); 
update estoque set quant_venda = quant_venda + 2, quant_atual = quant_atual - 2 where id = 427; 
update estoque_total set total = total - 2 where medicamento_id = 427; 

insert into venda values (1241, '2023-05-19 09:18:52', 124.14, null, null); 
insert into itens_venda values (default, 1241, 486, 486, 3, 0.00, 32.82); 
update estoque set quant_venda = quant_venda + 3, quant_atual = quant_atual - 3 where id = 486; 
update estoque_total set total = total - 3 where medicamento_id = 486; 
insert into itens_venda values (default, 1241, 445, 445, 3, 0.00, 54.63); 
update estoque set quant_venda = quant_venda + 3, quant_atual = quant_atual - 3 where id = 445; 
update estoque_total set total = total - 3 where medicamento_id = 445; 
insert into itens_venda values (default, 1241, 479, 479, 1, 0.00, 36.69); 
update estoque set quant_venda = quant_venda + 1, quant_atual = quant_atual - 1 where id = 479; 
update estoque_total set total = total - 1 where medicamento_id = 479; 

insert into venda values (1242, '2023-05-19 10:05:00', 69.00, null, null); 
insert into itens_venda values (default, 1242, 379, 379, 3, 0.00, 38.04); 
update estoque set quant_venda = quant_venda + 3, quant_atual = quant_atual - 3 where id = 379; 
update estoque_total set total = total - 3 where medicamento_id = 379; 
insert into itens_venda values (default, 1242, 248, 248, 1, 0.70, 24.31); 
update estoque set quant_venda = quant_venda + 1, quant_atual = quant_atual - 1 where id = 248; 
update estoque_total set total = total - 1 where medicamento_id = 248; 
insert into itens_venda values (default, 1242, 504, 504, 1, 0.10, 6.65); 
update estoque set quant_venda = quant_venda + 1, quant_atual = quant_atual - 1 where id = 504; 
update estoque_total set total = total - 1 where medicamento_id = 504; 

insert into venda values (1243, '2023-05-19 10:59:20', 114.42, null, null); 
insert into itens_venda values (default, 1243, 441, 441, 3, 0.00, 85.50); 
update estoque set quant_venda = quant_venda + 3, quant_atual = quant_atual - 3 where id = 441; 
update estoque_total set total = total - 3 where medicamento_id = 441; 
insert into itens_venda values (default, 1243, 474, 474, 2, 0.80, 28.92); 
update estoque set quant_venda = quant_venda + 2, quant_atual = quant_atual - 2 where id = 474; 
update estoque_total set total = total - 2 where medicamento_id = 474; 

insert into venda values (1244, '2023-05-19 11:05:39', 26.70, 14, null); 
insert into itens_venda values (default, 1244, 463, 463, 2, 0.00, 26.70); 
update estoque set quant_venda = quant_venda + 2, quant_atual = quant_atual - 2 where id = 463; 
update estoque_total set total = total - 2 where medicamento_id = 463; 

insert into venda values (1245, '2023-05-19 12:17:09', 34.43, null, null); 
insert into itens_venda values (default, 1245, 373, 373, 1, 0.30, 34.43); 
update estoque set quant_venda = quant_venda + 1, quant_atual = quant_atual - 1 where id = 373; 
update estoque_total set total = total - 1 where medicamento_id = 373; 

insert into venda values (1246, '2023-05-19 13:39:03', 231.52, 5, null); 
insert into itens_venda values (default, 1246, 351, 351, 3, 5.20, 60.20); 
update estoque set quant_venda = quant_venda + 3, quant_atual = quant_atual - 3 where id = 351; 
update estoque_total set total = total - 3 where medicamento_id = 351; 
insert into itens_venda values (default, 1246, 386, 386, 3, 1.60, 53.48); 
update estoque set quant_venda = quant_venda + 3, quant_atual = quant_atual - 3 where id = 386; 
update estoque_total set total = total - 3 where medicamento_id = 386; 
insert into itens_venda values (default, 1246, 468, 468, 2, 1.10, 117.84); 
update estoque set quant_venda = quant_venda + 2, quant_atual = quant_atual - 2 where id = 468; 
update estoque_total set total = total - 2 where medicamento_id = 468; 

insert into venda values (1247, '2023-05-19 14:49:02', 244.57, 2, 24); 
insert into itens_venda values (default, 1247, 113, 113, 1, 1.10, 28.06); 
update estoque set quant_venda = quant_venda + 1, quant_atual = quant_atual - 1 where id = 113; 
update estoque_total set total = total - 1 where medicamento_id = 113; 
insert into itens_venda values (default, 1247, 118, 118, 1, 0.80, 39.77); 
update estoque set quant_venda = quant_venda + 1, quant_atual = quant_atual - 1 where id = 118; 
update estoque_total set total = total - 1 where medicamento_id = 118; 
insert into itens_venda values (default, 1247, 3, 3, 2, 1.70, 176.74); 
update estoque set quant_venda = quant_venda + 2, quant_atual = quant_atual - 2 where id = 3; 
update estoque_total set total = total - 2 where medicamento_id = 3; 

insert into venda values (1248, '2023-05-20 07:41:15', 30.06, 2, null); 
insert into itens_venda values (default, 1248, 434, 434, 1, 2.60, 30.06); 
update estoque set quant_venda = quant_venda + 1, quant_atual = quant_atual - 1 where id = 434; 
update estoque_total set total = total - 1 where medicamento_id = 434; 

insert into venda values (1249, '2023-05-20 09:41:44', 16.19, null, null); 
insert into itens_venda values (default, 1249, 448, 448, 1, 0.30, 16.19); 
update estoque set quant_venda = quant_venda + 1, quant_atual = quant_atual - 1 where id = 448; 
update estoque_total set total = total - 1 where medicamento_id = 448; 

insert into venda values (1250, '2023-05-20 10:22:44', 142.86, null, null); 
insert into itens_venda values (default, 1250, 84, 84, 2, 5.90, 142.86); 
update estoque set quant_venda = quant_venda + 2, quant_atual = quant_atual - 2 where id = 84; 
update estoque_total set total = total - 2 where medicamento_id = 84; 

insert into venda values (1251, '2023-05-20 12:04:37', 33.60, null, null); 
insert into itens_venda values (default, 1251, 299, 299, 1, 0.60, 33.60); 
update estoque set quant_venda = quant_venda + 1, quant_atual = quant_atual - 1 where id = 299; 
update estoque_total set total = total - 1 where medicamento_id = 299; 

insert into venda values (1252, '2023-05-20 14:01:17', 238.49, 1, null); 
insert into itens_venda values (default, 1252, 460, 460, 2, 2.20, 73.12); 
update estoque set quant_venda = quant_venda + 2, quant_atual = quant_atual - 2 where id = 460; 
update estoque_total set total = total - 2 where medicamento_id = 460; 
insert into itens_venda values (default, 1252, 193, 193, 1, 3.30, 165.37); 
update estoque set quant_venda = quant_venda + 1, quant_atual = quant_atual - 1 where id = 193; 
update estoque_total set total = total - 1 where medicamento_id = 193; 

insert into venda values (1253, '2023-05-21 07:11:25', 195.49, null, null); 
insert into itens_venda values (default, 1253, 466, 466, 1, 2.40, 122.48); 
update estoque set quant_venda = quant_venda + 1, quant_atual = quant_atual - 1 where id = 466; 
update estoque_total set total = total - 1 where medicamento_id = 466; 
insert into itens_venda values (default, 1253, 441, 441, 2, 1.70, 55.30); 
update estoque set quant_venda = quant_venda + 2, quant_atual = quant_atual - 2 where id = 441; 
update estoque_total set total = total - 2 where medicamento_id = 441; 
insert into itens_venda values (default, 1253, 445, 445, 1, 0.50, 17.71); 
update estoque set quant_venda = quant_venda + 1, quant_atual = quant_atual - 1 where id = 445; 
update estoque_total set total = total - 1 where medicamento_id = 445; 

insert into venda values (1254, '2023-05-21 07:26:26', 46.54, 4, 25); 
insert into itens_venda values (default, 1254, 398, 398, 1, 0.70, 14.84); 
update estoque set quant_venda = quant_venda + 1, quant_atual = quant_atual - 1 where id = 398; 
update estoque_total set total = total - 1 where medicamento_id = 398; 
insert into itens_venda values (default, 1254, 120, 120, 1, 1.60, 31.70); 
update estoque set quant_venda = quant_venda + 1, quant_atual = quant_atual - 1 where id = 120; 
update estoque_total set total = total - 1 where medicamento_id = 120; 

insert into venda values (1255, '2023-05-21 08:02:34', 26.88, null, null); 
insert into itens_venda values (default, 1255, 419, 419, 1, 0.50, 26.88); 
update estoque set quant_venda = quant_venda + 1, quant_atual = quant_atual - 1 where id = 419; 
update estoque_total set total = total - 1 where medicamento_id = 419; 

insert into venda values (1256, '2023-05-21 08:47:52', 300.77, 12, null); 
insert into itens_venda values (default, 1256, 2, 2, 1, 3.00, 300.77); 
update estoque set quant_venda = quant_venda + 1, quant_atual = quant_atual - 1 where id = 2; 
update estoque_total set total = total - 1 where medicamento_id = 2; 

insert into venda values (1257, '2023-05-21 08:49:39', 69.31, null, 24); 
insert into itens_venda values (default, 1257, 184, 184, 1, 0.80, 20.35); 
update estoque set quant_venda = quant_venda + 1, quant_atual = quant_atual - 1 where id = 184; 
update estoque_total set total = total - 1 where medicamento_id = 184; 
insert into itens_venda values (default, 1257, 181, 181, 1, 0.00, 35.96); 
update estoque set quant_venda = quant_venda + 1, quant_atual = quant_atual - 1 where id = 181; 
update estoque_total set total = total - 1 where medicamento_id = 181; 
insert into itens_venda values (default, 1257, 453, 453, 2, 0.00, 13.00); 
update estoque set quant_venda = quant_venda + 2, quant_atual = quant_atual - 2 where id = 453; 
update estoque_total set total = total - 2 where medicamento_id = 453; 

insert into venda values (1258, '2023-05-21 08:57:48', 190.60, null, 22); 
insert into itens_venda values (default, 1258, 333, 333, 1, 4.80, 116.25); 
update estoque set quant_venda = quant_venda + 1, quant_atual = quant_atual - 1 where id = 333; 
update estoque_total set total = total - 1 where medicamento_id = 333; 
insert into itens_venda values (default, 1258, 429, 429, 2, 0.90, 48.52); 
update estoque set quant_venda = quant_venda + 2, quant_atual = quant_atual - 2 where id = 429; 
update estoque_total set total = total - 2 where medicamento_id = 429; 
insert into itens_venda values (default, 1258, 447, 447, 1, 0.70, 25.83); 
update estoque set quant_venda = quant_venda + 1, quant_atual = quant_atual - 1 where id = 447; 
update estoque_total set total = total - 1 where medicamento_id = 447; 

insert into venda values (1259, '2023-05-21 09:39:55', 256.43, 16, 24); 
insert into itens_venda values (default, 1259, 210, 210, 1, 10.10, 243.98); 
update estoque set quant_venda = quant_venda + 1, quant_atual = quant_atual - 1 where id = 210; 
update estoque_total set total = total - 1 where medicamento_id = 210; 
insert into itens_venda values (default, 1259, 463, 463, 1, 0.90, 12.45); 
update estoque set quant_venda = quant_venda + 1, quant_atual = quant_atual - 1 where id = 463; 
update estoque_total set total = total - 1 where medicamento_id = 463; 

insert into venda values (1260, '2023-05-21 09:47:34', 142.68, null, null); 
insert into itens_venda values (default, 1260, 363, 363, 1, 0.00, 72.04); 
update estoque set quant_venda = quant_venda + 1, quant_atual = quant_atual - 1 where id = 363; 
update estoque_total set total = total - 1 where medicamento_id = 363; 
insert into itens_venda values (default, 1260, 363, 363, 1, 1.40, 70.64); 
update estoque set quant_venda = quant_venda + 1, quant_atual = quant_atual - 1 where id = 363; 
update estoque_total set total = total - 1 where medicamento_id = 363; 

insert into venda values (1261, '2023-05-21 10:55:51', 160.62, 14, null); 
insert into itens_venda values (default, 1261, 364, 364, 1, 0.60, 32.52); 
update estoque set quant_venda = quant_venda + 1, quant_atual = quant_atual - 1 where id = 364; 
update estoque_total set total = total - 1 where medicamento_id = 364; 
insert into itens_venda values (default, 1261, 438, 438, 2, 1.00, 103.58); 
update estoque set quant_venda = quant_venda + 2, quant_atual = quant_atual - 2 where id = 438; 
update estoque_total set total = total - 2 where medicamento_id = 438; 
insert into itens_venda values (default, 1261, 335, 335, 1, 1.00, 24.52); 
update estoque set quant_venda = quant_venda + 1, quant_atual = quant_atual - 1 where id = 335; 
update estoque_total set total = total - 1 where medicamento_id = 335; 

insert into venda values (1262, '2023-05-22 06:39:24', 293.81, 12, 21); 
insert into itens_venda values (default, 1262, 450, 450, 3, 4.60, 61.46); 
update estoque set quant_venda = quant_venda + 3, quant_atual = quant_atual - 3 where id = 450; 
update estoque_total set total = total - 3 where medicamento_id = 450; 
insert into itens_venda values (default, 1262, 333, 333, 1, 8.40, 112.65); 
update estoque set quant_venda = quant_venda + 1, quant_atual = quant_atual - 1 where id = 333; 
update estoque_total set total = total - 1 where medicamento_id = 333; 
insert into itens_venda values (default, 1262, 67, 67, 1, 4.90, 119.70); 
update estoque set quant_venda = quant_venda + 1, quant_atual = quant_atual - 1 where id = 67; 
update estoque_total set total = total - 1 where medicamento_id = 67; 

insert into venda values (1263, '2023-05-23 06:00:06', 15.72, 19, null); 
insert into itens_venda values (default, 1263, 294, 294, 1, 0.90, 15.72); 
update estoque set quant_venda = quant_venda + 1, quant_atual = quant_atual - 1 where id = 294; 
update estoque_total set total = total - 1 where medicamento_id = 294; 

insert into venda values (1264, '2023-05-23 07:22:53', 320.89, null, null); 
insert into itens_venda values (default, 1264, 408, 408, 1, 3.40, 113.13); 
update estoque set quant_venda = quant_venda + 1, quant_atual = quant_atual - 1 where id = 408; 
update estoque_total set total = total - 1 where medicamento_id = 408; 
insert into itens_venda values (default, 1264, 400, 400, 1, 5.40, 130.80); 
update estoque set quant_venda = quant_venda + 1, quant_atual = quant_atual - 1 where id = 400; 
update estoque_total set total = total - 1 where medicamento_id = 400; 
insert into itens_venda values (default, 1264, 243, 243, 2, 0.00, 76.96); 
update estoque set quant_venda = quant_venda + 2, quant_atual = quant_atual - 2 where id = 243; 
update estoque_total set total = total - 2 where medicamento_id = 243; 

insert into venda values (1265, '2023-05-23 07:27:27', 93.71, null, null); 
insert into itens_venda values (default, 1265, 406, 406, 2, 0.00, 14.40); 
update estoque set quant_venda = quant_venda + 2, quant_atual = quant_atual - 2 where id = 406; 
update estoque_total set total = total - 2 where medicamento_id = 406; 
insert into itens_venda values (default, 1265, 440, 440, 1, 0.30, 39.11); 
update estoque set quant_venda = quant_venda + 1, quant_atual = quant_atual - 1 where id = 440; 
update estoque_total set total = total - 1 where medicamento_id = 440; 
insert into itens_venda values (default, 1265, 475, 475, 2, 0.00, 40.20); 
update estoque set quant_venda = quant_venda + 2, quant_atual = quant_atual - 2 where id = 475; 
update estoque_total set total = total - 2 where medicamento_id = 475; 

insert into venda values (1266, '2023-05-23 08:46:56', 95.43, 1, null); 
insert into itens_venda values (default, 1266, 503, 503, 3, 0.60, 10.41); 
update estoque set quant_venda = quant_venda + 3, quant_atual = quant_atual - 3 where id = 503; 
update estoque_total set total = total - 3 where medicamento_id = 503; 
insert into itens_venda values (default, 1266, 342, 342, 2, 0.80, 85.02); 
update estoque set quant_venda = quant_venda + 2, quant_atual = quant_atual - 2 where id = 342; 
update estoque_total set total = total - 2 where medicamento_id = 342; 

insert into venda values (1267, '2023-05-23 08:54:49', 170.00, 14, 23); 
insert into itens_venda values (default, 1267, 317, 317, 2, 10.80, 170.00); 
update estoque set quant_venda = quant_venda + 2, quant_atual = quant_atual - 2 where id = 317; 
update estoque_total set total = total - 2 where medicamento_id = 317; 

insert into venda values (1268, '2023-05-23 09:53:05', 332.18, null, null); 
insert into itens_venda values (default, 1268, 98, 98, 1, 4.60, 229.45); 
update estoque set quant_venda = quant_venda + 1, quant_atual = quant_atual - 1 where id = 98; 
update estoque_total set total = total - 1 where medicamento_id = 98; 
insert into itens_venda values (default, 1268, 464, 464, 1, 0.90, 31.55); 
update estoque set quant_venda = quant_venda + 1, quant_atual = quant_atual - 1 where id = 464; 
update estoque_total set total = total - 1 where medicamento_id = 464; 
insert into itens_venda values (default, 1268, 479, 479, 2, 2.20, 71.18); 
update estoque set quant_venda = quant_venda + 2, quant_atual = quant_atual - 2 where id = 479; 
update estoque_total set total = total - 2 where medicamento_id = 479; 

insert into venda values (1269, '2023-05-23 10:38:06', 147.91, null, null); 
insert into itens_venda values (default, 1269, 251, 251, 1, 0.00, 74.53); 
update estoque set quant_venda = quant_venda + 1, quant_atual = quant_atual - 1 where id = 251; 
update estoque_total set total = total - 1 where medicamento_id = 251; 
insert into itens_venda values (default, 1269, 479, 479, 2, 0.00, 73.38); 
update estoque set quant_venda = quant_venda + 2, quant_atual = quant_atual - 2 where id = 479; 
update estoque_total set total = total - 2 where medicamento_id = 479; 

insert into venda values (1270, '2023-05-23 11:17:09', 195.20, null, null); 
insert into itens_venda values (default, 1270, 350, 350, 1, 0.00, 123.44); 
update estoque set quant_venda = quant_venda + 1, quant_atual = quant_atual - 1 where id = 350; 
update estoque_total set total = total - 1 where medicamento_id = 350; 
insert into itens_venda values (default, 1270, 223, 223, 1, 0.70, 71.76); 
update estoque set quant_venda = quant_venda + 1, quant_atual = quant_atual - 1 where id = 223; 
update estoque_total set total = total - 1 where medicamento_id = 223; 

insert into venda values (1271, '2023-05-23 12:38:49', 96.90, null, 22); 
insert into itens_venda values (default, 1271, 201, 201, 1, 1.00, 34.74); 
update estoque set quant_venda = quant_venda + 1, quant_atual = quant_atual - 1 where id = 201; 
update estoque_total set total = total - 1 where medicamento_id = 201; 
insert into itens_venda values (default, 1271, 375, 375, 2, 0.30, 39.32); 
update estoque set quant_venda = quant_venda + 2, quant_atual = quant_atual - 2 where id = 375; 
update estoque_total set total = total - 2 where medicamento_id = 375; 
insert into itens_venda values (default, 1271, 442, 442, 1, 0.20, 22.84); 
update estoque set quant_venda = quant_venda + 1, quant_atual = quant_atual - 1 where id = 442; 
update estoque_total set total = total - 1 where medicamento_id = 442; 

insert into venda values (1272, '2023-05-24 08:10:06', 215.84, null, null); 
insert into itens_venda values (default, 1272, 196, 196, 1, 5.60, 183.66); 
update estoque set quant_venda = quant_venda + 1, quant_atual = quant_atual - 1 where id = 196; 
update estoque_total set total = total - 1 where medicamento_id = 196; 
insert into itens_venda values (default, 1272, 485, 485, 2, 0.00, 32.18); 
update estoque set quant_venda = quant_venda + 2, quant_atual = quant_atual - 2 where id = 485; 
update estoque_total set total = total - 2 where medicamento_id = 485; 

insert into venda values (1273, '2023-05-24 08:30:52', 387.98, null, 22); 
insert into itens_venda values (default, 1273, 194, 194, 1, 11.90, 387.98); 
update estoque set quant_venda = quant_venda + 1, quant_atual = quant_atual - 1 where id = 194; 
update estoque_total set total = total - 1 where medicamento_id = 194; 

insert into venda values (1274, '2023-05-24 10:53:56', 261.60, null, null); 
insert into itens_venda values (default, 1274, 412, 412, 2, 3.50, 173.44); 
update estoque set quant_venda = quant_venda + 2, quant_atual = quant_atual - 2 where id = 412; 
update estoque_total set total = total - 2 where medicamento_id = 412; 
insert into itens_venda values (default, 1274, 346, 346, 2, 1.70, 88.16); 
update estoque set quant_venda = quant_venda + 2, quant_atual = quant_atual - 2 where id = 346; 
update estoque_total set total = total - 2 where medicamento_id = 346; 

insert into venda values (1275, '2023-05-24 11:00:08', 135.27, null, null); 
insert into itens_venda values (default, 1275, 175, 175, 2, 1.30, 66.46); 
update estoque set quant_venda = quant_venda + 2, quant_atual = quant_atual - 2 where id = 175; 
update estoque_total set total = total - 2 where medicamento_id = 175; 
insert into itens_venda values (default, 1275, 457, 457, 1, 1.30, 32.87); 
update estoque set quant_venda = quant_venda + 1, quant_atual = quant_atual - 1 where id = 457; 
update estoque_total set total = total - 1 where medicamento_id = 457; 
insert into itens_venda values (default, 1275, 397, 397, 2, 0.30, 35.94); 
update estoque set quant_venda = quant_venda + 2, quant_atual = quant_atual - 2 where id = 397; 
update estoque_total set total = total - 2 where medicamento_id = 397; 

insert into venda values (1276, '2023-05-24 11:13:29', 69.87, null, null); 
insert into itens_venda values (default, 1276, 331, 331, 3, 2.10, 69.87); 
update estoque set quant_venda = quant_venda + 3, quant_atual = quant_atual - 3 where id = 331; 
update estoque_total set total = total - 3 where medicamento_id = 331; 

insert into venda values (1277, '2023-05-25 06:24:24', 60.51, null, null); 
insert into itens_venda values (default, 1277, 296, 296, 1, 0.00, 54.46); 
update estoque set quant_venda = quant_venda + 1, quant_atual = quant_atual - 1 where id = 296; 
update estoque_total set total = total - 1 where medicamento_id = 296; 
insert into itens_venda values (default, 1277, 242, 242, 1, 0.10, 6.05); 
update estoque set quant_venda = quant_venda + 1, quant_atual = quant_atual - 1 where id = 242; 
update estoque_total set total = total - 1 where medicamento_id = 242; 

insert into venda values (1278, '2023-05-26 06:05:03', 50.04, null, null); 
insert into itens_venda values (default, 1278, 484, 484, 1, 0.10, 16.42); 
update estoque set quant_venda = quant_venda + 1, quant_atual = quant_atual - 1 where id = 484; 
update estoque_total set total = total - 1 where medicamento_id = 484; 
insert into itens_venda values (default, 1278, 459, 459, 1, 0.30, 33.62); 
update estoque set quant_venda = quant_venda + 1, quant_atual = quant_atual - 1 where id = 459; 
update estoque_total set total = total - 1 where medicamento_id = 459; 

insert into venda values (1279, '2023-05-26 07:28:01', 121.63, 19, 23); 
insert into itens_venda values (default, 1279, 326, 326, 2, 5.40, 86.04); 
update estoque set quant_venda = quant_venda + 2, quant_atual = quant_atual - 2 where id = 326; 
update estoque_total set total = total - 2 where medicamento_id = 326; 
insert into itens_venda values (default, 1279, 358, 358, 1, 1.40, 35.59); 
update estoque set quant_venda = quant_venda + 1, quant_atual = quant_atual - 1 where id = 358; 
update estoque_total set total = total - 1 where medicamento_id = 358; 

insert into venda values (1280, '2023-05-26 08:16:11', 296.39, null, null); 
insert into itens_venda values (default, 1280, 77, 77, 1, 7.10, 230.07); 
update estoque set quant_venda = quant_venda + 1, quant_atual = quant_atual - 1 where id = 77; 
update estoque_total set total = total - 1 where medicamento_id = 77; 
insert into itens_venda values (default, 1280, 273, 273, 2, 0.00, 66.32); 
update estoque set quant_venda = quant_venda + 2, quant_atual = quant_atual - 2 where id = 273; 
update estoque_total set total = total - 2 where medicamento_id = 273; 

insert into venda values (1281, '2023-05-26 08:46:04', 370.84, 4, 25); 
insert into itens_venda values (default, 1281, 106, 106, 1, 23.60, 370.84); 
update estoque set quant_venda = quant_venda + 1, quant_atual = quant_atual - 1 where id = 106; 
update estoque_total set total = total - 1 where medicamento_id = 106; 

insert into venda values (1282, '2023-05-26 09:30:32', 47.00, 12, null); 
insert into itens_venda values (default, 1282, 409, 409, 2, 1.90, 47.00); 
update estoque set quant_venda = quant_venda + 2, quant_atual = quant_atual - 2 where id = 409; 
update estoque_total set total = total - 2 where medicamento_id = 409; 

insert into venda values (1283, '2023-05-26 09:52:18', 120.53, null, null); 
insert into itens_venda values (default, 1283, 450, 450, 2, 0.00, 44.04); 
update estoque set quant_venda = quant_venda + 2, quant_atual = quant_atual - 2 where id = 450; 
update estoque_total set total = total - 2 where medicamento_id = 450; 
insert into itens_venda values (default, 1283, 447, 447, 3, 3.10, 76.49); 
update estoque set quant_venda = quant_venda + 3, quant_atual = quant_atual - 3 where id = 447; 
update estoque_total set total = total - 3 where medicamento_id = 447; 

insert into venda values (1284, '2023-05-26 10:35:53', 251.63, null, 25); 
insert into itens_venda values (default, 1284, 91, 91, 1, 2.50, 251.63); 
update estoque set quant_venda = quant_venda + 1, quant_atual = quant_atual - 1 where id = 91; 
update estoque_total set total = total - 1 where medicamento_id = 91; 

insert into venda values (1285, '2023-05-26 11:36:14', 192.84, null, null); 
insert into itens_venda values (default, 1285, 478, 478, 2, 2.30, 112.74); 
update estoque set quant_venda = quant_venda + 2, quant_atual = quant_atual - 2 where id = 478; 
update estoque_total set total = total - 2 where medicamento_id = 478; 
insert into itens_venda values (default, 1285, 241, 241, 1, 0.70, 38.67); 
update estoque set quant_venda = quant_venda + 1, quant_atual = quant_atual - 1 where id = 241; 
update estoque_total set total = total - 1 where medicamento_id = 241; 
insert into itens_venda values (default, 1285, 238, 238, 3, 1.20, 41.43); 
update estoque set quant_venda = quant_venda + 3, quant_atual = quant_atual - 3 where id = 238; 
update estoque_total set total = total - 3 where medicamento_id = 238; 

insert into venda values (1286, '2023-05-26 12:53:22', 163.28, 4, null); 
insert into itens_venda values (default, 1286, 278, 278, 2, 3.50, 66.58); 
update estoque set quant_venda = quant_venda + 2, quant_atual = quant_atual - 2 where id = 278; 
update estoque_total set total = total - 2 where medicamento_id = 278; 
insert into itens_venda values (default, 1286, 249, 249, 2, 5.00, 96.70); 
update estoque set quant_venda = quant_venda + 2, quant_atual = quant_atual - 2 where id = 249; 
update estoque_total set total = total - 2 where medicamento_id = 249; 

insert into venda values (1287, '2023-05-26 13:33:11', 94.68, 6, null); 
insert into itens_venda values (default, 1287, 295, 295, 1, 2.90, 94.68); 
update estoque set quant_venda = quant_venda + 1, quant_atual = quant_atual - 1 where id = 295; 
update estoque_total set total = total - 1 where medicamento_id = 295; 

insert into venda values (1288, '2023-05-27 07:29:05', 131.52, null, null); 
insert into itens_venda values (default, 1288, 497, 497, 2, 0.70, 74.50); 
update estoque set quant_venda = quant_venda + 2, quant_atual = quant_atual - 2 where id = 497; 
update estoque_total set total = total - 2 where medicamento_id = 497; 
insert into itens_venda values (default, 1288, 478, 478, 1, 0.50, 57.02); 
update estoque set quant_venda = quant_venda + 1, quant_atual = quant_atual - 1 where id = 478; 
update estoque_total set total = total - 1 where medicamento_id = 478; 

insert into venda values (1289, '2023-05-27 09:58:06', 70.00, null, null); 
insert into itens_venda values (default, 1289, 401, 401, 1, 0.60, 33.04); 
update estoque set quant_venda = quant_venda + 1, quant_atual = quant_atual - 1 where id = 401; 
update estoque_total set total = total - 1 where medicamento_id = 401; 
insert into itens_venda values (default, 1289, 269, 269, 1, 1.50, 36.96); 
update estoque set quant_venda = quant_venda + 1, quant_atual = quant_atual - 1 where id = 269; 
update estoque_total set total = total - 1 where medicamento_id = 269; 

insert into venda values (1290, '2023-05-27 12:07:34', 293.21, null, 21); 
insert into itens_venda values (default, 1290, 452, 452, 1, 2.30, 57.37); 
update estoque set quant_venda = quant_venda + 1, quant_atual = quant_atual - 1 where id = 452; 
update estoque_total set total = total - 1 where medicamento_id = 452; 
insert into itens_venda values (default, 1290, 265, 265, 2, 1.30, 137.50); 
update estoque set quant_venda = quant_venda + 2, quant_atual = quant_atual - 2 where id = 265; 
update estoque_total set total = total - 2 where medicamento_id = 265; 
insert into itens_venda values (default, 1290, 455, 455, 2, 2.00, 98.34); 
update estoque set quant_venda = quant_venda + 2, quant_atual = quant_atual - 2 where id = 455; 
update estoque_total set total = total - 2 where medicamento_id = 455; 

insert into venda values (1291, '2023-05-27 12:38:38', 100.34, null, null); 
insert into itens_venda values (default, 1291, 123, 123, 2, 3.10, 100.34); 
update estoque set quant_venda = quant_venda + 2, quant_atual = quant_atual - 2 where id = 123; 
update estoque_total set total = total - 2 where medicamento_id = 123; 

insert into venda values (1292, '2023-05-27 13:06:02', 122.33, null, null); 
insert into itens_venda values (default, 1292, 200, 200, 1, 0.00, 122.33); 
update estoque set quant_venda = quant_venda + 1, quant_atual = quant_atual - 1 where id = 200; 
update estoque_total set total = total - 1 where medicamento_id = 200; 

insert into venda values (1293, '2023-05-28 06:46:36', 66.17, null, null); 
insert into itens_venda values (default, 1293, 420, 420, 1, 0.60, 66.17); 
update estoque set quant_venda = quant_venda + 1, quant_atual = quant_atual - 1 where id = 420; 
update estoque_total set total = total - 1 where medicamento_id = 420; 

insert into venda values (1294, '2023-05-28 06:54:59', 46.94, null, null); 
insert into itens_venda values (default, 1294, 476, 476, 2, 1.40, 46.94); 
update estoque set quant_venda = quant_venda + 2, quant_atual = quant_atual - 2 where id = 476; 
update estoque_total set total = total - 2 where medicamento_id = 476; 

insert into venda values (1295, '2023-05-28 07:29:27', 140.88, null, 21); 
insert into itens_venda values (default, 1295, 366, 366, 2, 1.90, 97.16); 
update estoque set quant_venda = quant_venda + 2, quant_atual = quant_atual - 2 where id = 366; 
update estoque_total set total = total - 2 where medicamento_id = 366; 
insert into itens_venda values (default, 1295, 416, 416, 2, 1.80, 43.72); 
update estoque set quant_venda = quant_venda + 2, quant_atual = quant_atual - 2 where id = 416; 
update estoque_total set total = total - 2 where medicamento_id = 416; 

insert into venda values (1296, '2023-05-28 08:50:50', 129.89, null, 23); 
insert into itens_venda values (default, 1296, 402, 402, 2, 1.00, 32.74); 
update estoque set quant_venda = quant_venda + 2, quant_atual = quant_atual - 2 where id = 402; 
update estoque_total set total = total - 2 where medicamento_id = 402; 
insert into itens_venda values (default, 1296, 429, 429, 2, 0.90, 48.52); 
update estoque set quant_venda = quant_venda + 2, quant_atual = quant_atual - 2 where id = 429; 
update estoque_total set total = total - 2 where medicamento_id = 429; 
insert into itens_venda values (default, 1296, 366, 366, 1, 0.90, 48.63); 
update estoque set quant_venda = quant_venda + 1, quant_atual = quant_atual - 1 where id = 366; 
update estoque_total set total = total - 1 where medicamento_id = 366; 

insert into venda values (1297, '2023-05-28 08:58:20', 84.64, null, 22); 
insert into itens_venda values (default, 1297, 438, 438, 1, 0.50, 51.79); 
update estoque set quant_venda = quant_venda + 1, quant_atual = quant_atual - 1 where id = 438; 
update estoque_total set total = total - 1 where medicamento_id = 438; 
insert into itens_venda values (default, 1297, 217, 217, 3, 0.30, 32.85); 
update estoque set quant_venda = quant_venda + 3, quant_atual = quant_atual - 3 where id = 217; 
update estoque_total set total = total - 3 where medicamento_id = 217; 

insert into venda values (1298, '2023-05-28 09:05:18', 88.20, null, null); 
insert into itens_venda values (default, 1298, 391, 391, 1, 0.80, 88.20); 
update estoque set quant_venda = quant_venda + 1, quant_atual = quant_atual - 1 where id = 391; 
update estoque_total set total = total - 1 where medicamento_id = 391; 

insert into venda values (1299, '2023-05-28 09:37:07', 72.26, 9, null); 
insert into itens_venda values (default, 1299, 464, 464, 2, 5.80, 59.10); 
update estoque set quant_venda = quant_venda + 2, quant_atual = quant_atual - 2 where id = 464; 
update estoque_total set total = total - 2 where medicamento_id = 464; 
insert into itens_venda values (default, 1299, 392, 392, 1, 0.80, 13.16); 
update estoque set quant_venda = quant_venda + 1, quant_atual = quant_atual - 1 where id = 392; 
update estoque_total set total = total - 1 where medicamento_id = 392; 

insert into venda values (1300, '2023-05-28 10:54:27', 145.36, 12, null); 
insert into itens_venda values (default, 1300, 474, 474, 3, 3.10, 41.48); 
update estoque set quant_venda = quant_venda + 3, quant_atual = quant_atual - 3 where id = 474; 
update estoque_total set total = total - 3 where medicamento_id = 474; 
insert into itens_venda values (default, 1300, 298, 298, 1, 2.10, 103.88); 
update estoque set quant_venda = quant_venda + 1, quant_atual = quant_atual - 1 where id = 298; 
update estoque_total set total = total - 1 where medicamento_id = 298; 

insert into venda values (1301, '2023-05-28 12:07:05', 202.87, null, 21); 
insert into itens_venda values (default, 1301, 473, 473, 2, 0.90, 97.42); 
update estoque set quant_venda = quant_venda + 2, quant_atual = quant_atual - 2 where id = 473; 
update estoque_total set total = total - 2 where medicamento_id = 473; 
insert into itens_venda values (default, 1301, 130, 130, 1, 3.00, 97.99); 
update estoque set quant_venda = quant_venda + 1, quant_atual = quant_atual - 1 where id = 130; 
update estoque_total set total = total - 1 where medicamento_id = 130; 
insert into itens_venda values (default, 1301, 493, 493, 1, 0.10, 7.46); 
update estoque set quant_venda = quant_venda + 1, quant_atual = quant_atual - 1 where id = 493; 
update estoque_total set total = total - 1 where medicamento_id = 493; 

insert into venda values (1302, '2023-05-29 06:35:55', 10.80, 6, null); 
insert into itens_venda values (default, 1302, 424, 424, 1, 0.20, 10.80); 
update estoque set quant_venda = quant_venda + 1, quant_atual = quant_atual - 1 where id = 424; 
update estoque_total set total = total - 1 where medicamento_id = 424; 

insert into venda values (1303, '2023-05-29 06:36:22', 154.93, null, 23); 
insert into itens_venda values (default, 1303, 338, 338, 1, 3.80, 92.89); 
update estoque set quant_venda = quant_venda + 1, quant_atual = quant_atual - 1 where id = 338; 
update estoque_total set total = total - 1 where medicamento_id = 338; 
insert into itens_venda values (default, 1303, 290, 290, 2, 0.00, 62.04); 
update estoque set quant_venda = quant_venda + 2, quant_atual = quant_atual - 2 where id = 290; 
update estoque_total set total = total - 2 where medicamento_id = 290; 

insert into venda values (1304, '2023-05-29 07:08:43', 78.40, null, null); 
insert into itens_venda values (default, 1304, 344, 344, 2, 1.40, 69.10); 
update estoque set quant_venda = quant_venda + 2, quant_atual = quant_atual - 2 where id = 344; 
update estoque_total set total = total - 2 where medicamento_id = 344; 
insert into itens_venda values (default, 1304, 432, 432, 2, 0.10, 9.30); 
update estoque set quant_venda = quant_venda + 2, quant_atual = quant_atual - 2 where id = 432; 
update estoque_total set total = total - 2 where medicamento_id = 432; 

insert into venda values (1305, '2023-05-29 08:01:06', 183.70, null, null); 
insert into itens_venda values (default, 1305, 410, 410, 1, 0.00, 106.78); 
update estoque set quant_venda = quant_venda + 1, quant_atual = quant_atual - 1 where id = 410; 
update estoque_total set total = total - 1 where medicamento_id = 410; 
insert into itens_venda values (default, 1305, 456, 456, 2, 0.00, 76.92); 
update estoque set quant_venda = quant_venda + 2, quant_atual = quant_atual - 2 where id = 456; 
update estoque_total set total = total - 2 where medicamento_id = 456; 

insert into venda values (1306, '2023-05-29 08:13:07', 100.30, 12, 23); 
insert into itens_venda values (default, 1306, 118, 118, 2, 7.30, 73.84); 
update estoque set quant_venda = quant_venda + 2, quant_atual = quant_atual - 2 where id = 118; 
update estoque_total set total = total - 2 where medicamento_id = 118; 
insert into itens_venda values (default, 1306, 252, 252, 1, 1.60, 26.46); 
update estoque set quant_venda = quant_venda + 1, quant_atual = quant_atual - 1 where id = 252; 
update estoque_total set total = total - 1 where medicamento_id = 252; 

insert into venda values (1307, '2023-05-29 08:42:56', 208.46, 8, null); 
insert into itens_venda values (default, 1307, 454, 454, 1, 1.70, 87.28); 
update estoque set quant_venda = quant_venda + 1, quant_atual = quant_atual - 1 where id = 454; 
update estoque_total set total = total - 1 where medicamento_id = 454; 
insert into itens_venda values (default, 1307, 466, 466, 1, 3.70, 121.18); 
update estoque set quant_venda = quant_venda + 1, quant_atual = quant_atual - 1 where id = 466; 
update estoque_total set total = total - 1 where medicamento_id = 466; 

insert into venda values (1308, '2023-05-29 09:36:03', 294.51, 15, 21); 
insert into itens_venda values (default, 1308, 274, 274, 2, 6.40, 65.80); 
update estoque set quant_venda = quant_venda + 2, quant_atual = quant_atual - 2 where id = 274; 
update estoque_total set total = total - 2 where medicamento_id = 274; 
insert into itens_venda values (default, 1308, 89, 89, 1, 12.00, 228.71); 
update estoque set quant_venda = quant_venda + 1, quant_atual = quant_atual - 1 where id = 89; 
update estoque_total set total = total - 1 where medicamento_id = 89; 

insert into venda values (1309, '2023-05-29 09:40:47', 6.05, null, null); 
insert into itens_venda values (default, 1309, 242, 242, 1, 0.10, 6.05); 
update estoque set quant_venda = quant_venda + 1, quant_atual = quant_atual - 1 where id = 242; 
update estoque_total set total = total - 1 where medicamento_id = 242; 

insert into venda values (1310, '2023-05-29 10:48:55', 178.86, 13, null); 
insert into itens_venda values (default, 1310, 335, 335, 2, 2.00, 49.04); 
update estoque set quant_venda = quant_venda + 2, quant_atual = quant_atual - 2 where id = 335; 
update estoque_total set total = total - 2 where medicamento_id = 335; 
insert into itens_venda values (default, 1310, 287, 287, 1, 0.60, 62.36); 
update estoque set quant_venda = quant_venda + 1, quant_atual = quant_atual - 1 where id = 287; 
update estoque_total set total = total - 1 where medicamento_id = 287; 
insert into itens_venda values (default, 1310, 373, 373, 2, 2.00, 67.46); 
update estoque set quant_venda = quant_venda + 2, quant_atual = quant_atual - 2 where id = 373; 
update estoque_total set total = total - 2 where medicamento_id = 373; 

insert into venda values (1311, '2023-05-29 11:33:11', 267.46, 1, null); 
insert into itens_venda values (default, 1311, 153, 153, 2, 13.00, 150.62); 
update estoque set quant_venda = quant_venda + 2, quant_atual = quant_atual - 2 where id = 153; 
update estoque_total set total = total - 2 where medicamento_id = 153; 
insert into itens_venda values (default, 1311, 374, 374, 2, 4.70, 63.52); 
update estoque set quant_venda = quant_venda + 2, quant_atual = quant_atual - 2 where id = 374; 
update estoque_total set total = total - 2 where medicamento_id = 374; 
insert into itens_venda values (default, 1311, 252, 252, 2, 2.80, 53.32); 
update estoque set quant_venda = quant_venda + 2, quant_atual = quant_atual - 2 where id = 252; 
update estoque_total set total = total - 2 where medicamento_id = 252; 

insert into venda values (1312, '2023-05-29 12:49:22', 352.88, null, null); 
insert into itens_venda values (default, 1312, 436, 436, 2, 3.90, 127.58); 
update estoque set quant_venda = quant_venda + 2, quant_atual = quant_atual - 2 where id = 436; 
update estoque_total set total = total - 2 where medicamento_id = 436; 
insert into itens_venda values (default, 1312, 360, 360, 1, 5.90, 142.16); 
update estoque set quant_venda = quant_venda + 1, quant_atual = quant_atual - 1 where id = 360; 
update estoque_total set total = total - 1 where medicamento_id = 360; 
insert into itens_venda values (default, 1312, 306, 306, 1, 0.00, 83.14); 
update estoque set quant_venda = quant_venda + 1, quant_atual = quant_atual - 1 where id = 306; 
update estoque_total set total = total - 1 where medicamento_id = 306; 

insert into venda values (1313, '2023-05-29 13:22:33', 282.50, null, null); 
insert into itens_venda values (default, 1313, 489, 489, 1, 0.80, 43.19); 
update estoque set quant_venda = quant_venda + 1, quant_atual = quant_atual - 1 where id = 489; 
update estoque_total set total = total - 1 where medicamento_id = 489; 
insert into itens_venda values (default, 1313, 309, 309, 2, 0.20, 27.80); 
update estoque set quant_venda = quant_venda + 2, quant_atual = quant_atual - 2 where id = 309; 
update estoque_total set total = total - 2 where medicamento_id = 309; 
insert into itens_venda values (default, 1313, 263, 263, 1, 0.00, 211.51); 
update estoque set quant_venda = quant_venda + 1, quant_atual = quant_atual - 1 where id = 263; 
update estoque_total set total = total - 1 where medicamento_id = 263; 

insert into venda values (1314, '2023-05-30 06:35:46', 525.66, 19, null); 
insert into itens_venda values (default, 1314, 56, 56, 1, 4.20, 423.60); 
update estoque set quant_venda = quant_venda + 1, quant_atual = quant_atual - 1 where id = 56; 
update estoque_total set total = total - 1 where medicamento_id = 56; 
insert into itens_venda values (default, 1314, 391, 391, 1, 1.70, 87.30); 
update estoque set quant_venda = quant_venda + 1, quant_atual = quant_atual - 1 where id = 391; 
update estoque_total set total = total - 1 where medicamento_id = 391; 
insert into itens_venda values (default, 1314, 474, 474, 1, 0.10, 14.76); 
update estoque set quant_venda = quant_venda + 1, quant_atual = quant_atual - 1 where id = 474; 
update estoque_total set total = total - 1 where medicamento_id = 474; 

insert into venda values (1315, '2023-05-30 07:46:13', 61.28, 19, null); 
insert into itens_venda values (default, 1315, 401, 401, 2, 6.00, 61.28); 
update estoque set quant_venda = quant_venda + 2, quant_atual = quant_atual - 2 where id = 401; 
update estoque_total set total = total - 2 where medicamento_id = 401; 

insert into venda values (1316, '2023-05-30 07:58:49', 239.18, null, null); 
insert into itens_venda values (default, 1316, 480, 480, 1, 0.30, 31.24); 
update estoque set quant_venda = quant_venda + 1, quant_atual = quant_atual - 1 where id = 480; 
update estoque_total set total = total - 1 where medicamento_id = 480; 
insert into itens_venda values (default, 1316, 480, 480, 2, 1.80, 61.28); 
update estoque set quant_venda = quant_venda + 2, quant_atual = quant_atual - 2 where id = 480; 
update estoque_total set total = total - 2 where medicamento_id = 480; 
insert into itens_venda values (default, 1316, 360, 360, 1, 1.40, 146.66); 
update estoque set quant_venda = quant_venda + 1, quant_atual = quant_atual - 1 where id = 360; 
update estoque_total set total = total - 1 where medicamento_id = 360; 

insert into venda values (1317, '2023-05-30 08:40:34', 353.32, 6, null); 
insert into itens_venda values (default, 1317, 489, 489, 1, 2.10, 41.89); 
update estoque set quant_venda = quant_venda + 1, quant_atual = quant_atual - 1 where id = 489; 
update estoque_total set total = total - 1 where medicamento_id = 489; 
insert into itens_venda values (default, 1317, 100, 100, 1, 19.80, 311.43); 
update estoque set quant_venda = quant_venda + 1, quant_atual = quant_atual - 1 where id = 100; 
update estoque_total set total = total - 1 where medicamento_id = 100; 

insert into venda values (1318, '2023-05-30 09:20:15', 168.29, 12, null); 
insert into itens_venda values (default, 1318, 388, 388, 1, 0.30, 39.31); 
update estoque set quant_venda = quant_venda + 1, quant_atual = quant_atual - 1 where id = 388; 
update estoque_total set total = total - 1 where medicamento_id = 388; 
insert into itens_venda values (default, 1318, 123, 123, 1, 3.60, 48.12); 
update estoque set quant_venda = quant_venda + 1, quant_atual = quant_atual - 1 where id = 123; 
update estoque_total set total = total - 1 where medicamento_id = 123; 
insert into itens_venda values (default, 1318, 353, 353, 2, 2.50, 80.86); 
update estoque set quant_venda = quant_venda + 2, quant_atual = quant_atual - 2 where id = 353; 
update estoque_total set total = total - 2 where medicamento_id = 353; 

insert into venda values (1319, '2023-05-30 09:58:15', 119.37, 8, null); 
insert into itens_venda values (default, 1319, 376, 376, 2, 0.50, 29.30); 
update estoque set quant_venda = quant_venda + 2, quant_atual = quant_atual - 2 where id = 376; 
update estoque_total set total = total - 2 where medicamento_id = 376; 
insert into itens_venda values (default, 1319, 433, 433, 3, 4.80, 76.65); 
update estoque set quant_venda = quant_venda + 3, quant_atual = quant_atual - 3 where id = 433; 
update estoque_total set total = total - 3 where medicamento_id = 433; 
insert into itens_venda values (default, 1319, 341, 341, 1, 1.10, 13.42); 
update estoque set quant_venda = quant_venda + 1, quant_atual = quant_atual - 1 where id = 341; 
update estoque_total set total = total - 1 where medicamento_id = 341; 

insert into venda values (1320, '2023-05-30 10:24:05', 13.50, null, null); 
insert into itens_venda values (default, 1320, 504, 504, 2, 0.00, 13.50); 
update estoque set quant_venda = quant_venda + 2, quant_atual = quant_atual - 2 where id = 504; 
update estoque_total set total = total - 2 where medicamento_id = 504; 

insert into venda values (1321, '2023-05-30 10:49:05', 187.85, null, null); 
insert into itens_venda values (default, 1321, 390, 390, 1, 1.50, 36.81); 
update estoque set quant_venda = quant_venda + 1, quant_atual = quant_atual - 1 where id = 390; 
update estoque_total set total = total - 1 where medicamento_id = 390; 
insert into itens_venda values (default, 1321, 253, 253, 2, 3.00, 151.04); 
update estoque set quant_venda = quant_venda + 2, quant_atual = quant_atual - 2 where id = 253; 
update estoque_total set total = total - 2 where medicamento_id = 253; 

insert into venda values (1322, '2023-05-30 11:47:14', 177.71, 16, null); 
insert into itens_venda values (default, 1322, 502, 502, 3, 1.30, 64.13); 
update estoque set quant_venda = quant_venda + 3, quant_atual = quant_atual - 3 where id = 502; 
update estoque_total set total = total - 3 where medicamento_id = 502; 
insert into itens_venda values (default, 1322, 381, 381, 2, 7.20, 113.58); 
update estoque set quant_venda = quant_venda + 2, quant_atual = quant_atual - 2 where id = 381; 
update estoque_total set total = total - 2 where medicamento_id = 381; 

insert into venda values (1323, '2023-05-30 12:25:51', 356.89, 15, 22); 
insert into itens_venda values (default, 1323, 436, 436, 2, 10.50, 120.98); 
update estoque set quant_venda = quant_venda + 2, quant_atual = quant_atual - 2 where id = 436; 
update estoque_total set total = total - 2 where medicamento_id = 436; 
insert into itens_venda values (default, 1323, 89, 89, 1, 4.80, 235.91); 
update estoque set quant_venda = quant_venda + 1, quant_atual = quant_atual - 1 where id = 89; 
update estoque_total set total = total - 1 where medicamento_id = 89; 

insert into venda values (1324, '2023-05-31 08:17:01', 161.75, 13, null); 
insert into itens_venda values (default, 1324, 327, 327, 1, 0.60, 31.02); 
update estoque set quant_venda = quant_venda + 1, quant_atual = quant_atual - 1 where id = 327; 
update estoque_total set total = total - 1 where medicamento_id = 327; 
insert into itens_venda values (default, 1324, 371, 371, 1, 6.80, 130.73); 
update estoque set quant_venda = quant_venda + 1, quant_atual = quant_atual - 1 where id = 371; 
update estoque_total set total = total - 1 where medicamento_id = 371; 

insert into venda values (1325, '2023-05-31 11:03:27', 85.64, null, 21); 
insert into itens_venda values (default, 1325, 339, 339, 1, 0.00, 32.18); 
update estoque set quant_venda = quant_venda + 1, quant_atual = quant_atual - 1 where id = 339; 
update estoque_total set total = total - 1 where medicamento_id = 339; 
insert into itens_venda values (default, 1325, 296, 296, 1, 1.00, 53.46); 
update estoque set quant_venda = quant_venda + 1, quant_atual = quant_atual - 1 where id = 296; 
update estoque_total set total = total - 1 where medicamento_id = 296; 

insert into venda values (1326, '2023-05-31 13:22:50', 54.89, null, null); 
insert into itens_venda values (default, 1326, 281, 281, 1, 2.20, 54.89); 
update estoque set quant_venda = quant_venda + 1, quant_atual = quant_atual - 1 where id = 281; 
update estoque_total set total = total - 1 where medicamento_id = 281; 

insert into venda values (1327, '2023-05-31 14:00:20', 81.14, 5, 25); 
insert into itens_venda values (default, 1327, 118, 118, 2, 0.00, 81.14); 
update estoque set quant_venda = quant_venda + 2, quant_atual = quant_atual - 2 where id = 118; 
update estoque_total set total = total - 2 where medicamento_id = 118; 

insert into venda values (1328, '2023-05-31 15:30:59', 149.15, 15, null); 
insert into itens_venda values (default, 1328, 445, 445, 3, 0.00, 54.63); 
update estoque set quant_venda = quant_venda + 3, quant_atual = quant_atual - 3 where id = 445; 
update estoque_total set total = total - 3 where medicamento_id = 445; 
insert into itens_venda values (default, 1328, 424, 424, 3, 1.30, 31.70); 
update estoque set quant_venda = quant_venda + 3, quant_atual = quant_atual - 3 where id = 424; 
update estoque_total set total = total - 3 where medicamento_id = 424; 
insert into itens_venda values (default, 1328, 374, 374, 2, 5.40, 62.82); 
update estoque set quant_venda = quant_venda + 2, quant_atual = quant_atual - 2 where id = 374; 
update estoque_total set total = total - 2 where medicamento_id = 374; 

insert into venda values (1329, '2023-06-01 06:49:28', 60.39, null, null); 
insert into itens_venda values (default, 1329, 381, 381, 1, 0.00, 60.39); 
update estoque set quant_venda = quant_venda + 1, quant_atual = quant_atual - 1 where id = 381; 
update estoque_total set total = total - 1 where medicamento_id = 381; 

insert into venda values (1330, '2023-06-01 07:30:48', 157.44, null, null); 
insert into itens_venda values (default, 1330, 465, 465, 1, 4.80, 117.42); 
update estoque set quant_venda = quant_venda + 1, quant_atual = quant_atual - 1 where id = 465; 
update estoque_total set total = total - 1 where medicamento_id = 465; 
insert into itens_venda values (default, 1330, 481, 481, 3, 0.00, 40.02); 
update estoque set quant_venda = quant_venda + 3, quant_atual = quant_atual - 3 where id = 481; 
update estoque_total set total = total - 3 where medicamento_id = 481; 

insert into venda values (1331, '2023-06-01 07:54:08', 89.52, 2, null); 
insert into itens_venda values (default, 1331, 473, 473, 2, 8.80, 89.52); 
update estoque set quant_venda = quant_venda + 2, quant_atual = quant_atual - 2 where id = 473; 
update estoque_total set total = total - 2 where medicamento_id = 473; 

insert into venda values (1332, '2023-06-01 08:50:33', 26.65, 12, null); 
insert into itens_venda values (default, 1332, 433, 433, 1, 0.50, 26.65); 
update estoque set quant_venda = quant_venda + 1, quant_atual = quant_atual - 1 where id = 433; 
update estoque_total set total = total - 1 where medicamento_id = 433; 

insert into venda values (1333, '2023-06-01 09:57:04', 331.46, 1, 24); 
insert into itens_venda values (default, 1333, 451, 451, 1, 1.30, 17.95); 
update estoque set quant_venda = quant_venda + 1, quant_atual = quant_atual - 1 where id = 451; 
update estoque_total set total = total - 1 where medicamento_id = 451; 
insert into itens_venda values (default, 1333, 174, 174, 1, 2.40, 118.47); 
update estoque set quant_venda = quant_venda + 1, quant_atual = quant_atual - 1 where id = 174; 
update estoque_total set total = total - 1 where medicamento_id = 174; 
insert into itens_venda values (default, 1333, 367, 367, 2, 0.00, 195.04); 
update estoque set quant_venda = quant_venda + 2, quant_atual = quant_atual - 2 where id = 367; 
update estoque_total set total = total - 2 where medicamento_id = 367; 

insert into venda values (1334, '2023-06-01 10:46:51', 400.34, 18, 25); 
insert into itens_venda values (default, 1334, 106, 106, 1, 23.60, 370.84); 
update estoque set quant_venda = quant_venda + 1, quant_atual = quant_atual - 1 where id = 106; 
update estoque_total set total = total - 1 where medicamento_id = 106; 
insert into itens_venda values (default, 1334, 389, 389, 1, 2.90, 29.50); 
update estoque set quant_venda = quant_venda + 1, quant_atual = quant_atual - 1 where id = 389; 
update estoque_total set total = total - 1 where medicamento_id = 389; 

insert into venda values (1335, '2023-06-01 11:57:29', 257.90, 1, null); 
insert into itens_venda values (default, 1335, 476, 476, 2, 1.90, 46.44); 
update estoque set quant_venda = quant_venda + 2, quant_atual = quant_atual - 2 where id = 476; 
update estoque_total set total = total - 2 where medicamento_id = 476; 
insert into itens_venda values (default, 1335, 361, 361, 1, 7.50, 182.28); 
update estoque set quant_venda = quant_venda + 1, quant_atual = quant_atual - 1 where id = 361; 
update estoque_total set total = total - 1 where medicamento_id = 361; 
insert into itens_venda values (default, 1335, 423, 423, 2, 2.80, 29.18); 
update estoque set quant_venda = quant_venda + 2, quant_atual = quant_atual - 2 where id = 423; 
update estoque_total set total = total - 2 where medicamento_id = 423; 

insert into venda values (1336, '2023-06-01 13:09:35', 38.11, 18, null); 
insert into itens_venda values (default, 1336, 388, 388, 1, 1.50, 38.11); 
update estoque set quant_venda = quant_venda + 1, quant_atual = quant_atual - 1 where id = 388; 
update estoque_total set total = total - 1 where medicamento_id = 388; 

insert into venda values (1337, '2023-06-01 14:25:08', 293.76, 5, null); 
insert into itens_venda values (default, 1337, 400, 400, 1, 10.80, 125.40); 
update estoque set quant_venda = quant_venda + 1, quant_atual = quant_atual - 1 where id = 400; 
update estoque_total set total = total - 1 where medicamento_id = 400; 
insert into itens_venda values (default, 1337, 129, 129, 1, 4.00, 53.30); 
update estoque set quant_venda = quant_venda + 1, quant_atual = quant_atual - 1 where id = 129; 
update estoque_total set total = total - 1 where medicamento_id = 129; 
insert into itens_venda values (default, 1337, 334, 334, 2, 10.00, 115.06); 
update estoque set quant_venda = quant_venda + 2, quant_atual = quant_atual - 2 where id = 334; 
update estoque_total set total = total - 2 where medicamento_id = 334; 

insert into venda values (1338, '2023-06-01 15:24:38', 97.04, null, 23); 
insert into itens_venda values (default, 1338, 136, 136, 1, 0.00, 46.08); 
update estoque set quant_venda = quant_venda + 1, quant_atual = quant_atual - 1 where id = 136; 
update estoque_total set total = total - 1 where medicamento_id = 136; 
insert into itens_venda values (default, 1338, 233, 233, 2, 1.00, 50.96); 
update estoque set quant_venda = quant_venda + 2, quant_atual = quant_atual - 2 where id = 233; 
update estoque_total set total = total - 2 where medicamento_id = 233; 

insert into venda values (1339, '2023-06-01 16:07:23', 273.54, null, null); 
insert into itens_venda values (default, 1339, 466, 466, 1, 0.00, 124.88); 
update estoque set quant_venda = quant_venda + 1, quant_atual = quant_atual - 1 where id = 466; 
update estoque_total set total = total - 1 where medicamento_id = 466; 
insert into itens_venda values (default, 1339, 297, 297, 2, 0.00, 117.02); 
update estoque set quant_venda = quant_venda + 2, quant_atual = quant_atual - 2 where id = 297; 
update estoque_total set total = total - 2 where medicamento_id = 297; 
insert into itens_venda values (default, 1339, 494, 494, 2, 1.30, 31.64); 
update estoque set quant_venda = quant_venda + 2, quant_atual = quant_atual - 2 where id = 494; 
update estoque_total set total = total - 2 where medicamento_id = 494; 

insert into venda values (1340, '2023-06-01 16:57:45', 63.60, 16, null); 
insert into itens_venda values (default, 1340, 373, 373, 1, 1.30, 33.43); 
update estoque set quant_venda = quant_venda + 1, quant_atual = quant_atual - 1 where id = 373; 
update estoque_total set total = total - 1 where medicamento_id = 373; 
insert into itens_venda values (default, 1340, 397, 397, 1, 0.50, 17.62); 
update estoque set quant_venda = quant_venda + 1, quant_atual = quant_atual - 1 where id = 397; 
update estoque_total set total = total - 1 where medicamento_id = 397; 
insert into itens_venda values (default, 1340, 463, 463, 1, 0.80, 12.55); 
update estoque set quant_venda = quant_venda + 1, quant_atual = quant_atual - 1 where id = 463; 
update estoque_total set total = total - 1 where medicamento_id = 463; 

insert into venda values (1341, '2023-06-01 17:06:28', 74.89, 17, null); 
insert into itens_venda values (default, 1341, 447, 447, 3, 4.70, 74.89); 
update estoque set quant_venda = quant_venda + 3, quant_atual = quant_atual - 3 where id = 447; 
update estoque_total set total = total - 3 where medicamento_id = 447; 

insert into venda values (1342, '2023-06-02 06:34:12', 29.76, 4, null); 
insert into itens_venda values (default, 1342, 368, 368, 2, 1.80, 29.76); 
update estoque set quant_venda = quant_venda + 2, quant_atual = quant_atual - 2 where id = 368; 
update estoque_total set total = total - 2 where medicamento_id = 368; 

insert into venda values (1343, '2023-06-02 07:38:25', 544.51, 6, 22); 
insert into itens_venda values (default, 1343, 361, 361, 1, 0.00, 189.78); 
update estoque set quant_venda = quant_venda + 1, quant_atual = quant_atual - 1 where id = 361; 
update estoque_total set total = total - 1 where medicamento_id = 361; 
insert into itens_venda values (default, 1343, 75, 75, 1, 2.70, 275.14); 
update estoque set quant_venda = quant_venda + 1, quant_atual = quant_atual - 1 where id = 75; 
update estoque_total set total = total - 1 where medicamento_id = 75; 
insert into itens_venda values (default, 1343, 293, 293, 3, 7.80, 79.59); 
update estoque set quant_venda = quant_venda + 3, quant_atual = quant_atual - 3 where id = 293; 
update estoque_total set total = total - 3 where medicamento_id = 293; 

insert into venda values (1344, '2023-06-02 07:48:31', 49.70, 18, null); 
insert into itens_venda values (default, 1344, 352, 352, 1, 1.60, 25.34); 
update estoque set quant_venda = quant_venda + 1, quant_atual = quant_atual - 1 where id = 352; 
update estoque_total set total = total - 1 where medicamento_id = 352; 
insert into itens_venda values (default, 1344, 379, 379, 2, 1.00, 24.36); 
update estoque set quant_venda = quant_venda + 2, quant_atual = quant_atual - 2 where id = 379; 
update estoque_total set total = total - 2 where medicamento_id = 379; 

insert into venda values (1345, '2023-06-02 08:56:38', 158.63, null, null); 
insert into itens_venda values (default, 1345, 476, 476, 2, 0.00, 48.34); 
update estoque set quant_venda = quant_venda + 2, quant_atual = quant_atual - 2 where id = 476; 
update estoque_total set total = total - 2 where medicamento_id = 476; 
insert into itens_venda values (default, 1345, 425, 425, 1, 0.00, 36.20); 
update estoque set quant_venda = quant_venda + 1, quant_atual = quant_atual - 1 where id = 425; 
update estoque_total set total = total - 1 where medicamento_id = 425; 
insert into itens_venda values (default, 1345, 444, 444, 1, 1.50, 74.09); 
update estoque set quant_venda = quant_venda + 1, quant_atual = quant_atual - 1 where id = 444; 
update estoque_total set total = total - 1 where medicamento_id = 444; 

insert into venda values (1346, '2023-06-02 10:00:16', 392.79, null, null); 
insert into itens_venda values (default, 1346, 448, 448, 1, 0.00, 16.49); 
update estoque set quant_venda = quant_venda + 1, quant_atual = quant_atual - 1 where id = 448; 
update estoque_total set total = total - 1 where medicamento_id = 448; 
insert into itens_venda values (default, 1346, 301, 301, 1, 0.00, 289.94); 
update estoque set quant_venda = quant_venda + 1, quant_atual = quant_atual - 1 where id = 301; 
update estoque_total set total = total - 1 where medicamento_id = 301; 
insert into itens_venda values (default, 1346, 346, 346, 2, 3.50, 86.36); 
update estoque set quant_venda = quant_venda + 2, quant_atual = quant_atual - 2 where id = 346; 
update estoque_total set total = total - 2 where medicamento_id = 346; 

insert into venda values (1347, '2023-06-02 10:45:40', 10.35, 9, 23); 
insert into itens_venda values (default, 1347, 217, 217, 1, 0.70, 10.35); 
update estoque set quant_venda = quant_venda + 1, quant_atual = quant_atual - 1 where id = 217; 
update estoque_total set total = total - 1 where medicamento_id = 217; 

insert into venda values (1348, '2023-06-02 11:39:24', 142.18, 9, null); 
insert into itens_venda values (default, 1348, 444, 444, 2, 9.00, 142.18); 
update estoque set quant_venda = quant_venda + 2, quant_atual = quant_atual - 2 where id = 444; 
update estoque_total set total = total - 2 where medicamento_id = 444; 

insert into venda values (1349, '2023-06-02 11:44:14', 233.34, null, 24); 
insert into itens_venda values (default, 1349, 360, 360, 1, 4.40, 143.66); 
update estoque set quant_venda = quant_venda + 1, quant_atual = quant_atual - 1 where id = 360; 
update estoque_total set total = total - 1 where medicamento_id = 360; 
insert into itens_venda values (default, 1349, 359, 359, 1, 0.90, 89.68); 
update estoque set quant_venda = quant_venda + 1, quant_atual = quant_atual - 1 where id = 359; 
update estoque_total set total = total - 1 where medicamento_id = 359; 

insert into venda values (1350, '2023-06-02 12:28:16', 184.89, null, null); 
insert into itens_venda values (default, 1350, 350, 350, 1, 2.40, 121.04); 
update estoque set quant_venda = quant_venda + 1, quant_atual = quant_atual - 1 where id = 350; 
update estoque_total set total = total - 1 where medicamento_id = 350; 
insert into itens_venda values (default, 1350, 281, 281, 1, 0.50, 56.59); 
update estoque set quant_venda = quant_venda + 1, quant_atual = quant_atual - 1 where id = 281; 
update estoque_total set total = total - 1 where medicamento_id = 281; 
insert into itens_venda values (default, 1350, 493, 493, 1, 0.30, 7.26); 
update estoque set quant_venda = quant_venda + 1, quant_atual = quant_atual - 1 where id = 493; 
update estoque_total set total = total - 1 where medicamento_id = 493; 

insert into venda values (1351, '2023-06-02 12:57:10', 147.52, null, null); 
insert into itens_venda values (default, 1351, 415, 415, 1, 6.10, 147.52); 
update estoque set quant_venda = quant_venda + 1, quant_atual = quant_atual - 1 where id = 415; 
update estoque_total set total = total - 1 where medicamento_id = 415; 

insert into venda values (1352, '2023-06-03 06:25:29', 172.78, null, null); 
insert into itens_venda values (default, 1352, 369, 369, 1, 2.60, 87.09); 
update estoque set quant_venda = quant_venda + 1, quant_atual = quant_atual - 1 where id = 369; 
update estoque_total set total = total - 1 where medicamento_id = 369; 
insert into itens_venda values (default, 1352, 293, 293, 3, 1.70, 85.69); 
update estoque set quant_venda = quant_venda + 3, quant_atual = quant_atual - 3 where id = 293; 
update estoque_total set total = total - 3 where medicamento_id = 293; 

insert into venda values (1353, '2023-06-03 07:10:25', 243.29, null, 21); 
insert into itens_venda values (default, 1353, 189, 189, 1, 2.00, 205.99); 
update estoque set quant_venda = quant_venda + 1, quant_atual = quant_atual - 1 where id = 189; 
update estoque_total set total = total - 1 where medicamento_id = 189; 
insert into itens_venda values (default, 1353, 497, 497, 1, 0.30, 37.30); 
update estoque set quant_venda = quant_venda + 1, quant_atual = quant_atual - 1 where id = 497; 
update estoque_total set total = total - 1 where medicamento_id = 497; 

insert into venda values (1354, '2023-06-03 08:16:40', 145.64, null, 21); 
insert into itens_venda values (default, 1354, 149, 149, 3, 1.60, 81.17); 
update estoque set quant_venda = quant_venda + 3, quant_atual = quant_atual - 3 where id = 149; 
update estoque_total set total = total - 3 where medicamento_id = 149; 
insert into itens_venda values (default, 1354, 385, 385, 3, 0.00, 64.47); 
update estoque set quant_venda = quant_venda + 3, quant_atual = quant_atual - 3 where id = 385; 
update estoque_total set total = total - 3 where medicamento_id = 385; 

insert into venda values (1355, '2023-06-03 08:25:40', 28.30, null, null); 
insert into itens_venda values (default, 1355, 441, 441, 1, 0.20, 28.30); 
update estoque set quant_venda = quant_venda + 1, quant_atual = quant_atual - 1 where id = 441; 
update estoque_total set total = total - 1 where medicamento_id = 441; 

insert into venda values (1356, '2023-06-03 09:11:15', 13.30, null, null); 
insert into itens_venda values (default, 1356, 504, 504, 2, 0.20, 13.30); 
update estoque set quant_venda = quant_venda + 2, quant_atual = quant_atual - 2 where id = 504; 
update estoque_total set total = total - 2 where medicamento_id = 504; 

insert into venda values (1357, '2023-06-03 09:48:30', 269.74, 17, null); 
insert into itens_venda values (default, 1357, 301, 301, 1, 20.20, 269.74); 
update estoque set quant_venda = quant_venda + 1, quant_atual = quant_atual - 1 where id = 301; 
update estoque_total set total = total - 1 where medicamento_id = 301; 

insert into venda values (1358, '2023-06-03 10:59:31', 232.38, null, null); 
insert into itens_venda values (default, 1358, 479, 479, 2, 0.00, 73.38); 
update estoque set quant_venda = quant_venda + 2, quant_atual = quant_atual - 2 where id = 479; 
update estoque_total set total = total - 2 where medicamento_id = 479; 
insert into itens_venda values (default, 1358, 418, 418, 2, 0.00, 55.30); 
update estoque set quant_venda = quant_venda + 2, quant_atual = quant_atual - 2 where id = 418; 
update estoque_total set total = total - 2 where medicamento_id = 418; 
insert into itens_venda values (default, 1358, 399, 399, 2, 0.00, 103.70); 
update estoque set quant_venda = quant_venda + 2, quant_atual = quant_atual - 2 where id = 399; 
update estoque_total set total = total - 2 where medicamento_id = 399; 

insert into venda values (1359, '2023-06-03 11:50:01', 227.06, 9, 25); 
insert into itens_venda values (default, 1359, 484, 484, 2, 0.30, 32.74); 
update estoque set quant_venda = quant_venda + 2, quant_atual = quant_atual - 2 where id = 484; 
update estoque_total set total = total - 2 where medicamento_id = 484; 
insert into itens_venda values (default, 1359, 164, 164, 2, 1.30, 131.12); 
update estoque set quant_venda = quant_venda + 2, quant_atual = quant_atual - 2 where id = 164; 
update estoque_total set total = total - 2 where medicamento_id = 164; 
insert into itens_venda values (default, 1359, 265, 265, 1, 6.20, 63.20); 
update estoque set quant_venda = quant_venda + 1, quant_atual = quant_atual - 1 where id = 265; 
update estoque_total set total = total - 1 where medicamento_id = 265; 

insert into venda values (1360, '2023-06-03 12:09:41', 146.61, null, 24); 
insert into itens_venda values (default, 1360, 217, 217, 1, 0.00, 11.05); 
update estoque set quant_venda = quant_venda + 1, quant_atual = quant_atual - 1 where id = 217; 
update estoque_total set total = total - 1 where medicamento_id = 217; 
insert into itens_venda values (default, 1360, 407, 407, 2, 4.10, 135.56); 
update estoque set quant_venda = quant_venda + 2, quant_atual = quant_atual - 2 where id = 407; 
update estoque_total set total = total - 2 where medicamento_id = 407; 

insert into venda values (1361, '2023-06-03 13:24:55', 202.98, 2, null); 
insert into itens_venda values (default, 1361, 384, 384, 2, 3.50, 84.18); 
update estoque set quant_venda = quant_venda + 2, quant_atual = quant_atual - 2 where id = 384; 
update estoque_total set total = total - 2 where medicamento_id = 384; 
insert into itens_venda values (default, 1361, 207, 207, 1, 0.90, 97.02); 
update estoque set quant_venda = quant_venda + 1, quant_atual = quant_atual - 1 where id = 207; 
update estoque_total set total = total - 1 where medicamento_id = 207; 
insert into itens_venda values (default, 1361, 493, 493, 3, 0.90, 21.78); 
update estoque set quant_venda = quant_venda + 3, quant_atual = quant_atual - 3 where id = 493; 
update estoque_total set total = total - 3 where medicamento_id = 493; 

insert into venda values (1362, '2023-06-03 14:09:57', 249.48, 11, null); 
insert into itens_venda values (default, 1362, 431, 431, 3, 0.00, 33.78); 
update estoque set quant_venda = quant_venda + 3, quant_atual = quant_atual - 3 where id = 431; 
update estoque_total set total = total - 3 where medicamento_id = 431; 
insert into itens_venda values (default, 1362, 363, 363, 2, 0.00, 144.08); 
update estoque set quant_venda = quant_venda + 2, quant_atual = quant_atual - 2 where id = 363; 
update estoque_total set total = total - 2 where medicamento_id = 363; 
insert into itens_venda values (default, 1362, 269, 269, 2, 5.30, 71.62); 
update estoque set quant_venda = quant_venda + 2, quant_atual = quant_atual - 2 where id = 269; 
update estoque_total set total = total - 2 where medicamento_id = 269; 

insert into venda values (1363, '2023-06-03 14:56:51', 50.29, 7, null); 
insert into itens_venda values (default, 1363, 438, 438, 1, 2.00, 50.29); 
update estoque set quant_venda = quant_venda + 1, quant_atual = quant_atual - 1 where id = 438; 
update estoque_total set total = total - 1 where medicamento_id = 438; 

insert into venda values (1364, '2023-06-04 06:37:13', 71.70, null, null); 
insert into itens_venda values (default, 1364, 425, 425, 1, 0.00, 36.20); 
update estoque set quant_venda = quant_venda + 1, quant_atual = quant_atual - 1 where id = 425; 
update estoque_total set total = total - 1 where medicamento_id = 425; 
insert into itens_venda values (default, 1364, 458, 458, 1, 0.70, 35.50); 
update estoque set quant_venda = quant_venda + 1, quant_atual = quant_atual - 1 where id = 458; 
update estoque_total set total = total - 1 where medicamento_id = 458; 

insert into venda values (1365, '2023-06-04 07:30:40', 74.44, 16, null); 
insert into itens_venda values (default, 1365, 378, 378, 2, 0.70, 74.44); 
update estoque set quant_venda = quant_venda + 2, quant_atual = quant_atual - 2 where id = 378; 
update estoque_total set total = total - 2 where medicamento_id = 378; 

insert into venda values (1366, '2023-06-04 07:30:44', 358.55, 6, 23); 
insert into itens_venda values (default, 1366, 23, 23, 1, 0.00, 319.97); 
update estoque set quant_venda = quant_venda + 1, quant_atual = quant_atual - 1 where id = 23; 
update estoque_total set total = total - 1 where medicamento_id = 23; 
insert into itens_venda values (default, 1366, 291, 291, 3, 0.00, 38.58); 
update estoque set quant_venda = quant_venda + 3, quant_atual = quant_atual - 3 where id = 291; 
update estoque_total set total = total - 3 where medicamento_id = 291; 

insert into venda values (1367, '2023-06-04 08:28:47', 470.60, 16, null); 
insert into itens_venda values (default, 1367, 441, 441, 3, 4.20, 81.30); 
update estoque set quant_venda = quant_venda + 3, quant_atual = quant_atual - 3 where id = 441; 
update estoque_total set total = total - 3 where medicamento_id = 441; 
insert into itens_venda values (default, 1367, 56, 56, 1, 38.50, 389.30); 
update estoque set quant_venda = quant_venda + 1, quant_atual = quant_atual - 1 where id = 56; 
update estoque_total set total = total - 1 where medicamento_id = 56; 

insert into venda values (1368, '2023-06-04 08:57:58', 39.37, null, null); 
insert into itens_venda values (default, 1368, 241, 241, 1, 0.00, 39.37); 
update estoque set quant_venda = quant_venda + 1, quant_atual = quant_atual - 1 where id = 241; 
update estoque_total set total = total - 1 where medicamento_id = 241; 

insert into venda values (1369, '2023-06-04 10:05:22', 183.28, 16, null); 
insert into itens_venda values (default, 1369, 362, 362, 1, 5.60, 183.28); 
update estoque set quant_venda = quant_venda + 1, quant_atual = quant_atual - 1 where id = 362; 
update estoque_total set total = total - 1 where medicamento_id = 362; 

insert into venda values (1370, '2023-06-04 10:28:01', 182.72, null, 23); 
insert into itens_venda values (default, 1370, 172, 172, 1, 2.70, 133.64); 
update estoque set quant_venda = quant_venda + 1, quant_atual = quant_atual - 1 where id = 172; 
update estoque_total set total = total - 1 where medicamento_id = 172; 
insert into itens_venda values (default, 1370, 216, 216, 1, 0.40, 49.08); 
update estoque set quant_venda = quant_venda + 1, quant_atual = quant_atual - 1 where id = 216; 
update estoque_total set total = total - 1 where medicamento_id = 216; 

insert into venda values (1371, '2023-06-04 10:40:32', 217.01, 14, null); 
insert into itens_venda values (default, 1371, 482, 482, 3, 0.00, 49.11); 
update estoque set quant_venda = quant_venda + 3, quant_atual = quant_atual - 3 where id = 482; 
update estoque_total set total = total - 3 where medicamento_id = 482; 
insert into itens_venda values (default, 1371, 250, 250, 2, 8.80, 167.90); 
update estoque set quant_venda = quant_venda + 2, quant_atual = quant_atual - 2 where id = 250; 
update estoque_total set total = total - 2 where medicamento_id = 250; 

insert into venda values (1372, '2023-06-04 10:50:11', 67.40, null, null); 
insert into itens_venda values (default, 1372, 443, 443, 3, 2.80, 67.40); 
update estoque set quant_venda = quant_venda + 3, quant_atual = quant_atual - 3 where id = 443; 
update estoque_total set total = total - 3 where medicamento_id = 443; 

insert into venda values (1373, '2023-06-04 12:12:47', 54.59, null, null); 
insert into itens_venda values (default, 1373, 462, 462, 3, 2.20, 54.59); 
update estoque set quant_venda = quant_venda + 3, quant_atual = quant_atual - 3 where id = 462; 
update estoque_total set total = total - 3 where medicamento_id = 462; 

insert into venda values (1374, '2023-06-05 06:37:49', 187.22, null, null); 
insert into itens_venda values (default, 1374, 84, 84, 2, 1.40, 147.36); 
update estoque set quant_venda = quant_venda + 2, quant_atual = quant_atual - 2 where id = 84; 
update estoque_total set total = total - 2 where medicamento_id = 84; 
insert into itens_venda values (default, 1374, 398, 398, 1, 0.00, 15.54); 
update estoque set quant_venda = quant_venda + 1, quant_atual = quant_atual - 1 where id = 398; 
update estoque_total set total = total - 1 where medicamento_id = 398; 
insert into itens_venda values (default, 1374, 393, 393, 1, 0.20, 24.32); 
update estoque set quant_venda = quant_venda + 1, quant_atual = quant_atual - 1 where id = 393; 
update estoque_total set total = total - 1 where medicamento_id = 393; 

insert into venda values (1375, '2023-06-05 06:54:51', 33.84, null, null); 
insert into itens_venda values (default, 1375, 505, 505, 1, 0.00, 33.84); 
update estoque set quant_venda = quant_venda + 1, quant_atual = quant_atual - 1 where id = 505; 
update estoque_total set total = total - 1 where medicamento_id = 505; 

insert into venda values (1376, '2023-06-07 06:52:21', 110.16, 11, null); 
insert into itens_venda values (default, 1376, 495, 495, 1, 0.00, 10.68); 
update estoque set quant_venda = quant_venda + 1, quant_atual = quant_atual - 1 where id = 495; 
update estoque_total set total = total - 1 where medicamento_id = 495; 
insert into itens_venda values (default, 1376, 458, 458, 2, 3.60, 68.80); 
update estoque set quant_venda = quant_venda + 2, quant_atual = quant_atual - 2 where id = 458; 
update estoque_total set total = total - 2 where medicamento_id = 458; 
insert into itens_venda values (default, 1376, 240, 240, 1, 0.00, 30.68); 
update estoque set quant_venda = quant_venda + 1, quant_atual = quant_atual - 1 where id = 240; 
update estoque_total set total = total - 1 where medicamento_id = 240; 

insert into venda values (1377, '2023-06-07 07:04:24', 263.94, 3, null); 
insert into itens_venda values (default, 1377, 301, 301, 1, 26.00, 263.94); 
update estoque set quant_venda = quant_venda + 1, quant_atual = quant_atual - 1 where id = 301; 
update estoque_total set total = total - 1 where medicamento_id = 301; 

insert into venda values (1378, '2023-06-07 08:14:17', 120.67, 17, null); 
insert into itens_venda values (default, 1378, 348, 348, 2, 2.80, 44.18); 
update estoque set quant_venda = quant_venda + 2, quant_atual = quant_atual - 2 where id = 348; 
update estoque_total set total = total - 2 where medicamento_id = 348; 
insert into itens_venda values (default, 1378, 447, 447, 3, 3.10, 76.49); 
update estoque set quant_venda = quant_venda + 3, quant_atual = quant_atual - 3 where id = 447; 
update estoque_total set total = total - 3 where medicamento_id = 447; 

insert into venda values (1379, '2023-06-07 09:16:17', 45.28, null, null); 
insert into itens_venda values (default, 1379, 501, 501, 2, 0.90, 45.28); 
update estoque set quant_venda = quant_venda + 2, quant_atual = quant_atual - 2 where id = 501; 
update estoque_total set total = total - 2 where medicamento_id = 501; 

insert into venda values (1380, '2023-06-07 09:35:57', 22.69, null, null); 
insert into itens_venda values (default, 1380, 501, 501, 1, 0.40, 22.69); 
update estoque set quant_venda = quant_venda + 1, quant_atual = quant_atual - 1 where id = 501; 
update estoque_total set total = total - 1 where medicamento_id = 501; 

insert into venda values (1381, '2023-06-07 10:10:32', 171.23, null, null); 
insert into itens_venda values (default, 1381, 422, 422, 3, 0.90, 47.07); 
update estoque set quant_venda = quant_venda + 3, quant_atual = quant_atual - 3 where id = 422; 
update estoque_total set total = total - 3 where medicamento_id = 422; 
insert into itens_venda values (default, 1381, 420, 420, 1, 0.60, 66.17); 
update estoque set quant_venda = quant_venda + 1, quant_atual = quant_atual - 1 where id = 420; 
update estoque_total set total = total - 1 where medicamento_id = 420; 
insert into itens_venda values (default, 1381, 381, 381, 1, 2.40, 57.99); 
update estoque set quant_venda = quant_venda + 1, quant_atual = quant_atual - 1 where id = 381; 
update estoque_total set total = total - 1 where medicamento_id = 381; 

insert into venda values (1382, '2023-06-07 10:20:00', 35.26, null, 25); 
insert into itens_venda values (default, 1382, 181, 181, 1, 0.70, 35.26); 
update estoque set quant_venda = quant_venda + 1, quant_atual = quant_atual - 1 where id = 181; 
update estoque_total set total = total - 1 where medicamento_id = 181; 

insert into venda values (1383, '2023-06-07 10:37:09', 401.83, 15, null); 
insert into itens_venda values (default, 1383, 237, 237, 1, 12.10, 123.13); 
update estoque set quant_venda = quant_venda + 1, quant_atual = quant_atual - 1 where id = 237; 
update estoque_total set total = total - 1 where medicamento_id = 237; 
insert into itens_venda values (default, 1383, 195, 195, 1, 10.30, 248.15); 
update estoque set quant_venda = quant_venda + 1, quant_atual = quant_atual - 1 where id = 195; 
update estoque_total set total = total - 1 where medicamento_id = 195; 
insert into itens_venda values (default, 1383, 464, 464, 1, 1.90, 30.55); 
update estoque set quant_venda = quant_venda + 1, quant_atual = quant_atual - 1 where id = 464; 
update estoque_total set total = total - 1 where medicamento_id = 464; 

insert into venda values (1384, '2023-06-08 06:47:34', 53.99, 2, null); 
insert into itens_venda values (default, 1384, 462, 462, 3, 2.80, 53.99); 
update estoque set quant_venda = quant_venda + 3, quant_atual = quant_atual - 3 where id = 462; 
update estoque_total set total = total - 3 where medicamento_id = 462; 

insert into venda values (1385, '2023-06-08 07:54:11', 114.23, null, null); 
insert into itens_venda values (default, 1385, 408, 408, 1, 2.30, 114.23); 
update estoque set quant_venda = quant_venda + 1, quant_atual = quant_atual - 1 where id = 408; 
update estoque_total set total = total - 1 where medicamento_id = 408; 

insert into venda values (1386, '2023-06-08 08:38:56', 106.78, null, null); 
insert into itens_venda values (default, 1386, 410, 410, 1, 0.00, 106.78); 
update estoque set quant_venda = quant_venda + 1, quant_atual = quant_atual - 1 where id = 410; 
update estoque_total set total = total - 1 where medicamento_id = 410; 

insert into venda values (1387, '2023-06-08 08:40:24', 142.11, null, null); 
insert into itens_venda values (default, 1387, 346, 346, 1, 0.40, 44.53); 
update estoque set quant_venda = quant_venda + 1, quant_atual = quant_atual - 1 where id = 346; 
update estoque_total set total = total - 1 where medicamento_id = 346; 
insert into itens_venda values (default, 1387, 295, 295, 1, 0.00, 97.58); 
update estoque set quant_venda = quant_venda + 1, quant_atual = quant_atual - 1 where id = 295; 
update estoque_total set total = total - 1 where medicamento_id = 295; 

insert into venda values (1388, '2023-06-08 09:43:32', 215.42, 4, null); 
insert into itens_venda values (default, 1388, 298, 298, 1, 0.00, 105.98); 
update estoque set quant_venda = quant_venda + 1, quant_atual = quant_atual - 1 where id = 298; 
update estoque_total set total = total - 1 where medicamento_id = 298; 
insert into itens_venda values (default, 1388, 468, 468, 2, 9.50, 109.44); 
update estoque set quant_venda = quant_venda + 2, quant_atual = quant_atual - 2 where id = 468; 
update estoque_total set total = total - 2 where medicamento_id = 468; 

insert into venda values (1389, '2023-06-08 10:25:24', 197.93, 7, null); 
insert into itens_venda values (default, 1389, 180, 180, 1, 15.50, 156.74); 
update estoque set quant_venda = quant_venda + 1, quant_atual = quant_atual - 1 where id = 180; 
update estoque_total set total = total - 1 where medicamento_id = 180; 
insert into itens_venda values (default, 1389, 302, 302, 3, 0.00, 41.19); 
update estoque set quant_venda = quant_venda + 3, quant_atual = quant_atual - 3 where id = 302; 
update estoque_total set total = total - 3 where medicamento_id = 302; 

insert into venda values (1390, '2023-06-08 10:45:05', 184.24, 7, 24); 
insert into itens_venda values (default, 1390, 420, 420, 1, 5.30, 61.47); 
update estoque set quant_venda = quant_venda + 1, quant_atual = quant_atual - 1 where id = 420; 
update estoque_total set total = total - 1 where medicamento_id = 420; 
insert into itens_venda values (default, 1390, 330, 330, 1, 1.60, 81.06); 
update estoque set quant_venda = quant_venda + 1, quant_atual = quant_atual - 1 where id = 330; 
update estoque_total set total = total - 1 where medicamento_id = 330; 
insert into itens_venda values (default, 1390, 342, 342, 1, 1.20, 41.71); 
update estoque set quant_venda = quant_venda + 1, quant_atual = quant_atual - 1 where id = 342; 
update estoque_total set total = total - 1 where medicamento_id = 342; 

insert into venda values (1391, '2023-06-08 11:44:47', 371.43, null, 22); 
insert into itens_venda values (default, 1391, 36, 36, 1, 3.20, 323.24); 
update estoque set quant_venda = quant_venda + 1, quant_atual = quant_atual - 1 where id = 36; 
update estoque_total set total = total - 1 where medicamento_id = 36; 
insert into itens_venda values (default, 1391, 377, 377, 3, 2.00, 48.19); 
update estoque set quant_venda = quant_venda + 3, quant_atual = quant_atual - 3 where id = 377; 
update estoque_total set total = total - 3 where medicamento_id = 377; 

insert into venda values (1392, '2023-06-08 11:56:24', 76.49, 13, null); 
insert into itens_venda values (default, 1392, 447, 447, 3, 3.10, 76.49); 
update estoque set quant_venda = quant_venda + 3, quant_atual = quant_atual - 3 where id = 447; 
update estoque_total set total = total - 3 where medicamento_id = 447; 

insert into venda values (1393, '2023-06-08 12:33:20', 14.24, 3, null); 
insert into itens_venda values (default, 1393, 496, 496, 2, 0.50, 14.24); 
update estoque set quant_venda = quant_venda + 2, quant_atual = quant_atual - 2 where id = 496; 
update estoque_total set total = total - 2 where medicamento_id = 496; 

insert into venda values (1394, '2023-06-09 08:17:39', 109.10, 2, null); 
insert into itens_venda values (default, 1394, 269, 269, 1, 3.40, 35.06); 
update estoque set quant_venda = quant_venda + 1, quant_atual = quant_atual - 1 where id = 269; 
update estoque_total set total = total - 1 where medicamento_id = 269; 
insert into itens_venda values (default, 1394, 392, 392, 3, 2.50, 39.38); 
update estoque set quant_venda = quant_venda + 3, quant_atual = quant_atual - 3 where id = 392; 
update estoque_total set total = total - 3 where medicamento_id = 392; 
insert into itens_venda values (default, 1394, 460, 460, 1, 3.00, 34.66); 
update estoque set quant_venda = quant_venda + 1, quant_atual = quant_atual - 1 where id = 460; 
update estoque_total set total = total - 1 where medicamento_id = 460; 

insert into venda values (1395, '2023-06-09 10:48:41', 10.36, 8, null); 
insert into itens_venda values (default, 1395, 431, 431, 1, 0.90, 10.36); 
update estoque set quant_venda = quant_venda + 1, quant_atual = quant_atual - 1 where id = 431; 
update estoque_total set total = total - 1 where medicamento_id = 431; 

insert into venda values (1396, '2023-06-09 12:23:53', 178.22, null, null); 
insert into itens_venda values (default, 1396, 490, 490, 1, 2.00, 50.03); 
update estoque set quant_venda = quant_venda + 1, quant_atual = quant_atual - 1 where id = 490; 
update estoque_total set total = total - 1 where medicamento_id = 490; 
insert into itens_venda values (default, 1396, 369, 369, 1, 0.00, 89.69); 
update estoque set quant_venda = quant_venda + 1, quant_atual = quant_atual - 1 where id = 369; 
update estoque_total set total = total - 1 where medicamento_id = 369; 
insert into itens_venda values (default, 1396, 414, 414, 1, 0.00, 38.50); 
update estoque set quant_venda = quant_venda + 1, quant_atual = quant_atual - 1 where id = 414; 
update estoque_total set total = total - 1 where medicamento_id = 414; 

insert into venda values (1397, '2023-06-10 07:32:38', 447.86, null, 22); 
insert into itens_venda values (default, 1397, 94, 94, 1, 0.00, 319.97); 
update estoque set quant_venda = quant_venda + 1, quant_atual = quant_atual - 1 where id = 94; 
update estoque_total set total = total - 1 where medicamento_id = 94; 
insert into itens_venda values (default, 1397, 231, 231, 2, 1.20, 119.86); 
update estoque set quant_venda = quant_venda + 2, quant_atual = quant_atual - 2 where id = 231; 
update estoque_total set total = total - 2 where medicamento_id = 231; 
insert into itens_venda values (default, 1397, 380, 380, 1, 0.20, 8.03); 
update estoque set quant_venda = quant_venda + 1, quant_atual = quant_atual - 1 where id = 380; 
update estoque_total set total = total - 1 where medicamento_id = 380; 

insert into venda values (1398, '2023-06-11 06:09:14', 236.98, 3, null); 
insert into itens_venda values (default, 1398, 361, 361, 1, 17.00, 172.78); 
update estoque set quant_venda = quant_venda + 1, quant_atual = quant_atual - 1 where id = 361; 
update estoque_total set total = total - 1 where medicamento_id = 361; 
insert into itens_venda values (default, 1398, 389, 389, 2, 0.60, 64.20); 
update estoque set quant_venda = quant_venda + 2, quant_atual = quant_atual - 2 where id = 389; 
update estoque_total set total = total - 2 where medicamento_id = 389; 

insert into venda values (1399, '2023-06-11 06:24:46', 31.25, null, null); 
insert into itens_venda values (default, 1399, 464, 464, 1, 1.20, 31.25); 
update estoque set quant_venda = quant_venda + 1, quant_atual = quant_atual - 1 where id = 464; 
update estoque_total set total = total - 1 where medicamento_id = 464; 

insert into venda values (1400, '2023-06-11 06:30:47', 195.14, 11, 22); 
insert into itens_venda values (default, 1400, 148, 148, 1, 9.20, 106.11); 
update estoque set quant_venda = quant_venda + 1, quant_atual = quant_atual - 1 where id = 148; 
update estoque_total set total = total - 1 where medicamento_id = 148; 
insert into itens_venda values (default, 1400, 395, 395, 1, 0.40, 40.87); 
update estoque set quant_venda = quant_venda + 1, quant_atual = quant_atual - 1 where id = 395; 
update estoque_total set total = total - 1 where medicamento_id = 395; 
insert into itens_venda values (default, 1400, 484, 484, 3, 1.40, 48.16); 
update estoque set quant_venda = quant_venda + 3, quant_atual = quant_atual - 3 where id = 484; 
update estoque_total set total = total - 3 where medicamento_id = 484; 

insert into venda values (1401, '2023-06-11 06:46:59', 54.17, null, null); 
insert into itens_venda values (default, 1401, 461, 461, 3, 1.60, 54.17); 
update estoque set quant_venda = quant_venda + 3, quant_atual = quant_atual - 3 where id = 461; 
update estoque_total set total = total - 3 where medicamento_id = 461; 

insert into venda values (1402, '2023-06-11 07:10:47', 146.34, null, null); 
insert into itens_venda values (default, 1402, 157, 157, 2, 0.00, 146.34); 
update estoque set quant_venda = quant_venda + 2, quant_atual = quant_atual - 2 where id = 157; 
update estoque_total set total = total - 2 where medicamento_id = 157; 

insert into venda values (1403, '2023-06-11 07:17:22', 105.98, null, null); 
insert into itens_venda values (default, 1403, 298, 298, 1, 0.00, 105.98); 
update estoque set quant_venda = quant_venda + 1, quant_atual = quant_atual - 1 where id = 298; 
update estoque_total set total = total - 1 where medicamento_id = 298; 

insert into venda values (1404, '2023-06-11 07:50:40', 141.18, null, null); 
insert into itens_venda values (default, 1404, 171, 171, 2, 1.40, 141.18); 
update estoque set quant_venda = quant_venda + 2, quant_atual = quant_atual - 2 where id = 171; 
update estoque_total set total = total - 2 where medicamento_id = 171; 

insert into venda values (1405, '2023-06-11 08:42:46', 91.37, 18, null); 
insert into itens_venda values (default, 1405, 501, 501, 1, 1.10, 21.99); 
update estoque set quant_venda = quant_venda + 1, quant_atual = quant_atual - 1 where id = 501; 
update estoque_total set total = total - 1 where medicamento_id = 501; 
insert into itens_venda values (default, 1405, 278, 278, 2, 0.70, 69.38); 
update estoque set quant_venda = quant_venda + 2, quant_atual = quant_atual - 2 where id = 278; 
update estoque_total set total = total - 2 where medicamento_id = 278; 

insert into venda values (1406, '2023-06-11 08:52:50', 223.74, null, 24); 
insert into itens_venda values (default, 1406, 438, 438, 2, 3.10, 101.48); 
update estoque set quant_venda = quant_venda + 2, quant_atual = quant_atual - 2 where id = 438; 
update estoque_total set total = total - 2 where medicamento_id = 438; 
insert into itens_venda values (default, 1406, 347, 347, 2, 2.40, 122.26); 
update estoque set quant_venda = quant_venda + 2, quant_atual = quant_atual - 2 where id = 347; 
update estoque_total set total = total - 2 where medicamento_id = 347; 

insert into venda values (1407, '2023-06-12 06:40:11', 6.74, 13, null); 
insert into itens_venda values (default, 1407, 503, 503, 2, 0.60, 6.74); 
update estoque set quant_venda = quant_venda + 2, quant_atual = quant_atual - 2 where id = 503; 
update estoque_total set total = total - 2 where medicamento_id = 503; 

insert into venda values (1408, '2023-06-12 07:54:01', 52.16, 6, null); 
insert into itens_venda values (default, 1408, 394, 394, 2, 5.10, 52.16); 
update estoque set quant_venda = quant_venda + 2, quant_atual = quant_atual - 2 where id = 394; 
update estoque_total set total = total - 2 where medicamento_id = 394; 

insert into venda values (1409, '2023-06-12 08:40:45', 234.31, null, null); 
insert into itens_venda values (default, 1409, 474, 474, 3, 1.30, 43.28); 
update estoque set quant_venda = quant_venda + 3, quant_atual = quant_atual - 3 where id = 474; 
update estoque_total set total = total - 3 where medicamento_id = 474; 
insert into itens_venda values (default, 1409, 432, 432, 3, 0.20, 13.90); 
update estoque set quant_venda = quant_venda + 3, quant_atual = quant_atual - 3 where id = 432; 
update estoque_total set total = total - 3 where medicamento_id = 432; 
insert into itens_venda values (default, 1409, 267, 267, 1, 0.00, 177.13); 
update estoque set quant_venda = quant_venda + 1, quant_atual = quant_atual - 1 where id = 267; 
update estoque_total set total = total - 1 where medicamento_id = 267; 

insert into venda values (1410, '2023-06-12 08:44:15', 371.89, null, 23); 
insert into itens_venda values (default, 1410, 186, 186, 1, 0.50, 57.12); 
update estoque set quant_venda = quant_venda + 1, quant_atual = quant_atual - 1 where id = 186; 
update estoque_total set total = total - 1 where medicamento_id = 186; 
insert into itens_venda values (default, 1410, 424, 424, 1, 0.00, 11.00); 
update estoque set quant_venda = quant_venda + 1, quant_atual = quant_atual - 1 where id = 424; 
update estoque_total set total = total - 1 where medicamento_id = 424; 
insert into itens_venda values (default, 1410, 2, 2, 1, 0.00, 303.77); 
update estoque set quant_venda = quant_venda + 1, quant_atual = quant_atual - 1 where id = 2; 
update estoque_total set total = total - 1 where medicamento_id = 2; 

insert into venda values (1411, '2023-06-12 09:15:34', 392.53, null, 23); 
insert into itens_venda values (default, 1411, 221, 221, 2, 0.00, 192.44); 
update estoque set quant_venda = quant_venda + 2, quant_atual = quant_atual - 2 where id = 221; 
update estoque_total set total = total - 2 where medicamento_id = 221; 
insert into itens_venda values (default, 1411, 440, 440, 1, 0.30, 39.11); 
update estoque set quant_venda = quant_venda + 1, quant_atual = quant_atual - 1 where id = 440; 
update estoque_total set total = total - 1 where medicamento_id = 440; 
insert into itens_venda values (default, 1411, 146, 146, 1, 1.60, 160.98); 
update estoque set quant_venda = quant_venda + 1, quant_atual = quant_atual - 1 where id = 146; 
update estoque_total set total = total - 1 where medicamento_id = 146; 

insert into venda values (1412, '2023-06-12 09:30:42', 41.62, 20, null); 
insert into itens_venda values (default, 1412, 417, 417, 3, 2.60, 41.62); 
update estoque set quant_venda = quant_venda + 3, quant_atual = quant_atual - 3 where id = 417; 
update estoque_total set total = total - 3 where medicamento_id = 417; 

insert into venda values (1413, '2023-06-12 10:06:29', 60.31, 8, 25); 
insert into itens_venda values (default, 1413, 164, 164, 1, 5.90, 60.31); 
update estoque set quant_venda = quant_venda + 1, quant_atual = quant_atual - 1 where id = 164; 
update estoque_total set total = total - 1 where medicamento_id = 164; 

insert into venda values (1414, '2023-06-12 10:15:57', 157.96, null, 22); 
insert into itens_venda values (default, 1414, 431, 431, 2, 0.00, 22.52); 
update estoque set quant_venda = quant_venda + 2, quant_atual = quant_atual - 2 where id = 431; 
update estoque_total set total = total - 2 where medicamento_id = 431; 
insert into itens_venda values (default, 1414, 113, 113, 1, 0.50, 28.66); 
update estoque set quant_venda = quant_venda + 1, quant_atual = quant_atual - 1 where id = 113; 
update estoque_total set total = total - 1 where medicamento_id = 113; 
insert into itens_venda values (default, 1414, 410, 410, 1, 0.00, 106.78); 
update estoque set quant_venda = quant_venda + 1, quant_atual = quant_atual - 1 where id = 410; 
update estoque_total set total = total - 1 where medicamento_id = 410; 

insert into venda values (1415, '2023-06-12 11:04:21', 198.72, null, 22); 
insert into itens_venda values (default, 1415, 503, 503, 2, 0.10, 7.24); 
update estoque set quant_venda = quant_venda + 2, quant_atual = quant_atual - 2 where id = 503; 
update estoque_total set total = total - 2 where medicamento_id = 503; 
insert into itens_venda values (default, 1415, 338, 338, 2, 1.90, 191.48); 
update estoque set quant_venda = quant_venda + 2, quant_atual = quant_atual - 2 where id = 338; 
update estoque_total set total = total - 2 where medicamento_id = 338; 

insert into venda values (1416, '2023-06-12 11:27:17', 126.44, null, null); 
insert into itens_venda values (default, 1416, 355, 355, 1, 1.00, 25.11); 
update estoque set quant_venda = quant_venda + 1, quant_atual = quant_atual - 1 where id = 355; 
update estoque_total set total = total - 1 where medicamento_id = 355; 
insert into itens_venda values (default, 1416, 430, 430, 1, 0.70, 24.01); 
update estoque set quant_venda = quant_venda + 1, quant_atual = quant_atual - 1 where id = 430; 
update estoque_total set total = total - 1 where medicamento_id = 430; 
insert into itens_venda values (default, 1416, 440, 440, 2, 1.50, 77.32); 
update estoque set quant_venda = quant_venda + 2, quant_atual = quant_atual - 2 where id = 440; 
update estoque_total set total = total - 2 where medicamento_id = 440; 

insert into venda values (1417, '2023-06-12 12:40:52', 84.85, 20, null); 
insert into itens_venda values (default, 1417, 250, 250, 1, 3.50, 84.85); 
update estoque set quant_venda = quant_venda + 1, quant_atual = quant_atual - 1 where id = 250; 
update estoque_total set total = total - 1 where medicamento_id = 250; 

insert into venda values (1418, '2023-06-13 06:13:37', 51.76, 10, null); 
insert into itens_venda values (default, 1418, 296, 296, 1, 2.70, 51.76); 
update estoque set quant_venda = quant_venda + 1, quant_atual = quant_atual - 1 where id = 296; 
update estoque_total set total = total - 1 where medicamento_id = 296; 

insert into venda values (1419, '2023-06-13 08:51:19', 118.65, null, 22); 
insert into itens_venda values (default, 1419, 333, 333, 1, 2.40, 118.65); 
update estoque set quant_venda = quant_venda + 1, quant_atual = quant_atual - 1 where id = 333; 
update estoque_total set total = total - 1 where medicamento_id = 333; 

insert into venda values (1420, '2023-06-13 11:21:25', 126.62, 18, null); 
insert into itens_venda values (default, 1420, 446, 446, 1, 5.20, 126.62); 
update estoque set quant_venda = quant_venda + 1, quant_atual = quant_atual - 1 where id = 446; 
update estoque_total set total = total - 1 where medicamento_id = 446; 

insert into venda values (1421, '2023-06-14 07:14:26', 25.41, null, null); 
insert into itens_venda values (default, 1421, 355, 355, 1, 0.70, 25.41); 
update estoque set quant_venda = quant_venda + 1, quant_atual = quant_atual - 1 where id = 355; 
update estoque_total set total = total - 1 where medicamento_id = 355; 

insert into venda values (1422, '2023-06-15 06:17:18', 211.60, 14, null); 
insert into itens_venda values (default, 1422, 487, 487, 1, 0.00, 188.03); 
update estoque set quant_venda = quant_venda + 1, quant_atual = quant_atual - 1 where id = 487; 
update estoque_total set total = total - 1 where medicamento_id = 487; 
insert into itens_venda values (default, 1422, 351, 351, 1, 1.90, 19.90); 
update estoque set quant_venda = quant_venda + 1, quant_atual = quant_atual - 1 where id = 351; 
update estoque_total set total = total - 1 where medicamento_id = 351; 
insert into itens_venda values (default, 1422, 503, 503, 1, 0.00, 3.67); 
update estoque set quant_venda = quant_venda + 1, quant_atual = quant_atual - 1 where id = 503; 
update estoque_total set total = total - 1 where medicamento_id = 503; 

insert into venda values (1423, '2023-06-15 06:19:19', 308.37, null, 22); 
insert into itens_venda values (default, 1423, 245, 245, 1, 1.40, 146.35); 
update estoque set quant_venda = quant_venda + 1, quant_atual = quant_atual - 1 where id = 245; 
update estoque_total set total = total - 1 where medicamento_id = 245; 
insert into itens_venda values (default, 1423, 330, 330, 2, 3.30, 162.02); 
update estoque set quant_venda = quant_venda + 2, quant_atual = quant_atual - 2 where id = 330; 
update estoque_total set total = total - 2 where medicamento_id = 330; 

insert into venda values (1424, '2023-06-15 06:57:14', 144.30, null, null); 
insert into itens_venda values (default, 1424, 55, 55, 1, 1.40, 144.30); 
update estoque set quant_venda = quant_venda + 1, quant_atual = quant_atual - 1 where id = 55; 
update estoque_total set total = total - 1 where medicamento_id = 55; 

insert into venda values (1425, '2023-06-15 07:05:12', 48.34, null, null); 
insert into itens_venda values (default, 1425, 476, 476, 2, 0.00, 48.34); 
update estoque set quant_venda = quant_venda + 2, quant_atual = quant_atual - 2 where id = 476; 
update estoque_total set total = total - 2 where medicamento_id = 476; 

insert into venda values (1426, '2023-06-15 07:20:05', 121.36, 4, 23); 
insert into itens_venda values (default, 1426, 357, 357, 2, 2.40, 121.36); 
update estoque set quant_venda = quant_venda + 2, quant_atual = quant_atual - 2 where id = 357; 
update estoque_total set total = total - 2 where medicamento_id = 357; 

insert into venda values (1427, '2023-06-15 08:17:03', 276.08, null, null); 
insert into itens_venda values (default, 1427, 384, 384, 1, 0.00, 43.84); 
update estoque set quant_venda = quant_venda + 1, quant_atual = quant_atual - 1 where id = 384; 
update estoque_total set total = total - 1 where medicamento_id = 384; 
insert into itens_venda values (default, 1427, 229, 229, 1, 3.40, 170.40); 
update estoque set quant_venda = quant_venda + 1, quant_atual = quant_atual - 1 where id = 229; 
update estoque_total set total = total - 1 where medicamento_id = 229; 
insert into itens_venda values (default, 1427, 332, 332, 1, 1.20, 61.84); 
update estoque set quant_venda = quant_venda + 1, quant_atual = quant_atual - 1 where id = 332; 
update estoque_total set total = total - 1 where medicamento_id = 332; 

insert into venda values (1428, '2023-06-16 06:38:11', 70.57, null, null); 
insert into itens_venda values (default, 1428, 331, 331, 3, 1.40, 70.57); 
update estoque set quant_venda = quant_venda + 3, quant_atual = quant_atual - 3 where id = 331; 
update estoque_total set total = total - 3 where medicamento_id = 331; 

insert into venda values (1429, '2023-06-16 07:08:00', 60.44, null, null); 
insert into itens_venda values (default, 1429, 303, 303, 2, 1.20, 60.44); 
update estoque set quant_venda = quant_venda + 2, quant_atual = quant_atual - 2 where id = 303; 
update estoque_total set total = total - 2 where medicamento_id = 303; 

insert into venda values (1430, '2023-06-16 07:49:43', 128.24, null, null); 
insert into itens_venda values (default, 1430, 420, 420, 2, 5.30, 128.24); 
update estoque set quant_venda = quant_venda + 2, quant_atual = quant_atual - 2 where id = 420; 
update estoque_total set total = total - 2 where medicamento_id = 420; 

insert into venda values (1431, '2023-06-16 07:53:12', 259.23, 17, 25); 
insert into itens_venda values (default, 1431, 215, 215, 1, 6.50, 212.40); 
update estoque set quant_venda = quant_venda + 1, quant_atual = quant_atual - 1 where id = 215; 
update estoque_total set total = total - 1 where medicamento_id = 215; 
insert into itens_venda values (default, 1431, 488, 488, 1, 2.40, 46.83); 
update estoque set quant_venda = quant_venda + 1, quant_atual = quant_atual - 1 where id = 488; 
update estoque_total set total = total - 1 where medicamento_id = 488; 

insert into venda values (1432, '2023-06-16 08:45:50', 179.68, 10, 22); 
insert into itens_venda values (default, 1432, 439, 439, 1, 3.20, 37.77); 
update estoque set quant_venda = quant_venda + 1, quant_atual = quant_atual - 1 where id = 439; 
update estoque_total set total = total - 1 where medicamento_id = 439; 
insert into itens_venda values (default, 1432, 112, 112, 1, 1.30, 18.23); 
update estoque set quant_venda = quant_venda + 1, quant_atual = quant_atual - 1 where id = 112; 
update estoque_total set total = total - 1 where medicamento_id = 112; 
insert into itens_venda values (default, 1432, 466, 466, 1, 1.20, 123.68); 
update estoque set quant_venda = quant_venda + 1, quant_atual = quant_atual - 1 where id = 466; 
update estoque_total set total = total - 1 where medicamento_id = 466; 

insert into venda values (1433, '2023-06-16 09:47:35', 114.83, null, null); 
insert into itens_venda values (default, 1433, 351, 351, 3, 2.60, 62.80); 
update estoque set quant_venda = quant_venda + 3, quant_atual = quant_atual - 3 where id = 351; 
update estoque_total set total = total - 3 where medicamento_id = 351; 
insert into itens_venda values (default, 1433, 490, 490, 1, 0.00, 52.03); 
update estoque set quant_venda = quant_venda + 1, quant_atual = quant_atual - 1 where id = 490; 
update estoque_total set total = total - 1 where medicamento_id = 490; 

insert into venda values (1434, '2023-06-16 10:21:50', 161.71, null, null); 
insert into itens_venda values (default, 1434, 452, 452, 1, 0.00, 59.67); 
update estoque set quant_venda = quant_venda + 1, quant_atual = quant_atual - 1 where id = 452; 
update estoque_total set total = total - 1 where medicamento_id = 452; 
insert into itens_venda values (default, 1434, 470, 470, 1, 0.00, 87.40); 
update estoque set quant_venda = quant_venda + 1, quant_atual = quant_atual - 1 where id = 470; 
update estoque_total set total = total - 1 where medicamento_id = 470; 
insert into itens_venda values (default, 1434, 496, 496, 2, 0.10, 14.64); 
update estoque set quant_venda = quant_venda + 2, quant_atual = quant_atual - 2 where id = 496; 
update estoque_total set total = total - 2 where medicamento_id = 496; 

insert into venda values (1435, '2023-06-16 10:53:15', 258.32, null, 25); 
insert into itens_venda values (default, 1435, 333, 333, 1, 1.20, 119.85); 
update estoque set quant_venda = quant_venda + 1, quant_atual = quant_atual - 1 where id = 333; 
update estoque_total set total = total - 1 where medicamento_id = 333; 
insert into itens_venda values (default, 1435, 425, 425, 2, 0.70, 71.70); 
update estoque set quant_venda = quant_venda + 2, quant_atual = quant_atual - 2 where id = 425; 
update estoque_total set total = total - 2 where medicamento_id = 425; 
insert into itens_venda values (default, 1435, 420, 420, 1, 0.00, 66.77); 
update estoque set quant_venda = quant_venda + 1, quant_atual = quant_atual - 1 where id = 420; 
update estoque_total set total = total - 1 where medicamento_id = 420; 

insert into venda values (1436, '2023-06-16 11:19:32', 188.30, null, 23); 
insert into itens_venda values (default, 1436, 460, 460, 1, 1.50, 36.16); 
update estoque set quant_venda = quant_venda + 1, quant_atual = quant_atual - 1 where id = 460; 
update estoque_total set total = total - 1 where medicamento_id = 460; 
insert into itens_venda values (default, 1436, 260, 260, 2, 0.00, 152.14); 
update estoque set quant_venda = quant_venda + 2, quant_atual = quant_atual - 2 where id = 260; 
update estoque_total set total = total - 2 where medicamento_id = 260; 

insert into venda values (1437, '2023-06-16 12:33:14', 51.56, null, null); 
insert into itens_venda values (default, 1437, 447, 447, 2, 1.50, 51.56); 
update estoque set quant_venda = quant_venda + 2, quant_atual = quant_atual - 2 where id = 447; 
update estoque_total set total = total - 2 where medicamento_id = 447; 

insert into venda values (1438, '2023-06-16 12:34:46', 33.90, null, null); 
insert into itens_venda values (default, 1438, 299, 299, 1, 0.30, 33.90); 
update estoque set quant_venda = quant_venda + 1, quant_atual = quant_atual - 1 where id = 299; 
update estoque_total set total = total - 1 where medicamento_id = 299; 

insert into venda values (1439, '2023-06-16 13:55:12', 89.68, null, 23); 
insert into itens_venda values (default, 1439, 359, 359, 1, 0.90, 89.68); 
update estoque set quant_venda = quant_venda + 1, quant_atual = quant_atual - 1 where id = 359; 
update estoque_total set total = total - 1 where medicamento_id = 359; 

insert into venda values (1440, '2023-06-17 06:19:41', 74.44, null, null); 
insert into itens_venda values (default, 1440, 378, 378, 2, 0.70, 74.44); 
update estoque set quant_venda = quant_venda + 2, quant_atual = quant_atual - 2 where id = 378; 
update estoque_total set total = total - 2 where medicamento_id = 378; 

insert into venda values (1441, '2023-06-17 07:15:39', 95.95, null, 23); 
insert into itens_venda values (default, 1441, 503, 503, 1, 0.10, 3.57); 
update estoque set quant_venda = quant_venda + 1, quant_atual = quant_atual - 1 where id = 503; 
update estoque_total set total = total - 1 where medicamento_id = 503; 
insert into itens_venda values (default, 1441, 185, 185, 1, 0.20, 24.70); 
update estoque set quant_venda = quant_venda + 1, quant_atual = quant_atual - 1 where id = 185; 
update estoque_total set total = total - 1 where medicamento_id = 185; 
insert into itens_venda values (default, 1441, 505, 505, 2, 0.00, 67.68); 
update estoque set quant_venda = quant_venda + 2, quant_atual = quant_atual - 2 where id = 505; 
update estoque_total set total = total - 2 where medicamento_id = 505; 

insert into venda values (1442, '2023-06-17 08:05:21', 200.46, null, null); 
insert into itens_venda values (default, 1442, 320, 320, 1, 8.30, 200.46); 
update estoque set quant_venda = quant_venda + 1, quant_atual = quant_atual - 1 where id = 320; 
update estoque_total set total = total - 1 where medicamento_id = 320; 

insert into venda values (1443, '2023-06-17 08:23:46', 150.03, null, 22); 
insert into itens_venda values (default, 1443, 153, 153, 1, 0.00, 81.81); 
update estoque set quant_venda = quant_venda + 1, quant_atual = quant_atual - 1 where id = 153; 
update estoque_total set total = total - 1 where medicamento_id = 153; 
insert into itens_venda values (default, 1443, 486, 486, 3, 0.00, 32.82); 
update estoque set quant_venda = quant_venda + 3, quant_atual = quant_atual - 3 where id = 486; 
update estoque_total set total = total - 3 where medicamento_id = 486; 
insert into itens_venda values (default, 1443, 276, 276, 1, 0.70, 35.40); 
update estoque set quant_venda = quant_venda + 1, quant_atual = quant_atual - 1 where id = 276; 
update estoque_total set total = total - 1 where medicamento_id = 276; 

insert into venda values (1444, '2023-06-17 09:38:10', 32.14, null, null); 
insert into itens_venda values (default, 1444, 482, 482, 2, 0.60, 32.14); 
update estoque set quant_venda = quant_venda + 2, quant_atual = quant_atual - 2 where id = 482; 
update estoque_total set total = total - 2 where medicamento_id = 482; 

insert into venda values (1445, '2023-06-17 10:01:47', 323.71, null, null); 
insert into itens_venda values (default, 1445, 270, 270, 1, 6.60, 323.71); 
update estoque set quant_venda = quant_venda + 1, quant_atual = quant_atual - 1 where id = 270; 
update estoque_total set total = total - 1 where medicamento_id = 270; 

insert into venda values (1446, '2023-06-17 10:17:52', 142.16, null, null); 
insert into itens_venda values (default, 1446, 360, 360, 1, 5.90, 142.16); 
update estoque set quant_venda = quant_venda + 1, quant_atual = quant_atual - 1 where id = 360; 
update estoque_total set total = total - 1 where medicamento_id = 360; 

insert into venda values (1447, '2023-06-17 10:52:20', 38.38, null, null); 
insert into itens_venda values (default, 1447, 453, 453, 2, 0.30, 12.70); 
update estoque set quant_venda = quant_venda + 2, quant_atual = quant_atual - 2 where id = 453; 
update estoque_total set total = total - 2 where medicamento_id = 453; 
insert into itens_venda values (default, 1447, 481, 481, 2, 1.00, 25.68); 
update estoque set quant_venda = quant_venda + 2, quant_atual = quant_atual - 2 where id = 481; 
update estoque_total set total = total - 2 where medicamento_id = 481; 

insert into venda values (1448, '2023-06-17 11:23:48', 208.62, null, 23); 
insert into itens_venda values (default, 1448, 357, 357, 2, 2.40, 121.36); 
update estoque set quant_venda = quant_venda + 2, quant_atual = quant_atual - 2 where id = 357; 
update estoque_total set total = total - 2 where medicamento_id = 357; 
insert into itens_venda values (default, 1448, 484, 484, 3, 0.90, 48.66); 
update estoque set quant_venda = quant_venda + 3, quant_atual = quant_atual - 3 where id = 484; 
update estoque_total set total = total - 3 where medicamento_id = 484; 
insert into itens_venda values (default, 1448, 475, 475, 2, 1.60, 38.60); 
update estoque set quant_venda = quant_venda + 2, quant_atual = quant_atual - 2 where id = 475; 
update estoque_total set total = total - 2 where medicamento_id = 475; 

insert into venda values (1449, '2023-06-17 12:14:06', 172.29, 8, null); 
insert into itens_venda values (default, 1449, 346, 346, 2, 5.30, 84.56); 
update estoque set quant_venda = quant_venda + 2, quant_atual = quant_atual - 2 where id = 346; 
update estoque_total set total = total - 2 where medicamento_id = 346; 
insert into itens_venda values (default, 1449, 430, 430, 1, 0.90, 23.81); 
update estoque set quant_venda = quant_venda + 1, quant_atual = quant_atual - 1 where id = 430; 
update estoque_total set total = total - 1 where medicamento_id = 430; 
insert into itens_venda values (default, 1449, 183, 183, 2, 3.30, 63.92); 
update estoque set quant_venda = quant_venda + 2, quant_atual = quant_atual - 2 where id = 183; 
update estoque_total set total = total - 2 where medicamento_id = 183; 

insert into venda values (1450, '2023-06-17 12:40:30', 120.98, null, 25); 
insert into itens_venda values (default, 1450, 285, 285, 1, 1.20, 120.98); 
update estoque set quant_venda = quant_venda + 1, quant_atual = quant_atual - 1 where id = 285; 
update estoque_total set total = total - 1 where medicamento_id = 285; 

insert into venda values (1451, '2023-06-18 06:18:48', 202.08, null, null); 
insert into itens_venda values (default, 1451, 395, 395, 2, 2.40, 80.14); 
update estoque set quant_venda = quant_venda + 2, quant_atual = quant_atual - 2 where id = 395; 
update estoque_total set total = total - 2 where medicamento_id = 395; 
insert into itens_venda values (default, 1451, 472, 472, 3, 0.80, 87.16); 
update estoque set quant_venda = quant_venda + 3, quant_atual = quant_atual - 3 where id = 472; 
update estoque_total set total = total - 3 where medicamento_id = 472; 
insert into itens_venda values (default, 1451, 471, 471, 2, 1.00, 34.78); 
update estoque set quant_venda = quant_venda + 2, quant_atual = quant_atual - 2 where id = 471; 
update estoque_total set total = total - 2 where medicamento_id = 471; 

insert into venda values (1452, '2023-06-18 07:23:53', 259.42, null, 23); 
insert into itens_venda values (default, 1452, 433, 433, 2, 0.50, 53.80); 
update estoque set quant_venda = quant_venda + 2, quant_atual = quant_atual - 2 where id = 433; 
update estoque_total set total = total - 2 where medicamento_id = 433; 
insert into itens_venda values (default, 1452, 219, 219, 1, 0.00, 92.76); 
update estoque set quant_venda = quant_venda + 1, quant_atual = quant_atual - 1 where id = 219; 
update estoque_total set total = total - 1 where medicamento_id = 219; 
insert into itens_venda values (default, 1452, 325, 325, 2, 1.10, 112.86); 
update estoque set quant_venda = quant_venda + 2, quant_atual = quant_atual - 2 where id = 325; 
update estoque_total set total = total - 2 where medicamento_id = 325; 

insert into venda values (1453, '2023-06-18 08:35:23', 219.20, null, null); 
insert into itens_venda values (default, 1453, 316, 316, 1, 5.30, 174.20); 
update estoque set quant_venda = quant_venda + 1, quant_atual = quant_atual - 1 where id = 316; 
update estoque_total set total = total - 1 where medicamento_id = 316; 
insert into itens_venda values (default, 1453, 443, 443, 2, 1.80, 45.00); 
update estoque set quant_venda = quant_venda + 2, quant_atual = quant_atual - 2 where id = 443; 
update estoque_total set total = total - 2 where medicamento_id = 443; 

insert into venda values (1454, '2023-06-18 09:54:19', 95.56, null, null); 
insert into itens_venda values (default, 1454, 488, 488, 2, 2.90, 95.56); 
update estoque set quant_venda = quant_venda + 2, quant_atual = quant_atual - 2 where id = 488; 
update estoque_total set total = total - 2 where medicamento_id = 488; 

insert into venda values (1455, '2023-06-18 10:35:34', 241.95, 14, null); 
insert into itens_venda values (default, 1455, 421, 421, 2, 1.40, 16.98); 
update estoque set quant_venda = quant_venda + 2, quant_atual = quant_atual - 2 where id = 421; 
update estoque_total set total = total - 2 where medicamento_id = 421; 
insert into itens_venda values (default, 1455, 209, 209, 2, 4.60, 87.44); 
update estoque set quant_venda = quant_venda + 2, quant_atual = quant_atual - 2 where id = 209; 
update estoque_total set total = total - 2 where medicamento_id = 209; 
insert into itens_venda values (default, 1455, 371, 371, 1, 0.00, 137.53); 
update estoque set quant_venda = quant_venda + 1, quant_atual = quant_atual - 1 where id = 371; 
update estoque_total set total = total - 1 where medicamento_id = 371; 

insert into venda values (1456, '2023-06-18 10:37:08', 117.27, null, null); 
insert into itens_venda values (default, 1456, 174, 174, 1, 3.60, 117.27); 
update estoque set quant_venda = quant_venda + 1, quant_atual = quant_atual - 1 where id = 174; 
update estoque_total set total = total - 1 where medicamento_id = 174; 

insert into venda values (1457, '2023-06-18 11:43:31', 125.52, null, null); 
insert into itens_venda values (default, 1457, 44, 44, 1, 5.20, 125.52); 
update estoque set quant_venda = quant_venda + 1, quant_atual = quant_atual - 1 where id = 44; 
update estoque_total set total = total - 1 where medicamento_id = 44; 

insert into venda values (1458, '2023-06-18 11:47:02', 381.24, 4, 24); 
insert into itens_venda values (default, 1458, 4, 4, 1, 20.00, 381.24); 
update estoque set quant_venda = quant_venda + 1, quant_atual = quant_atual - 1 where id = 4; 
update estoque_total set total = total - 1 where medicamento_id = 4; 

insert into venda values (1459, '2023-06-18 12:09:05', 19.00, 20, null); 
insert into itens_venda values (default, 1459, 453, 453, 3, 0.50, 19.00); 
update estoque set quant_venda = quant_venda + 3, quant_atual = quant_atual - 3 where id = 453; 
update estoque_total set total = total - 3 where medicamento_id = 453; 

insert into venda values (1460, '2023-06-18 12:57:10', 141.68, null, null); 
insert into itens_venda values (default, 1460, 313, 313, 1, 0.00, 41.54); 
update estoque set quant_venda = quant_venda + 1, quant_atual = quant_atual - 1 where id = 313; 
update estoque_total set total = total - 1 where medicamento_id = 313; 
insert into itens_venda values (default, 1460, 156, 156, 1, 0.00, 100.14); 
update estoque set quant_venda = quant_venda + 1, quant_atual = quant_atual - 1 where id = 156; 
update estoque_total set total = total - 1 where medicamento_id = 156; 

insert into venda values (1461, '2023-06-18 14:01:24', 21.40, null, null); 
insert into itens_venda values (default, 1461, 424, 424, 2, 0.60, 21.40); 
update estoque set quant_venda = quant_venda + 2, quant_atual = quant_atual - 2 where id = 424; 
update estoque_total set total = total - 2 where medicamento_id = 424; 

insert into venda values (1462, '2023-06-19 08:41:53', 61.10, 8, null); 
insert into itens_venda values (default, 1462, 377, 377, 1, 0.10, 16.63); 
update estoque set quant_venda = quant_venda + 1, quant_atual = quant_atual - 1 where id = 377; 
update estoque_total set total = total - 1 where medicamento_id = 377; 
insert into itens_venda values (default, 1462, 485, 485, 1, 0.90, 15.19); 
update estoque set quant_venda = quant_venda + 1, quant_atual = quant_atual - 1 where id = 485; 
update estoque_total set total = total - 1 where medicamento_id = 485; 
insert into itens_venda values (default, 1462, 417, 417, 2, 0.20, 29.28); 
update estoque set quant_venda = quant_venda + 2, quant_atual = quant_atual - 2 where id = 417; 
update estoque_total set total = total - 2 where medicamento_id = 417; 

insert into venda values (1463, '2023-06-19 08:46:18', 253.29, 18, null); 
insert into itens_venda values (default, 1463, 413, 413, 2, 1.80, 178.64); 
update estoque set quant_venda = quant_venda + 2, quant_atual = quant_atual - 2 where id = 413; 
update estoque_total set total = total - 2 where medicamento_id = 413; 
insert into itens_venda values (default, 1463, 312, 312, 3, 4.70, 74.65); 
update estoque set quant_venda = quant_venda + 3, quant_atual = quant_atual - 3 where id = 312; 
update estoque_total set total = total - 3 where medicamento_id = 312; 

insert into venda values (1464, '2023-06-19 11:17:34', 80.82, 3, null); 
insert into itens_venda values (default, 1464, 227, 227, 3, 0.40, 7.70); 
update estoque set quant_venda = quant_venda + 3, quant_atual = quant_atual - 3 where id = 227; 
update estoque_total set total = total - 3 where medicamento_id = 227; 
insert into itens_venda values (default, 1464, 456, 456, 2, 3.80, 73.12); 
update estoque set quant_venda = quant_venda + 2, quant_atual = quant_atual - 2 where id = 456; 
update estoque_total set total = total - 2 where medicamento_id = 456; 

insert into venda values (1465, '2023-06-19 11:19:29', 247.50, null, null); 
insert into itens_venda values (default, 1465, 300, 300, 1, 2.50, 247.50); 
update estoque set quant_venda = quant_venda + 1, quant_atual = quant_atual - 1 where id = 300; 
update estoque_total set total = total - 1 where medicamento_id = 300; 

insert into venda values (1466, '2023-06-20 06:23:56', 274.47, 2, 21); 
insert into itens_venda values (default, 1466, 37, 37, 1, 0.00, 274.47); 
update estoque set quant_venda = quant_venda + 1, quant_atual = quant_atual - 1 where id = 37; 
update estoque_total set total = total - 1 where medicamento_id = 37; 

insert into venda values (1467, '2023-06-20 06:56:17', 336.18, 5, 22); 
insert into itens_venda values (default, 1467, 454, 454, 2, 5.30, 172.66); 
update estoque set quant_venda = quant_venda + 2, quant_atual = quant_atual - 2 where id = 454; 
update estoque_total set total = total - 2 where medicamento_id = 454; 
insert into itens_venda values (default, 1467, 469, 469, 1, 0.40, 47.48); 
update estoque set quant_venda = quant_venda + 1, quant_atual = quant_atual - 1 where id = 469; 
update estoque_total set total = total - 1 where medicamento_id = 469; 
insert into itens_venda values (default, 1467, 310, 310, 1, 7.40, 116.04); 
update estoque set quant_venda = quant_venda + 1, quant_atual = quant_atual - 1 where id = 310; 
update estoque_total set total = total - 1 where medicamento_id = 310; 

insert into venda values (1468, '2023-06-20 07:13:58', 165.15, 4, null); 
insert into itens_venda values (default, 1468, 452, 452, 1, 0.00, 59.67); 
update estoque set quant_venda = quant_venda + 1, quant_atual = quant_atual - 1 where id = 452; 
update estoque_total set total = total - 1 where medicamento_id = 452; 
insert into itens_venda values (default, 1468, 291, 291, 2, 1.80, 23.92); 
update estoque set quant_venda = quant_venda + 2, quant_atual = quant_atual - 2 where id = 291; 
update estoque_total set total = total - 2 where medicamento_id = 291; 
insert into itens_venda values (default, 1468, 279, 279, 3, 7.00, 81.56); 
update estoque set quant_venda = quant_venda + 3, quant_atual = quant_atual - 3 where id = 279; 
update estoque_total set total = total - 3 where medicamento_id = 279; 

insert into venda values (1469, '2023-06-20 07:14:47', 39.41, null, null); 
insert into itens_venda values (default, 1469, 440, 440, 1, 0.00, 39.41); 
update estoque set quant_venda = quant_venda + 1, quant_atual = quant_atual - 1 where id = 440; 
update estoque_total set total = total - 1 where medicamento_id = 440; 

insert into venda values (1470, '2023-06-20 08:00:10', 131.22, null, null); 
insert into itens_venda values (default, 1470, 389, 389, 1, 0.60, 31.80); 
update estoque set quant_venda = quant_venda + 1, quant_atual = quant_atual - 1 where id = 389; 
update estoque_total set total = total - 1 where medicamento_id = 389; 
insert into itens_venda values (default, 1470, 483, 483, 2, 1.00, 99.42); 
update estoque set quant_venda = quant_venda + 2, quant_atual = quant_atual - 2 where id = 483; 
update estoque_total set total = total - 2 where medicamento_id = 483; 

insert into venda values (1471, '2023-06-20 08:29:56', 61.17, 19, null); 
insert into itens_venda values (default, 1471, 409, 409, 1, 2.20, 22.25); 
update estoque set quant_venda = quant_venda + 1, quant_atual = quant_atual - 1 where id = 409; 
update estoque_total set total = total - 1 where medicamento_id = 409; 
insert into itens_venda values (default, 1471, 375, 375, 2, 0.70, 38.92); 
update estoque set quant_venda = quant_venda + 2, quant_atual = quant_atual - 2 where id = 375; 
update estoque_total set total = total - 2 where medicamento_id = 375; 

insert into venda values (1472, '2023-06-20 09:34:37', 567.70, null, 25); 
insert into itens_venda values (default, 1472, 4, 4, 1, 8.00, 393.24); 
update estoque set quant_venda = quant_venda + 1, quant_atual = quant_atual - 1 where id = 4; 
update estoque_total set total = total - 1 where medicamento_id = 4; 
insert into itens_venda values (default, 1472, 454, 454, 2, 3.50, 174.46); 
update estoque set quant_venda = quant_venda + 2, quant_atual = quant_atual - 2 where id = 454; 
update estoque_total set total = total - 2 where medicamento_id = 454; 

insert into venda values (1473, '2023-06-20 10:19:17', 156.92, 6, null); 
insert into itens_venda values (default, 1473, 424, 424, 3, 0.00, 33.00); 
update estoque set quant_venda = quant_venda + 3, quant_atual = quant_atual - 3 where id = 424; 
update estoque_total set total = total - 3 where medicamento_id = 424; 
insert into itens_venda values (default, 1473, 446, 446, 1, 7.90, 123.92); 
update estoque set quant_venda = quant_venda + 1, quant_atual = quant_atual - 1 where id = 446; 
update estoque_total set total = total - 1 where medicamento_id = 446; 

insert into venda values (1474, '2023-06-20 11:02:22', 95.42, 13, null); 
insert into itens_venda values (default, 1474, 483, 483, 2, 5.00, 95.42); 
update estoque set quant_venda = quant_venda + 2, quant_atual = quant_atual - 2 where id = 483; 
update estoque_total set total = total - 2 where medicamento_id = 483; 

insert into venda values (1475, '2023-06-21 06:02:23', 188.98, null, null); 
insert into itens_venda values (default, 1475, 132, 132, 2, 0.00, 98.68); 
update estoque set quant_venda = quant_venda + 2, quant_atual = quant_atual - 2 where id = 132; 
update estoque_total set total = total - 2 where medicamento_id = 132; 
insert into itens_venda values (default, 1475, 405, 405, 2, 0.00, 72.02); 
update estoque set quant_venda = quant_venda + 2, quant_atual = quant_atual - 2 where id = 405; 
update estoque_total set total = total - 2 where medicamento_id = 405; 
insert into itens_venda values (default, 1475, 421, 421, 2, 0.10, 18.28); 
update estoque set quant_venda = quant_venda + 2, quant_atual = quant_atual - 2 where id = 421; 
update estoque_total set total = total - 2 where medicamento_id = 421; 

insert into venda values (1476, '2023-06-21 08:08:54', 321.51, 17, 21); 
insert into itens_venda values (default, 1476, 203, 203, 1, 22.40, 257.95); 
update estoque set quant_venda = quant_venda + 1, quant_atual = quant_atual - 1 where id = 203; 
update estoque_total set total = total - 1 where medicamento_id = 203; 
insert into itens_venda values (default, 1476, 448, 448, 2, 1.30, 31.68); 
update estoque set quant_venda = quant_venda + 2, quant_atual = quant_atual - 2 where id = 448; 
update estoque_total set total = total - 2 where medicamento_id = 448; 
insert into itens_venda values (default, 1476, 315, 315, 1, 2.00, 31.88); 
update estoque set quant_venda = quant_venda + 1, quant_atual = quant_atual - 1 where id = 315; 
update estoque_total set total = total - 1 where medicamento_id = 315; 

insert into venda values (1477, '2023-06-22 07:01:04', 93.68, null, null); 
insert into itens_venda values (default, 1477, 295, 295, 1, 3.90, 93.68); 
update estoque set quant_venda = quant_venda + 1, quant_atual = quant_atual - 1 where id = 295; 
update estoque_total set total = total - 1 where medicamento_id = 295; 

insert into venda values (1478, '2023-06-22 07:41:32', 264.88, null, 22); 
insert into itens_venda values (default, 1478, 115, 115, 1, 8.10, 264.88); 
update estoque set quant_venda = quant_venda + 1, quant_atual = quant_atual - 1 where id = 115; 
update estoque_total set total = total - 1 where medicamento_id = 115; 

insert into venda values (1479, '2023-06-23 06:14:05', 154.73, null, null); 
insert into itens_venda values (default, 1479, 262, 262, 3, 1.20, 63.33); 
update estoque set quant_venda = quant_venda + 3, quant_atual = quant_atual - 3 where id = 262; 
update estoque_total set total = total - 3 where medicamento_id = 262; 
insert into itens_venda values (default, 1479, 72, 72, 2, 0.70, 35.80); 
update estoque set quant_venda = quant_venda + 2, quant_atual = quant_atual - 2 where id = 72; 
update estoque_total set total = total - 2 where medicamento_id = 72; 
insert into estoque values (default, 72, 'lote 772046', '2023-06-23', '2024-09-15', 13.2, 10, 0, 10); 
update estoque_total set total = total + 10 where medicamento_id = 72; 
insert into itens_venda values (default, 1479, 129, 129, 1, 1.70, 55.60); 
update estoque set quant_venda = quant_venda + 1, quant_atual = quant_atual - 1 where id = 129; 
update estoque_total set total = total - 1 where medicamento_id = 129; 

insert into venda values (1480, '2023-06-23 06:48:57', 60.03, null, null); 
insert into itens_venda values (default, 1480, 334, 334, 1, 2.50, 60.03); 
update estoque set quant_venda = quant_venda + 1, quant_atual = quant_atual - 1 where id = 334; 
update estoque_total set total = total - 1 where medicamento_id = 334; 

insert into venda values (1481, '2023-06-23 07:22:27', 117.84, null, null); 
insert into itens_venda values (default, 1481, 468, 468, 2, 1.10, 117.84); 
update estoque set quant_venda = quant_venda + 2, quant_atual = quant_atual - 2 where id = 468; 
update estoque_total set total = total - 2 where medicamento_id = 468; 

insert into venda values (1482, '2023-06-23 07:56:45', 75.20, null, null); 
insert into itens_venda values (default, 1482, 497, 497, 2, 0.00, 75.20); 
update estoque set quant_venda = quant_venda + 2, quant_atual = quant_atual - 2 where id = 497; 
update estoque_total set total = total - 2 where medicamento_id = 497; 

insert into venda values (1483, '2023-06-23 08:47:06', 244.27, 9, null); 
insert into itens_venda values (default, 1483, 126, 126, 2, 5.60, 182.38); 
update estoque set quant_venda = quant_venda + 2, quant_atual = quant_atual - 2 where id = 126; 
update estoque_total set total = total - 2 where medicamento_id = 126; 
insert into itens_venda values (default, 1483, 445, 445, 1, 0.90, 17.31); 
update estoque set quant_venda = quant_venda + 1, quant_atual = quant_atual - 1 where id = 445; 
update estoque_total set total = total - 1 where medicamento_id = 445; 
insert into itens_venda values (default, 1483, 474, 474, 3, 0.00, 44.58); 
update estoque set quant_venda = quant_venda + 3, quant_atual = quant_atual - 3 where id = 474; 
update estoque_total set total = total - 3 where medicamento_id = 474; 

insert into venda values (1484, '2023-06-23 09:52:21', 126.74, null, null); 
insert into itens_venda values (default, 1484, 491, 491, 1, 0.00, 56.45); 
update estoque set quant_venda = quant_venda + 1, quant_atual = quant_atual - 1 where id = 491; 
update estoque_total set total = total - 1 where medicamento_id = 491; 
insert into itens_venda values (default, 1484, 485, 485, 2, 1.20, 30.98); 
update estoque set quant_venda = quant_venda + 2, quant_atual = quant_atual - 2 where id = 485; 
update estoque_total set total = total - 2 where medicamento_id = 485; 
insert into itens_venda values (default, 1484, 198, 198, 1, 1.60, 39.31); 
update estoque set quant_venda = quant_venda + 1, quant_atual = quant_atual - 1 where id = 198; 
update estoque_total set total = total - 1 where medicamento_id = 198; 

insert into venda values (1485, '2023-06-23 10:18:49', 38.07, null, null); 
insert into itens_venda values (default, 1485, 499, 499, 1, 0.70, 38.07); 
update estoque set quant_venda = quant_venda + 1, quant_atual = quant_atual - 1 where id = 499; 
update estoque_total set total = total - 1 where medicamento_id = 499; 

insert into venda values (1486, '2023-06-23 11:11:42', 267.49, 9, null); 
insert into itens_venda values (default, 1486, 461, 461, 3, 0.00, 55.77); 
update estoque set quant_venda = quant_venda + 3, quant_atual = quant_atual - 3 where id = 461; 
update estoque_total set total = total - 3 where medicamento_id = 461; 
insert into itens_venda values (default, 1486, 487, 487, 1, 11.20, 176.83); 
update estoque set quant_venda = quant_venda + 1, quant_atual = quant_atual - 1 where id = 487; 
update estoque_total set total = total - 1 where medicamento_id = 487; 
insert into itens_venda values (default, 1486, 479, 479, 1, 1.80, 34.89); 
update estoque set quant_venda = quant_venda + 1, quant_atual = quant_atual - 1 where id = 479; 
update estoque_total set total = total - 1 where medicamento_id = 479; 

insert into venda values (1487, '2023-06-23 11:17:34', 360.02, 14, 22); 
insert into itens_venda values (default, 1487, 487, 487, 1, 11.20, 176.83); 
update estoque set quant_venda = quant_venda + 1, quant_atual = quant_atual - 1 where id = 487; 
update estoque_total set total = total - 1 where medicamento_id = 487; 
insert into itens_venda values (default, 1487, 145, 145, 1, 2.50, 124.77); 
update estoque set quant_venda = quant_venda + 1, quant_atual = quant_atual - 1 where id = 145; 
update estoque_total set total = total - 1 where medicamento_id = 145; 
insert into itens_venda values (default, 1487, 449, 449, 3, 0.50, 58.42); 
update estoque set quant_venda = quant_venda + 3, quant_atual = quant_atual - 3 where id = 449; 
update estoque_total set total = total - 3 where medicamento_id = 449; 

insert into venda values (1488, '2023-06-24 06:10:08', 71.34, null, null); 
insert into itens_venda values (default, 1488, 363, 363, 1, 0.70, 71.34); 
update estoque set quant_venda = quant_venda + 1, quant_atual = quant_atual - 1 where id = 363; 
update estoque_total set total = total - 1 where medicamento_id = 363; 

insert into venda values (1489, '2023-06-24 06:33:05', 102.85, 17, null); 
insert into itens_venda values (default, 1489, 154, 154, 1, 4.10, 64.55); 
update estoque set quant_venda = quant_venda + 1, quant_atual = quant_atual - 1 where id = 154; 
update estoque_total set total = total - 1 where medicamento_id = 154; 
insert into itens_venda values (default, 1489, 309, 309, 3, 3.70, 38.30); 
update estoque set quant_venda = quant_venda + 3, quant_atual = quant_atual - 3 where id = 309; 
update estoque_total set total = total - 3 where medicamento_id = 309; 

insert into venda values (1490, '2023-06-24 07:06:04', 280.62, null, null); 
insert into itens_venda values (default, 1490, 491, 491, 2, 0.00, 112.90); 
update estoque set quant_venda = quant_venda + 2, quant_atual = quant_atual - 2 where id = 491; 
update estoque_total set total = total - 2 where medicamento_id = 491; 
insert into itens_venda values (default, 1490, 471, 471, 2, 0.30, 35.48); 
update estoque set quant_venda = quant_venda + 2, quant_atual = quant_atual - 2 where id = 471; 
update estoque_total set total = total - 2 where medicamento_id = 471; 
insert into itens_venda values (default, 1490, 420, 420, 2, 1.30, 132.24); 
update estoque set quant_venda = quant_venda + 2, quant_atual = quant_atual - 2 where id = 420; 
update estoque_total set total = total - 2 where medicamento_id = 420; 

insert into venda values (1491, '2023-06-24 08:26:24', 389.51, null, 24); 
insert into itens_venda values (default, 1491, 128, 128, 1, 3.10, 75.84); 
update estoque set quant_venda = quant_venda + 1, quant_atual = quant_atual - 1 where id = 128; 
update estoque_total set total = total - 1 where medicamento_id = 128; 
insert into itens_venda values (default, 1491, 94, 94, 1, 6.30, 313.67); 
update estoque set quant_venda = quant_venda + 1, quant_atual = quant_atual - 1 where id = 94; 
update estoque_total set total = total - 1 where medicamento_id = 94; 

insert into venda values (1492, '2023-06-24 09:27:35', 50.11, null, null); 
insert into itens_venda values (default, 1492, 402, 402, 3, 0.50, 50.11); 
update estoque set quant_venda = quant_venda + 3, quant_atual = quant_atual - 3 where id = 402; 
update estoque_total set total = total - 3 where medicamento_id = 402; 

insert into venda values (1493, '2023-06-24 09:50:17', 176.66, 18, null); 
insert into itens_venda values (default, 1493, 480, 480, 1, 0.90, 30.64); 
update estoque set quant_venda = quant_venda + 1, quant_atual = quant_atual - 1 where id = 480; 
update estoque_total set total = total - 1 where medicamento_id = 480; 
insert into itens_venda values (default, 1493, 415, 415, 1, 7.60, 146.02); 
update estoque set quant_venda = quant_venda + 1, quant_atual = quant_atual - 1 where id = 415; 
update estoque_total set total = total - 1 where medicamento_id = 415; 

insert into venda values (1494, '2023-06-24 11:11:02', 219.12, null, null); 
insert into itens_venda values (default, 1494, 167, 167, 1, 0.00, 219.12); 
update estoque set quant_venda = quant_venda + 1, quant_atual = quant_atual - 1 where id = 167; 
update estoque_total set total = total - 1 where medicamento_id = 167; 

insert into venda values (1495, '2023-06-24 11:18:17', 119.14, 18, 23); 
insert into itens_venda values (default, 1495, 504, 504, 2, 0.10, 13.40); 
update estoque set quant_venda = quant_venda + 2, quant_atual = quant_atual - 2 where id = 504; 
update estoque_total set total = total - 2 where medicamento_id = 504; 
insert into itens_venda values (default, 1495, 315, 315, 2, 5.40, 62.36); 
update estoque set quant_venda = quant_venda + 2, quant_atual = quant_atual - 2 where id = 315; 
update estoque_total set total = total - 2 where medicamento_id = 315; 
insert into itens_venda values (default, 1495, 136, 136, 1, 2.70, 43.38); 
update estoque set quant_venda = quant_venda + 1, quant_atual = quant_atual - 1 where id = 136; 
update estoque_total set total = total - 1 where medicamento_id = 136; 

insert into venda values (1496, '2023-06-24 12:13:22', 75.42, null, null); 
insert into itens_venda values (default, 1496, 456, 456, 2, 1.50, 75.42); 
update estoque set quant_venda = quant_venda + 2, quant_atual = quant_atual - 2 where id = 456; 
update estoque_total set total = total - 2 where medicamento_id = 456; 

insert into venda values (1497, '2023-06-24 13:02:28', 88.35, null, null); 
insert into itens_venda values (default, 1497, 250, 250, 1, 0.00, 88.35); 
update estoque set quant_venda = quant_venda + 1, quant_atual = quant_atual - 1 where id = 250; 
update estoque_total set total = total - 1 where medicamento_id = 250; 

insert into venda values (1498, '2023-06-24 13:48:59', 345.64, null, null); 
insert into itens_venda values (default, 1498, 435, 435, 2, 0.00, 196.04); 
update estoque set quant_venda = quant_venda + 2, quant_atual = quant_atual - 2 where id = 435; 
update estoque_total set total = total - 2 where medicamento_id = 435; 
insert into itens_venda values (default, 1498, 199, 199, 2, 1.70, 84.62); 
update estoque set quant_venda = quant_venda + 2, quant_atual = quant_atual - 2 where id = 199; 
update estoque_total set total = total - 2 where medicamento_id = 199; 
insert into itens_venda values (default, 1498, 505, 505, 2, 2.70, 64.98); 
update estoque set quant_venda = quant_venda + 2, quant_atual = quant_atual - 2 where id = 505; 
update estoque_total set total = total - 2 where medicamento_id = 505; 

insert into venda values (1499, '2023-06-25 06:56:33', 65.67, 15, null); 
insert into itens_venda values (default, 1499, 264, 264, 1, 3.40, 45.76); 
update estoque set quant_venda = quant_venda + 1, quant_atual = quant_atual - 1 where id = 264; 
update estoque_total set total = total - 1 where medicamento_id = 264; 
insert into itens_venda values (default, 1499, 502, 502, 1, 1.90, 19.91); 
update estoque set quant_venda = quant_venda + 1, quant_atual = quant_atual - 1 where id = 502; 
update estoque_total set total = total - 1 where medicamento_id = 502; 

insert into venda values (1500, '2023-06-25 07:27:59', 108.58, null, null); 
insert into itens_venda values (default, 1500, 442, 442, 2, 0.40, 45.68); 
update estoque set quant_venda = quant_venda + 2, quant_atual = quant_atual - 2 where id = 442; 
update estoque_total set total = total - 2 where medicamento_id = 442; 
insert into itens_venda values (default, 1500, 376, 376, 3, 1.30, 43.40); 
update estoque set quant_venda = quant_venda + 3, quant_atual = quant_atual - 3 where id = 376; 
update estoque_total set total = total - 3 where medicamento_id = 376; 
insert into itens_venda values (default, 1500, 453, 453, 3, 0.00, 19.50); 
update estoque set quant_venda = quant_venda + 3, quant_atual = quant_atual - 3 where id = 453; 
update estoque_total set total = total - 3 where medicamento_id = 453; 

insert into venda values (1501, '2023-06-25 08:09:06', 80.55, 2, 21); 
insert into itens_venda values (default, 1501, 113, 113, 1, 2.30, 26.86); 
update estoque set quant_venda = quant_venda + 1, quant_atual = quant_atual - 1 where id = 113; 
update estoque_total set total = total - 1 where medicamento_id = 113; 
insert into itens_venda values (default, 1501, 318, 318, 1, 2.20, 53.69); 
update estoque set quant_venda = quant_venda + 1, quant_atual = quant_atual - 1 where id = 318; 
update estoque_total set total = total - 1 where medicamento_id = 318; 

insert into venda values (1502, '2023-06-25 09:11:10', 337.75, 14, 21); 
insert into itens_venda values (default, 1502, 274, 274, 2, 3.60, 68.60); 
update estoque set quant_venda = quant_venda + 2, quant_atual = quant_atual - 2 where id = 274; 
update estoque_total set total = total - 2 where medicamento_id = 274; 
insert into itens_venda values (default, 1502, 203, 203, 1, 11.20, 269.15); 
update estoque set quant_venda = quant_venda + 1, quant_atual = quant_atual - 1 where id = 203; 
update estoque_total set total = total - 1 where medicamento_id = 203; 

insert into venda values (1503, '2023-06-25 10:05:04', 448.46, null, null); 
insert into itens_venda values (default, 1503, 325, 325, 2, 3.40, 110.56); 
update estoque set quant_venda = quant_venda + 2, quant_atual = quant_atual - 2 where id = 325; 
update estoque_total set total = total - 2 where medicamento_id = 325; 
insert into itens_venda values (default, 1503, 396, 396, 1, 3.40, 337.90); 
update estoque set quant_venda = quant_venda + 1, quant_atual = quant_atual - 1 where id = 396; 
update estoque_total set total = total - 1 where medicamento_id = 396; 

insert into venda values (1504, '2023-06-25 10:13:59', 289.77, 2, null); 
insert into itens_venda values (default, 1504, 200, 200, 1, 0.00, 122.33); 
update estoque set quant_venda = quant_venda + 1, quant_atual = quant_atual - 1 where id = 200; 
update estoque_total set total = total - 1 where medicamento_id = 200; 
insert into itens_venda values (default, 1504, 275, 275, 2, 0.00, 167.44); 
update estoque set quant_venda = quant_venda + 2, quant_atual = quant_atual - 2 where id = 275; 
update estoque_total set total = total - 2 where medicamento_id = 275; 

insert into venda values (1505, '2023-06-26 06:56:09', 107.07, 15, null); 
insert into itens_venda values (default, 1505, 437, 437, 3, 6.20, 72.34); 
update estoque set quant_venda = quant_venda + 3, quant_atual = quant_atual - 3 where id = 437; 
update estoque_total set total = total - 3 where medicamento_id = 437; 
insert into itens_venda values (default, 1505, 498, 498, 1, 0.70, 34.73); 
update estoque set quant_venda = quant_venda + 1, quant_atual = quant_atual - 1 where id = 498; 
update estoque_total set total = total - 1 where medicamento_id = 498; 

insert into venda values (1506, '2023-06-26 07:39:14', 160.30, 13, null); 
insert into itens_venda values (default, 1506, 231, 231, 1, 1.80, 58.73); 
update estoque set quant_venda = quant_venda + 1, quant_atual = quant_atual - 1 where id = 231; 
update estoque_total set total = total - 1 where medicamento_id = 231; 
insert into itens_venda values (default, 1506, 495, 495, 1, 0.30, 10.38); 
update estoque set quant_venda = quant_venda + 1, quant_atual = quant_atual - 1 where id = 495; 
update estoque_total set total = total - 1 where medicamento_id = 495; 
insert into itens_venda values (default, 1506, 126, 126, 1, 2.80, 91.19); 
update estoque set quant_venda = quant_venda + 1, quant_atual = quant_atual - 1 where id = 126; 
update estoque_total set total = total - 1 where medicamento_id = 126; 

insert into venda values (1507, '2023-06-26 08:38:51', 140.51, 17, null); 
insert into itens_venda values (default, 1507, 237, 237, 1, 6.70, 128.53); 
update estoque set quant_venda = quant_venda + 1, quant_atual = quant_atual - 1 where id = 237; 
update estoque_total set total = total - 1 where medicamento_id = 237; 
insert into itens_venda values (default, 1507, 427, 427, 1, 1.00, 11.98); 
update estoque set quant_venda = quant_venda + 1, quant_atual = quant_atual - 1 where id = 427; 
update estoque_total set total = total - 1 where medicamento_id = 427; 

insert into venda values (1508, '2023-06-26 09:51:16', 199.53, null, 23); 
insert into itens_venda values (default, 1508, 356, 356, 1, 2.30, 112.76); 
update estoque set quant_venda = quant_venda + 1, quant_atual = quant_atual - 1 where id = 356; 
update estoque_total set total = total - 1 where medicamento_id = 356; 
insert into itens_venda values (default, 1508, 412, 412, 1, 1.70, 86.77); 
update estoque set quant_venda = quant_venda + 1, quant_atual = quant_atual - 1 where id = 412; 
update estoque_total set total = total - 1 where medicamento_id = 412; 

insert into venda values (1509, '2023-06-26 11:12:15', 66.47, 6, null); 
insert into itens_venda values (default, 1509, 411, 411, 1, 5.70, 66.47); 
update estoque set quant_venda = quant_venda + 1, quant_atual = quant_atual - 1 where id = 411; 
update estoque_total set total = total - 1 where medicamento_id = 411; 

insert into venda values (1510, '2023-06-26 11:53:44', 41.03, 1, null); 
insert into itens_venda values (default, 1510, 503, 503, 2, 0.10, 7.24); 
update estoque set quant_venda = quant_venda + 2, quant_atual = quant_atual - 2 where id = 503; 
update estoque_total set total = total - 2 where medicamento_id = 503; 
insert into itens_venda values (default, 1510, 479, 479, 1, 2.90, 33.79); 
update estoque set quant_venda = quant_venda + 1, quant_atual = quant_atual - 1 where id = 479; 
update estoque_total set total = total - 1 where medicamento_id = 479; 

insert into venda values (1511, '2023-06-26 12:17:58', 217.33, 5, 25); 
insert into itens_venda values (default, 1511, 374, 374, 1, 1.70, 32.41); 
update estoque set quant_venda = quant_venda + 1, quant_atual = quant_atual - 1 where id = 374; 
update estoque_total set total = total - 1 where medicamento_id = 374; 
insert into itens_venda values (default, 1511, 353, 353, 2, 6.60, 76.76); 
update estoque set quant_venda = quant_venda + 2, quant_atual = quant_atual - 2 where id = 353; 
update estoque_total set total = total - 2 where medicamento_id = 353; 
insert into itens_venda values (default, 1511, 356, 356, 1, 6.90, 108.16); 
update estoque set quant_venda = quant_venda + 1, quant_atual = quant_atual - 1 where id = 356; 
update estoque_total set total = total - 1 where medicamento_id = 356; 

insert into venda values (1512, '2023-06-26 12:41:58', 200.89, null, null); 
insert into itens_venda values (default, 1512, 488, 488, 2, 3.90, 94.56); 
update estoque set quant_venda = quant_venda + 2, quant_atual = quant_atual - 2 where id = 488; 
update estoque_total set total = total - 2 where medicamento_id = 488; 
insert into itens_venda values (default, 1512, 498, 498, 2, 2.10, 68.76); 
update estoque set quant_venda = quant_venda + 2, quant_atual = quant_atual - 2 where id = 498; 
update estoque_total set total = total - 2 where medicamento_id = 498; 
insert into itens_venda values (default, 1512, 378, 378, 1, 0.00, 37.57); 
update estoque set quant_venda = quant_venda + 1, quant_atual = quant_atual - 1 where id = 378; 
update estoque_total set total = total - 1 where medicamento_id = 378; 

insert into venda values (1513, '2023-06-26 12:44:13', 205.03, null, null); 
insert into itens_venda values (default, 1513, 332, 332, 2, 2.50, 123.58); 
update estoque set quant_venda = quant_venda + 2, quant_atual = quant_atual - 2 where id = 332; 
update estoque_total set total = total - 2 where medicamento_id = 332; 
insert into itens_venda values (default, 1513, 433, 433, 3, 0.00, 81.45); 
update estoque set quant_venda = quant_venda + 3, quant_atual = quant_atual - 3 where id = 433; 
update estoque_total set total = total - 3 where medicamento_id = 433; 

insert into venda values (1514, '2023-06-26 13:50:36', 121.19, 9, 21); 
insert into itens_venda values (default, 1514, 374, 374, 2, 6.10, 62.12); 
update estoque set quant_venda = quant_venda + 2, quant_atual = quant_atual - 2 where id = 374; 
update estoque_total set total = total - 2 where medicamento_id = 374; 
insert into itens_venda values (default, 1514, 417, 417, 3, 0.00, 44.22); 
update estoque set quant_venda = quant_venda + 3, quant_atual = quant_atual - 3 where id = 417; 
update estoque_total set total = total - 3 where medicamento_id = 417; 
insert into itens_venda values (default, 1514, 155, 155, 3, 0.00, 14.85); 
update estoque set quant_venda = quant_venda + 3, quant_atual = quant_atual - 3 where id = 155; 
update estoque_total set total = total - 3 where medicamento_id = 155; 

insert into venda values (1515, '2023-06-26 15:01:56', 37.76, 19, null); 
insert into itens_venda values (default, 1515, 484, 484, 1, 0.90, 15.62); 
update estoque set quant_venda = quant_venda + 1, quant_atual = quant_atual - 1 where id = 484; 
update estoque_total set total = total - 1 where medicamento_id = 484; 
insert into itens_venda values (default, 1515, 442, 442, 1, 0.90, 22.14); 
update estoque set quant_venda = quant_venda + 1, quant_atual = quant_atual - 1 where id = 442; 
update estoque_total set total = total - 1 where medicamento_id = 442; 

insert into venda values (1516, '2023-06-26 15:03:56', 162.72, null, null); 
insert into itens_venda values (default, 1516, 154, 154, 1, 0.00, 68.65); 
update estoque set quant_venda = quant_venda + 1, quant_atual = quant_atual - 1 where id = 154; 
update estoque_total set total = total - 1 where medicamento_id = 154; 
insert into itens_venda values (default, 1516, 504, 504, 3, 0.80, 19.45); 
update estoque set quant_venda = quant_venda + 3, quant_atual = quant_atual - 3 where id = 504; 
update estoque_total set total = total - 3 where medicamento_id = 504; 
insert into itens_venda values (default, 1516, 456, 456, 2, 2.30, 74.62); 
update estoque set quant_venda = quant_venda + 2, quant_atual = quant_atual - 2 where id = 456; 
update estoque_total set total = total - 2 where medicamento_id = 456; 

insert into venda values (1517, '2023-06-27 08:37:48', 70.30, 20, null); 
insert into itens_venda values (default, 1517, 425, 425, 2, 2.10, 70.30); 
update estoque set quant_venda = quant_venda + 2, quant_atual = quant_atual - 2 where id = 425; 
update estoque_total set total = total - 2 where medicamento_id = 425; 

insert into venda values (1518, '2023-06-27 09:32:08', 68.39, null, null); 
insert into itens_venda values (default, 1518, 169, 169, 1, 0.70, 37.57); 
update estoque set quant_venda = quant_venda + 1, quant_atual = quant_atual - 1 where id = 169; 
update estoque_total set total = total - 1 where medicamento_id = 169; 
insert into itens_venda values (default, 1518, 303, 303, 1, 0.00, 30.82); 
update estoque set quant_venda = quant_venda + 1, quant_atual = quant_atual - 1 where id = 303; 
update estoque_total set total = total - 1 where medicamento_id = 303; 

insert into venda values (1519, '2023-06-27 10:43:44', 202.14, 3, null); 
insert into itens_venda values (default, 1519, 81, 81, 1, 13.50, 180.25); 
update estoque set quant_venda = quant_venda + 1, quant_atual = quant_atual - 1 where id = 81; 
update estoque_total set total = total - 1 where medicamento_id = 81; 
insert into itens_venda values (default, 1519, 348, 348, 1, 1.60, 21.89); 
update estoque set quant_venda = quant_venda + 1, quant_atual = quant_atual - 1 where id = 348; 
update estoque_total set total = total - 1 where medicamento_id = 348; 

insert into venda values (1520, '2023-06-27 12:24:21', 99.12, null, null); 
insert into itens_venda values (default, 1520, 326, 326, 1, 0.90, 44.82); 
update estoque set quant_venda = quant_venda + 1, quant_atual = quant_atual - 1 where id = 326; 
update estoque_total set total = total - 1 where medicamento_id = 326; 
insert into itens_venda values (default, 1520, 433, 433, 2, 0.00, 54.30); 
update estoque set quant_venda = quant_venda + 2, quant_atual = quant_atual - 2 where id = 433; 
update estoque_total set total = total - 2 where medicamento_id = 433; 

insert into venda values (1521, '2023-06-27 13:35:41', 154.38, 1, null); 
insert into itens_venda values (default, 1521, 441, 441, 3, 6.80, 78.70); 
update estoque set quant_venda = quant_venda + 3, quant_atual = quant_atual - 3 where id = 441; 
update estoque_total set total = total - 3 where medicamento_id = 441; 
insert into itens_venda values (default, 1521, 313, 313, 2, 7.40, 75.68); 
update estoque set quant_venda = quant_venda + 2, quant_atual = quant_atual - 2 where id = 313; 
update estoque_total set total = total - 2 where medicamento_id = 313; 

insert into venda values (1522, '2023-06-27 14:09:06', 312.56, null, 25); 
insert into itens_venda values (default, 1522, 475, 475, 2, 1.20, 39.00); 
update estoque set quant_venda = quant_venda + 2, quant_atual = quant_atual - 2 where id = 475; 
update estoque_total set total = total - 2 where medicamento_id = 475; 
insert into itens_venda values (default, 1522, 197, 197, 1, 0.00, 273.56); 
update estoque set quant_venda = quant_venda + 1, quant_atual = quant_atual - 1 where id = 197; 
update estoque_total set total = total - 1 where medicamento_id = 197; 

insert into venda values (1523, '2023-06-29 07:24:19', 48.21, 7, null); 
insert into itens_venda values (default, 1523, 451, 451, 1, 1.10, 18.15); 
update estoque set quant_venda = quant_venda + 1, quant_atual = quant_atual - 1 where id = 451; 
update estoque_total set total = total - 1 where medicamento_id = 451; 
insert into itens_venda values (default, 1523, 368, 368, 2, 1.50, 30.06); 
update estoque set quant_venda = quant_venda + 2, quant_atual = quant_atual - 2 where id = 368; 
update estoque_total set total = total - 2 where medicamento_id = 368; 

insert into venda values (1524, '2023-06-29 09:14:55', 107.92, null, null); 
insert into itens_venda values (default, 1524, 296, 296, 2, 1.00, 107.92); 
update estoque set quant_venda = quant_venda + 2, quant_atual = quant_atual - 2 where id = 296; 
update estoque_total set total = total - 2 where medicamento_id = 296; 

insert into venda values (1525, '2023-06-29 12:01:01', 33.48, 16, null); 
insert into itens_venda values (default, 1525, 220, 220, 3, 3.30, 33.48); 
update estoque set quant_venda = quant_venda + 3, quant_atual = quant_atual - 3 where id = 220; 
update estoque_total set total = total - 3 where medicamento_id = 220; 

insert into venda values (1526, '2023-06-29 12:52:20', 345.48, null, null); 
insert into itens_venda values (default, 1526, 431, 431, 3, 0.00, 33.78); 
update estoque set quant_venda = quant_venda + 3, quant_atual = quant_atual - 3 where id = 431; 
update estoque_total set total = total - 3 where medicamento_id = 431; 
insert into itens_venda values (default, 1526, 251, 251, 1, 0.00, 74.53); 
update estoque set quant_venda = quant_venda + 1, quant_atual = quant_atual - 1 where id = 251; 
update estoque_total set total = total - 1 where medicamento_id = 251; 
insert into itens_venda values (default, 1526, 77, 77, 1, 0.00, 237.17); 
update estoque set quant_venda = quant_venda + 1, quant_atual = quant_atual - 1 where id = 77; 
update estoque_total set total = total - 1 where medicamento_id = 77; 

insert into venda values (1527, '2023-06-29 14:58:37', 49.49, 18, null); 
insert into itens_venda values (default, 1527, 425, 425, 1, 2.10, 34.10); 
update estoque set quant_venda = quant_venda + 1, quant_atual = quant_atual - 1 where id = 425; 
update estoque_total set total = total - 1 where medicamento_id = 425; 
insert into itens_venda values (default, 1527, 448, 448, 1, 1.10, 15.39); 
update estoque set quant_venda = quant_venda + 1, quant_atual = quant_atual - 1 where id = 448; 
update estoque_total set total = total - 1 where medicamento_id = 448; 

insert into venda values (1528, '2023-06-29 15:00:54', 233.28, null, null); 
insert into itens_venda values (default, 1528, 460, 460, 1, 0.00, 37.66); 
update estoque set quant_venda = quant_venda + 1, quant_atual = quant_atual - 1 where id = 460; 
update estoque_total set total = total - 1 where medicamento_id = 460; 
insert into itens_venda values (default, 1528, 464, 464, 2, 0.00, 64.90); 
update estoque set quant_venda = quant_venda + 2, quant_atual = quant_atual - 2 where id = 464; 
update estoque_total set total = total - 2 where medicamento_id = 464; 
insert into itens_venda values (default, 1528, 44, 44, 1, 0.00, 130.72); 
update estoque set quant_venda = quant_venda + 1, quant_atual = quant_atual - 1 where id = 44; 
update estoque_total set total = total - 1 where medicamento_id = 44; 

insert into venda values (1529, '2023-06-29 15:44:00', 389.38, 19, 25); 
insert into itens_venda values (default, 1529, 268, 268, 1, 5.80, 285.27); 
update estoque set quant_venda = quant_venda + 1, quant_atual = quant_atual - 1 where id = 268; 
update estoque_total set total = total - 1 where medicamento_id = 268; 
insert into itens_venda values (default, 1529, 492, 492, 1, 2.20, 42.13); 
update estoque set quant_venda = quant_venda + 1, quant_atual = quant_atual - 1 where id = 492; 
update estoque_total set total = total - 1 where medicamento_id = 492; 
insert into itens_venda values (default, 1529, 401, 401, 2, 5.30, 61.98); 
update estoque set quant_venda = quant_venda + 2, quant_atual = quant_atual - 2 where id = 401; 
update estoque_total set total = total - 2 where medicamento_id = 401; 

insert into venda values (1530, '2023-06-30 07:18:35', 188.08, 17, 24); 
insert into itens_venda values (default, 1530, 179, 179, 2, 0.90, 97.36); 
update estoque set quant_venda = quant_venda + 2, quant_atual = quant_atual - 2 where id = 179; 
update estoque_total set total = total - 2 where medicamento_id = 179; 
insert into itens_venda values (default, 1530, 367, 367, 1, 6.80, 90.72); 
update estoque set quant_venda = quant_venda + 1, quant_atual = quant_atual - 1 where id = 367; 
update estoque_total set total = total - 1 where medicamento_id = 367; 

insert into venda values (1531, '2023-06-30 07:41:48', 34.84, null, null); 
insert into itens_venda values (default, 1531, 397, 397, 2, 1.40, 34.84); 
update estoque set quant_venda = quant_venda + 2, quant_atual = quant_atual - 2 where id = 397; 
update estoque_total set total = total - 2 where medicamento_id = 397; 

insert into venda values (1532, '2023-06-30 09:33:14', 23.81, null, null); 
insert into itens_venda values (default, 1532, 430, 430, 1, 0.90, 23.81); 
update estoque set quant_venda = quant_venda + 1, quant_atual = quant_atual - 1 where id = 430; 
update estoque_total set total = total - 1 where medicamento_id = 430; 

insert into venda values (1533, '2023-07-01 06:15:07', 162.81, null, null); 
insert into itens_venda values (default, 1533, 395, 395, 1, 0.80, 40.47); 
update estoque set quant_venda = quant_venda + 1, quant_atual = quant_atual - 1 where id = 395; 
update estoque_total set total = total - 1 where medicamento_id = 395; 
insert into itens_venda values (default, 1533, 289, 289, 1, 0.00, 71.44); 
update estoque set quant_venda = quant_venda + 1, quant_atual = quant_atual - 1 where id = 289; 
update estoque_total set total = total - 1 where medicamento_id = 289; 
insert into itens_venda values (default, 1533, 283, 283, 1, 1.00, 50.90); 
update estoque set quant_venda = quant_venda + 1, quant_atual = quant_atual - 1 where id = 283; 
update estoque_total set total = total - 1 where medicamento_id = 283; 

insert into venda values (1534, '2023-07-01 06:32:06', 141.68, 16, null); 
insert into itens_venda values (default, 1534, 502, 502, 1, 0.20, 21.61); 
update estoque set quant_venda = quant_venda + 1, quant_atual = quant_atual - 1 where id = 502; 
update estoque_total set total = total - 1 where medicamento_id = 502; 
insert into itens_venda values (default, 1534, 298, 298, 1, 1.00, 104.98); 
update estoque set quant_venda = quant_venda + 1, quant_atual = quant_atual - 1 where id = 298; 
update estoque_total set total = total - 1 where medicamento_id = 298; 
insert into itens_venda values (default, 1534, 423, 423, 1, 0.90, 15.09); 
update estoque set quant_venda = quant_venda + 1, quant_atual = quant_atual - 1 where id = 423; 
update estoque_total set total = total - 1 where medicamento_id = 423; 

insert into venda values (1535, '2023-07-01 07:57:27', 376.83, null, null); 
insert into itens_venda values (default, 1535, 382, 382, 1, 0.30, 34.22); 
update estoque set quant_venda = quant_venda + 1, quant_atual = quant_atual - 1 where id = 382; 
update estoque_total set total = total - 1 where medicamento_id = 382; 
insert into itens_venda values (default, 1535, 301, 301, 1, 0.00, 289.94); 
update estoque set quant_venda = quant_venda + 1, quant_atual = quant_atual - 1 where id = 301; 
update estoque_total set total = total - 1 where medicamento_id = 301; 
insert into itens_venda values (default, 1535, 471, 471, 3, 1.00, 52.67); 
update estoque set quant_venda = quant_venda + 3, quant_atual = quant_atual - 3 where id = 471; 
update estoque_total set total = total - 3 where medicamento_id = 471; 

insert into venda values (1536, '2023-07-02 06:35:54', 85.11, null, null); 
insert into itens_venda values (default, 1536, 234, 234, 1, 0.80, 43.83); 
update estoque set quant_venda = quant_venda + 1, quant_atual = quant_atual - 1 where id = 234; 
update estoque_total set total = total - 1 where medicamento_id = 234; 
insert into itens_venda values (default, 1536, 353, 353, 1, 0.40, 41.28); 
update estoque set quant_venda = quant_venda + 1, quant_atual = quant_atual - 1 where id = 353; 
update estoque_total set total = total - 1 where medicamento_id = 353; 

insert into venda values (1537, '2023-07-02 09:00:34', 107.34, 12, null); 
insert into itens_venda values (default, 1537, 414, 414, 1, 3.00, 35.50); 
update estoque set quant_venda = quant_venda + 1, quant_atual = quant_atual - 1 where id = 414; 
update estoque_total set total = total - 1 where medicamento_id = 414; 
insert into itens_venda values (default, 1537, 128, 128, 1, 7.10, 71.84); 
update estoque set quant_venda = quant_venda + 1, quant_atual = quant_atual - 1 where id = 128; 
update estoque_total set total = total - 1 where medicamento_id = 128; 

insert into venda values (1538, '2023-07-02 09:47:59', 15.37, null, null); 
insert into itens_venda values (default, 1538, 500, 500, 1, 0.60, 15.37); 
update estoque set quant_venda = quant_venda + 1, quant_atual = quant_atual - 1 where id = 500; 
update estoque_total set total = total - 1 where medicamento_id = 500; 

insert into venda values (1539, '2023-07-02 09:54:43', 48.57, null, null); 
insert into itens_venda values (default, 1539, 448, 448, 3, 0.90, 48.57); 
update estoque set quant_venda = quant_venda + 3, quant_atual = quant_atual - 3 where id = 448; 
update estoque_total set total = total - 3 where medicamento_id = 448; 

insert into venda values (1540, '2023-07-02 11:14:00', 73.06, null, 24); 
insert into itens_venda values (default, 1540, 354, 354, 1, 0.00, 73.06); 
update estoque set quant_venda = quant_venda + 1, quant_atual = quant_atual - 1 where id = 354; 
update estoque_total set total = total - 1 where medicamento_id = 354; 

insert into venda values (1541, '2023-07-02 12:05:01', 397.02, null, 22); 
insert into itens_venda values (default, 1541, 367, 367, 1, 0.00, 97.52); 
update estoque set quant_venda = quant_venda + 1, quant_atual = quant_atual - 1 where id = 367; 
update estoque_total set total = total - 1 where medicamento_id = 367; 
insert into itens_venda values (default, 1541, 444, 444, 2, 0.00, 151.18); 
update estoque set quant_venda = quant_venda + 2, quant_atual = quant_atual - 2 where id = 444; 
update estoque_total set total = total - 2 where medicamento_id = 444; 
insert into itens_venda values (default, 1541, 65, 65, 2, 6.10, 148.32); 
update estoque set quant_venda = quant_venda + 2, quant_atual = quant_atual - 2 where id = 65; 
update estoque_total set total = total - 2 where medicamento_id = 65; 

insert into venda values (1542, '2023-07-02 14:07:53', 527.64, null, null); 
insert into itens_venda values (default, 1542, 259, 259, 1, 15.70, 378.54); 
update estoque set quant_venda = quant_venda + 1, quant_atual = quant_atual - 1 where id = 259; 
update estoque_total set total = total - 1 where medicamento_id = 259; 
insert into itens_venda values (default, 1542, 448, 448, 2, 0.90, 32.08); 
update estoque set quant_venda = quant_venda + 2, quant_atual = quant_atual - 2 where id = 448; 
update estoque_total set total = total - 2 where medicamento_id = 448; 
insert into itens_venda values (default, 1542, 297, 297, 2, 0.00, 117.02); 
update estoque set quant_venda = quant_venda + 2, quant_atual = quant_atual - 2 where id = 297; 
update estoque_total set total = total - 2 where medicamento_id = 297; 

insert into venda values (1543, '2023-07-03 08:41:59', 158.54, 12, null); 
insert into itens_venda values (default, 1543, 209, 209, 1, 3.60, 42.42); 
update estoque set quant_venda = quant_venda + 1, quant_atual = quant_atual - 1 where id = 209; 
update estoque_total set total = total - 1 where medicamento_id = 209; 
insert into itens_venda values (default, 1543, 465, 465, 1, 6.10, 116.12); 
update estoque set quant_venda = quant_venda + 1, quant_atual = quant_atual - 1 where id = 465; 
update estoque_total set total = total - 1 where medicamento_id = 465; 

insert into venda values (1544, '2023-07-03 11:10:56', 118.40, 5, null); 
insert into itens_venda values (default, 1544, 468, 468, 1, 0.00, 59.47); 
update estoque set quant_venda = quant_venda + 1, quant_atual = quant_atual - 1 where id = 468; 
update estoque_total set total = total - 1 where medicamento_id = 468; 
insert into itens_venda values (default, 1544, 375, 375, 3, 0.50, 58.93); 
update estoque set quant_venda = quant_venda + 3, quant_atual = quant_atual - 3 where id = 375; 
update estoque_total set total = total - 3 where medicamento_id = 375; 

insert into venda values (1545, '2023-07-03 11:17:22', 30.98, 16, null); 
insert into itens_venda values (default, 1545, 485, 485, 2, 1.20, 30.98); 
update estoque set quant_venda = quant_venda + 2, quant_atual = quant_atual - 2 where id = 485; 
update estoque_total set total = total - 2 where medicamento_id = 485; 

insert into venda values (1546, '2023-07-03 12:23:43', 103.82, null, null); 
insert into itens_venda values (default, 1546, 451, 451, 3, 0.00, 57.75); 
update estoque set quant_venda = quant_venda + 3, quant_atual = quant_atual - 3 where id = 451; 
update estoque_total set total = total - 3 where medicamento_id = 451; 
insert into itens_venda values (default, 1546, 422, 422, 3, 1.90, 46.07); 
update estoque set quant_venda = quant_venda + 3, quant_atual = quant_atual - 3 where id = 422; 
update estoque_total set total = total - 3 where medicamento_id = 422; 

insert into venda values (1547, '2023-07-04 08:31:04', 244.01, 16, 25); 
insert into itens_venda values (default, 1547, 493, 493, 2, 0.00, 15.12); 
update estoque set quant_venda = quant_venda + 2, quant_atual = quant_atual - 2 where id = 493; 
update estoque_total set total = total - 2 where medicamento_id = 493; 
insert into itens_venda values (default, 1547, 211, 211, 1, 14.60, 228.89); 
update estoque set quant_venda = quant_venda + 1, quant_atual = quant_atual - 1 where id = 211; 
update estoque_total set total = total - 1 where medicamento_id = 211; 

insert into venda values (1548, '2023-07-04 10:44:09', 265.20, null, null); 
insert into itens_venda values (default, 1548, 335, 335, 2, 0.00, 51.04); 
update estoque set quant_venda = quant_venda + 2, quant_atual = quant_atual - 2 where id = 335; 
update estoque_total set total = total - 2 where medicamento_id = 335; 
insert into itens_venda values (default, 1548, 228, 228, 1, 7.50, 181.18); 
update estoque set quant_venda = quant_venda + 1, quant_atual = quant_atual - 1 where id = 228; 
update estoque_total set total = total - 1 where medicamento_id = 228; 
insert into itens_venda values (default, 1548, 448, 448, 2, 0.00, 32.98); 
update estoque set quant_venda = quant_venda + 2, quant_atual = quant_atual - 2 where id = 448; 
update estoque_total set total = total - 2 where medicamento_id = 448; 

insert into venda values (1549, '2023-07-04 12:27:00', 211.93, null, null); 
insert into itens_venda values (default, 1549, 435, 435, 2, 0.00, 196.04); 
update estoque set quant_venda = quant_venda + 2, quant_atual = quant_atual - 2 where id = 435; 
update estoque_total set total = total - 2 where medicamento_id = 435; 
insert into itens_venda values (default, 1549, 423, 423, 1, 0.10, 15.89); 
update estoque set quant_venda = quant_venda + 1, quant_atual = quant_atual - 1 where id = 423; 
update estoque_total set total = total - 1 where medicamento_id = 423; 

insert into venda values (1550, '2023-07-05 06:46:16', 607.89, null, null); 
insert into itens_venda values (default, 1550, 230, 230, 1, 11.80, 384.78); 
update estoque set quant_venda = quant_venda + 1, quant_atual = quant_atual - 1 where id = 230; 
update estoque_total set total = total - 1 where medicamento_id = 230; 
insert into itens_venda values (default, 1550, 415, 415, 1, 6.10, 147.52); 
update estoque set quant_venda = quant_venda + 1, quant_atual = quant_atual - 1 where id = 415; 
update estoque_total set total = total - 1 where medicamento_id = 415; 
insert into itens_venda values (default, 1550, 444, 444, 1, 0.00, 75.59); 
update estoque set quant_venda = quant_venda + 1, quant_atual = quant_atual - 1 where id = 444; 
update estoque_total set total = total - 1 where medicamento_id = 444; 

insert into venda values (1551, '2023-07-05 07:29:28', 140.04, null, 24); 
insert into itens_venda values (default, 1551, 358, 358, 2, 0.70, 73.28); 
update estoque set quant_venda = quant_venda + 2, quant_atual = quant_atual - 2 where id = 358; 
update estoque_total set total = total - 2 where medicamento_id = 358; 
insert into itens_venda values (default, 1551, 433, 433, 2, 1.00, 53.30); 
update estoque set quant_venda = quant_venda + 2, quant_atual = quant_atual - 2 where id = 433; 
update estoque_total set total = total - 2 where medicamento_id = 433; 
insert into itens_venda values (default, 1551, 392, 392, 1, 0.50, 13.46); 
update estoque set quant_venda = quant_venda + 1, quant_atual = quant_atual - 1 where id = 392; 
update estoque_total set total = total - 1 where medicamento_id = 392; 

insert into venda values (1552, '2023-07-05 08:07:38', 183.97, null, null); 
insert into itens_venda values (default, 1552, 438, 438, 2, 4.10, 100.48); 
update estoque set quant_venda = quant_venda + 2, quant_atual = quant_atual - 2 where id = 438; 
update estoque_total set total = total - 2 where medicamento_id = 438; 
insert into itens_venda values (default, 1552, 182, 182, 1, 0.00, 51.91); 
update estoque set quant_venda = quant_venda + 1, quant_atual = quant_atual - 1 where id = 182; 
update estoque_total set total = total - 1 where medicamento_id = 182; 
insert into itens_venda values (default, 1552, 485, 485, 2, 0.60, 31.58); 
update estoque set quant_venda = quant_venda + 2, quant_atual = quant_atual - 2 where id = 485; 
update estoque_total set total = total - 2 where medicamento_id = 485; 

insert into venda values (1553, '2023-07-05 08:55:52', 218.24, 15, null); 
insert into itens_venda values (default, 1553, 456, 456, 2, 2.30, 74.62); 
update estoque set quant_venda = quant_venda + 2, quant_atual = quant_atual - 2 where id = 456; 
update estoque_total set total = total - 2 where medicamento_id = 456; 
insert into itens_venda values (default, 1553, 65, 65, 2, 10.80, 143.62); 
update estoque set quant_venda = quant_venda + 2, quant_atual = quant_atual - 2 where id = 65; 
update estoque_total set total = total - 2 where medicamento_id = 65; 

insert into venda values (1554, '2023-07-05 09:44:51', 169.60, 18, null); 
insert into itens_venda values (default, 1554, 468, 468, 2, 9.50, 109.44); 
update estoque set quant_venda = quant_venda + 2, quant_atual = quant_atual - 2 where id = 468; 
update estoque_total set total = total - 2 where medicamento_id = 468; 
insert into itens_venda values (default, 1554, 485, 485, 2, 2.80, 29.38); 
update estoque set quant_venda = quant_venda + 2, quant_atual = quant_atual - 2 where id = 485; 
update estoque_total set total = total - 2 where medicamento_id = 485; 
insert into itens_venda values (default, 1554, 284, 284, 2, 1.90, 30.78); 
update estoque set quant_venda = quant_venda + 2, quant_atual = quant_atual - 2 where id = 284; 
update estoque_total set total = total - 2 where medicamento_id = 284; 

insert into venda values (1555, '2023-07-05 11:06:00', 390.59, 12, null); 
insert into itens_venda values (default, 1555, 452, 452, 2, 1.10, 118.24); 
update estoque set quant_venda = quant_venda + 2, quant_atual = quant_atual - 2 where id = 452; 
update estoque_total set total = total - 2 where medicamento_id = 452; 
insert into itens_venda values (default, 1555, 487, 487, 1, 0.00, 188.03); 
update estoque set quant_venda = quant_venda + 1, quant_atual = quant_atual - 1 where id = 487; 
update estoque_total set total = total - 1 where medicamento_id = 487; 
insert into itens_venda values (default, 1555, 305, 305, 2, 2.60, 84.32); 
update estoque set quant_venda = quant_venda + 2, quant_atual = quant_atual - 2 where id = 305; 
update estoque_total set total = total - 2 where medicamento_id = 305; 

insert into venda values (1556, '2023-07-05 11:57:47', 225.58, 8, null); 
insert into itens_venda values (default, 1556, 309, 309, 1, 0.80, 13.20); 
update estoque set quant_venda = quant_venda + 1, quant_atual = quant_atual - 1 where id = 309; 
update estoque_total set total = total - 1 where medicamento_id = 309; 
insert into itens_venda values (default, 1556, 497, 497, 1, 1.80, 35.80); 
update estoque set quant_venda = quant_venda + 1, quant_atual = quant_atual - 1 where id = 497; 
update estoque_total set total = total - 1 where medicamento_id = 497; 
insert into itens_venda values (default, 1556, 361, 361, 1, 13.20, 176.58); 
update estoque set quant_venda = quant_venda + 1, quant_atual = quant_atual - 1 where id = 361; 
update estoque_total set total = total - 1 where medicamento_id = 361; 

insert into venda values (1557, '2023-07-05 12:59:28', 67.78, 10, null); 
insert into itens_venda values (default, 1557, 84, 84, 1, 6.60, 67.78); 
update estoque set quant_venda = quant_venda + 1, quant_atual = quant_atual - 1 where id = 84; 
update estoque_total set total = total - 1 where medicamento_id = 84; 

insert into venda values (1558, '2023-07-05 14:04:25', 39.40, null, 21); 
insert into itens_venda values (default, 1558, 165, 165, 1, 0.00, 39.40); 
update estoque set quant_venda = quant_venda + 1, quant_atual = quant_atual - 1 where id = 165; 
update estoque_total set total = total - 1 where medicamento_id = 165; 

insert into venda values (1559, '2023-07-05 14:31:31', 353.60, null, 23); 
insert into itens_venda values (default, 1559, 80, 80, 1, 0.00, 237.07); 
update estoque set quant_venda = quant_venda + 1, quant_atual = quant_atual - 1 where id = 80; 
update estoque_total set total = total - 1 where medicamento_id = 80; 
insert into itens_venda values (default, 1559, 408, 408, 1, 0.00, 116.53); 
update estoque set quant_venda = quant_venda + 1, quant_atual = quant_atual - 1 where id = 408; 
update estoque_total set total = total - 1 where medicamento_id = 408; 

insert into venda values (1560, '2023-07-05 15:15:36', 151.18, 1, null); 
insert into itens_venda values (default, 1560, 444, 444, 2, 0.00, 151.18); 
update estoque set quant_venda = quant_venda + 2, quant_atual = quant_atual - 2 where id = 444; 
update estoque_total set total = total - 2 where medicamento_id = 444; 

insert into venda values (1561, '2023-07-05 16:33:37', 85.72, 8, null); 
insert into itens_venda values (default, 1561, 413, 413, 1, 4.50, 85.72); 
update estoque set quant_venda = quant_venda + 1, quant_atual = quant_atual - 1 where id = 413; 
update estoque_total set total = total - 1 where medicamento_id = 413; 

insert into venda values (1562, '2023-07-05 17:48:32', 205.49, null, 23); 
insert into itens_venda values (default, 1562, 488, 488, 1, 0.90, 48.33); 
update estoque set quant_venda = quant_venda + 1, quant_atual = quant_atual - 1 where id = 488; 
update estoque_total set total = total - 1 where medicamento_id = 488; 
insert into itens_venda values (default, 1562, 367, 367, 1, 0.00, 97.52); 
update estoque set quant_venda = quant_venda + 1, quant_atual = quant_atual - 1 where id = 367; 
update estoque_total set total = total - 1 where medicamento_id = 367; 
insert into itens_venda values (default, 1562, 290, 290, 2, 2.40, 59.64); 
update estoque set quant_venda = quant_venda + 2, quant_atual = quant_atual - 2 where id = 290; 
update estoque_total set total = total - 2 where medicamento_id = 290; 

insert into venda values (1563, '2023-07-06 06:01:16', 120.50, null, null); 
insert into itens_venda values (default, 1563, 363, 363, 1, 0.70, 71.34); 
update estoque set quant_venda = quant_venda + 1, quant_atual = quant_atual - 1 where id = 363; 
update estoque_total set total = total - 1 where medicamento_id = 363; 
insert into itens_venda values (default, 1563, 484, 484, 3, 0.40, 49.16); 
update estoque set quant_venda = quant_venda + 3, quant_atual = quant_atual - 3 where id = 484; 
update estoque_total set total = total - 3 where medicamento_id = 484; 

insert into venda values (1564, '2023-07-06 07:04:06', 152.77, null, null); 
insert into itens_venda values (default, 1564, 297, 297, 1, 2.30, 56.21); 
update estoque set quant_venda = quant_venda + 1, quant_atual = quant_atual - 1 where id = 297; 
update estoque_total set total = total - 1 where medicamento_id = 297; 
insert into itens_venda values (default, 1564, 488, 488, 2, 1.90, 96.56); 
update estoque set quant_venda = quant_venda + 2, quant_atual = quant_atual - 2 where id = 488; 
update estoque_total set total = total - 2 where medicamento_id = 488; 

insert into venda values (1565, '2023-07-06 07:55:22', 268.68, null, null); 
insert into itens_venda values (default, 1565, 505, 505, 2, 2.70, 64.98); 
update estoque set quant_venda = quant_venda + 2, quant_atual = quant_atual - 2 where id = 505; 
update estoque_total set total = total - 2 where medicamento_id = 505; 
insert into itens_venda values (default, 1565, 391, 391, 2, 7.10, 170.90); 
update estoque set quant_venda = quant_venda + 2, quant_atual = quant_atual - 2 where id = 391; 
update estoque_total set total = total - 2 where medicamento_id = 391; 
insert into itens_venda values (default, 1565, 329, 329, 1, 1.30, 32.80); 
update estoque set quant_venda = quant_venda + 1, quant_atual = quant_atual - 1 where id = 329; 
update estoque_total set total = total - 1 where medicamento_id = 329; 

insert into venda values (1566, '2023-07-06 08:46:33', 38.31, null, null); 
insert into itens_venda values (default, 1566, 440, 440, 1, 1.10, 38.31); 
update estoque set quant_venda = quant_venda + 1, quant_atual = quant_atual - 1 where id = 440; 
update estoque_total set total = total - 1 where medicamento_id = 440; 

insert into venda values (1567, '2023-07-06 09:02:40', 70.13, null, null); 
insert into itens_venda values (default, 1567, 431, 431, 1, 0.00, 11.26); 
update estoque set quant_venda = quant_venda + 1, quant_atual = quant_atual - 1 where id = 431; 
update estoque_total set total = total - 1 where medicamento_id = 431; 
insert into itens_venda values (default, 1567, 404, 404, 2, 0.00, 32.40); 
update estoque set quant_venda = quant_venda + 2, quant_atual = quant_atual - 2 where id = 404; 
update estoque_total set total = total - 2 where medicamento_id = 404; 
insert into itens_venda values (default, 1567, 421, 421, 3, 1.10, 26.47); 
update estoque set quant_venda = quant_venda + 3, quant_atual = quant_atual - 3 where id = 421; 
update estoque_total set total = total - 3 where medicamento_id = 421; 

insert into venda values (1568, '2023-07-06 09:18:46', 89.06, null, null); 
insert into itens_venda values (default, 1568, 346, 346, 2, 0.80, 89.06); 
update estoque set quant_venda = quant_venda + 2, quant_atual = quant_atual - 2 where id = 346; 
update estoque_total set total = total - 2 where medicamento_id = 346; 

insert into venda values (1569, '2023-07-06 10:28:27', 250.64, null, 24); 
insert into itens_venda values (default, 1569, 220, 220, 3, 0.00, 36.78); 
update estoque set quant_venda = quant_venda + 3, quant_atual = quant_atual - 3 where id = 220; 
update estoque_total set total = total - 3 where medicamento_id = 220; 
insert into itens_venda values (default, 1569, 290, 290, 2, 1.80, 60.24); 
update estoque set quant_venda = quant_venda + 2, quant_atual = quant_atual - 2 where id = 290; 
update estoque_total set total = total - 2 where medicamento_id = 290; 
insert into itens_venda values (default, 1569, 415, 415, 1, 0.00, 153.62); 
update estoque set quant_venda = quant_venda + 1, quant_atual = quant_atual - 1 where id = 415; 
update estoque_total set total = total - 1 where medicamento_id = 415; 

insert into venda values (1570, '2023-07-06 10:29:08', 185.36, 1, 22); 
insert into itens_venda values (default, 1570, 311, 311, 2, 0.30, 30.12); 
update estoque set quant_venda = quant_venda + 2, quant_atual = quant_atual - 2 where id = 311; 
update estoque_total set total = total - 2 where medicamento_id = 311; 
insert into itens_venda values (default, 1570, 404, 404, 2, 0.00, 32.40); 
update estoque set quant_venda = quant_venda + 2, quant_atual = quant_atual - 2 where id = 404; 
update estoque_total set total = total - 2 where medicamento_id = 404; 
insert into itens_venda values (default, 1570, 135, 135, 2, 2.50, 122.84); 
update estoque set quant_venda = quant_venda + 2, quant_atual = quant_atual - 2 where id = 135; 
update estoque_total set total = total - 2 where medicamento_id = 135; 

insert into venda values (1571, '2023-07-06 10:32:45', 449.02, null, 24); 
insert into itens_venda values (default, 1571, 221, 221, 2, 7.60, 184.84); 
update estoque set quant_venda = quant_venda + 2, quant_atual = quant_atual - 2 where id = 221; 
update estoque_total set total = total - 2 where medicamento_id = 221; 
insert into itens_venda values (default, 1571, 256, 256, 2, 3.10, 156.68); 
update estoque set quant_venda = quant_venda + 2, quant_atual = quant_atual - 2 where id = 256; 
update estoque_total set total = total - 2 where medicamento_id = 256; 
insert into itens_venda values (default, 1571, 372, 372, 1, 0.00, 107.50); 
update estoque set quant_venda = quant_venda + 1, quant_atual = quant_atual - 1 where id = 372; 
update estoque_total set total = total - 1 where medicamento_id = 372; 

insert into venda values (1572, '2023-07-06 11:24:45', 124.54, null, null); 
insert into itens_venda values (default, 1572, 212, 212, 2, 0.00, 124.54); 
update estoque set quant_venda = quant_venda + 2, quant_atual = quant_atual - 2 where id = 212; 
update estoque_total set total = total - 2 where medicamento_id = 212; 

insert into venda values (1573, '2023-07-06 12:40:43', 279.39, null, null); 
insert into itens_venda values (default, 1573, 465, 465, 1, 4.80, 117.42); 
update estoque set quant_venda = quant_venda + 1, quant_atual = quant_atual - 1 where id = 465; 
update estoque_total set total = total - 1 where medicamento_id = 465; 
insert into itens_venda values (default, 1573, 193, 193, 1, 6.70, 161.97); 
update estoque set quant_venda = quant_venda + 1, quant_atual = quant_atual - 1 where id = 193; 
update estoque_total set total = total - 1 where medicamento_id = 193; 

insert into venda values (1574, '2023-07-07 07:09:38', 296.48, null, null); 
insert into itens_venda values (default, 1574, 263, 263, 1, 6.30, 205.21); 
update estoque set quant_venda = quant_venda + 1, quant_atual = quant_atual - 1 where id = 263; 
update estoque_total set total = total - 1 where medicamento_id = 263; 
insert into itens_venda values (default, 1574, 59, 59, 1, 3.70, 91.27); 
update estoque set quant_venda = quant_venda + 1, quant_atual = quant_atual - 1 where id = 59; 
update estoque_total set total = total - 1 where medicamento_id = 59; 

insert into venda values (1575, '2023-07-07 07:30:58', 114.61, 6, null); 
insert into itens_venda values (default, 1575, 425, 425, 2, 2.80, 69.60); 
update estoque set quant_venda = quant_venda + 2, quant_atual = quant_atual - 2 where id = 425; 
update estoque_total set total = total - 2 where medicamento_id = 425; 
insert into itens_venda values (default, 1575, 494, 494, 3, 4.40, 45.01); 
update estoque set quant_venda = quant_venda + 3, quant_atual = quant_atual - 3 where id = 494; 
update estoque_total set total = total - 3 where medicamento_id = 494; 

insert into venda values (1576, '2023-07-07 09:00:50', 6.25, 11, null); 
insert into itens_venda values (default, 1576, 504, 504, 1, 0.50, 6.25); 
update estoque set quant_venda = quant_venda + 1, quant_atual = quant_atual - 1 where id = 504; 
update estoque_total set total = total - 1 where medicamento_id = 504; 

insert into venda values (1577, '2023-07-07 10:15:34', 27.40, 20, null); 
insert into itens_venda values (default, 1577, 441, 441, 1, 1.10, 27.40); 
update estoque set quant_venda = quant_venda + 1, quant_atual = quant_atual - 1 where id = 441; 
update estoque_total set total = total - 1 where medicamento_id = 441; 

insert into venda values (1578, '2023-07-07 12:41:36', 193.46, null, 25); 
insert into itens_venda values (default, 1578, 261, 261, 1, 0.00, 74.88); 
update estoque set quant_venda = quant_venda + 1, quant_atual = quant_atual - 1 where id = 261; 
update estoque_total set total = total - 1 where medicamento_id = 261; 
insert into itens_venda values (default, 1578, 285, 285, 1, 3.60, 118.58); 
update estoque set quant_venda = quant_venda + 1, quant_atual = quant_atual - 1 where id = 285; 
update estoque_total set total = total - 1 where medicamento_id = 285; 

insert into venda values (1579, '2023-07-07 13:20:27', 382.44, null, null); 
insert into itens_venda values (default, 1579, 259, 259, 1, 11.80, 382.44); 
update estoque set quant_venda = quant_venda + 1, quant_atual = quant_atual - 1 where id = 259; 
update estoque_total set total = total - 1 where medicamento_id = 259; 

insert into venda values (1580, '2023-07-08 06:12:09', 9.60, null, 21); 
insert into itens_venda values (default, 1580, 155, 155, 2, 0.30, 9.60); 
update estoque set quant_venda = quant_venda + 2, quant_atual = quant_atual - 2 where id = 155; 
update estoque_total set total = total - 2 where medicamento_id = 155; 

insert into venda values (1581, '2023-07-08 06:30:45', 114.38, null, null); 
insert into itens_venda values (default, 1581, 324, 324, 2, 1.50, 37.54); 
update estoque set quant_venda = quant_venda + 2, quant_atual = quant_atual - 2 where id = 324; 
update estoque_total set total = total - 2 where medicamento_id = 324; 
insert into itens_venda values (default, 1581, 499, 499, 2, 0.70, 76.84); 
update estoque set quant_venda = quant_venda + 2, quant_atual = quant_atual - 2 where id = 499; 
update estoque_total set total = total - 2 where medicamento_id = 499; 

insert into venda values (1582, '2023-07-08 07:46:07', 149.63, 11, 23); 
insert into itens_venda values (default, 1582, 386, 386, 3, 2.20, 52.88); 
update estoque set quant_venda = quant_venda + 3, quant_atual = quant_atual - 3 where id = 386; 
update estoque_total set total = total - 3 where medicamento_id = 386; 
insert into itens_venda values (default, 1582, 286, 286, 1, 0.60, 33.95); 
update estoque set quant_venda = quant_venda + 1, quant_atual = quant_atual - 1 where id = 286; 
update estoque_total set total = total - 1 where medicamento_id = 286; 
insert into itens_venda values (default, 1582, 351, 351, 3, 2.60, 62.80); 
update estoque set quant_venda = quant_venda + 3, quant_atual = quant_atual - 3 where id = 351; 
update estoque_total set total = total - 3 where medicamento_id = 351; 

insert into venda values (1583, '2023-07-08 08:46:47', 154.37, null, null); 
insert into itens_venda values (default, 1583, 422, 422, 3, 0.90, 47.07); 
update estoque set quant_venda = quant_venda + 3, quant_atual = quant_atual - 3 where id = 422; 
update estoque_total set total = total - 3 where medicamento_id = 422; 
insert into itens_venda values (default, 1583, 326, 326, 1, 0.90, 44.82); 
update estoque set quant_venda = quant_venda + 1, quant_atual = quant_atual - 1 where id = 326; 
update estoque_total set total = total - 1 where medicamento_id = 326; 
insert into itens_venda values (default, 1583, 480, 480, 2, 0.60, 62.48); 
update estoque set quant_venda = quant_venda + 2, quant_atual = quant_atual - 2 where id = 480; 
update estoque_total set total = total - 2 where medicamento_id = 480; 

insert into venda values (1584, '2023-07-08 09:02:37', 22.64, null, null); 
insert into itens_venda values (default, 1584, 442, 442, 1, 0.40, 22.64); 
update estoque set quant_venda = quant_venda + 1, quant_atual = quant_atual - 1 where id = 442; 
update estoque_total set total = total - 1 where medicamento_id = 442; 

insert into venda values (1585, '2023-07-08 09:16:19', 69.40, null, 25); 
insert into itens_venda values (default, 1585, 495, 495, 3, 0.60, 31.44); 
update estoque set quant_venda = quant_venda + 3, quant_atual = quant_atual - 3 where id = 495; 
update estoque_total set total = total - 3 where medicamento_id = 495; 
insert into itens_venda values (default, 1585, 112, 112, 2, 1.10, 37.96); 
update estoque set quant_venda = quant_venda + 2, quant_atual = quant_atual - 2 where id = 112; 
update estoque_total set total = total - 2 where medicamento_id = 112; 

insert into venda values (1586, '2023-07-08 10:34:17', 103.52, null, null); 
insert into itens_venda values (default, 1586, 328, 328, 1, 0.00, 30.14); 
update estoque set quant_venda = quant_venda + 1, quant_atual = quant_atual - 1 where id = 328; 
update estoque_total set total = total - 1 where medicamento_id = 328; 
insert into itens_venda values (default, 1586, 479, 479, 2, 0.00, 73.38); 
update estoque set quant_venda = quant_venda + 2, quant_atual = quant_atual - 2 where id = 479; 
update estoque_total set total = total - 2 where medicamento_id = 479; 

insert into venda values (1587, '2023-07-08 10:56:57', 432.36, null, 24); 
insert into itens_venda values (default, 1587, 164, 164, 2, 1.30, 131.12); 
update estoque set quant_venda = quant_venda + 2, quant_atual = quant_atual - 2 where id = 164; 
update estoque_total set total = total - 2 where medicamento_id = 164; 
insert into itens_venda values (default, 1587, 139, 139, 1, 6.10, 301.24); 
update estoque set quant_venda = quant_venda + 1, quant_atual = quant_atual - 1 where id = 139; 
update estoque_total set total = total - 1 where medicamento_id = 139; 

insert into venda values (1588, '2023-07-08 11:44:53', 123.46, 4, null); 
insert into itens_venda values (default, 1588, 467, 467, 2, 1.20, 123.46); 
update estoque set quant_venda = quant_venda + 2, quant_atual = quant_atual - 2 where id = 467; 
update estoque_total set total = total - 2 where medicamento_id = 467; 

insert into venda values (1589, '2023-07-08 12:30:55', 199.80, 7, null); 
insert into itens_venda values (default, 1589, 381, 381, 2, 8.40, 112.38); 
update estoque set quant_venda = quant_venda + 2, quant_atual = quant_atual - 2 where id = 381; 
update estoque_total set total = total - 2 where medicamento_id = 381; 
insert into itens_venda values (default, 1589, 498, 498, 2, 5.60, 65.26); 
update estoque set quant_venda = quant_venda + 2, quant_atual = quant_atual - 2 where id = 498; 
update estoque_total set total = total - 2 where medicamento_id = 498; 
insert into itens_venda values (default, 1589, 416, 416, 1, 0.60, 22.16); 
update estoque set quant_venda = quant_venda + 1, quant_atual = quant_atual - 1 where id = 416; 
update estoque_total set total = total - 1 where medicamento_id = 416; 

insert into venda values (1590, '2023-07-08 12:46:25', 52.05, 5, null); 
insert into itens_venda values (default, 1590, 72, 72, 1, 1.00, 17.25); 
update estoque set quant_venda = quant_venda + 1, quant_atual = quant_atual - 1 where id = 72; 
update estoque_total set total = total - 1 where medicamento_id = 72; 
insert into itens_venda values (default, 1590, 425, 425, 1, 1.40, 34.80); 
update estoque set quant_venda = quant_venda + 1, quant_atual = quant_atual - 1 where id = 425; 
update estoque_total set total = total - 1 where medicamento_id = 425; 

insert into venda values (1591, '2023-07-08 14:07:36', 196.59, 14, null); 
insert into itens_venda values (default, 1591, 504, 504, 1, 0.40, 6.35); 
update estoque set quant_venda = quant_venda + 1, quant_atual = quant_atual - 1 where id = 504; 
update estoque_total set total = total - 1 where medicamento_id = 504; 
insert into itens_venda values (default, 1591, 435, 435, 2, 5.80, 190.24); 
update estoque set quant_venda = quant_venda + 2, quant_atual = quant_atual - 2 where id = 435; 
update estoque_total set total = total - 2 where medicamento_id = 435; 

insert into venda values (1592, '2023-07-08 15:26:55', 129.22, null, null); 
insert into itens_venda values (default, 1592, 446, 446, 1, 2.60, 129.22); 
update estoque set quant_venda = quant_venda + 1, quant_atual = quant_atual - 1 where id = 446; 
update estoque_total set total = total - 1 where medicamento_id = 446; 

insert into venda values (1593, '2023-07-09 06:53:30', 282.36, null, null); 
insert into itens_venda values (default, 1593, 391, 391, 2, 3.50, 174.50); 
update estoque set quant_venda = quant_venda + 2, quant_atual = quant_atual - 2 where id = 391; 
update estoque_total set total = total - 2 where medicamento_id = 391; 
insert into itens_venda values (default, 1593, 379, 379, 2, 0.50, 24.86); 
update estoque set quant_venda = quant_venda + 2, quant_atual = quant_atual - 2 where id = 379; 
update estoque_total set total = total - 2 where medicamento_id = 379; 
insert into itens_venda values (default, 1593, 441, 441, 3, 2.50, 83.00); 
update estoque set quant_venda = quant_venda + 3, quant_atual = quant_atual - 3 where id = 441; 
update estoque_total set total = total - 3 where medicamento_id = 441; 

insert into venda values (1594, '2023-07-09 07:15:30', 86.90, null, null); 
insert into itens_venda values (default, 1594, 138, 138, 1, 0.00, 44.27); 
update estoque set quant_venda = quant_venda + 1, quant_atual = quant_atual - 1 where id = 138; 
update estoque_total set total = total - 1 where medicamento_id = 138; 
insert into itens_venda values (default, 1594, 492, 492, 1, 1.70, 42.63); 
update estoque set quant_venda = quant_venda + 1, quant_atual = quant_atual - 1 where id = 492; 
update estoque_total set total = total - 1 where medicamento_id = 492; 

insert into venda values (1595, '2023-07-09 07:17:19', 138.79, null, 21); 
insert into itens_venda values (default, 1595, 427, 427, 3, 0.00, 38.94); 
update estoque set quant_venda = quant_venda + 3, quant_atual = quant_atual - 3 where id = 427; 
update estoque_total set total = total - 3 where medicamento_id = 427; 
insert into itens_venda values (default, 1595, 131, 131, 1, 1.00, 99.85); 
update estoque set quant_venda = quant_venda + 1, quant_atual = quant_atual - 1 where id = 131; 
update estoque_total set total = total - 1 where medicamento_id = 131; 

insert into venda values (1596, '2023-07-09 07:50:34', 248.52, 16, null); 
insert into itens_venda values (default, 1596, 241, 241, 2, 3.90, 74.84); 
update estoque set quant_venda = quant_venda + 2, quant_atual = quant_atual - 2 where id = 241; 
update estoque_total set total = total - 2 where medicamento_id = 241; 
insert into itens_venda values (default, 1596, 228, 228, 1, 15.00, 173.68); 
update estoque set quant_venda = quant_venda + 1, quant_atual = quant_atual - 1 where id = 228; 
update estoque_total set total = total - 1 where medicamento_id = 228; 

insert into venda values (1597, '2023-07-09 08:20:01', 260.52, null, null); 
insert into itens_venda values (default, 1597, 476, 476, 1, 0.00, 24.17); 
update estoque set quant_venda = quant_venda + 1, quant_atual = quant_atual - 1 where id = 476; 
update estoque_total set total = total - 1 where medicamento_id = 476; 
insert into itens_venda values (default, 1597, 196, 196, 1, 3.70, 185.56); 
update estoque set quant_venda = quant_venda + 1, quant_atual = quant_atual - 1 where id = 196; 
update estoque_total set total = total - 1 where medicamento_id = 196; 
insert into itens_venda values (default, 1597, 438, 438, 1, 1.50, 50.79); 
update estoque set quant_venda = quant_venda + 1, quant_atual = quant_atual - 1 where id = 438; 
update estoque_total set total = total - 1 where medicamento_id = 438; 

insert into venda values (1598, '2023-07-09 09:03:53', 408.22, 11, null); 
insert into itens_venda values (default, 1598, 258, 258, 1, 5.70, 57.75); 
update estoque set quant_venda = quant_venda + 1, quant_atual = quant_atual - 1 where id = 258; 
update estoque_total set total = total - 1 where medicamento_id = 258; 
insert into itens_venda values (default, 1598, 241, 241, 1, 1.90, 37.47); 
update estoque set quant_venda = quant_venda + 1, quant_atual = quant_atual - 1 where id = 241; 
update estoque_total set total = total - 1 where medicamento_id = 241; 
insert into itens_venda values (default, 1598, 257, 257, 1, 30.90, 313.00); 
update estoque set quant_venda = quant_venda + 1, quant_atual = quant_atual - 1 where id = 257; 
update estoque_total set total = total - 1 where medicamento_id = 257; 

insert into venda values (1599, '2023-07-09 10:20:22', 282.06, null, 25); 
insert into itens_venda values (default, 1599, 15, 15, 1, 2.30, 236.16); 
update estoque set quant_venda = quant_venda + 1, quant_atual = quant_atual - 1 where id = 15; 
update estoque_total set total = total - 1 where medicamento_id = 15; 
insert into itens_venda values (default, 1599, 443, 443, 2, 0.90, 45.90); 
update estoque set quant_venda = quant_venda + 2, quant_atual = quant_atual - 2 where id = 443; 
update estoque_total set total = total - 2 where medicamento_id = 443; 

insert into venda values (1600, '2023-07-09 11:04:47', 157.13, 10, null); 
insert into itens_venda values (default, 1600, 489, 489, 1, 3.50, 40.49); 
update estoque set quant_venda = quant_venda + 1, quant_atual = quant_atual - 1 where id = 489; 
update estoque_total set total = total - 1 where medicamento_id = 489; 
insert into itens_venda values (default, 1600, 468, 468, 2, 2.30, 116.64); 
update estoque set quant_venda = quant_venda + 2, quant_atual = quant_atual - 2 where id = 468; 
update estoque_total set total = total - 2 where medicamento_id = 468; 

insert into venda values (1601, '2023-07-09 12:11:29', 73.92, null, null); 
insert into itens_venda values (default, 1601, 304, 304, 2, 1.60, 53.32); 
update estoque set quant_venda = quant_venda + 2, quant_atual = quant_atual - 2 where id = 304; 
update estoque_total set total = total - 2 where medicamento_id = 304; 
insert into itens_venda values (default, 1601, 292, 292, 2, 0.80, 20.60); 
update estoque set quant_venda = quant_venda + 2, quant_atual = quant_atual - 2 where id = 292; 
update estoque_total set total = total - 2 where medicamento_id = 292; 

insert into venda values (1602, '2023-07-09 12:58:02', 171.78, null, null); 
insert into itens_venda values (default, 1602, 372, 372, 1, 0.00, 107.50); 
update estoque set quant_venda = quant_venda + 1, quant_atual = quant_atual - 1 where id = 372; 
update estoque_total set total = total - 1 where medicamento_id = 372; 
insert into itens_venda values (default, 1602, 451, 451, 3, 1.70, 56.05); 
update estoque set quant_venda = quant_venda + 3, quant_atual = quant_atual - 3 where id = 451; 
update estoque_total set total = total - 3 where medicamento_id = 451; 
insert into itens_venda values (default, 1602, 380, 380, 1, 0.00, 8.23); 
update estoque set quant_venda = quant_venda + 1, quant_atual = quant_atual - 1 where id = 380; 
update estoque_total set total = total - 1 where medicamento_id = 380; 

insert into venda values (1603, '2023-07-09 13:22:05', 56.45, null, null); 
insert into itens_venda values (default, 1603, 491, 491, 1, 0.00, 56.45); 
update estoque set quant_venda = quant_venda + 1, quant_atual = quant_atual - 1 where id = 491; 
update estoque_total set total = total - 1 where medicamento_id = 491; 

insert into venda values (1604, '2023-07-10 06:43:20', 280.50, 5, null); 
insert into itens_venda values (default, 1604, 425, 425, 1, 0.70, 35.50); 
update estoque set quant_venda = quant_venda + 1, quant_atual = quant_atual - 1 where id = 425; 
update estoque_total set total = total - 1 where medicamento_id = 425; 
insert into itens_venda values (default, 1604, 300, 300, 1, 5.00, 245.00); 
update estoque set quant_venda = quant_venda + 1, quant_atual = quant_atual - 1 where id = 300; 
update estoque_total set total = total - 1 where medicamento_id = 300; 

insert into venda values (1605, '2023-07-10 07:05:53', 31.68, null, null); 
insert into itens_venda values (default, 1605, 421, 421, 2, 0.70, 17.68); 
update estoque set quant_venda = quant_venda + 2, quant_atual = quant_atual - 2 where id = 421; 
update estoque_total set total = total - 2 where medicamento_id = 421; 
insert into itens_venda values (default, 1605, 406, 406, 2, 0.40, 14.00); 
update estoque set quant_venda = quant_venda + 2, quant_atual = quant_atual - 2 where id = 406; 
update estoque_total set total = total - 2 where medicamento_id = 406; 

insert into venda values (1606, '2023-07-10 08:20:54', 183.21, 9, 21); 
insert into itens_venda values (default, 1606, 429, 429, 2, 2.90, 46.52); 
update estoque set quant_venda = quant_venda + 2, quant_atual = quant_atual - 2 where id = 429; 
update estoque_total set total = total - 2 where medicamento_id = 429; 
insert into itens_venda values (default, 1606, 469, 469, 2, 4.70, 91.06); 
update estoque set quant_venda = quant_venda + 2, quant_atual = quant_atual - 2 where id = 469; 
update estoque_total set total = total - 2 where medicamento_id = 469; 
insert into itens_venda values (default, 1606, 366, 366, 1, 3.90, 45.63); 
update estoque set quant_venda = quant_venda + 1, quant_atual = quant_atual - 1 where id = 366; 
update estoque_total set total = total - 1 where medicamento_id = 366; 

insert into venda values (1607, '2023-07-10 09:05:02', 63.72, null, null); 
insert into itens_venda values (default, 1607, 273, 273, 2, 2.60, 63.72); 
update estoque set quant_venda = quant_venda + 2, quant_atual = quant_atual - 2 where id = 273; 
update estoque_total set total = total - 2 where medicamento_id = 273; 

insert into venda values (1608, '2023-07-10 10:06:06', 104.23, 6, null); 
insert into itens_venda values (default, 1608, 280, 280, 1, 0.00, 104.23); 
update estoque set quant_venda = quant_venda + 1, quant_atual = quant_atual - 1 where id = 280; 
update estoque_total set total = total - 1 where medicamento_id = 280; 

insert into venda values (1609, '2023-07-10 10:09:06', 262.66, null, 24); 
insert into itens_venda values (default, 1609, 197, 197, 1, 10.90, 262.66); 
update estoque set quant_venda = quant_venda + 1, quant_atual = quant_atual - 1 where id = 197; 
update estoque_total set total = total - 1 where medicamento_id = 197; 

insert into venda values (1610, '2023-07-10 11:02:27', 327.74, null, null); 
insert into itens_venda values (default, 1610, 452, 452, 2, 1.10, 118.24); 
update estoque set quant_venda = quant_venda + 2, quant_atual = quant_atual - 2 where id = 452; 
update estoque_total set total = total - 2 where medicamento_id = 452; 
insert into itens_venda values (default, 1610, 391, 391, 1, 1.70, 87.30); 
update estoque set quant_venda = quant_venda + 1, quant_atual = quant_atual - 1 where id = 391; 
update estoque_total set total = total - 1 where medicamento_id = 391; 
insert into itens_venda values (default, 1610, 67, 67, 1, 2.40, 122.20); 
update estoque set quant_venda = quant_venda + 1, quant_atual = quant_atual - 1 where id = 67; 
update estoque_total set total = total - 1 where medicamento_id = 67; 

insert into venda values (1611, '2023-07-10 11:24:18', 266.11, 17, null); 
insert into itens_venda values (default, 1611, 455, 455, 1, 2.50, 47.67); 
update estoque set quant_venda = quant_venda + 1, quant_atual = quant_atual - 1 where id = 455; 
update estoque_total set total = total - 1 where medicamento_id = 455; 
insert into itens_venda values (default, 1611, 370, 370, 1, 18.90, 218.44); 
update estoque set quant_venda = quant_venda + 1, quant_atual = quant_atual - 1 where id = 370; 
update estoque_total set total = total - 1 where medicamento_id = 370; 

insert into venda values (1612, '2023-07-10 12:26:08', 324.52, null, null); 
insert into itens_venda values (default, 1612, 361, 361, 1, 1.80, 187.98); 
update estoque set quant_venda = quant_venda + 1, quant_atual = quant_atual - 1 where id = 361; 
update estoque_total set total = total - 1 where medicamento_id = 361; 
insert into itens_venda values (default, 1612, 398, 398, 1, 0.10, 15.44); 
update estoque set quant_venda = quant_venda + 1, quant_atual = quant_atual - 1 where id = 398; 
update estoque_total set total = total - 1 where medicamento_id = 398; 
insert into itens_venda values (default, 1612, 246, 246, 2, 2.40, 121.10); 
update estoque set quant_venda = quant_venda + 2, quant_atual = quant_atual - 2 where id = 246; 
update estoque_total set total = total - 2 where medicamento_id = 246; 

insert into venda values (1613, '2023-07-10 13:44:20', 41.27, null, null); 
insert into itens_venda values (default, 1613, 395, 395, 1, 0.00, 41.27); 
update estoque set quant_venda = quant_venda + 1, quant_atual = quant_atual - 1 where id = 395; 
update estoque_total set total = total - 1 where medicamento_id = 395; 

insert into venda values (1614, '2023-07-11 08:40:13', 197.70, null, null); 
insert into itens_venda values (default, 1614, 193, 193, 1, 5.00, 163.67); 
update estoque set quant_venda = quant_venda + 1, quant_atual = quant_atual - 1 where id = 193; 
update estoque_total set total = total - 1 where medicamento_id = 193; 
insert into itens_venda values (default, 1614, 398, 398, 1, 0.10, 15.44); 
update estoque set quant_venda = quant_venda + 1, quant_atual = quant_atual - 1 where id = 398; 
update estoque_total set total = total - 1 where medicamento_id = 398; 
insert into itens_venda values (default, 1614, 461, 461, 1, 0.00, 18.59); 
update estoque set quant_venda = quant_venda + 1, quant_atual = quant_atual - 1 where id = 461; 
update estoque_total set total = total - 1 where medicamento_id = 461; 

insert into venda values (1615, '2023-07-12 07:58:27', 238.23, 16, null); 
insert into itens_venda values (default, 1615, 314, 314, 1, 1.20, 19.79); 
update estoque set quant_venda = quant_venda + 1, quant_atual = quant_atual - 1 where id = 314; 
update estoque_total set total = total - 1 where medicamento_id = 314; 
insert into itens_venda values (default, 1615, 370, 370, 1, 18.90, 218.44); 
update estoque set quant_venda = quant_venda + 1, quant_atual = quant_atual - 1 where id = 370; 
update estoque_total set total = total - 1 where medicamento_id = 370; 

insert into venda values (1616, '2023-07-12 09:47:47', 106.39, null, null); 
insert into itens_venda values (default, 1616, 504, 504, 2, 0.00, 13.50); 
update estoque set quant_venda = quant_venda + 2, quant_atual = quant_atual - 2 where id = 504; 
update estoque_total set total = total - 2 where medicamento_id = 504; 
insert into itens_venda values (default, 1616, 440, 440, 2, 2.30, 76.52); 
update estoque set quant_venda = quant_venda + 2, quant_atual = quant_atual - 2 where id = 440; 
update estoque_total set total = total - 2 where medicamento_id = 440; 
insert into itens_venda values (default, 1616, 494, 494, 1, 0.10, 16.37); 
update estoque set quant_venda = quant_venda + 1, quant_atual = quant_atual - 1 where id = 494; 
update estoque_total set total = total - 1 where medicamento_id = 494; 

insert into venda values (1617, '2023-07-12 11:05:46', 111.74, 8, null); 
insert into itens_venda values (default, 1617, 458, 458, 1, 2.50, 33.70); 
update estoque set quant_venda = quant_venda + 1, quant_atual = quant_atual - 1 where id = 458; 
update estoque_total set total = total - 1 where medicamento_id = 458; 
insert into itens_venda values (default, 1617, 463, 463, 2, 1.00, 25.70); 
update estoque set quant_venda = quant_venda + 2, quant_atual = quant_atual - 2 where id = 463; 
update estoque_total set total = total - 2 where medicamento_id = 463; 
insert into itens_venda values (default, 1617, 322, 322, 2, 3.90, 52.34); 
update estoque set quant_venda = quant_venda + 2, quant_atual = quant_atual - 2 where id = 322; 
update estoque_total set total = total - 2 where medicamento_id = 322; 

insert into venda values (1618, '2023-07-12 12:33:21', 225.48, 16, null); 
insert into itens_venda values (default, 1618, 224, 224, 2, 11.10, 148.44); 
update estoque set quant_venda = quant_venda + 2, quant_atual = quant_atual - 2 where id = 224; 
update estoque_total set total = total - 2 where medicamento_id = 224; 
insert into itens_venda values (default, 1618, 437, 437, 3, 1.50, 77.04); 
update estoque set quant_venda = quant_venda + 3, quant_atual = quant_atual - 3 where id = 437; 
update estoque_total set total = total - 3 where medicamento_id = 437; 

insert into venda values (1619, '2023-07-12 15:00:11', 268.33, null, null); 
insert into itens_venda values (default, 1619, 439, 439, 1, 0.00, 40.97); 
update estoque set quant_venda = quant_venda + 1, quant_atual = quant_atual - 1 where id = 439; 
update estoque_total set total = total - 1 where medicamento_id = 439; 
insert into itens_venda values (default, 1619, 282, 282, 2, 1.00, 106.28); 
update estoque set quant_venda = quant_venda + 2, quant_atual = quant_atual - 2 where id = 282; 
update estoque_total set total = total - 2 where medicamento_id = 282; 
insert into itens_venda values (default, 1619, 332, 332, 2, 5.00, 121.08); 
update estoque set quant_venda = quant_venda + 2, quant_atual = quant_atual - 2 where id = 332; 
update estoque_total set total = total - 2 where medicamento_id = 332; 

insert into venda values (1620, '2023-07-12 15:19:11', 67.84, 4, null); 
insert into itens_venda values (default, 1620, 497, 497, 1, 1.50, 36.10); 
update estoque set quant_venda = quant_venda + 1, quant_atual = quant_atual - 1 where id = 497; 
update estoque_total set total = total - 1 where medicamento_id = 497; 
insert into itens_venda values (default, 1620, 484, 484, 2, 1.30, 31.74); 
update estoque set quant_venda = quant_venda + 2, quant_atual = quant_atual - 2 where id = 484; 
update estoque_total set total = total - 2 where medicamento_id = 484; 

insert into venda values (1621, '2023-07-13 06:44:23', 98.09, 1, null); 
insert into itens_venda values (default, 1621, 284, 284, 3, 1.40, 47.62); 
update estoque set quant_venda = quant_venda + 3, quant_atual = quant_atual - 3 where id = 284; 
update estoque_total set total = total - 3 where medicamento_id = 284; 
insert into itens_venda values (default, 1621, 471, 471, 3, 3.20, 50.47); 
update estoque set quant_venda = quant_venda + 3, quant_atual = quant_atual - 3 where id = 471; 
update estoque_total set total = total - 3 where medicamento_id = 471; 

insert into venda values (1622, '2023-07-13 08:12:21', 173.44, 17, null); 
insert into itens_venda values (default, 1622, 412, 412, 2, 3.50, 173.44); 
update estoque set quant_venda = quant_venda + 2, quant_atual = quant_atual - 2 where id = 412; 
update estoque_total set total = total - 2 where medicamento_id = 412; 

insert into venda values (1623, '2023-07-13 10:34:41', 74.38, null, null); 
insert into itens_venda values (default, 1623, 450, 450, 1, 0.80, 21.22); 
update estoque set quant_venda = quant_venda + 1, quant_atual = quant_atual - 1 where id = 450; 
update estoque_total set total = total - 1 where medicamento_id = 450; 
insert into itens_venda values (default, 1623, 419, 419, 2, 1.60, 53.16); 
update estoque set quant_venda = quant_venda + 2, quant_atual = quant_atual - 2 where id = 419; 
update estoque_total set total = total - 2 where medicamento_id = 419; 

insert into venda values (1624, '2023-07-13 10:56:48', 29.02, 7, null); 
insert into itens_venda values (default, 1624, 303, 303, 1, 1.80, 29.02); 
update estoque set quant_venda = quant_venda + 1, quant_atual = quant_atual - 1 where id = 303; 
update estoque_total set total = total - 1 where medicamento_id = 303; 

insert into venda values (1625, '2023-07-13 12:47:28', 298.79, 13, null); 
insert into itens_venda values (default, 1625, 434, 434, 2, 2.60, 62.72); 
update estoque set quant_venda = quant_venda + 2, quant_atual = quant_atual - 2 where id = 434; 
update estoque_total set total = total - 2 where medicamento_id = 434; 
insert into itens_venda values (default, 1625, 300, 300, 1, 17.50, 232.50); 
update estoque set quant_venda = quant_venda + 1, quant_atual = quant_atual - 1 where id = 300; 
update estoque_total set total = total - 1 where medicamento_id = 300; 
insert into itens_venda values (default, 1625, 503, 503, 1, 0.10, 3.57); 
update estoque set quant_venda = quant_venda + 1, quant_atual = quant_atual - 1 where id = 503; 
update estoque_total set total = total - 1 where medicamento_id = 503; 

insert into venda values (1626, '2023-07-14 06:10:04', 47.07, null, null); 
insert into itens_venda values (default, 1626, 423, 423, 3, 0.90, 47.07); 
update estoque set quant_venda = quant_venda + 3, quant_atual = quant_atual - 3 where id = 423; 
update estoque_total set total = total - 3 where medicamento_id = 423; 

insert into venda values (1627, '2023-07-14 06:38:37', 402.39, null, 22); 
insert into itens_venda values (default, 1627, 440, 440, 2, 0.00, 78.82); 
update estoque set quant_venda = quant_venda + 2, quant_atual = quant_atual - 2 where id = 440; 
update estoque_total set total = total - 2 where medicamento_id = 440; 
insert into itens_venda values (default, 1627, 309, 309, 3, 0.80, 41.20); 
update estoque set quant_venda = quant_venda + 3, quant_atual = quant_atual - 3 where id = 309; 
update estoque_total set total = total - 3 where medicamento_id = 309; 
insert into itens_venda values (default, 1627, 268, 268, 1, 8.70, 282.37); 
update estoque set quant_venda = quant_venda + 1, quant_atual = quant_atual - 1 where id = 268; 
update estoque_total set total = total - 1 where medicamento_id = 268; 

insert into venda values (1628, '2023-07-14 06:48:09', 179.75, null, null); 
insert into itens_venda values (default, 1628, 492, 492, 2, 1.70, 86.96); 
update estoque set quant_venda = quant_venda + 2, quant_atual = quant_atual - 2 where id = 492; 
update estoque_total set total = total - 2 where medicamento_id = 492; 
insert into itens_venda values (default, 1628, 124, 124, 1, 0.00, 92.79); 
update estoque set quant_venda = quant_venda + 1, quant_atual = quant_atual - 1 where id = 124; 
update estoque_total set total = total - 1 where medicamento_id = 124; 

insert into venda values (1629, '2023-07-14 07:39:42', 131.74, 10, null); 
insert into itens_venda values (default, 1629, 373, 373, 2, 4.10, 65.36); 
update estoque set quant_venda = quant_venda + 2, quant_atual = quant_atual - 2 where id = 373; 
update estoque_total set total = total - 2 where medicamento_id = 373; 
insert into itens_venda values (default, 1629, 505, 505, 2, 1.30, 66.38); 
update estoque set quant_venda = quant_venda + 2, quant_atual = quant_atual - 2 where id = 505; 
update estoque_total set total = total - 2 where medicamento_id = 505; 

insert into venda values (1630, '2023-07-14 08:10:14', 118.11, null, null); 
insert into itens_venda values (default, 1630, 342, 342, 1, 0.00, 42.91); 
update estoque set quant_venda = quant_venda + 1, quant_atual = quant_atual - 1 where id = 342; 
update estoque_total set total = total - 1 where medicamento_id = 342; 
insert into itens_venda values (default, 1630, 497, 497, 2, 0.00, 75.20); 
update estoque set quant_venda = quant_venda + 2, quant_atual = quant_atual - 2 where id = 497; 
update estoque_total set total = total - 2 where medicamento_id = 497; 

insert into venda values (1631, '2023-07-14 09:04:03', 46.97, null, null); 
insert into itens_venda values (default, 1631, 397, 397, 1, 0.30, 17.82); 
update estoque set quant_venda = quant_venda + 1, quant_atual = quant_atual - 1 where id = 397; 
update estoque_total set total = total - 1 where medicamento_id = 397; 
insert into itens_venda values (default, 1631, 437, 437, 1, 0.70, 25.48); 
update estoque set quant_venda = quant_venda + 1, quant_atual = quant_atual - 1 where id = 437; 
update estoque_total set total = total - 1 where medicamento_id = 437; 
insert into itens_venda values (default, 1631, 503, 503, 1, 0.00, 3.67); 
update estoque set quant_venda = quant_venda + 1, quant_atual = quant_atual - 1 where id = 503; 
update estoque_total set total = total - 1 where medicamento_id = 503; 

insert into venda values (1632, '2023-07-14 09:06:40', 111.64, null, null); 
insert into itens_venda values (default, 1632, 353, 353, 2, 3.30, 80.06); 
update estoque set quant_venda = quant_venda + 2, quant_atual = quant_atual - 2 where id = 353; 
update estoque_total set total = total - 2 where medicamento_id = 353; 
insert into itens_venda values (default, 1632, 485, 485, 2, 0.60, 31.58); 
update estoque set quant_venda = quant_venda + 2, quant_atual = quant_atual - 2 where id = 485; 
update estoque_total set total = total - 2 where medicamento_id = 485; 

insert into venda values (1633, '2023-07-14 09:19:32', 225.76, 11, null); 
insert into itens_venda values (default, 1633, 433, 433, 3, 6.50, 74.95); 
update estoque set quant_venda = quant_venda + 3, quant_atual = quant_atual - 3 where id = 433; 
update estoque_total set total = total - 3 where medicamento_id = 433; 
insert into itens_venda values (default, 1633, 402, 402, 2, 1.60, 32.14); 
update estoque set quant_venda = quant_venda + 2, quant_atual = quant_atual - 2 where id = 402; 
update estoque_total set total = total - 2 where medicamento_id = 402; 
insert into itens_venda values (default, 1633, 70, 70, 1, 0.00, 118.67); 
update estoque set quant_venda = quant_venda + 1, quant_atual = quant_atual - 1 where id = 70; 
update estoque_total set total = total - 1 where medicamento_id = 70; 

insert into venda values (1634, '2023-07-14 09:25:15', 108.24, 6, null); 
insert into itens_venda values (default, 1634, 468, 468, 2, 10.70, 108.24); 
update estoque set quant_venda = quant_venda + 2, quant_atual = quant_atual - 2 where id = 468; 
update estoque_total set total = total - 2 where medicamento_id = 468; 

insert into venda values (1635, '2023-07-15 06:44:34', 132.02, 10, null); 
insert into itens_venda values (default, 1635, 494, 494, 3, 1.40, 48.01); 
update estoque set quant_venda = quant_venda + 3, quant_atual = quant_atual - 3 where id = 494; 
update estoque_total set total = total - 3 where medicamento_id = 494; 
insert into itens_venda values (default, 1635, 238, 238, 3, 3.40, 39.23); 
update estoque set quant_venda = quant_venda + 3, quant_atual = quant_atual - 3 where id = 238; 
update estoque_total set total = total - 3 where medicamento_id = 238; 
insert into itens_venda values (default, 1635, 442, 442, 2, 1.30, 44.78); 
update estoque set quant_venda = quant_venda + 2, quant_atual = quant_atual - 2 where id = 442; 
update estoque_total set total = total - 2 where medicamento_id = 442; 

insert into venda values (1636, '2023-07-15 07:59:47', 187.27, null, null); 
insert into itens_venda values (default, 1636, 281, 281, 2, 3.40, 110.78); 
update estoque set quant_venda = quant_venda + 2, quant_atual = quant_atual - 2 where id = 281; 
update estoque_total set total = total - 2 where medicamento_id = 281; 
insert into itens_venda values (default, 1636, 447, 447, 3, 3.10, 76.49); 
update estoque set quant_venda = quant_venda + 3, quant_atual = quant_atual - 3 where id = 447; 
update estoque_total set total = total - 3 where medicamento_id = 447; 

insert into venda values (1637, '2023-07-17 06:29:58', 142.47, null, 21); 
insert into itens_venda values (default, 1637, 292, 292, 2, 0.20, 21.20); 
update estoque set quant_venda = quant_venda + 2, quant_atual = quant_atual - 2 where id = 292; 
update estoque_total set total = total - 2 where medicamento_id = 292; 
insert into itens_venda values (default, 1637, 383, 383, 1, 0.00, 51.91); 
update estoque set quant_venda = quant_venda + 1, quant_atual = quant_atual - 1 where id = 383; 
update estoque_total set total = total - 1 where medicamento_id = 383; 
insert into itens_venda values (default, 1637, 277, 277, 2, 1.40, 69.36); 
update estoque set quant_venda = quant_venda + 2, quant_atual = quant_atual - 2 where id = 277; 
update estoque_total set total = total - 2 where medicamento_id = 277; 

insert into venda values (1638, '2023-07-17 06:45:28', 22.68, null, null); 
insert into itens_venda values (default, 1638, 493, 493, 3, 0.00, 22.68); 
update estoque set quant_venda = quant_venda + 3, quant_atual = quant_atual - 3 where id = 493; 
update estoque_total set total = total - 3 where medicamento_id = 493; 

insert into venda values (1639, '2023-07-17 07:48:45', 109.58, null, null); 
insert into itens_venda values (default, 1639, 318, 318, 2, 2.20, 109.58); 
update estoque set quant_venda = quant_venda + 2, quant_atual = quant_atual - 2 where id = 318; 
update estoque_total set total = total - 2 where medicamento_id = 318; 

insert into venda values (1640, '2023-07-17 08:41:10', 97.55, null, null); 
insert into itens_venda values (default, 1640, 484, 484, 2, 0.90, 32.14); 
update estoque set quant_venda = quant_venda + 2, quant_atual = quant_atual - 2 where id = 484; 
update estoque_total set total = total - 2 where medicamento_id = 484; 
insert into itens_venda values (default, 1640, 162, 162, 1, 2.00, 65.41); 
update estoque set quant_venda = quant_venda + 1, quant_atual = quant_atual - 1 where id = 162; 
update estoque_total set total = total - 1 where medicamento_id = 162; 

insert into venda values (1641, '2023-07-17 09:13:20', 105.87, null, null); 
insert into itens_venda values (default, 1641, 492, 492, 1, 1.70, 42.63); 
update estoque set quant_venda = quant_venda + 1, quant_atual = quant_atual - 1 where id = 492; 
update estoque_total set total = total - 1 where medicamento_id = 492; 
insert into itens_venda values (default, 1641, 327, 327, 2, 0.00, 63.24); 
update estoque set quant_venda = quant_venda + 2, quant_atual = quant_atual - 2 where id = 327; 
update estoque_total set total = total - 2 where medicamento_id = 327; 

insert into venda values (1642, '2023-07-17 09:37:20', 532.23, null, 24); 
insert into itens_venda values (default, 1642, 465, 465, 1, 0.00, 122.22); 
update estoque set quant_venda = quant_venda + 1, quant_atual = quant_atual - 1 where id = 465; 
update estoque_total set total = total - 1 where medicamento_id = 465; 
insert into itens_venda values (default, 1642, 106, 106, 1, 11.80, 382.64); 
update estoque set quant_venda = quant_venda + 1, quant_atual = quant_atual - 1 where id = 106; 
update estoque_total set total = total - 1 where medicamento_id = 106; 
insert into itens_venda values (default, 1642, 421, 421, 3, 0.20, 27.37); 
update estoque set quant_venda = quant_venda + 3, quant_atual = quant_atual - 3 where id = 421; 
update estoque_total set total = total - 3 where medicamento_id = 421; 

insert into venda values (1643, '2023-07-17 10:31:15', 186.07, 9, null); 
insert into itens_venda values (default, 1643, 504, 504, 3, 1.40, 18.85); 
update estoque set quant_venda = quant_venda + 3, quant_atual = quant_atual - 3 where id = 504; 
update estoque_total set total = total - 3 where medicamento_id = 504; 
insert into itens_venda values (default, 1643, 455, 455, 2, 9.00, 91.34); 
update estoque set quant_venda = quant_venda + 2, quant_atual = quant_atual - 2 where id = 455; 
update estoque_total set total = total - 2 where medicamento_id = 455; 
insert into itens_venda values (default, 1643, 345, 345, 3, 2.30, 75.88); 
update estoque set quant_venda = quant_venda + 3, quant_atual = quant_atual - 3 where id = 345; 
update estoque_total set total = total - 3 where medicamento_id = 345; 

insert into venda values (1644, '2023-07-17 11:19:30', 139.40, 15, null); 
insert into itens_venda values (default, 1644, 437, 437, 1, 1.80, 24.38); 
update estoque set quant_venda = quant_venda + 1, quant_atual = quant_atual - 1 where id = 437; 
update estoque_total set total = total - 1 where medicamento_id = 437; 
insert into itens_venda values (default, 1644, 209, 209, 2, 0.90, 91.14); 
update estoque set quant_venda = quant_venda + 2, quant_atual = quant_atual - 2 where id = 209; 
update estoque_total set total = total - 2 where medicamento_id = 209; 
insert into itens_venda values (default, 1644, 437, 437, 1, 2.30, 23.88); 
update estoque set quant_venda = quant_venda + 1, quant_atual = quant_atual - 1 where id = 437; 
update estoque_total set total = total - 1 where medicamento_id = 437; 

insert into venda values (1645, '2023-07-17 12:31:28', 81.17, null, null); 
insert into itens_venda values (default, 1645, 498, 498, 1, 0.70, 34.73); 
update estoque set quant_venda = quant_venda + 1, quant_atual = quant_atual - 1 where id = 498; 
update estoque_total set total = total - 1 where medicamento_id = 498; 
insert into itens_venda values (default, 1645, 323, 323, 2, 1.00, 34.34); 
update estoque set quant_venda = quant_venda + 2, quant_atual = quant_atual - 2 where id = 323; 
update estoque_total set total = total - 2 where medicamento_id = 323; 
insert into itens_venda values (default, 1645, 242, 242, 2, 0.20, 12.10); 
update estoque set quant_venda = quant_venda + 2, quant_atual = quant_atual - 2 where id = 242; 
update estoque_total set total = total - 2 where medicamento_id = 242; 

insert into venda values (1646, '2023-07-18 06:55:03', 381.13, 7, 21); 
insert into itens_venda values (default, 1646, 172, 172, 1, 5.40, 130.94); 
update estoque set quant_venda = quant_venda + 1, quant_atual = quant_atual - 1 where id = 172; 
update estoque_total set total = total - 1 where medicamento_id = 172; 
insert into itens_venda values (default, 1646, 375, 375, 1, 0.90, 18.91); 
update estoque set quant_venda = quant_venda + 1, quant_atual = quant_atual - 1 where id = 375; 
update estoque_total set total = total - 1 where medicamento_id = 375; 
insert into itens_venda values (default, 1646, 39, 39, 1, 9.60, 231.28); 
update estoque set quant_venda = quant_venda + 1, quant_atual = quant_atual - 1 where id = 39; 
update estoque_total set total = total - 1 where medicamento_id = 39; 

insert into venda values (1647, '2023-07-18 08:05:11', 100.34, 6, 25); 
insert into itens_venda values (default, 1647, 181, 181, 1, 0.00, 35.96); 
update estoque set quant_venda = quant_venda + 1, quant_atual = quant_atual - 1 where id = 181; 
update estoque_total set total = total - 1 where medicamento_id = 181; 
insert into itens_venda values (default, 1647, 505, 505, 2, 3.30, 64.38); 
update estoque set quant_venda = quant_venda + 2, quant_atual = quant_atual - 2 where id = 505; 
update estoque_total set total = total - 2 where medicamento_id = 505; 

insert into venda values (1648, '2023-07-18 09:05:06', 282.11, null, 24); 
insert into itens_venda values (default, 1648, 16, 16, 1, 0.00, 185.69); 
update estoque set quant_venda = quant_venda + 1, quant_atual = quant_atual - 1 where id = 16; 
update estoque_total set total = total - 1 where medicamento_id = 16; 
insert into itens_venda values (default, 1648, 483, 483, 2, 4.00, 96.42); 
update estoque set quant_venda = quant_venda + 2, quant_atual = quant_atual - 2 where id = 483; 
update estoque_total set total = total - 2 where medicamento_id = 483; 

insert into venda values (1649, '2023-07-18 09:21:16', 413.57, null, null); 
insert into itens_venda values (default, 1649, 239, 239, 1, 5.80, 188.35); 
update estoque set quant_venda = quant_venda + 1, quant_atual = quant_atual - 1 where id = 239; 
update estoque_total set total = total - 1 where medicamento_id = 239; 
insert into itens_venda values (default, 1649, 455, 455, 2, 0.00, 100.34); 
update estoque set quant_venda = quant_venda + 2, quant_atual = quant_atual - 2 where id = 455; 
update estoque_total set total = total - 2 where medicamento_id = 455; 
insert into itens_venda values (default, 1649, 466, 466, 1, 0.00, 124.88); 
update estoque set quant_venda = quant_venda + 1, quant_atual = quant_atual - 1 where id = 466; 
update estoque_total set total = total - 1 where medicamento_id = 466; 

insert into venda values (1650, '2023-07-18 09:50:28', 94.44, null, null); 
insert into itens_venda values (default, 1650, 447, 447, 1, 0.00, 26.53); 
update estoque set quant_venda = quant_venda + 1, quant_atual = quant_atual - 1 where id = 447; 
update estoque_total set total = total - 1 where medicamento_id = 447; 
insert into itens_venda values (default, 1650, 484, 484, 3, 0.00, 49.56); 
update estoque set quant_venda = quant_venda + 3, quant_atual = quant_atual - 3 where id = 484; 
update estoque_total set total = total - 3 where medicamento_id = 484; 
insert into itens_venda values (default, 1650, 242, 242, 3, 0.10, 18.35); 
update estoque set quant_venda = quant_venda + 3, quant_atual = quant_atual - 3 where id = 242; 
update estoque_total set total = total - 3 where medicamento_id = 242; 

insert into venda values (1651, '2023-07-18 10:28:41', 265.57, 12, 21); 
insert into itens_venda values (default, 1651, 355, 355, 3, 0.00, 78.33); 
update estoque set quant_venda = quant_venda + 3, quant_atual = quant_atual - 3 where id = 355; 
update estoque_total set total = total - 3 where medicamento_id = 355; 
insert into itens_venda values (default, 1651, 367, 367, 2, 7.80, 187.24); 
update estoque set quant_venda = quant_venda + 2, quant_atual = quant_atual - 2 where id = 367; 
update estoque_total set total = total - 2 where medicamento_id = 367; 

insert into venda values (1652, '2023-07-18 11:21:39', 136.88, null, null); 
insert into itens_venda values (default, 1652, 262, 262, 2, 0.00, 43.02); 
update estoque set quant_venda = quant_venda + 2, quant_atual = quant_atual - 2 where id = 262; 
update estoque_total set total = total - 2 where medicamento_id = 262; 
insert into itens_venda values (default, 1652, 469, 469, 2, 1.90, 93.86); 
update estoque set quant_venda = quant_venda + 2, quant_atual = quant_atual - 2 where id = 469; 
update estoque_total set total = total - 2 where medicamento_id = 469; 

insert into venda values (1653, '2023-07-18 11:48:44', 151.52, null, null); 
insert into itens_venda values (default, 1653, 460, 460, 1, 0.30, 37.36); 
update estoque set quant_venda = quant_venda + 1, quant_atual = quant_atual - 1 where id = 460; 
update estoque_total set total = total - 1 where medicamento_id = 460; 
insert into itens_venda values (default, 1653, 459, 459, 2, 2.70, 65.14); 
update estoque set quant_venda = quant_venda + 2, quant_atual = quant_atual - 2 where id = 459; 
update estoque_total set total = total - 2 where medicamento_id = 459; 
insert into itens_venda values (default, 1653, 429, 429, 2, 0.40, 49.02); 
update estoque set quant_venda = quant_venda + 2, quant_atual = quant_atual - 2 where id = 429; 
update estoque_total set total = total - 2 where medicamento_id = 429; 

insert into venda values (1654, '2023-07-18 11:53:02', 229.35, 18, null); 
insert into itens_venda values (default, 1654, 157, 157, 1, 6.50, 66.67); 
update estoque set quant_venda = quant_venda + 1, quant_atual = quant_atual - 1 where id = 157; 
update estoque_total set total = total - 1 where medicamento_id = 157; 
insert into itens_venda values (default, 1654, 483, 483, 2, 3.00, 97.42); 
update estoque set quant_venda = quant_venda + 2, quant_atual = quant_atual - 2 where id = 483; 
update estoque_total set total = total - 2 where medicamento_id = 483; 
insert into itens_venda values (default, 1654, 498, 498, 2, 5.60, 65.26); 
update estoque set quant_venda = quant_venda + 2, quant_atual = quant_atual - 2 where id = 498; 
update estoque_total set total = total - 2 where medicamento_id = 498; 

insert into venda values (1655, '2023-07-18 12:27:09', 66.38, null, null); 
insert into itens_venda values (default, 1655, 505, 505, 2, 1.30, 66.38); 
update estoque set quant_venda = quant_venda + 2, quant_atual = quant_atual - 2 where id = 505; 
update estoque_total set total = total - 2 where medicamento_id = 505; 

insert into venda values (1656, '2023-07-18 12:51:18', 142.34, null, null); 
insert into itens_venda values (default, 1656, 372, 372, 1, 2.10, 105.40); 
update estoque set quant_venda = quant_venda + 1, quant_atual = quant_atual - 1 where id = 372; 
update estoque_total set total = total - 1 where medicamento_id = 372; 
insert into itens_venda values (default, 1656, 379, 379, 3, 1.10, 36.94); 
update estoque set quant_venda = quant_venda + 3, quant_atual = quant_atual - 3 where id = 379; 
update estoque_total set total = total - 3 where medicamento_id = 379; 

insert into venda values (1657, '2023-07-18 13:32:05', 478.41, null, 23); 
insert into itens_venda values (default, 1657, 488, 488, 2, 2.90, 95.56); 
update estoque set quant_venda = quant_venda + 2, quant_atual = quant_atual - 2 where id = 488; 
update estoque_total set total = total - 2 where medicamento_id = 488; 
insert into itens_venda values (default, 1657, 211, 211, 1, 7.30, 236.19); 
update estoque set quant_venda = quant_venda + 1, quant_atual = quant_atual - 1 where id = 211; 
update estoque_total set total = total - 1 where medicamento_id = 211; 
insert into itens_venda values (default, 1657, 360, 360, 1, 1.40, 146.66); 
update estoque set quant_venda = quant_venda + 1, quant_atual = quant_atual - 1 where id = 360; 
update estoque_total set total = total - 1 where medicamento_id = 360; 

insert into venda values (1658, '2023-07-18 14:51:09', 246.87, null, 25); 
insert into itens_venda values (default, 1658, 217, 217, 3, 0.60, 32.55); 
update estoque set quant_venda = quant_venda + 3, quant_atual = quant_atual - 3 where id = 217; 
update estoque_total set total = total - 3 where medicamento_id = 217; 
insert into itens_venda values (default, 1658, 204, 204, 3, 0.00, 37.38); 
update estoque set quant_venda = quant_venda + 3, quant_atual = quant_atual - 3 where id = 204; 
update estoque_total set total = total - 3 where medicamento_id = 204; 
insert into itens_venda values (default, 1658, 412, 412, 2, 0.00, 176.94); 
update estoque set quant_venda = quant_venda + 2, quant_atual = quant_atual - 2 where id = 412; 
update estoque_total set total = total - 2 where medicamento_id = 412; 

insert into venda values (1659, '2023-07-19 07:06:06', 216.91, null, 21); 
insert into itens_venda values (default, 1659, 153, 153, 1, 2.40, 79.41); 
update estoque set quant_venda = quant_venda + 1, quant_atual = quant_atual - 1 where id = 153; 
update estoque_total set total = total - 1 where medicamento_id = 153; 
insert into itens_venda values (default, 1659, 265, 265, 2, 1.30, 137.50); 
update estoque set quant_venda = quant_venda + 2, quant_atual = quant_atual - 2 where id = 265; 
update estoque_total set total = total - 2 where medicamento_id = 265; 

insert into venda values (1660, '2023-07-19 09:16:41', 16.37, 10, null); 
insert into itens_venda values (default, 1660, 482, 482, 1, 0.00, 16.37); 
update estoque set quant_venda = quant_venda + 1, quant_atual = quant_atual - 1 where id = 482; 
update estoque_total set total = total - 1 where medicamento_id = 482; 

insert into venda values (1661, '2023-07-19 11:06:38', 69.22, 7, null); 
insert into itens_venda values (default, 1661, 405, 405, 2, 2.80, 69.22); 
update estoque set quant_venda = quant_venda + 2, quant_atual = quant_atual - 2 where id = 405; 
update estoque_total set total = total - 2 where medicamento_id = 405; 

insert into venda values (1662, '2023-07-19 11:38:45', 408.30, null, 24); 
insert into itens_venda values (default, 1662, 359, 359, 1, 3.60, 86.98); 
update estoque set quant_venda = quant_venda + 1, quant_atual = quant_atual - 1 where id = 359; 
update estoque_total set total = total - 1 where medicamento_id = 359; 
insert into itens_venda values (default, 1662, 414, 414, 2, 0.70, 76.30); 
update estoque set quant_venda = quant_venda + 2, quant_atual = quant_atual - 2 where id = 414; 
update estoque_total set total = total - 2 where medicamento_id = 414; 
insert into itens_venda values (default, 1662, 54, 54, 1, 4.90, 245.02); 
update estoque set quant_venda = quant_venda + 1, quant_atual = quant_atual - 1 where id = 54; 
update estoque_total set total = total - 1 where medicamento_id = 54; 

insert into venda values (1663, '2023-07-19 14:23:24', 256.64, 18, null); 
insert into itens_venda values (default, 1663, 182, 182, 1, 4.10, 47.81); 
update estoque set quant_venda = quant_venda + 1, quant_atual = quant_atual - 1 where id = 182; 
update estoque_total set total = total - 1 where medicamento_id = 182; 
insert into itens_venda values (default, 1663, 267, 267, 1, 10.60, 166.53); 
update estoque set quant_venda = quant_venda + 1, quant_atual = quant_atual - 1 where id = 267; 
update estoque_total set total = total - 1 where medicamento_id = 267; 
insert into itens_venda values (default, 1663, 351, 351, 2, 1.30, 42.30); 
update estoque set quant_venda = quant_venda + 2, quant_atual = quant_atual - 2 where id = 351; 
update estoque_total set total = total - 2 where medicamento_id = 351; 

insert into venda values (1664, '2023-07-20 08:00:56', 145.48, null, null); 
insert into itens_venda values (default, 1664, 379, 379, 1, 0.30, 12.38); 
update estoque set quant_venda = quant_venda + 1, quant_atual = quant_atual - 1 where id = 379; 
update estoque_total set total = total - 1 where medicamento_id = 379; 
insert into itens_venda values (default, 1664, 208, 208, 1, 1.60, 51.88); 
update estoque set quant_venda = quant_venda + 1, quant_atual = quant_atual - 1 where id = 208; 
update estoque_total set total = total - 1 where medicamento_id = 208; 
insert into itens_venda values (default, 1664, 275, 275, 1, 2.50, 81.22); 
update estoque set quant_venda = quant_venda + 1, quant_atual = quant_atual - 1 where id = 275; 
update estoque_total set total = total - 1 where medicamento_id = 275; 

insert into venda values (1665, '2023-07-20 08:45:03', 290.81, 5, null); 
insert into itens_venda values (default, 1665, 304, 304, 3, 5.70, 76.68); 
update estoque set quant_venda = quant_venda + 3, quant_atual = quant_atual - 3 where id = 304; 
update estoque_total set total = total - 3 where medicamento_id = 304; 
insert into itens_venda values (default, 1665, 361, 361, 1, 1.80, 187.98); 
update estoque set quant_venda = quant_venda + 1, quant_atual = quant_atual - 1 where id = 361; 
update estoque_total set total = total - 1 where medicamento_id = 361; 
insert into itens_venda values (default, 1665, 433, 433, 1, 1.00, 26.15); 
update estoque set quant_venda = quant_venda + 1, quant_atual = quant_atual - 1 where id = 433; 
update estoque_total set total = total - 1 where medicamento_id = 433; 

insert into venda values (1666, '2023-07-20 10:40:13', 82.71, 14, null); 
insert into itens_venda values (default, 1666, 499, 499, 1, 0.70, 38.07); 
update estoque set quant_venda = quant_venda + 1, quant_atual = quant_atual - 1 where id = 499; 
update estoque_total set total = total - 1 where medicamento_id = 499; 
insert into itens_venda values (default, 1666, 393, 393, 2, 4.40, 44.64); 
update estoque set quant_venda = quant_venda + 2, quant_atual = quant_atual - 2 where id = 393; 
update estoque_total set total = total - 2 where medicamento_id = 393; 

insert into venda values (1667, '2023-07-20 12:23:12', 99.37, null, null); 
insert into itens_venda values (default, 1667, 480, 480, 1, 0.00, 31.54); 
update estoque set quant_venda = quant_venda + 1, quant_atual = quant_atual - 1 where id = 480; 
update estoque_total set total = total - 1 where medicamento_id = 480; 
insert into itens_venda values (default, 1667, 407, 407, 1, 2.00, 67.83); 
update estoque set quant_venda = quant_venda + 1, quant_atual = quant_atual - 1 where id = 407; 
update estoque_total set total = total - 1 where medicamento_id = 407; 

insert into venda values (1668, '2023-07-20 14:32:35', 184.93, 18, null); 
insert into itens_venda values (default, 1668, 400, 400, 1, 1.30, 134.90); 
update estoque set quant_venda = quant_venda + 1, quant_atual = quant_atual - 1 where id = 400; 
update estoque_total set total = total - 1 where medicamento_id = 400; 
insert into itens_venda values (default, 1668, 490, 490, 1, 2.00, 50.03); 
update estoque set quant_venda = quant_venda + 1, quant_atual = quant_atual - 1 where id = 490; 
update estoque_total set total = total - 1 where medicamento_id = 490; 

insert into venda values (1669, '2023-07-20 17:02:35', 133.19, null, null); 
insert into itens_venda values (default, 1669, 435, 435, 1, 2.90, 95.12); 
update estoque set quant_venda = quant_venda + 1, quant_atual = quant_atual - 1 where id = 435; 
update estoque_total set total = total - 1 where medicamento_id = 435; 
insert into itens_venda values (default, 1669, 499, 499, 1, 0.70, 38.07); 
update estoque set quant_venda = quant_venda + 1, quant_atual = quant_atual - 1 where id = 499; 
update estoque_total set total = total - 1 where medicamento_id = 499; 

insert into venda values (1670, '2023-07-21 06:27:08', 164.40, 16, null); 
insert into itens_venda values (default, 1670, 288, 288, 1, 0.00, 16.34); 
update estoque set quant_venda = quant_venda + 1, quant_atual = quant_atual - 1 where id = 288; 
update estoque_total set total = total - 1 where medicamento_id = 288; 
insert into itens_venda values (default, 1670, 360, 360, 1, 0.00, 148.06); 
update estoque set quant_venda = quant_venda + 1, quant_atual = quant_atual - 1 where id = 360; 
update estoque_total set total = total - 1 where medicamento_id = 360; 

insert into venda values (1671, '2023-07-21 08:00:16', 145.65, 11, null); 
insert into itens_venda values (default, 1671, 107, 107, 1, 12.20, 124.36); 
update estoque set quant_venda = quant_venda + 1, quant_atual = quant_atual - 1 where id = 107; 
update estoque_total set total = total - 1 where medicamento_id = 107; 
insert into itens_venda values (default, 1671, 501, 501, 1, 1.80, 21.29); 
update estoque set quant_venda = quant_venda + 1, quant_atual = quant_atual - 1 where id = 501; 
update estoque_total set total = total - 1 where medicamento_id = 501; 

insert into venda values (1672, '2023-07-21 09:25:16', 311.21, null, 21); 
insert into itens_venda values (default, 1672, 268, 268, 1, 11.60, 279.47); 
update estoque set quant_venda = quant_venda + 1, quant_atual = quant_atual - 1 where id = 268; 
update estoque_total set total = total - 1 where medicamento_id = 268; 
insert into itens_venda values (default, 1672, 495, 495, 3, 0.30, 31.74); 
update estoque set quant_venda = quant_venda + 3, quant_atual = quant_atual - 3 where id = 495; 
update estoque_total set total = total - 3 where medicamento_id = 495; 

insert into venda values (1673, '2023-07-22 07:32:03', 184.18, null, null); 
insert into itens_venda values (default, 1673, 361, 361, 1, 5.60, 184.18); 
update estoque set quant_venda = quant_venda + 1, quant_atual = quant_atual - 1 where id = 361; 
update estoque_total set total = total - 1 where medicamento_id = 361; 

insert into venda values (1674, '2023-07-22 08:00:25', 75.78, null, null); 
insert into itens_venda values (default, 1674, 504, 504, 1, 0.00, 6.75); 
update estoque set quant_venda = quant_venda + 1, quant_atual = quant_atual - 1 where id = 504; 
update estoque_total set total = total - 1 where medicamento_id = 504; 
insert into itens_venda values (default, 1674, 499, 499, 1, 1.10, 37.67); 
update estoque set quant_venda = quant_venda + 1, quant_atual = quant_atual - 1 where id = 499; 
update estoque_total set total = total - 1 where medicamento_id = 499; 
insert into itens_venda values (default, 1674, 434, 434, 1, 1.30, 31.36); 
update estoque set quant_venda = quant_venda + 1, quant_atual = quant_atual - 1 where id = 434; 
update estoque_total set total = total - 1 where medicamento_id = 434; 

insert into venda values (1675, '2023-07-22 09:03:13', 200.02, null, null); 
insert into itens_venda values (default, 1675, 443, 443, 1, 0.00, 23.40); 
update estoque set quant_venda = quant_venda + 1, quant_atual = quant_atual - 1 where id = 443; 
update estoque_total set total = total - 1 where medicamento_id = 443; 
insert into itens_venda values (default, 1675, 447, 447, 3, 3.10, 76.49); 
update estoque set quant_venda = quant_venda + 3, quant_atual = quant_atual - 3 where id = 447; 
update estoque_total set total = total - 3 where medicamento_id = 447; 
insert into itens_venda values (default, 1675, 280, 280, 1, 4.10, 100.13); 
update estoque set quant_venda = quant_venda + 1, quant_atual = quant_atual - 1 where id = 280; 
update estoque_total set total = total - 1 where medicamento_id = 280; 

insert into venda values (1676, '2023-07-22 10:28:08', 327.03, null, 23); 
insert into itens_venda values (default, 1676, 192, 192, 1, 5.50, 132.18); 
update estoque set quant_venda = quant_venda + 1, quant_atual = quant_atual - 1 where id = 192; 
update estoque_total set total = total - 1 where medicamento_id = 192; 
insert into itens_venda values (default, 1676, 225, 225, 1, 5.30, 129.17); 
update estoque set quant_venda = quant_venda + 1, quant_atual = quant_atual - 1 where id = 225; 
update estoque_total set total = total - 1 where medicamento_id = 225; 
insert into itens_venda values (default, 1676, 505, 505, 2, 2.00, 65.68); 
update estoque set quant_venda = quant_venda + 2, quant_atual = quant_atual - 2 where id = 505; 
update estoque_total set total = total - 2 where medicamento_id = 505; 

insert into venda values (1677, '2023-07-22 11:36:38', 406.18, 13, null); 
insert into itens_venda values (default, 1677, 422, 422, 1, 0.40, 15.59); 
update estoque set quant_venda = quant_venda + 1, quant_atual = quant_atual - 1 where id = 422; 
update estoque_total set total = total - 1 where medicamento_id = 422; 
insert into itens_venda values (default, 1677, 466, 466, 1, 2.40, 122.48); 
update estoque set quant_venda = quant_venda + 1, quant_atual = quant_atual - 1 where id = 466; 
update estoque_total set total = total - 1 where medicamento_id = 466; 
insert into itens_venda values (default, 1677, 272, 272, 1, 8.20, 268.11); 
update estoque set quant_venda = quant_venda + 1, quant_atual = quant_atual - 1 where id = 272; 
update estoque_total set total = total - 1 where medicamento_id = 272; 

insert into venda values (1678, '2023-07-22 13:59:00', 99.42, null, null); 
insert into itens_venda values (default, 1678, 483, 483, 2, 1.00, 99.42); 
update estoque set quant_venda = quant_venda + 2, quant_atual = quant_atual - 2 where id = 483; 
update estoque_total set total = total - 2 where medicamento_id = 483; 

insert into venda values (1679, '2023-07-22 15:56:09', 233.04, 16, 22); 
insert into itens_venda values (default, 1679, 264, 264, 2, 6.80, 91.52); 
update estoque set quant_venda = quant_venda + 2, quant_atual = quant_atual - 2 where id = 264; 
update estoque_total set total = total - 2 where medicamento_id = 264; 
insert into itens_venda values (default, 1679, 447, 447, 2, 4.70, 48.36); 
update estoque set quant_venda = quant_venda + 2, quant_atual = quant_atual - 2 where id = 447; 
update estoque_total set total = total - 2 where medicamento_id = 447; 
insert into itens_venda values (default, 1679, 366, 366, 2, 5.90, 93.16); 
update estoque set quant_venda = quant_venda + 2, quant_atual = quant_atual - 2 where id = 366; 
update estoque_total set total = total - 2 where medicamento_id = 366; 

insert into venda values (1680, '2023-07-23 07:08:52', 72.50, 10, 25); 
insert into itens_venda values (default, 1680, 185, 185, 3, 2.20, 72.50); 
update estoque set quant_venda = quant_venda + 3, quant_atual = quant_atual - 3 where id = 185; 
update estoque_total set total = total - 3 where medicamento_id = 185; 

insert into venda values (1681, '2023-07-23 07:08:53', 82.18, 4, null); 
insert into itens_venda values (default, 1681, 328, 328, 2, 4.20, 56.08); 
update estoque set quant_venda = quant_venda + 2, quant_atual = quant_atual - 2 where id = 328; 
update estoque_total set total = total - 2 where medicamento_id = 328; 
insert into itens_venda values (default, 1681, 309, 309, 2, 1.90, 26.10); 
update estoque set quant_venda = quant_venda + 2, quant_atual = quant_atual - 2 where id = 309; 
update estoque_total set total = total - 2 where medicamento_id = 309; 

insert into venda values (1682, '2023-07-23 07:15:47', 48.26, null, null); 
insert into itens_venda values (default, 1682, 473, 473, 1, 0.90, 48.26); 
update estoque set quant_venda = quant_venda + 1, quant_atual = quant_atual - 1 where id = 473; 
update estoque_total set total = total - 1 where medicamento_id = 473; 

insert into venda values (1683, '2023-07-23 07:57:48', 555.51, null, 25); 
insert into itens_venda values (default, 1683, 358, 358, 1, 1.10, 35.89); 
update estoque set quant_venda = quant_venda + 1, quant_atual = quant_atual - 1 where id = 358; 
update estoque_total set total = total - 1 where medicamento_id = 358; 
insert into itens_venda values (default, 1683, 259, 259, 1, 11.80, 382.44); 
update estoque set quant_venda = quant_venda + 1, quant_atual = quant_atual - 1 where id = 259; 
update estoque_total set total = total - 1 where medicamento_id = 259; 
insert into itens_venda values (default, 1683, 289, 289, 2, 5.70, 137.18); 
update estoque set quant_venda = quant_venda + 2, quant_atual = quant_atual - 2 where id = 289; 
update estoque_total set total = total - 2 where medicamento_id = 289; 

insert into venda values (1684, '2023-07-23 08:34:19', 208.49, 2, null); 
insert into itens_venda values (default, 1684, 446, 446, 1, 3.90, 127.92); 
update estoque set quant_venda = quant_venda + 1, quant_atual = quant_atual - 1 where id = 446; 
update estoque_total set total = total - 1 where medicamento_id = 446; 
insert into itens_venda values (default, 1684, 412, 412, 1, 7.90, 80.57); 
update estoque set quant_venda = quant_venda + 1, quant_atual = quant_atual - 1 where id = 412; 
update estoque_total set total = total - 1 where medicamento_id = 412; 

insert into venda values (1685, '2023-07-23 09:36:43', 384.78, null, null); 
insert into itens_venda values (default, 1685, 230, 230, 1, 11.80, 384.78); 
update estoque set quant_venda = quant_venda + 1, quant_atual = quant_atual - 1 where id = 230; 
update estoque_total set total = total - 1 where medicamento_id = 230; 

insert into venda values (1686, '2023-07-23 09:52:43', 178.84, 14, null); 
insert into itens_venda values (default, 1686, 423, 423, 2, 0.30, 31.68); 
update estoque set quant_venda = quant_venda + 2, quant_atual = quant_atual - 2 where id = 423; 
update estoque_total set total = total - 2 where medicamento_id = 423; 
insert into itens_venda values (default, 1686, 472, 472, 3, 7.00, 80.96); 
update estoque set quant_venda = quant_venda + 3, quant_atual = quant_atual - 3 where id = 472; 
update estoque_total set total = total - 3 where medicamento_id = 472; 
insert into itens_venda values (default, 1686, 329, 329, 2, 2.00, 66.20); 
update estoque set quant_venda = quant_venda + 2, quant_atual = quant_atual - 2 where id = 329; 
update estoque_total set total = total - 2 where medicamento_id = 329; 

insert into venda values (1687, '2023-07-23 11:07:32', 13.46, null, null); 
insert into itens_venda values (default, 1687, 392, 392, 1, 0.50, 13.46); 
update estoque set quant_venda = quant_venda + 1, quant_atual = quant_atual - 1 where id = 392; 
update estoque_total set total = total - 1 where medicamento_id = 392; 

insert into venda values (1688, '2023-07-24 08:01:51', 45.68, 17, 25); 
insert into itens_venda values (default, 1688, 136, 136, 1, 0.40, 45.68); 
update estoque set quant_venda = quant_venda + 1, quant_atual = quant_atual - 1 where id = 136; 
update estoque_total set total = total - 1 where medicamento_id = 136; 

insert into venda values (1689, '2023-07-24 08:06:04', 106.70, 3, null); 
insert into itens_venda values (default, 1689, 449, 449, 2, 2.70, 36.58); 
update estoque set quant_venda = quant_venda + 2, quant_atual = quant_atual - 2 where id = 449; 
update estoque_total set total = total - 2 where medicamento_id = 449; 
insert into itens_venda values (default, 1689, 402, 402, 3, 3.50, 47.11); 
update estoque set quant_venda = quant_venda + 3, quant_atual = quant_atual - 3 where id = 402; 
update estoque_total set total = total - 3 where medicamento_id = 402; 
insert into itens_venda values (default, 1689, 403, 403, 1, 1.90, 23.01); 
update estoque set quant_venda = quant_venda + 1, quant_atual = quant_atual - 1 where id = 403; 
update estoque_total set total = total - 1 where medicamento_id = 403; 

insert into venda values (1690, '2023-07-24 09:11:18', 52.76, null, null); 
insert into itens_venda values (default, 1690, 397, 397, 3, 1.60, 52.76); 
update estoque set quant_venda = quant_venda + 3, quant_atual = quant_atual - 3 where id = 397; 
update estoque_total set total = total - 3 where medicamento_id = 397; 

insert into venda values (1691, '2023-07-24 09:23:28', 170.36, 13, 25); 
insert into itens_venda values (default, 1691, 359, 359, 2, 10.80, 170.36); 
update estoque set quant_venda = quant_venda + 2, quant_atual = quant_atual - 2 where id = 359; 
update estoque_total set total = total - 2 where medicamento_id = 359; 

insert into venda values (1692, '2023-07-24 11:34:09', 68.35, 10, null); 
insert into itens_venda values (default, 1692, 151, 151, 1, 1.50, 17.49); 
update estoque set quant_venda = quant_venda + 1, quant_atual = quant_atual - 1 where id = 151; 
update estoque_total set total = total - 1 where medicamento_id = 151; 
insert into itens_venda values (default, 1692, 449, 449, 1, 1.30, 18.34); 
update estoque set quant_venda = quant_venda + 1, quant_atual = quant_atual - 1 where id = 449; 
update estoque_total set total = total - 1 where medicamento_id = 449; 
insert into itens_venda values (default, 1692, 486, 486, 3, 0.30, 32.52); 
update estoque set quant_venda = quant_venda + 3, quant_atual = quant_atual - 3 where id = 486; 
update estoque_total set total = total - 3 where medicamento_id = 486; 

insert into venda values (1693, '2023-07-24 11:48:27', 264.85, 8, null); 
insert into itens_venda values (default, 1693, 406, 406, 2, 0.40, 14.00); 
update estoque set quant_venda = quant_venda + 2, quant_atual = quant_atual - 2 where id = 406; 
update estoque_total set total = total - 2 where medicamento_id = 406; 
insert into itens_venda values (default, 1693, 14, 14, 1, 4.60, 151.47); 
update estoque set quant_venda = quant_venda + 1, quant_atual = quant_atual - 1 where id = 14; 
update estoque_total set total = total - 1 where medicamento_id = 14; 
insert into itens_venda values (default, 1693, 438, 438, 2, 5.20, 99.38); 
update estoque set quant_venda = quant_venda + 2, quant_atual = quant_atual - 2 where id = 438; 
update estoque_total set total = total - 2 where medicamento_id = 438; 

insert into venda values (1694, '2023-07-24 14:11:21', 401.78, null, null); 
insert into itens_venda values (default, 1694, 92, 92, 2, 3.80, 92.68); 
update estoque set quant_venda = quant_venda + 2, quant_atual = quant_atual - 2 where id = 92; 
update estoque_total set total = total - 2 where medicamento_id = 92; 
insert into itens_venda values (default, 1694, 475, 475, 3, 1.20, 59.10); 
update estoque set quant_venda = quant_venda + 3, quant_atual = quant_atual - 3 where id = 475; 
update estoque_total set total = total - 3 where medicamento_id = 475; 
insert into itens_venda values (default, 1694, 300, 300, 1, 0.00, 250.00); 
update estoque set quant_venda = quant_venda + 1, quant_atual = quant_atual - 1 where id = 300; 
update estoque_total set total = total - 1 where medicamento_id = 300; 

insert into venda values (1695, '2023-07-25 07:06:47', 304.38, null, 22); 
insert into itens_venda values (default, 1695, 403, 403, 1, 0.00, 24.91); 
update estoque set quant_venda = quant_venda + 1, quant_atual = quant_atual - 1 where id = 403; 
update estoque_total set total = total - 1 where medicamento_id = 403; 
insert into itens_venda values (default, 1695, 268, 268, 1, 11.60, 279.47); 
update estoque set quant_venda = quant_venda + 1, quant_atual = quant_atual - 1 where id = 268; 
update estoque_total set total = total - 1 where medicamento_id = 268; 

insert into venda values (1696, '2023-07-25 07:57:47', 314.70, 10, null); 
insert into itens_venda values (default, 1696, 433, 433, 2, 4.30, 50.00); 
update estoque set quant_venda = quant_venda + 2, quant_atual = quant_atual - 2 where id = 433; 
update estoque_total set total = total - 2 where medicamento_id = 433; 
insert into itens_venda values (default, 1696, 173, 173, 1, 26.10, 264.70); 
update estoque set quant_venda = quant_venda + 1, quant_atual = quant_atual - 1 where id = 173; 
update estoque_total set total = total - 1 where medicamento_id = 173; 

insert into venda values (1697, '2023-07-25 08:22:54', 21.49, 13, null); 
insert into itens_venda values (default, 1697, 385, 385, 1, 0.00, 21.49); 
update estoque set quant_venda = quant_venda + 1, quant_atual = quant_atual - 1 where id = 385; 
update estoque_total set total = total - 1 where medicamento_id = 385; 

insert into venda values (1698, '2023-07-25 08:46:16', 526.09, 6, 25); 
insert into itens_venda values (default, 1698, 371, 371, 1, 11.00, 126.53); 
update estoque set quant_venda = quant_venda + 1, quant_atual = quant_atual - 1 where id = 371; 
update estoque_total set total = total - 1 where medicamento_id = 371; 
insert into itens_venda values (default, 1698, 330, 330, 1, 7.40, 75.26); 
update estoque set quant_venda = quant_venda + 1, quant_atual = quant_atual - 1 where id = 330; 
update estoque_total set total = total - 1 where medicamento_id = 330; 
insert into itens_venda values (default, 1698, 396, 396, 1, 17.00, 324.30); 
update estoque set quant_venda = quant_venda + 1, quant_atual = quant_atual - 1 where id = 396; 
update estoque_total set total = total - 1 where medicamento_id = 396; 

insert into venda values (1699, '2023-07-25 09:42:52', 278.99, 15, null); 
insert into itens_venda values (default, 1699, 499, 499, 1, 0.30, 38.47); 
update estoque set quant_venda = quant_venda + 1, quant_atual = quant_atual - 1 where id = 499; 
update estoque_total set total = total - 1 where medicamento_id = 499; 
insert into itens_venda values (default, 1699, 77, 77, 1, 18.90, 218.27); 
update estoque set quant_venda = quant_venda + 1, quant_atual = quant_atual - 1 where id = 77; 
update estoque_total set total = total - 1 where medicamento_id = 77; 
insert into itens_venda values (default, 1699, 409, 409, 1, 2.20, 22.25); 
update estoque set quant_venda = quant_venda + 1, quant_atual = quant_atual - 1 where id = 409; 
update estoque_total set total = total - 1 where medicamento_id = 409; 

insert into venda values (1700, '2023-07-25 10:12:20', 241.26, 4, 22); 
insert into itens_venda values (default, 1700, 113, 113, 3, 5.20, 82.28); 
update estoque set quant_venda = quant_venda + 3, quant_atual = quant_atual - 3 where id = 113; 
update estoque_total set total = total - 3 where medicamento_id = 113; 
insert into itens_venda values (default, 1700, 328, 328, 1, 2.40, 27.74); 
update estoque set quant_venda = quant_venda + 1, quant_atual = quant_atual - 1 where id = 328; 
update estoque_total set total = total - 1 where medicamento_id = 328; 
insert into itens_venda values (default, 1700, 121, 121, 2, 2.60, 131.24); 
update estoque set quant_venda = quant_venda + 2, quant_atual = quant_atual - 2 where id = 121; 
update estoque_total set total = total - 2 where medicamento_id = 121; 

insert into venda values (1701, '2023-07-25 10:51:24', 46.80, null, null); 
insert into itens_venda values (default, 1701, 443, 443, 2, 0.00, 46.80); 
update estoque set quant_venda = quant_venda + 2, quant_atual = quant_atual - 2 where id = 443; 
update estoque_total set total = total - 2 where medicamento_id = 443; 

insert into venda values (1702, '2023-07-25 11:32:44', 97.44, null, null); 
insert into itens_venda values (default, 1702, 255, 255, 2, 4.00, 97.44); 
update estoque set quant_venda = quant_venda + 2, quant_atual = quant_atual - 2 where id = 255; 
update estoque_total set total = total - 2 where medicamento_id = 255; 

insert into venda values (1703, '2023-07-27 07:00:28', 73.88, null, 21); 
insert into itens_venda values (default, 1703, 336, 336, 2, 2.20, 73.88); 
update estoque set quant_venda = quant_venda + 2, quant_atual = quant_atual - 2 where id = 336; 
update estoque_total set total = total - 2 where medicamento_id = 336; 

insert into venda values (1704, '2023-07-27 08:07:39', 46.57, null, null); 
insert into itens_venda values (default, 1704, 423, 423, 3, 1.40, 46.57); 
update estoque set quant_venda = quant_venda + 3, quant_atual = quant_atual - 3 where id = 423; 
update estoque_total set total = total - 3 where medicamento_id = 423; 

insert into venda values (1705, '2023-07-27 09:16:43', 261.25, 8, null); 
insert into itens_venda values (default, 1705, 361, 361, 1, 7.50, 182.28); 
update estoque set quant_venda = quant_venda + 1, quant_atual = quant_atual - 1 where id = 361; 
update estoque_total set total = total - 1 where medicamento_id = 361; 
insert into itens_venda values (default, 1705, 457, 457, 1, 2.70, 31.47); 
update estoque set quant_venda = quant_venda + 1, quant_atual = quant_atual - 1 where id = 457; 
update estoque_total set total = total - 1 where medicamento_id = 457; 
insert into itens_venda values (default, 1705, 409, 409, 2, 1.40, 47.50); 
update estoque set quant_venda = quant_venda + 2, quant_atual = quant_atual - 2 where id = 409; 
update estoque_total set total = total - 2 where medicamento_id = 409; 

insert into venda values (1706, '2023-07-27 09:51:57', 193.15, 13, null); 
insert into itens_venda values (default, 1706, 431, 431, 2, 0.00, 22.52); 
update estoque set quant_venda = quant_venda + 2, quant_atual = quant_atual - 2 where id = 431; 
update estoque_total set total = total - 2 where medicamento_id = 431; 
insert into itens_venda values (default, 1706, 399, 399, 1, 1.00, 50.85); 
update estoque set quant_venda = quant_venda + 1, quant_atual = quant_atual - 1 where id = 399; 
update estoque_total set total = total - 1 where medicamento_id = 399; 
insert into itens_venda values (default, 1706, 332, 332, 2, 6.30, 119.78); 
update estoque set quant_venda = quant_venda + 2, quant_atual = quant_atual - 2 where id = 332; 
update estoque_total set total = total - 2 where medicamento_id = 332; 

insert into venda values (1707, '2023-07-27 10:40:25', 63.93, 20, null); 
insert into itens_venda values (default, 1707, 262, 262, 3, 0.60, 63.93); 
update estoque set quant_venda = quant_venda + 3, quant_atual = quant_atual - 3 where id = 262; 
update estoque_total set total = total - 3 where medicamento_id = 262; 

insert into venda values (1708, '2023-07-27 11:39:29', 243.29, 10, 22); 
insert into itens_venda values (default, 1708, 286, 286, 2, 2.70, 66.40); 
update estoque set quant_venda = quant_venda + 2, quant_atual = quant_atual - 2 where id = 286; 
update estoque_total set total = total - 2 where medicamento_id = 286; 
insert into itens_venda values (default, 1708, 461, 461, 3, 1.10, 54.67); 
update estoque set quant_venda = quant_venda + 3, quant_atual = quant_atual - 3 where id = 461; 
update estoque_total set total = total - 3 where medicamento_id = 461; 
insert into itens_venda values (default, 1708, 465, 465, 1, 0.00, 122.22); 
update estoque set quant_venda = quant_venda + 1, quant_atual = quant_atual - 1 where id = 465; 
update estoque_total set total = total - 1 where medicamento_id = 465; 

insert into venda values (1709, '2023-07-27 11:51:37', 30.98, null, null); 
insert into itens_venda values (default, 1709, 485, 485, 2, 1.20, 30.98); 
update estoque set quant_venda = quant_venda + 2, quant_atual = quant_atual - 2 where id = 485; 
update estoque_total set total = total - 2 where medicamento_id = 485; 

insert into venda values (1710, '2023-07-27 11:56:39', 170.86, null, null); 
insert into itens_venda values (default, 1710, 454, 454, 2, 7.10, 170.86); 
update estoque set quant_venda = quant_venda + 2, quant_atual = quant_atual - 2 where id = 454; 
update estoque_total set total = total - 2 where medicamento_id = 454; 

insert into venda values (1711, '2023-07-27 12:30:27', 249.27, null, null); 
insert into itens_venda values (default, 1711, 388, 388, 1, 0.30, 39.31); 
update estoque set quant_venda = quant_venda + 1, quant_atual = quant_atual - 1 where id = 388; 
update estoque_total set total = total - 1 where medicamento_id = 388; 
insert into itens_venda values (default, 1711, 227, 227, 2, 0.10, 5.30); 
update estoque set quant_venda = quant_venda + 2, quant_atual = quant_atual - 2 where id = 227; 
update estoque_total set total = total - 2 where medicamento_id = 227; 
insert into itens_venda values (default, 1711, 320, 320, 1, 4.10, 204.66); 
update estoque set quant_venda = quant_venda + 1, quant_atual = quant_atual - 1 where id = 320; 
update estoque_total set total = total - 1 where medicamento_id = 320; 

insert into venda values (1712, '2023-07-27 13:29:40', 381.68, null, null); 
insert into itens_venda values (default, 1712, 438, 438, 1, 2.00, 50.29); 
update estoque set quant_venda = quant_venda + 1, quant_atual = quant_atual - 1 where id = 438; 
update estoque_total set total = total - 1 where medicamento_id = 438; 
insert into itens_venda values (default, 1712, 322, 322, 2, 2.20, 54.04); 
update estoque set quant_venda = quant_venda + 2, quant_atual = quant_atual - 2 where id = 322; 
update estoque_total set total = total - 2 where medicamento_id = 322; 
insert into itens_venda values (default, 1712, 5, 5, 1, 0.00, 277.35); 
update estoque set quant_venda = quant_venda + 1, quant_atual = quant_atual - 1 where id = 5; 
update estoque_total set total = total - 1 where medicamento_id = 5; 

insert into venda values (1713, '2023-07-27 14:17:35', 16.19, null, null); 
insert into itens_venda values (default, 1713, 448, 448, 1, 0.30, 16.19); 
update estoque set quant_venda = quant_venda + 1, quant_atual = quant_atual - 1 where id = 448; 
update estoque_total set total = total - 1 where medicamento_id = 448; 

insert into venda values (1714, '2023-07-27 15:15:21', 89.11, 19, 22); 
insert into itens_venda values (default, 1714, 90, 90, 1, 0.90, 17.82); 
update estoque set quant_venda = quant_venda + 1, quant_atual = quant_atual - 1 where id = 90; 
update estoque_total set total = total - 1 where medicamento_id = 90; 
insert into itens_venda values (default, 1714, 171, 171, 1, 0.00, 71.29); 
update estoque set quant_venda = quant_venda + 1, quant_atual = quant_atual - 1 where id = 171; 
update estoque_total set total = total - 1 where medicamento_id = 171; 

insert into venda values (1715, '2023-07-27 16:11:48', 15.07, 8, null); 
insert into itens_venda values (default, 1715, 500, 500, 1, 0.90, 15.07); 
update estoque set quant_venda = quant_venda + 1, quant_atual = quant_atual - 1 where id = 500; 
update estoque_total set total = total - 1 where medicamento_id = 500; 

insert into venda values (1716, '2023-07-28 07:16:22', 152.78, null, null); 
insert into itens_venda values (default, 1716, 392, 392, 2, 0.20, 27.72); 
update estoque set quant_venda = quant_venda + 2, quant_atual = quant_atual - 2 where id = 392; 
update estoque_total set total = total - 2 where medicamento_id = 392; 
insert into itens_venda values (default, 1716, 334, 334, 2, 0.00, 125.06); 
update estoque set quant_venda = quant_venda + 2, quant_atual = quant_atual - 2 where id = 334; 
update estoque_total set total = total - 2 where medicamento_id = 334; 

insert into venda values (1717, '2023-07-28 07:19:10', 72.86, 13, null); 
insert into itens_venda values (default, 1717, 262, 262, 2, 0.40, 42.62); 
update estoque set quant_venda = quant_venda + 2, quant_atual = quant_atual - 2 where id = 262; 
update estoque_total set total = total - 2 where medicamento_id = 262; 
insert into itens_venda values (default, 1717, 349, 349, 1, 0.90, 30.24); 
update estoque set quant_venda = quant_venda + 1, quant_atual = quant_atual - 1 where id = 349; 
update estoque_total set total = total - 1 where medicamento_id = 349; 

insert into venda values (1718, '2023-07-28 07:44:54', 74.02, null, null); 
insert into itens_venda values (default, 1718, 187, 187, 2, 0.00, 74.02); 
update estoque set quant_venda = quant_venda + 2, quant_atual = quant_atual - 2 where id = 187; 
update estoque_total set total = total - 2 where medicamento_id = 187; 

insert into venda values (1719, '2023-07-28 09:04:58', 47.83, null, null); 
insert into itens_venda values (default, 1719, 488, 488, 1, 1.40, 47.83); 
update estoque set quant_venda = quant_venda + 1, quant_atual = quant_atual - 1 where id = 488; 
update estoque_total set total = total - 1 where medicamento_id = 488; 

insert into venda values (1720, '2023-07-28 09:22:25', 344.50, 3, null); 
insert into itens_venda values (default, 1720, 300, 300, 1, 0.00, 250.00); 
update estoque set quant_venda = quant_venda + 1, quant_atual = quant_atual - 1 where id = 300; 
update estoque_total set total = total - 1 where medicamento_id = 300; 
insert into itens_venda values (default, 1720, 283, 283, 2, 9.30, 94.50); 
update estoque set quant_venda = quant_venda + 2, quant_atual = quant_atual - 2 where id = 283; 
update estoque_total set total = total - 2 where medicamento_id = 283; 

insert into venda values (1721, '2023-07-28 10:08:46', 161.60, null, null); 
insert into itens_venda values (default, 1721, 490, 490, 2, 0.00, 104.06); 
update estoque set quant_venda = quant_venda + 2, quant_atual = quant_atual - 2 where id = 490; 
update estoque_total set total = total - 2 where medicamento_id = 490; 
insert into itens_venda values (default, 1721, 472, 472, 2, 1.10, 57.54); 
update estoque set quant_venda = quant_venda + 2, quant_atual = quant_atual - 2 where id = 472; 
update estoque_total set total = total - 2 where medicamento_id = 472; 

insert into venda values (1722, '2023-07-28 10:39:22', 47.51, null, null); 
insert into itens_venda values (default, 1722, 500, 500, 3, 0.40, 47.51); 
update estoque set quant_venda = quant_venda + 3, quant_atual = quant_atual - 3 where id = 500; 
update estoque_total set total = total - 3 where medicamento_id = 500; 

insert into venda values (1723, '2023-07-28 11:43:36', 268.16, null, null); 
insert into itens_venda values (default, 1723, 495, 495, 3, 0.00, 32.04); 
update estoque set quant_venda = quant_venda + 3, quant_atual = quant_atual - 3 where id = 495; 
update estoque_total set total = total - 3 where medicamento_id = 495; 
insert into itens_venda values (default, 1723, 465, 465, 1, 0.00, 122.22); 
update estoque set quant_venda = quant_venda + 1, quant_atual = quant_atual - 1 where id = 465; 
update estoque_total set total = total - 1 where medicamento_id = 465; 
insert into itens_venda values (default, 1723, 158, 158, 1, 4.70, 113.90); 
update estoque set quant_venda = quant_venda + 1, quant_atual = quant_atual - 1 where id = 158; 
update estoque_total set total = total - 1 where medicamento_id = 158; 

insert into venda values (1724, '2023-07-28 12:37:07', 334.84, 12, 24); 
insert into itens_venda values (default, 1724, 338, 338, 1, 4.80, 91.89); 
update estoque set quant_venda = quant_venda + 1, quant_atual = quant_atual - 1 where id = 338; 
update estoque_total set total = total - 1 where medicamento_id = 338; 
insert into itens_venda values (default, 1724, 195, 195, 1, 15.50, 242.95); 
update estoque set quant_venda = quant_venda + 1, quant_atual = quant_atual - 1 where id = 195; 
update estoque_total set total = total - 1 where medicamento_id = 195; 

insert into venda values (1725, '2023-07-28 13:20:11', 101.13, 8, null); 
insert into itens_venda values (default, 1725, 280, 280, 1, 3.10, 101.13); 
update estoque set quant_venda = quant_venda + 1, quant_atual = quant_atual - 1 where id = 280; 
update estoque_total set total = total - 1 where medicamento_id = 280; 

insert into venda values (1726, '2023-07-28 14:00:31', 74.51, null, null); 
insert into itens_venda values (default, 1726, 480, 480, 1, 1.20, 30.34); 
update estoque set quant_venda = quant_venda + 1, quant_atual = quant_atual - 1 where id = 480; 
update estoque_total set total = total - 1 where medicamento_id = 480; 
insert into itens_venda values (default, 1726, 503, 503, 3, 0.00, 11.01); 
update estoque set quant_venda = quant_venda + 3, quant_atual = quant_atual - 3 where id = 503; 
update estoque_total set total = total - 3 where medicamento_id = 503; 
insert into itens_venda values (default, 1726, 377, 377, 2, 0.30, 33.16); 
update estoque set quant_venda = quant_venda + 2, quant_atual = quant_atual - 2 where id = 377; 
update estoque_total set total = total - 2 where medicamento_id = 377; 

insert into venda values (1727, '2023-07-29 06:35:28', 30.24, null, null); 
insert into itens_venda values (default, 1727, 343, 343, 1, 1.20, 30.24); 
update estoque set quant_venda = quant_venda + 1, quant_atual = quant_atual - 1 where id = 343; 
update estoque_total set total = total - 1 where medicamento_id = 343; 

insert into venda values (1728, '2023-07-29 06:50:15', 276.74, null, null); 
insert into itens_venda values (default, 1728, 460, 460, 2, 0.00, 75.32); 
update estoque set quant_venda = quant_venda + 2, quant_atual = quant_atual - 2 where id = 460; 
update estoque_total set total = total - 2 where medicamento_id = 460; 
insert into itens_venda values (default, 1728, 182, 182, 2, 2.00, 101.82); 
update estoque set quant_venda = quant_venda + 2, quant_atual = quant_atual - 2 where id = 182; 
update estoque_total set total = total - 2 where medicamento_id = 182; 
insert into itens_venda values (default, 1728, 399, 399, 2, 4.10, 99.60); 
update estoque set quant_venda = quant_venda + 2, quant_atual = quant_atual - 2 where id = 399; 
update estoque_total set total = total - 2 where medicamento_id = 399; 

insert into venda values (1729, '2023-07-29 07:44:23', 333.61, null, 24); 
insert into itens_venda values (default, 1729, 338, 338, 2, 0.00, 193.38); 
update estoque set quant_venda = quant_venda + 2, quant_atual = quant_atual - 2 where id = 338; 
update estoque_total set total = total - 2 where medicamento_id = 338; 
insert into itens_venda values (default, 1729, 57, 57, 1, 5.80, 140.23); 
update estoque set quant_venda = quant_venda + 1, quant_atual = quant_atual - 1 where id = 57; 
update estoque_total set total = total - 1 where medicamento_id = 57; 

insert into venda values (1730, '2023-07-29 08:08:31', 70.16, null, null); 
insert into itens_venda values (default, 1730, 498, 498, 2, 0.70, 70.16); 
update estoque set quant_venda = quant_venda + 2, quant_atual = quant_atual - 2 where id = 498; 
update estoque_total set total = total - 2 where medicamento_id = 498; 

insert into venda values (1731, '2023-07-29 08:42:10', 54.15, null, null); 
insert into itens_venda values (default, 1731, 502, 502, 1, 0.00, 21.81); 
update estoque set quant_venda = quant_venda + 1, quant_atual = quant_atual - 1 where id = 502; 
update estoque_total set total = total - 1 where medicamento_id = 502; 
insert into itens_venda values (default, 1731, 486, 486, 2, 0.60, 21.28); 
update estoque set quant_venda = quant_venda + 2, quant_atual = quant_atual - 2 where id = 486; 
update estoque_total set total = total - 2 where medicamento_id = 486; 
insert into itens_venda values (default, 1731, 431, 431, 1, 0.20, 11.06); 
update estoque set quant_venda = quant_venda + 1, quant_atual = quant_atual - 1 where id = 431; 
update estoque_total set total = total - 1 where medicamento_id = 431; 

insert into venda values (1732, '2023-07-29 09:06:12', 21.40, null, null); 
insert into itens_venda values (default, 1732, 351, 351, 1, 0.40, 21.40); 
update estoque set quant_venda = quant_venda + 1, quant_atual = quant_atual - 1 where id = 351; 
update estoque_total set total = total - 1 where medicamento_id = 351; 

insert into venda values (1733, '2023-07-29 09:11:40', 242.68, 18, null); 
insert into itens_venda values (default, 1733, 416, 416, 2, 2.20, 43.32); 
update estoque set quant_venda = quant_venda + 2, quant_atual = quant_atual - 2 where id = 416; 
update estoque_total set total = total - 2 where medicamento_id = 416; 
insert into itens_venda values (default, 1733, 249, 249, 2, 4.00, 97.70); 
update estoque set quant_venda = quant_venda + 2, quant_atual = quant_atual - 2 where id = 249; 
update estoque_total set total = total - 2 where medicamento_id = 249; 
insert into itens_venda values (default, 1733, 208, 208, 2, 5.30, 101.66); 
update estoque set quant_venda = quant_venda + 2, quant_atual = quant_atual - 2 where id = 208; 
update estoque_total set total = total - 2 where medicamento_id = 208; 

insert into venda values (1734, '2023-07-29 09:41:29', 140.43, null, 23); 
insert into itens_venda values (default, 1734, 353, 353, 1, 0.00, 41.68); 
update estoque set quant_venda = quant_venda + 1, quant_atual = quant_atual - 1 where id = 353; 
update estoque_total set total = total - 1 where medicamento_id = 353; 
insert into itens_venda values (default, 1734, 389, 389, 2, 0.00, 64.80); 
update estoque set quant_venda = quant_venda + 2, quant_atual = quant_atual - 2 where id = 389; 
update estoque_total set total = total - 2 where medicamento_id = 389; 
insert into itens_venda values (default, 1734, 286, 286, 1, 0.60, 33.95); 
update estoque set quant_venda = quant_venda + 1, quant_atual = quant_atual - 1 where id = 286; 
update estoque_total set total = total - 1 where medicamento_id = 286; 

insert into venda values (1735, '2023-07-29 10:39:52', 169.69, null, null); 
insert into itens_venda values (default, 1735, 255, 255, 2, 2.00, 99.44); 
update estoque set quant_venda = quant_venda + 2, quant_atual = quant_atual - 2 where id = 255; 
update estoque_total set total = total - 2 where medicamento_id = 255; 
insert into itens_venda values (default, 1735, 494, 494, 2, 0.60, 32.34); 
update estoque set quant_venda = quant_venda + 2, quant_atual = quant_atual - 2 where id = 494; 
update estoque_total set total = total - 2 where medicamento_id = 494; 
insert into itens_venda values (default, 1735, 440, 440, 1, 1.50, 37.91); 
update estoque set quant_venda = quant_venda + 1, quant_atual = quant_atual - 1 where id = 440; 
update estoque_total set total = total - 1 where medicamento_id = 440; 

insert into venda values (1736, '2023-07-29 11:22:54', 58.42, 4, null); 
insert into itens_venda values (default, 1736, 449, 449, 3, 0.50, 58.42); 
update estoque set quant_venda = quant_venda + 3, quant_atual = quant_atual - 3 where id = 449; 
update estoque_total set total = total - 3 where medicamento_id = 449; 

insert into venda values (1737, '2023-07-29 12:15:09', 463.98, null, 21); 
insert into itens_venda values (default, 1737, 115, 115, 1, 10.90, 262.08); 
update estoque set quant_venda = quant_venda + 1, quant_atual = quant_atual - 1 where id = 115; 
update estoque_total set total = total - 1 where medicamento_id = 115; 
insert into itens_venda values (default, 1737, 331, 331, 3, 2.10, 69.87); 
update estoque set quant_venda = quant_venda + 3, quant_atual = quant_atual - 3 where id = 331; 
update estoque_total set total = total - 3 where medicamento_id = 331; 
insert into itens_venda values (default, 1737, 371, 371, 1, 5.50, 132.03); 
update estoque set quant_venda = quant_venda + 1, quant_atual = quant_atual - 1 where id = 371; 
update estoque_total set total = total - 1 where medicamento_id = 371; 

insert into venda values (1738, '2023-07-30 06:01:35', 5.95, null, null); 
insert into itens_venda values (default, 1738, 242, 242, 1, 0.20, 5.95); 
update estoque set quant_venda = quant_venda + 1, quant_atual = quant_atual - 1 where id = 242; 
update estoque_total set total = total - 1 where medicamento_id = 242; 

insert into venda values (1739, '2023-07-30 06:12:03', 92.32, 6, null); 
insert into itens_venda values (default, 1739, 497, 497, 1, 1.10, 36.50); 
update estoque set quant_venda = quant_venda + 1, quant_atual = quant_atual - 1 where id = 497; 
update estoque_total set total = total - 1 where medicamento_id = 497; 
insert into itens_venda values (default, 1739, 478, 478, 1, 1.70, 55.82); 
update estoque set quant_venda = quant_venda + 1, quant_atual = quant_atual - 1 where id = 478; 
update estoque_total set total = total - 1 where medicamento_id = 478; 

insert into venda values (1740, '2023-07-30 07:01:07', 60.92, null, null); 
insert into itens_venda values (default, 1740, 386, 386, 1, 0.50, 17.86); 
update estoque set quant_venda = quant_venda + 1, quant_atual = quant_atual - 1 where id = 386; 
update estoque_total set total = total - 1 where medicamento_id = 386; 
insert into itens_venda values (default, 1740, 305, 305, 1, 0.40, 43.06); 
update estoque set quant_venda = quant_venda + 1, quant_atual = quant_atual - 1 where id = 305; 
update estoque_total set total = total - 1 where medicamento_id = 305; 

insert into venda values (1741, '2023-07-30 08:07:36', 40.38, 13, null); 
insert into itens_venda values (default, 1741, 379, 379, 2, 1.20, 24.16); 
update estoque set quant_venda = quant_venda + 2, quant_atual = quant_atual - 2 where id = 379; 
update estoque_total set total = total - 2 where medicamento_id = 379; 
insert into itens_venda values (default, 1741, 365, 365, 1, 0.30, 16.22); 
update estoque set quant_venda = quant_venda + 1, quant_atual = quant_atual - 1 where id = 365; 
update estoque_total set total = total - 1 where medicamento_id = 365; 

insert into venda values (1742, '2023-07-30 08:23:02', 53.01, 20, null); 
insert into itens_venda values (default, 1742, 323, 323, 3, 0.00, 53.01); 
update estoque set quant_venda = quant_venda + 3, quant_atual = quant_atual - 3 where id = 323; 
update estoque_total set total = total - 3 where medicamento_id = 323; 

insert into venda values (1743, '2023-07-30 09:39:36', 50.29, null, null); 
insert into itens_venda values (default, 1743, 438, 438, 1, 2.00, 50.29); 
update estoque set quant_venda = quant_venda + 1, quant_atual = quant_atual - 1 where id = 438; 
update estoque_total set total = total - 1 where medicamento_id = 438; 

insert into venda values (1744, '2023-07-30 10:23:08', 255.84, 20, null); 
insert into itens_venda values (default, 1744, 222, 222, 1, 2.50, 255.84); 
update estoque set quant_venda = quant_venda + 1, quant_atual = quant_atual - 1 where id = 222; 
update estoque_total set total = total - 1 where medicamento_id = 222; 

insert into venda values (1745, '2023-07-30 11:05:16', 73.64, 1, null); 
insert into itens_venda values (default, 1745, 378, 378, 2, 1.50, 73.64); 
update estoque set quant_venda = quant_venda + 2, quant_atual = quant_atual - 2 where id = 378; 
update estoque_total set total = total - 2 where medicamento_id = 378; 

insert into venda values (1746, '2023-07-30 12:01:14', 394.05, 13, null); 
insert into itens_venda values (default, 1746, 275, 275, 1, 7.50, 76.22); 
update estoque set quant_venda = quant_venda + 1, quant_atual = quant_atual - 1 where id = 275; 
update estoque_total set total = total - 1 where medicamento_id = 275; 
insert into itens_venda values (default, 1746, 487, 487, 1, 3.70, 184.33); 
update estoque set quant_venda = quant_venda + 1, quant_atual = quant_atual - 1 where id = 487; 
update estoque_total set total = total - 1 where medicamento_id = 487; 
insert into itens_venda values (default, 1746, 400, 400, 1, 2.70, 133.50); 
update estoque set quant_venda = quant_venda + 1, quant_atual = quant_atual - 1 where id = 400; 
update estoque_total set total = total - 1 where medicamento_id = 400; 

insert into venda values (1747, '2023-07-30 12:11:35', 270.06, null, 22); 
insert into itens_venda values (default, 1747, 239, 239, 1, 5.80, 188.35); 
update estoque set quant_venda = quant_venda + 1, quant_atual = quant_atual - 1 where id = 239; 
update estoque_total set total = total - 1 where medicamento_id = 239; 
insert into itens_venda values (default, 1747, 90, 90, 3, 1.60, 54.56); 
update estoque set quant_venda = quant_venda + 3, quant_atual = quant_atual - 3 where id = 90; 
update estoque_total set total = total - 3 where medicamento_id = 90; 
insert into itens_venda values (default, 1747, 418, 418, 1, 0.50, 27.15); 
update estoque set quant_venda = quant_venda + 1, quant_atual = quant_atual - 1 where id = 418; 
update estoque_total set total = total - 1 where medicamento_id = 418; 

insert into venda values (1748, '2023-07-30 13:31:37', 11.26, 17, null); 
insert into itens_venda values (default, 1748, 431, 431, 1, 0.00, 11.26); 
update estoque set quant_venda = quant_venda + 1, quant_atual = quant_atual - 1 where id = 431; 
update estoque_total set total = total - 1 where medicamento_id = 431; 

insert into venda values (1749, '2023-07-31 07:10:10', 129.04, 4, null); 
insert into itens_venda values (default, 1749, 433, 433, 3, 1.60, 79.85); 
update estoque set quant_venda = quant_venda + 3, quant_atual = quant_atual - 3 where id = 433; 
update estoque_total set total = total - 3 where medicamento_id = 433; 
insert into itens_venda values (default, 1749, 438, 438, 1, 3.10, 49.19); 
update estoque set quant_venda = quant_venda + 1, quant_atual = quant_atual - 1 where id = 438; 
update estoque_total set total = total - 1 where medicamento_id = 438; 

insert into venda values (1750, '2023-07-31 09:43:55', 236.59, 8, null); 
insert into itens_venda values (default, 1750, 503, 503, 2, 0.10, 7.24); 
update estoque set quant_venda = quant_venda + 2, quant_atual = quant_atual - 2 where id = 503; 
update estoque_total set total = total - 2 where medicamento_id = 503; 
insert into itens_venda values (default, 1750, 142, 142, 2, 9.10, 174.26); 
update estoque set quant_venda = quant_venda + 2, quant_atual = quant_atual - 2 where id = 142; 
update estoque_total set total = total - 2 where medicamento_id = 142; 
insert into itens_venda values (default, 1750, 462, 462, 3, 1.70, 55.09); 
update estoque set quant_venda = quant_venda + 3, quant_atual = quant_atual - 3 where id = 462; 
update estoque_total set total = total - 3 where medicamento_id = 462; 

insert into venda values (1751, '2023-07-31 10:16:06', 138.80, null, 23); 
insert into itens_venda values (default, 1751, 265, 265, 2, 0.00, 138.80); 
update estoque set quant_venda = quant_venda + 2, quant_atual = quant_atual - 2 where id = 265; 
update estoque_total set total = total - 2 where medicamento_id = 265; 

insert into venda values (1752, '2023-07-31 10:58:27', 329.50, 12, 21); 
insert into itens_venda values (default, 1752, 393, 393, 3, 0.70, 72.86); 
update estoque set quant_venda = quant_venda + 3, quant_atual = quant_atual - 3 where id = 393; 
update estoque_total set total = total - 3 where medicamento_id = 393; 
insert into itens_venda values (default, 1752, 271, 271, 2, 12.60, 167.58); 
update estoque set quant_venda = quant_venda + 2, quant_atual = quant_atual - 2 where id = 271; 
update estoque_total set total = total - 2 where medicamento_id = 271; 
insert into itens_venda values (default, 1752, 219, 219, 1, 3.70, 89.06); 
update estoque set quant_venda = quant_venda + 1, quant_atual = quant_atual - 1 where id = 219; 
update estoque_total set total = total - 1 where medicamento_id = 219; 

insert into venda values (1753, '2023-07-31 11:07:05', 172.74, 13, null); 
insert into itens_venda values (default, 1753, 406, 406, 1, 0.30, 6.90); 
update estoque set quant_venda = quant_venda + 1, quant_atual = quant_atual - 1 where id = 406; 
update estoque_total set total = total - 1 where medicamento_id = 406; 
insert into itens_venda values (default, 1753, 275, 275, 2, 1.60, 165.84); 
update estoque set quant_venda = quant_venda + 2, quant_atual = quant_atual - 2 where id = 275; 
update estoque_total set total = total - 2 where medicamento_id = 275; 

insert into venda values (1754, '2023-07-31 12:39:41', 108.16, null, null); 
insert into itens_venda values (default, 1754, 493, 493, 3, 0.90, 21.78); 
update estoque set quant_venda = quant_venda + 3, quant_atual = quant_atual - 3 where id = 493; 
update estoque_total set total = total - 3 where medicamento_id = 493; 
insert into itens_venda values (default, 1754, 454, 454, 1, 2.60, 86.38); 
update estoque set quant_venda = quant_venda + 1, quant_atual = quant_atual - 1 where id = 454; 
update estoque_total set total = total - 1 where medicamento_id = 454; 

insert into venda values (1755, '2023-07-31 15:25:05', 453.21, null, null); 
insert into itens_venda values (default, 1755, 257, 257, 1, 13.70, 330.20); 
update estoque set quant_venda = quant_venda + 1, quant_atual = quant_atual - 1 where id = 257; 
update estoque_total set total = total - 1 where medicamento_id = 257; 
insert into itens_venda values (default, 1755, 418, 418, 1, 0.20, 27.45); 
update estoque set quant_venda = quant_venda + 1, quant_atual = quant_atual - 1 where id = 418; 
update estoque_total set total = total - 1 where medicamento_id = 418; 
insert into itens_venda values (default, 1755, 488, 488, 2, 2.90, 95.56); 
update estoque set quant_venda = quant_venda + 2, quant_atual = quant_atual - 2 where id = 488; 
update estoque_total set total = total - 2 where medicamento_id = 488; 

insert into venda values (1756, '2023-08-01 06:25:05', 246.47, null, null); 
insert into itens_venda values (default, 1756, 438, 438, 2, 4.10, 100.48); 
update estoque set quant_venda = quant_venda + 2, quant_atual = quant_atual - 2 where id = 438; 
update estoque_total set total = total - 2 where medicamento_id = 438; 
insert into itens_venda values (default, 1756, 297, 297, 1, 0.50, 58.01); 
update estoque set quant_venda = quant_venda + 1, quant_atual = quant_atual - 1 where id = 297; 
update estoque_total set total = total - 1 where medicamento_id = 297; 
insert into itens_venda values (default, 1756, 489, 489, 2, 0.00, 87.98); 
update estoque set quant_venda = quant_venda + 2, quant_atual = quant_atual - 2 where id = 489; 
update estoque_total set total = total - 2 where medicamento_id = 489; 

insert into venda values (1757, '2023-08-01 07:16:28', 233.78, null, null); 
insert into itens_venda values (default, 1757, 401, 401, 2, 2.60, 64.68); 
update estoque set quant_venda = quant_venda + 2, quant_atual = quant_atual - 2 where id = 401; 
update estoque_total set total = total - 2 where medicamento_id = 401; 
insert into itens_venda values (default, 1757, 372, 372, 1, 3.20, 104.30); 
update estoque set quant_venda = quant_venda + 1, quant_atual = quant_atual - 1 where id = 372; 
update estoque_total set total = total - 1 where medicamento_id = 372; 
insert into itens_venda values (default, 1757, 389, 389, 2, 0.00, 64.80); 
update estoque set quant_venda = quant_venda + 2, quant_atual = quant_atual - 2 where id = 389; 
update estoque_total set total = total - 2 where medicamento_id = 389; 

insert into venda values (1758, '2023-08-01 08:11:58', 257.26, null, null); 
insert into itens_venda values (default, 1758, 166, 166, 1, 2.40, 244.38); 
update estoque set quant_venda = quant_venda + 1, quant_atual = quant_atual - 1 where id = 166; 
update estoque_total set total = total - 1 where medicamento_id = 166; 
insert into itens_venda values (default, 1758, 427, 427, 1, 0.10, 12.88); 
update estoque set quant_venda = quant_venda + 1, quant_atual = quant_atual - 1 where id = 427; 
update estoque_total set total = total - 1 where medicamento_id = 427; 

insert into venda values (1759, '2023-08-01 08:14:55', 38.74, null, null); 
insert into itens_venda values (default, 1759, 324, 324, 2, 0.30, 38.74); 
update estoque set quant_venda = quant_venda + 2, quant_atual = quant_atual - 2 where id = 324; 
update estoque_total set total = total - 2 where medicamento_id = 324; 

insert into venda values (1760, '2023-08-01 08:17:24', 82.38, 7, null); 
insert into itens_venda values (default, 1760, 349, 349, 2, 2.40, 59.88); 
update estoque set quant_venda = quant_venda + 2, quant_atual = quant_atual - 2 where id = 349; 
update estoque_total set total = total - 2 where medicamento_id = 349; 
insert into itens_venda values (default, 1760, 443, 443, 1, 0.90, 22.50); 
update estoque set quant_venda = quant_venda + 1, quant_atual = quant_atual - 1 where id = 443; 
update estoque_total set total = total - 1 where medicamento_id = 443; 

insert into venda values (1761, '2023-08-01 09:05:27', 70.12, 3, null); 
insert into itens_venda values (default, 1761, 460, 460, 2, 5.20, 70.12); 
update estoque set quant_venda = quant_venda + 2, quant_atual = quant_atual - 2 where id = 460; 
update estoque_total set total = total - 2 where medicamento_id = 460; 

insert into venda values (1762, '2023-08-01 10:07:12', 80.54, null, null); 
insert into itens_venda values (default, 1762, 177, 177, 1, 0.80, 80.54); 
update estoque set quant_venda = quant_venda + 1, quant_atual = quant_atual - 1 where id = 177; 
update estoque_total set total = total - 1 where medicamento_id = 177; 

insert into venda values (1763, '2023-08-01 10:32:11', 310.37, null, 21); 
insert into itens_venda values (default, 1763, 103, 103, 1, 3.50, 115.32); 
update estoque set quant_venda = quant_venda + 1, quant_atual = quant_atual - 1 where id = 103; 
update estoque_total set total = total - 1 where medicamento_id = 103; 
insert into itens_venda values (default, 1763, 102, 102, 1, 0.00, 188.50); 
update estoque set quant_venda = quant_venda + 1, quant_atual = quant_atual - 1 where id = 102; 
update estoque_total set total = total - 1 where medicamento_id = 102; 
insert into itens_venda values (default, 1763, 504, 504, 1, 0.20, 6.55); 
update estoque set quant_venda = quant_venda + 1, quant_atual = quant_atual - 1 where id = 504; 
update estoque_total set total = total - 1 where medicamento_id = 504; 

insert into venda values (1764, '2023-08-02 06:36:24', 96.42, null, null); 
insert into itens_venda values (default, 1764, 483, 483, 2, 4.00, 96.42); 
update estoque set quant_venda = quant_venda + 2, quant_atual = quant_atual - 2 where id = 483; 
update estoque_total set total = total - 2 where medicamento_id = 483; 

insert into venda values (1765, '2023-08-02 06:40:30', 197.94, 20, 23); 
insert into itens_venda values (default, 1765, 332, 332, 2, 7.50, 118.58); 
update estoque set quant_venda = quant_venda + 2, quant_atual = quant_atual - 2 where id = 332; 
update estoque_total set total = total - 2 where medicamento_id = 332; 
insert into itens_venda values (default, 1765, 330, 330, 1, 3.30, 79.36); 
update estoque set quant_venda = quant_venda + 1, quant_atual = quant_atual - 1 where id = 330; 
update estoque_total set total = total - 1 where medicamento_id = 330; 

insert into venda values (1766, '2023-08-02 06:48:03', 39.61, null, null); 
insert into itens_venda values (default, 1766, 388, 388, 1, 0.00, 39.61); 
update estoque set quant_venda = quant_venda + 1, quant_atual = quant_atual - 1 where id = 388; 
update estoque_total set total = total - 1 where medicamento_id = 388; 

insert into venda values (1767, '2023-08-02 07:48:10', 88.49, null, null); 
insert into itens_venda values (default, 1767, 429, 429, 1, 0.90, 23.81); 
update estoque set quant_venda = quant_venda + 1, quant_atual = quant_atual - 1 where id = 429; 
update estoque_total set total = total - 1 where medicamento_id = 429; 
insert into itens_venda values (default, 1767, 439, 439, 1, 0.80, 40.17); 
update estoque set quant_venda = quant_venda + 1, quant_atual = quant_atual - 1 where id = 439; 
update estoque_total set total = total - 1 where medicamento_id = 439; 
insert into itens_venda values (default, 1767, 429, 429, 1, 0.20, 24.51); 
update estoque set quant_venda = quant_venda + 1, quant_atual = quant_atual - 1 where id = 429; 
update estoque_total set total = total - 1 where medicamento_id = 429; 

insert into venda values (1768, '2023-08-02 09:05:45', 362.86, null, null); 
insert into itens_venda values (default, 1768, 492, 492, 2, 2.60, 86.06); 
update estoque set quant_venda = quant_venda + 2, quant_atual = quant_atual - 2 where id = 492; 
update estoque_total set total = total - 2 where medicamento_id = 492; 
insert into itens_venda values (default, 1768, 105, 105, 1, 0.00, 227.58); 
update estoque set quant_venda = quant_venda + 1, quant_atual = quant_atual - 1 where id = 105; 
update estoque_total set total = total - 1 where medicamento_id = 105; 
insert into itens_venda values (default, 1768, 255, 255, 1, 1.50, 49.22); 
update estoque set quant_venda = quant_venda + 1, quant_atual = quant_atual - 1 where id = 255; 
update estoque_total set total = total - 1 where medicamento_id = 255; 

insert into venda values (1769, '2023-08-02 10:22:33', 220.67, 15, 25); 
insert into itens_venda values (default, 1769, 393, 393, 1, 1.90, 22.62); 
update estoque set quant_venda = quant_venda + 1, quant_atual = quant_atual - 1 where id = 393; 
update estoque_total set total = total - 1 where medicamento_id = 393; 
insert into itens_venda values (default, 1769, 416, 416, 3, 4.70, 63.58); 
update estoque set quant_venda = quant_venda + 3, quant_atual = quant_atual - 3 where id = 416; 
update estoque_total set total = total - 3 where medicamento_id = 416; 
insert into itens_venda values (default, 1769, 225, 225, 1, 0.00, 134.47); 
update estoque set quant_venda = quant_venda + 1, quant_atual = quant_atual - 1 where id = 225; 
update estoque_total set total = total - 1 where medicamento_id = 225; 

insert into venda values (1770, '2023-08-02 11:27:48', 213.49, 2, null); 
insert into itens_venda values (default, 1770, 412, 412, 2, 3.50, 173.44); 
update estoque set quant_venda = quant_venda + 2, quant_atual = quant_atual - 2 where id = 412; 
update estoque_total set total = total - 2 where medicamento_id = 412; 
insert into itens_venda values (default, 1770, 463, 463, 3, 0.00, 40.05); 
update estoque set quant_venda = quant_venda + 3, quant_atual = quant_atual - 3 where id = 463; 
update estoque_total set total = total - 3 where medicamento_id = 463; 

insert into venda values (1771, '2023-08-02 12:10:15', 118.73, 1, null); 
insert into itens_venda values (default, 1771, 200, 200, 1, 3.60, 118.73); 
update estoque set quant_venda = quant_venda + 1, quant_atual = quant_atual - 1 where id = 200; 
update estoque_total set total = total - 1 where medicamento_id = 200; 

insert into venda values (1772, '2023-08-02 12:44:22', 33.14, null, null); 
insert into itens_venda values (default, 1772, 402, 402, 2, 0.60, 33.14); 
update estoque set quant_venda = quant_venda + 2, quant_atual = quant_atual - 2 where id = 402; 
update estoque_total set total = total - 2 where medicamento_id = 402; 

insert into venda values (1773, '2023-08-02 13:24:54', 294.54, null, null); 
insert into itens_venda values (default, 1773, 457, 457, 2, 0.00, 68.34); 
update estoque set quant_venda = quant_venda + 2, quant_atual = quant_atual - 2 where id = 457; 
update estoque_total set total = total - 2 where medicamento_id = 457; 
insert into itens_venda values (default, 1773, 402, 402, 2, 0.00, 33.74); 
update estoque set quant_venda = quant_venda + 2, quant_atual = quant_atual - 2 where id = 402; 
update estoque_total set total = total - 2 where medicamento_id = 402; 
insert into itens_venda values (default, 1773, 143, 143, 1, 1.90, 192.46); 
update estoque set quant_venda = quant_venda + 1, quant_atual = quant_atual - 1 where id = 143; 
update estoque_total set total = total - 1 where medicamento_id = 143; 

insert into venda values (1774, '2023-08-02 14:33:46', 265.31, null, null); 
insert into itens_venda values (default, 1774, 267, 267, 1, 0.00, 177.13); 
update estoque set quant_venda = quant_venda + 1, quant_atual = quant_atual - 1 where id = 267; 
update estoque_total set total = total - 1 where medicamento_id = 267; 
insert into itens_venda values (default, 1774, 454, 454, 1, 0.80, 88.18); 
update estoque set quant_venda = quant_venda + 1, quant_atual = quant_atual - 1 where id = 454; 
update estoque_total set total = total - 1 where medicamento_id = 454; 

insert into venda values (1775, '2023-08-02 15:38:39', 282.86, 9, null); 
insert into itens_venda values (default, 1775, 222, 222, 1, 5.10, 253.24); 
update estoque set quant_venda = quant_venda + 1, quant_atual = quant_atual - 1 where id = 222; 
update estoque_total set total = total - 1 where medicamento_id = 222; 
insert into itens_venda values (default, 1775, 303, 303, 1, 1.20, 29.62); 
update estoque set quant_venda = quant_venda + 1, quant_atual = quant_atual - 1 where id = 303; 
update estoque_total set total = total - 1 where medicamento_id = 303; 

insert into venda values (1776, '2023-08-02 15:47:06', 381.93, null, null); 
insert into itens_venda values (default, 1776, 151, 151, 1, 0.00, 18.99); 
update estoque set quant_venda = quant_venda + 1, quant_atual = quant_atual - 1 where id = 151; 
update estoque_total set total = total - 1 where medicamento_id = 151; 
insert into itens_venda values (default, 1776, 433, 433, 2, 0.50, 53.80); 
update estoque set quant_venda = quant_venda + 2, quant_atual = quant_atual - 2 where id = 433; 
update estoque_total set total = total - 2 where medicamento_id = 433; 
insert into itens_venda values (default, 1776, 25, 25, 1, 0.00, 309.14); 
update estoque set quant_venda = quant_venda + 1, quant_atual = quant_atual - 1 where id = 25; 
update estoque_total set total = total - 1 where medicamento_id = 25; 

insert into venda values (1777, '2023-08-03 07:02:34', 256.57, null, 22); 
insert into itens_venda values (default, 1777, 367, 367, 2, 3.90, 191.14); 
update estoque set quant_venda = quant_venda + 2, quant_atual = quant_atual - 2 where id = 367; 
update estoque_total set total = total - 2 where medicamento_id = 367; 
insert into itens_venda values (default, 1777, 502, 502, 3, 0.00, 65.43); 
update estoque set quant_venda = quant_venda + 3, quant_atual = quant_atual - 3 where id = 502; 
update estoque_total set total = total - 3 where medicamento_id = 502; 

insert into venda values (1778, '2023-08-03 07:28:16', 242.46, 4, 24); 
insert into itens_venda values (default, 1778, 209, 209, 2, 7.30, 84.74); 
update estoque set quant_venda = quant_venda + 2, quant_atual = quant_atual - 2 where id = 209; 
update estoque_total set total = total - 2 where medicamento_id = 209; 
insert into itens_venda values (default, 1778, 466, 466, 1, 3.70, 121.18); 
update estoque set quant_venda = quant_venda + 1, quant_atual = quant_atual - 1 where id = 466; 
update estoque_total set total = total - 1 where medicamento_id = 466; 
insert into itens_venda values (default, 1778, 336, 336, 1, 1.50, 36.54); 
update estoque set quant_venda = quant_venda + 1, quant_atual = quant_atual - 1 where id = 336; 
update estoque_total set total = total - 1 where medicamento_id = 336; 

insert into venda values (1779, '2023-08-03 08:44:21', 250.61, null, null); 
insert into itens_venda values (default, 1779, 494, 494, 2, 0.00, 32.94); 
update estoque set quant_venda = quant_venda + 2, quant_atual = quant_atual - 2 where id = 494; 
update estoque_total set total = total - 2 where medicamento_id = 494; 
insert into itens_venda values (default, 1779, 466, 466, 1, 0.00, 124.88); 
update estoque set quant_venda = quant_venda + 1, quant_atual = quant_atual - 1 where id = 466; 
update estoque_total set total = total - 1 where medicamento_id = 466; 
insert into itens_venda values (default, 1779, 124, 124, 1, 0.00, 92.79); 
update estoque set quant_venda = quant_venda + 1, quant_atual = quant_atual - 1 where id = 124; 
update estoque_total set total = total - 1 where medicamento_id = 124; 

insert into venda values (1780, '2023-08-03 10:19:52', 92.76, null, 23); 
insert into itens_venda values (default, 1780, 219, 219, 1, 0.00, 92.76); 
update estoque set quant_venda = quant_venda + 1, quant_atual = quant_atual - 1 where id = 219; 
update estoque_total set total = total - 1 where medicamento_id = 219; 

insert into venda values (1781, '2023-08-03 11:45:18', 147.27, null, null); 
insert into itens_venda values (default, 1781, 491, 491, 1, 1.60, 54.85); 
update estoque set quant_venda = quant_venda + 1, quant_atual = quant_atual - 1 where id = 491; 
update estoque_total set total = total - 1 where medicamento_id = 491; 
insert into itens_venda values (default, 1781, 495, 495, 1, 0.20, 10.48); 
update estoque set quant_venda = quant_venda + 1, quant_atual = quant_atual - 1 where id = 495; 
update estoque_total set total = total - 1 where medicamento_id = 495; 
insert into itens_venda values (default, 1781, 439, 439, 2, 0.00, 81.94); 
update estoque set quant_venda = quant_venda + 2, quant_atual = quant_atual - 2 where id = 439; 
update estoque_total set total = total - 2 where medicamento_id = 439; 

insert into venda values (1782, '2023-08-03 12:42:13', 190.20, null, null); 
insert into itens_venda values (default, 1782, 283, 283, 2, 1.00, 102.80); 
update estoque set quant_venda = quant_venda + 2, quant_atual = quant_atual - 2 where id = 283; 
update estoque_total set total = total - 2 where medicamento_id = 283; 
insert into itens_venda values (default, 1782, 470, 470, 1, 0.00, 87.40); 
update estoque set quant_venda = quant_venda + 1, quant_atual = quant_atual - 1 where id = 470; 
update estoque_total set total = total - 1 where medicamento_id = 470; 

insert into venda values (1783, '2023-08-04 06:54:45', 34.95, null, null); 
insert into itens_venda values (default, 1783, 344, 344, 1, 0.30, 34.95); 
update estoque set quant_venda = quant_venda + 1, quant_atual = quant_atual - 1 where id = 344; 
update estoque_total set total = total - 1 where medicamento_id = 344; 

insert into venda values (1784, '2023-08-04 06:55:37', 60.74, 13, null); 
insert into itens_venda values (default, 1784, 327, 327, 2, 2.50, 60.74); 
update estoque set quant_venda = quant_venda + 2, quant_atual = quant_atual - 2 where id = 327; 
update estoque_total set total = total - 2 where medicamento_id = 327; 

insert into venda values (1785, '2023-08-04 09:31:22', 53.62, null, null); 
insert into itens_venda values (default, 1785, 235, 235, 1, 0.00, 53.62); 
update estoque set quant_venda = quant_venda + 1, quant_atual = quant_atual - 1 where id = 235; 
update estoque_total set total = total - 1 where medicamento_id = 235; 

insert into venda values (1786, '2023-08-04 10:20:24', 199.49, null, null); 
insert into itens_venda values (default, 1786, 85, 85, 1, 1.40, 46.93); 
update estoque set quant_venda = quant_venda + 1, quant_atual = quant_atual - 1 where id = 85; 
update estoque_total set total = total - 1 where medicamento_id = 85; 
insert into itens_venda values (default, 1786, 459, 459, 1, 0.30, 33.62); 
update estoque set quant_venda = quant_venda + 1, quant_atual = quant_atual - 1 where id = 459; 
update estoque_total set total = total - 1 where medicamento_id = 459; 
insert into itens_venda values (default, 1786, 468, 468, 2, 0.00, 118.94); 
update estoque set quant_venda = quant_venda + 2, quant_atual = quant_atual - 2 where id = 468; 
update estoque_total set total = total - 2 where medicamento_id = 468; 

insert into venda values (1787, '2023-08-04 11:51:50', 335.16, null, 21); 
insert into itens_venda values (default, 1787, 305, 305, 2, 0.80, 86.12); 
update estoque set quant_venda = quant_venda + 2, quant_atual = quant_atual - 2 where id = 305; 
update estoque_total set total = total - 2 where medicamento_id = 305; 
insert into itens_venda values (default, 1787, 96, 96, 1, 5.00, 249.04); 
update estoque set quant_venda = quant_venda + 1, quant_atual = quant_atual - 1 where id = 96; 
update estoque_total set total = total - 1 where medicamento_id = 96; 

insert into venda values (1788, '2023-08-04 13:41:05', 200.16, null, 23); 
insert into itens_venda values (default, 1788, 356, 356, 1, 2.30, 112.76); 
update estoque set quant_venda = quant_venda + 1, quant_atual = quant_atual - 1 where id = 356; 
update estoque_total set total = total - 1 where medicamento_id = 356; 
insert into itens_venda values (default, 1788, 470, 470, 1, 0.00, 87.40); 
update estoque set quant_venda = quant_venda + 1, quant_atual = quant_atual - 1 where id = 470; 
update estoque_total set total = total - 1 where medicamento_id = 470; 

insert into venda values (1789, '2023-08-04 14:23:21', 219.96, 5, 21); 
insert into itens_venda values (default, 1789, 223, 223, 1, 5.00, 67.46); 
update estoque set quant_venda = quant_venda + 1, quant_atual = quant_atual - 1 where id = 223; 
update estoque_total set total = total - 1 where medicamento_id = 223; 
insert into itens_venda values (default, 1789, 408, 408, 1, 3.40, 113.13); 
update estoque set quant_venda = quant_venda + 1, quant_atual = quant_atual - 1 where id = 408; 
update estoque_total set total = total - 1 where medicamento_id = 408; 
insert into itens_venda values (default, 1789, 118, 118, 1, 1.20, 39.37); 
update estoque set quant_venda = quant_venda + 1, quant_atual = quant_atual - 1 where id = 118; 
update estoque_total set total = total - 1 where medicamento_id = 118; 

insert into venda values (1790, '2023-08-05 07:17:36', 112.34, 3, 23); 
insert into itens_venda values (default, 1790, 310, 310, 1, 11.10, 112.34); 
update estoque set quant_venda = quant_venda + 1, quant_atual = quant_atual - 1 where id = 310; 
update estoque_total set total = total - 1 where medicamento_id = 310; 

insert into venda values (1791, '2023-08-05 08:28:44', 120.86, 9, null); 
insert into itens_venda values (default, 1791, 478, 478, 1, 0.50, 57.02); 
update estoque set quant_venda = quant_venda + 1, quant_atual = quant_atual - 1 where id = 478; 
update estoque_total set total = total - 1 where medicamento_id = 478; 
insert into itens_venda values (default, 1791, 459, 459, 2, 4.00, 63.84); 
update estoque set quant_venda = quant_venda + 2, quant_atual = quant_atual - 2 where id = 459; 
update estoque_total set total = total - 2 where medicamento_id = 459; 

insert into venda values (1792, '2023-08-05 08:48:46', 171.63, null, null); 
insert into itens_venda values (default, 1792, 85, 85, 2, 0.90, 95.76); 
update estoque set quant_venda = quant_venda + 2, quant_atual = quant_atual - 2 where id = 85; 
update estoque_total set total = total - 2 where medicamento_id = 85; 
insert into itens_venda values (default, 1792, 494, 494, 2, 0.90, 32.04); 
update estoque set quant_venda = quant_venda + 2, quant_atual = quant_atual - 2 where id = 494; 
update estoque_total set total = total - 2 where medicamento_id = 494; 
insert into itens_venda values (default, 1792, 311, 311, 3, 1.80, 43.83); 
update estoque set quant_venda = quant_venda + 3, quant_atual = quant_atual - 3 where id = 311; 
update estoque_total set total = total - 3 where medicamento_id = 311; 

insert into venda values (1793, '2023-08-05 09:30:56', 87.86, 16, null); 
insert into itens_venda values (default, 1793, 405, 405, 1, 2.50, 33.51); 
update estoque set quant_venda = quant_venda + 1, quant_atual = quant_atual - 1 where id = 405; 
update estoque_total set total = total - 1 where medicamento_id = 405; 
insert into itens_venda values (default, 1793, 451, 451, 3, 3.40, 54.35); 
update estoque set quant_venda = quant_venda + 3, quant_atual = quant_atual - 3 where id = 451; 
update estoque_total set total = total - 3 where medicamento_id = 451; 

insert into venda values (1794, '2023-08-07 08:17:44', 320.11, null, 25); 
insert into itens_venda values (default, 1794, 338, 338, 2, 0.00, 193.38); 
update estoque set quant_venda = quant_venda + 2, quant_atual = quant_atual - 2 where id = 338; 
update estoque_total set total = total - 2 where medicamento_id = 338; 
insert into itens_venda values (default, 1794, 501, 501, 2, 0.90, 45.28); 
update estoque set quant_venda = quant_venda + 2, quant_atual = quant_atual - 2 where id = 501; 
update estoque_total set total = total - 2 where medicamento_id = 501; 
insert into itens_venda values (default, 1794, 433, 433, 3, 0.00, 81.45); 
update estoque set quant_venda = quant_venda + 3, quant_atual = quant_atual - 3 where id = 433; 
update estoque_total set total = total - 3 where medicamento_id = 433; 

insert into venda values (1795, '2023-08-07 10:03:32', 171.73, null, null); 
insert into itens_venda values (default, 1795, 425, 425, 1, 0.70, 35.50); 
update estoque set quant_venda = quant_venda + 1, quant_atual = quant_atual - 1 where id = 425; 
update estoque_total set total = total - 1 where medicamento_id = 425; 
insert into itens_venda values (default, 1795, 371, 371, 1, 1.30, 136.23); 
update estoque set quant_venda = quant_venda + 1, quant_atual = quant_atual - 1 where id = 371; 
update estoque_total set total = total - 1 where medicamento_id = 371; 

insert into venda values (1796, '2023-08-07 11:04:14', 27.70, 17, null); 
insert into itens_venda values (default, 1796, 503, 503, 2, 0.40, 6.94); 
update estoque set quant_venda = quant_venda + 2, quant_atual = quant_atual - 2 where id = 503; 
update estoque_total set total = total - 2 where medicamento_id = 503; 
insert into itens_venda values (default, 1796, 495, 495, 2, 0.60, 20.76); 
update estoque set quant_venda = quant_venda + 2, quant_atual = quant_atual - 2 where id = 495; 
update estoque_total set total = total - 2 where medicamento_id = 495; 

insert into venda values (1797, '2023-08-07 13:15:37', 320.06, 13, null); 
insert into itens_venda values (default, 1797, 401, 401, 1, 2.00, 31.64); 
update estoque set quant_venda = quant_venda + 1, quant_atual = quant_atual - 1 where id = 401; 
update estoque_total set total = total - 1 where medicamento_id = 401; 
insert into itens_venda values (default, 1797, 436, 436, 2, 2.60, 128.88); 
update estoque set quant_venda = quant_venda + 2, quant_atual = quant_atual - 2 where id = 436; 
update estoque_total set total = total - 2 where medicamento_id = 436; 
insert into itens_venda values (default, 1797, 224, 224, 2, 0.00, 159.54); 
update estoque set quant_venda = quant_venda + 2, quant_atual = quant_atual - 2 where id = 224; 
update estoque_total set total = total - 2 where medicamento_id = 224; 

insert into venda values (1798, '2023-08-07 13:23:18', 476.24, 17, 25); 
insert into itens_venda values (default, 1798, 215, 215, 1, 15.30, 203.60); 
update estoque set quant_venda = quant_venda + 1, quant_atual = quant_atual - 1 where id = 215; 
update estoque_total set total = total - 1 where medicamento_id = 215; 
insert into itens_venda values (default, 1798, 301, 301, 1, 17.30, 272.64); 
update estoque set quant_venda = quant_venda + 1, quant_atual = quant_atual - 1 where id = 301; 
update estoque_total set total = total - 1 where medicamento_id = 301; 

insert into venda values (1799, '2023-08-07 15:20:20', 15.69, null, null); 
insert into itens_venda values (default, 1799, 422, 422, 1, 0.30, 15.69); 
update estoque set quant_venda = quant_venda + 1, quant_atual = quant_atual - 1 where id = 422; 
update estoque_total set total = total - 1 where medicamento_id = 422; 

insert into venda values (1800, '2023-08-08 08:20:24', 101.48, null, null); 
insert into itens_venda values (default, 1800, 438, 438, 2, 3.10, 101.48); 
update estoque set quant_venda = quant_venda + 2, quant_atual = quant_atual - 2 where id = 438; 
update estoque_total set total = total - 2 where medicamento_id = 438; 

insert into venda values (1801, '2023-08-08 09:57:46', 35.26, null, 25); 
insert into itens_venda values (default, 1801, 181, 181, 1, 0.70, 35.26); 
update estoque set quant_venda = quant_venda + 1, quant_atual = quant_atual - 1 where id = 181; 
update estoque_total set total = total - 1 where medicamento_id = 181; 

insert into venda values (1802, '2023-08-08 10:28:54', 258.04, 19, null); 
insert into itens_venda values (default, 1802, 292, 292, 1, 0.40, 10.30); 
update estoque set quant_venda = quant_venda + 1, quant_atual = quant_atual - 1 where id = 292; 
update estoque_total set total = total - 1 where medicamento_id = 292; 
insert into itens_venda values (default, 1802, 258, 258, 2, 10.10, 116.80); 
update estoque set quant_venda = quant_venda + 2, quant_atual = quant_atual - 2 where id = 258; 
update estoque_total set total = total - 2 where medicamento_id = 258; 
insert into itens_venda values (default, 1802, 420, 420, 2, 2.60, 130.94); 
update estoque set quant_venda = quant_venda + 2, quant_atual = quant_atual - 2 where id = 420; 
update estoque_total set total = total - 2 where medicamento_id = 420; 

insert into venda values (1803, '2023-08-08 11:02:54', 43.44, null, null); 
insert into itens_venda values (default, 1803, 384, 384, 1, 0.40, 43.44); 
update estoque set quant_venda = quant_venda + 1, quant_atual = quant_atual - 1 where id = 384; 
update estoque_total set total = total - 1 where medicamento_id = 384; 

insert into venda values (1804, '2023-08-08 11:36:59', 464.63, null, 23); 
insert into itens_venda values (default, 1804, 362, 362, 1, 1.80, 187.08); 
update estoque set quant_venda = quant_venda + 1, quant_atual = quant_atual - 1 where id = 362; 
update estoque_total set total = total - 1 where medicamento_id = 362; 
insert into itens_venda values (default, 1804, 203, 203, 1, 2.80, 277.55); 
update estoque set quant_venda = quant_venda + 1, quant_atual = quant_atual - 1 where id = 203; 
update estoque_total set total = total - 1 where medicamento_id = 203; 

insert into venda values (1805, '2023-08-09 06:03:24', 175.76, null, 25); 
insert into itens_venda values (default, 1805, 359, 359, 2, 5.40, 175.76); 
update estoque set quant_venda = quant_venda + 2, quant_atual = quant_atual - 2 where id = 359; 
update estoque_total set total = total - 2 where medicamento_id = 359; 

insert into venda values (1806, '2023-08-09 06:12:25', 66.96, null, null); 
insert into itens_venda values (default, 1806, 476, 476, 1, 0.40, 23.77); 
update estoque set quant_venda = quant_venda + 1, quant_atual = quant_atual - 1 where id = 476; 
update estoque_total set total = total - 1 where medicamento_id = 476; 
insert into itens_venda values (default, 1806, 489, 489, 1, 0.80, 43.19); 
update estoque set quant_venda = quant_venda + 1, quant_atual = quant_atual - 1 where id = 489; 
update estoque_total set total = total - 1 where medicamento_id = 489; 

insert into venda values (1807, '2023-08-09 07:14:45', 196.06, null, 22); 
insert into itens_venda values (default, 1807, 274, 274, 2, 0.00, 72.20); 
update estoque set quant_venda = quant_venda + 2, quant_atual = quant_atual - 2 where id = 274; 
update estoque_total set total = total - 2 where medicamento_id = 274; 
insert into itens_venda values (default, 1807, 334, 334, 2, 1.20, 123.86); 
update estoque set quant_venda = quant_venda + 2, quant_atual = quant_atual - 2 where id = 334; 
update estoque_total set total = total - 2 where medicamento_id = 334; 

insert into venda values (1808, '2023-08-09 07:53:45', 191.99, null, null); 
insert into itens_venda values (default, 1808, 345, 345, 2, 0.00, 52.12); 
update estoque set quant_venda = quant_venda + 2, quant_atual = quant_atual - 2 where id = 345; 
update estoque_total set total = total - 2 where medicamento_id = 345; 
insert into itens_venda values (default, 1808, 401, 401, 2, 0.00, 67.28); 
update estoque set quant_venda = quant_venda + 2, quant_atual = quant_atual - 2 where id = 401; 
update estoque_total set total = total - 2 where medicamento_id = 401; 
insert into itens_venda values (default, 1808, 444, 444, 1, 3.00, 72.59); 
update estoque set quant_venda = quant_venda + 1, quant_atual = quant_atual - 1 where id = 444; 
update estoque_total set total = total - 1 where medicamento_id = 444; 

insert into venda values (1809, '2023-08-09 08:47:06', 268.09, 15, null); 
insert into itens_venda values (default, 1809, 107, 107, 1, 2.70, 133.86); 
update estoque set quant_venda = quant_venda + 1, quant_atual = quant_atual - 1 where id = 107; 
update estoque_total set total = total - 1 where medicamento_id = 107; 
insert into itens_venda values (default, 1809, 455, 455, 2, 8.00, 92.34); 
update estoque set quant_venda = quant_venda + 2, quant_atual = quant_atual - 2 where id = 455; 
update estoque_total set total = total - 2 where medicamento_id = 455; 
insert into itens_venda values (default, 1809, 489, 489, 1, 2.10, 41.89); 
update estoque set quant_venda = quant_venda + 1, quant_atual = quant_atual - 1 where id = 489; 
update estoque_total set total = total - 1 where medicamento_id = 489; 

insert into venda values (1810, '2023-08-09 08:52:48', 48.17, 12, null); 
insert into itens_venda values (default, 1810, 220, 220, 1, 0.40, 11.86); 
update estoque set quant_venda = quant_venda + 1, quant_atual = quant_atual - 1 where id = 220; 
update estoque_total set total = total - 1 where medicamento_id = 220; 
insert into itens_venda values (default, 1810, 440, 440, 1, 3.10, 36.31); 
update estoque set quant_venda = quant_venda + 1, quant_atual = quant_atual - 1 where id = 440; 
update estoque_total set total = total - 1 where medicamento_id = 440; 

insert into venda values (1811, '2023-08-09 09:56:51', 57.77, 11, null); 
insert into itens_venda values (default, 1811, 468, 468, 1, 1.70, 57.77); 
update estoque set quant_venda = quant_venda + 1, quant_atual = quant_atual - 1 where id = 468; 
update estoque_total set total = total - 1 where medicamento_id = 468; 

insert into venda values (1812, '2023-08-09 10:32:47', 74.62, 3, 23); 
insert into itens_venda values (default, 1812, 422, 422, 1, 0.00, 15.99); 
update estoque set quant_venda = quant_venda + 1, quant_atual = quant_atual - 1 where id = 422; 
update estoque_total set total = total - 1 where medicamento_id = 422; 
insert into itens_venda values (default, 1812, 347, 347, 1, 3.70, 58.63); 
update estoque set quant_venda = quant_venda + 1, quant_atual = quant_atual - 1 where id = 347; 
update estoque_total set total = total - 1 where medicamento_id = 347; 

insert into venda values (1813, '2023-08-09 11:10:24', 74.53, null, null); 
insert into itens_venda values (default, 1813, 251, 251, 1, 0.00, 74.53); 
update estoque set quant_venda = quant_venda + 1, quant_atual = quant_atual - 1 where id = 251; 
update estoque_total set total = total - 1 where medicamento_id = 251; 

insert into venda values (1814, '2023-08-09 12:19:59', 112.51, null, null); 
insert into itens_venda values (default, 1814, 289, 289, 1, 2.80, 68.64); 
update estoque set quant_venda = quant_venda + 1, quant_atual = quant_atual - 1 where id = 289; 
update estoque_total set total = total - 1 where medicamento_id = 289; 
insert into itens_venda values (default, 1814, 416, 416, 1, 0.40, 22.36); 
update estoque set quant_venda = quant_venda + 1, quant_atual = quant_atual - 1 where id = 416; 
update estoque_total set total = total - 1 where medicamento_id = 416; 
insert into itens_venda values (default, 1814, 496, 496, 3, 0.60, 21.51); 
update estoque set quant_venda = quant_venda + 3, quant_atual = quant_atual - 3 where id = 496; 
update estoque_total set total = total - 3 where medicamento_id = 496; 

insert into venda values (1815, '2023-08-10 06:13:37', 128.82, 16, null); 
insert into itens_venda values (default, 1815, 479, 479, 2, 4.40, 68.98); 
update estoque set quant_venda = quant_venda + 2, quant_atual = quant_atual - 2 where id = 479; 
update estoque_total set total = total - 2 where medicamento_id = 479; 
insert into itens_venda values (default, 1815, 477, 477, 1, 5.20, 59.84); 
update estoque set quant_venda = quant_venda + 1, quant_atual = quant_atual - 1 where id = 477; 
update estoque_total set total = total - 1 where medicamento_id = 477; 

insert into venda values (1816, '2023-08-10 06:45:21', 81.85, 6, null); 
insert into itens_venda values (default, 1816, 422, 422, 1, 0.70, 15.29); 
update estoque set quant_venda = quant_venda + 1, quant_atual = quant_atual - 1 where id = 422; 
update estoque_total set total = total - 1 where medicamento_id = 422; 
insert into itens_venda values (default, 1816, 419, 419, 1, 1.90, 25.48); 
update estoque set quant_venda = quant_venda + 1, quant_atual = quant_atual - 1 where id = 419; 
update estoque_total set total = total - 1 where medicamento_id = 419; 
insert into itens_venda values (default, 1816, 474, 474, 3, 3.50, 41.08); 
update estoque set quant_venda = quant_venda + 3, quant_atual = quant_atual - 3 where id = 474; 
update estoque_total set total = total - 3 where medicamento_id = 474; 

insert into venda values (1817, '2023-08-10 07:07:33', 163.26, null, null); 
insert into itens_venda values (default, 1817, 350, 350, 1, 4.90, 118.54); 
update estoque set quant_venda = quant_venda + 1, quant_atual = quant_atual - 1 where id = 350; 
update estoque_total set total = total - 1 where medicamento_id = 350; 
insert into itens_venda values (default, 1817, 209, 209, 1, 1.30, 44.72); 
update estoque set quant_venda = quant_venda + 1, quant_atual = quant_atual - 1 where id = 209; 
update estoque_total set total = total - 1 where medicamento_id = 209; 

insert into venda values (1818, '2023-08-10 07:50:23', 257.58, null, 24); 
insert into itens_venda values (default, 1818, 367, 367, 2, 5.80, 189.24); 
update estoque set quant_venda = quant_venda + 2, quant_atual = quant_atual - 2 where id = 367; 
update estoque_total set total = total - 2 where medicamento_id = 367; 
insert into itens_venda values (default, 1818, 457, 457, 2, 0.00, 68.34); 
update estoque set quant_venda = quant_venda + 2, quant_atual = quant_atual - 2 where id = 457; 
update estoque_total set total = total - 2 where medicamento_id = 457; 

insert into venda values (1819, '2023-08-10 08:19:59', 215.23, null, null); 
insert into itens_venda values (default, 1819, 314, 314, 1, 0.20, 20.79); 
update estoque set quant_venda = quant_venda + 1, quant_atual = quant_atual - 1 where id = 314; 
update estoque_total set total = total - 1 where medicamento_id = 314; 
insert into itens_venda values (default, 1819, 468, 468, 2, 0.00, 118.94); 
update estoque set quant_venda = quant_venda + 2, quant_atual = quant_atual - 2 where id = 468; 
update estoque_total set total = total - 2 where medicamento_id = 468; 
insert into itens_venda values (default, 1819, 414, 414, 2, 1.50, 75.50); 
update estoque set quant_venda = quant_venda + 2, quant_atual = quant_atual - 2 where id = 414; 
update estoque_total set total = total - 2 where medicamento_id = 414; 

insert into venda values (1820, '2023-08-10 09:41:55', 199.69, 8, null); 
insert into itens_venda values (default, 1820, 373, 373, 1, 0.60, 34.13); 
update estoque set quant_venda = quant_venda + 1, quant_atual = quant_atual - 1 where id = 373; 
update estoque_total set total = total - 1 where medicamento_id = 373; 
insert into itens_venda values (default, 1820, 454, 454, 2, 12.40, 165.56); 
update estoque set quant_venda = quant_venda + 2, quant_atual = quant_atual - 2 where id = 454; 
update estoque_total set total = total - 2 where medicamento_id = 454; 

insert into venda values (1821, '2023-08-10 11:02:41', 248.21, null, 21); 
insert into itens_venda values (default, 1821, 339, 339, 1, 1.20, 30.98); 
update estoque set quant_venda = quant_venda + 1, quant_atual = quant_atual - 1 where id = 339; 
update estoque_total set total = total - 1 where medicamento_id = 339; 
insert into itens_venda values (default, 1821, 190, 190, 1, 6.70, 217.23); 
update estoque set quant_venda = quant_venda + 1, quant_atual = quant_atual - 1 where id = 190; 
update estoque_total set total = total - 1 where medicamento_id = 190; 

insert into venda values (1822, '2023-08-10 11:56:23', 203.12, null, null); 
insert into itens_venda values (default, 1822, 374, 374, 2, 1.30, 66.92); 
update estoque set quant_venda = quant_venda + 2, quant_atual = quant_atual - 2 where id = 374; 
update estoque_total set total = total - 2 where medicamento_id = 374; 
insert into itens_venda values (default, 1822, 400, 400, 1, 0.00, 136.20); 
update estoque set quant_venda = quant_venda + 1, quant_atual = quant_atual - 1 where id = 400; 
update estoque_total set total = total - 1 where medicamento_id = 400; 

insert into venda values (1823, '2023-08-10 13:02:44', 264.14, 1, null); 
insert into itens_venda values (default, 1823, 370, 370, 1, 14.20, 223.14); 
update estoque set quant_venda = quant_venda + 1, quant_atual = quant_atual - 1 where id = 370; 
update estoque_total set total = total - 1 where medicamento_id = 370; 
insert into itens_venda values (default, 1823, 351, 351, 2, 2.60, 41.00); 
update estoque set quant_venda = quant_venda + 2, quant_atual = quant_atual - 2 where id = 351; 
update estoque_total set total = total - 2 where medicamento_id = 351; 

insert into venda values (1824, '2023-08-10 13:12:59', 504.03, null, 23); 
insert into itens_venda values (default, 1824, 106, 106, 1, 15.70, 378.74); 
update estoque set quant_venda = quant_venda + 1, quant_atual = quant_atual - 1 where id = 106; 
update estoque_total set total = total - 1 where medicamento_id = 106; 
insert into itens_venda values (default, 1824, 444, 444, 1, 2.20, 73.39); 
update estoque set quant_venda = quant_venda + 1, quant_atual = quant_atual - 1 where id = 444; 
update estoque_total set total = total - 1 where medicamento_id = 444; 
insert into itens_venda values (default, 1824, 283, 283, 1, 0.00, 51.90); 
update estoque set quant_venda = quant_venda + 1, quant_atual = quant_atual - 1 where id = 283; 
update estoque_total set total = total - 1 where medicamento_id = 283; 

insert into venda values (1825, '2023-08-10 13:31:36', 26.27, 16, null); 
insert into itens_venda values (default, 1825, 421, 421, 3, 1.30, 26.27); 
update estoque set quant_venda = quant_venda + 3, quant_atual = quant_atual - 3 where id = 421; 
update estoque_total set total = total - 3 where medicamento_id = 421; 

insert into venda values (1826, '2023-08-12 07:33:38', 252.54, null, null); 
insert into itens_venda values (default, 1826, 177, 177, 1, 0.00, 81.34); 
update estoque set quant_venda = quant_venda + 1, quant_atual = quant_atual - 1 where id = 177; 
update estoque_total set total = total - 1 where medicamento_id = 177; 
insert into itens_venda values (default, 1826, 183, 183, 2, 2.00, 65.22); 
update estoque set quant_venda = quant_venda + 2, quant_atual = quant_atual - 2 where id = 183; 
update estoque_total set total = total - 2 where medicamento_id = 183; 
insert into itens_venda values (default, 1826, 298, 298, 1, 0.00, 105.98); 
update estoque set quant_venda = quant_venda + 1, quant_atual = quant_atual - 1 where id = 298; 
update estoque_total set total = total - 1 where medicamento_id = 298; 

insert into venda values (1827, '2023-08-12 07:33:46', 84.18, null, null); 
insert into itens_venda values (default, 1827, 384, 384, 2, 3.50, 84.18); 
update estoque set quant_venda = quant_venda + 2, quant_atual = quant_atual - 2 where id = 384; 
update estoque_total set total = total - 2 where medicamento_id = 384; 

insert into venda values (1828, '2023-08-12 09:11:54', 64.12, 13, null); 
insert into itens_venda values (default, 1828, 503, 503, 1, 0.20, 3.47); 
update estoque set quant_venda = quant_venda + 1, quant_atual = quant_atual - 1 where id = 503; 
update estoque_total set total = total - 1 where medicamento_id = 503; 
insert into itens_venda values (default, 1828, 471, 471, 2, 2.50, 33.28); 
update estoque set quant_venda = quant_venda + 2, quant_atual = quant_atual - 2 where id = 471; 
update estoque_total set total = total - 2 where medicamento_id = 471; 
insert into itens_venda values (default, 1828, 421, 421, 3, 0.20, 27.37); 
update estoque set quant_venda = quant_venda + 3, quant_atual = quant_atual - 3 where id = 421; 
update estoque_total set total = total - 3 where medicamento_id = 421; 

insert into venda values (1829, '2023-08-12 10:22:59', 88.98, null, null); 
insert into itens_venda values (default, 1829, 454, 454, 1, 0.00, 88.98); 
update estoque set quant_venda = quant_venda + 1, quant_atual = quant_atual - 1 where id = 454; 
update estoque_total set total = total - 1 where medicamento_id = 454; 

insert into venda values (1830, '2023-08-13 06:20:09', 93.63, null, 23); 
insert into itens_venda values (default, 1830, 90, 90, 3, 0.00, 56.16); 
update estoque set quant_venda = quant_venda + 3, quant_atual = quant_atual - 3 where id = 90; 
update estoque_total set total = total - 3 where medicamento_id = 90; 
insert into itens_venda values (default, 1830, 486, 486, 2, 0.20, 21.68); 
update estoque set quant_venda = quant_venda + 2, quant_atual = quant_atual - 2 where id = 486; 
update estoque_total set total = total - 2 where medicamento_id = 486; 
insert into itens_venda values (default, 1830, 485, 485, 1, 0.30, 15.79); 
update estoque set quant_venda = quant_venda + 1, quant_atual = quant_atual - 1 where id = 485; 
update estoque_total set total = total - 1 where medicamento_id = 485; 

insert into venda values (1831, '2023-08-13 06:49:45', 95.61, 20, null); 
insert into itens_venda values (default, 1831, 256, 256, 1, 5.50, 74.39); 
update estoque set quant_venda = quant_venda + 1, quant_atual = quant_atual - 1 where id = 256; 
update estoque_total set total = total - 1 where medicamento_id = 256; 
insert into itens_venda values (default, 1831, 431, 431, 2, 1.30, 21.22); 
update estoque set quant_venda = quant_venda + 2, quant_atual = quant_atual - 2 where id = 431; 
update estoque_total set total = total - 2 where medicamento_id = 431; 

insert into venda values (1832, '2023-08-13 08:00:54', 60.44, null, null); 
insert into itens_venda values (default, 1832, 303, 303, 2, 1.20, 60.44); 
update estoque set quant_venda = quant_venda + 2, quant_atual = quant_atual - 2 where id = 303; 
update estoque_total set total = total - 2 where medicamento_id = 303; 

insert into venda values (1833, '2023-08-13 08:46:35', 39.45, 9, null); 
insert into itens_venda values (default, 1833, 242, 242, 3, 0.00, 18.45); 
update estoque set quant_venda = quant_venda + 3, quant_atual = quant_atual - 3 where id = 242; 
update estoque_total set total = total - 3 where medicamento_id = 242; 
insert into itens_venda values (default, 1833, 292, 292, 2, 0.40, 21.00); 
update estoque set quant_venda = quant_venda + 2, quant_atual = quant_atual - 2 where id = 292; 
update estoque_total set total = total - 2 where medicamento_id = 292; 

insert into venda values (1834, '2023-08-13 08:49:02', 108.60, null, null); 
insert into itens_venda values (default, 1834, 495, 495, 3, 0.00, 32.04); 
update estoque set quant_venda = quant_venda + 3, quant_atual = quant_atual - 3 where id = 495; 
update estoque_total set total = total - 3 where medicamento_id = 495; 
insert into itens_venda values (default, 1834, 335, 335, 3, 0.00, 76.56); 
update estoque set quant_venda = quant_venda + 3, quant_atual = quant_atual - 3 where id = 335; 
update estoque_total set total = total - 3 where medicamento_id = 335; 

insert into venda values (1835, '2023-08-13 09:04:41', 373.97, 10, null); 
insert into itens_venda values (default, 1835, 462, 462, 1, 1.10, 17.83); 
update estoque set quant_venda = quant_venda + 1, quant_atual = quant_atual - 1 where id = 462; 
update estoque_total set total = total - 1 where medicamento_id = 462; 
insert into itens_venda values (default, 1835, 93, 93, 1, 5.00, 121.51); 
update estoque set quant_venda = quant_venda + 1, quant_atual = quant_atual - 1 where id = 93; 
update estoque_total set total = total - 1 where medicamento_id = 93; 
insert into itens_venda values (default, 1835, 307, 307, 1, 7.20, 234.63); 
update estoque set quant_venda = quant_venda + 1, quant_atual = quant_atual - 1 where id = 307; 
update estoque_total set total = total - 1 where medicamento_id = 307; 

insert into venda values (1836, '2023-08-13 09:10:28', 203.55, 12, null); 
insert into itens_venda values (default, 1836, 289, 289, 2, 11.40, 131.48); 
update estoque set quant_venda = quant_venda + 2, quant_atual = quant_atual - 2 where id = 289; 
update estoque_total set total = total - 2 where medicamento_id = 289; 
insert into itens_venda values (default, 1836, 464, 464, 1, 2.90, 29.55); 
update estoque set quant_venda = quant_venda + 1, quant_atual = quant_atual - 1 where id = 464; 
update estoque_total set total = total - 1 where medicamento_id = 464; 
insert into itens_venda values (default, 1836, 326, 326, 1, 3.20, 42.52); 
update estoque set quant_venda = quant_venda + 1, quant_atual = quant_atual - 1 where id = 326; 
update estoque_total set total = total - 1 where medicamento_id = 326; 

insert into venda values (1837, '2023-08-13 09:12:44', 151.50, null, 25); 
insert into itens_venda values (default, 1837, 274, 274, 1, 1.40, 34.70); 
update estoque set quant_venda = quant_venda + 1, quant_atual = quant_atual - 1 where id = 274; 
update estoque_total set total = total - 1 where medicamento_id = 274; 
insert into itens_venda values (default, 1837, 439, 439, 2, 0.00, 81.94); 
update estoque set quant_venda = quant_venda + 2, quant_atual = quant_atual - 2 where id = 439; 
update estoque_total set total = total - 2 where medicamento_id = 439; 
insert into itens_venda values (default, 1837, 426, 426, 1, 1.40, 34.86); 
update estoque set quant_venda = quant_venda + 1, quant_atual = quant_atual - 1 where id = 426; 
update estoque_total set total = total - 1 where medicamento_id = 426; 

insert into venda values (1838, '2023-08-13 10:09:13', 170.90, 2, null); 
insert into itens_venda values (default, 1838, 391, 391, 2, 7.10, 170.90); 
update estoque set quant_venda = quant_venda + 2, quant_atual = quant_atual - 2 where id = 391; 
update estoque_total set total = total - 2 where medicamento_id = 391; 

insert into venda values (1839, '2023-08-13 10:14:43', 112.26, null, null); 
insert into itens_venda values (default, 1839, 462, 462, 3, 1.70, 55.09); 
update estoque set quant_venda = quant_venda + 3, quant_atual = quant_atual - 3 where id = 462; 
update estoque_total set total = total - 3 where medicamento_id = 462; 
insert into itens_venda values (default, 1839, 468, 468, 1, 2.30, 57.17); 
update estoque set quant_venda = quant_venda + 1, quant_atual = quant_atual - 1 where id = 468; 
update estoque_total set total = total - 1 where medicamento_id = 468; 

insert into venda values (1840, '2023-08-13 11:03:36', 231.66, null, 21); 
insert into itens_venda values (default, 1840, 360, 360, 1, 2.90, 145.16); 
update estoque set quant_venda = quant_venda + 1, quant_atual = quant_atual - 1 where id = 360; 
update estoque_total set total = total - 1 where medicamento_id = 360; 
insert into itens_venda values (default, 1840, 498, 498, 1, 0.00, 35.43); 
update estoque set quant_venda = quant_venda + 1, quant_atual = quant_atual - 1 where id = 498; 
update estoque_total set total = total - 1 where medicamento_id = 498; 
insert into itens_venda values (default, 1840, 308, 308, 1, 2.10, 51.07); 
update estoque set quant_venda = quant_venda + 1, quant_atual = quant_atual - 1 where id = 308; 
update estoque_total set total = total - 1 where medicamento_id = 308; 

insert into venda values (1841, '2023-08-14 07:04:34', 105.38, null, null); 
insert into itens_venda values (default, 1841, 426, 426, 1, 0.00, 36.26); 
update estoque set quant_venda = quant_venda + 1, quant_atual = quant_atual - 1 where id = 426; 
update estoque_total set total = total - 1 where medicamento_id = 426; 
insert into itens_venda values (default, 1841, 442, 442, 3, 0.00, 69.12); 
update estoque set quant_venda = quant_venda + 3, quant_atual = quant_atual - 3 where id = 442; 
update estoque_total set total = total - 3 where medicamento_id = 442; 

insert into venda values (1842, '2023-08-14 08:09:24', 21.01, 6, 24); 
insert into itens_venda values (default, 1842, 188, 188, 1, 0.60, 21.01); 
update estoque set quant_venda = quant_venda + 1, quant_atual = quant_atual - 1 where id = 188; 
update estoque_total set total = total - 1 where medicamento_id = 188; 

insert into venda values (1843, '2023-08-14 08:52:40', 112.44, 19, null); 
insert into itens_venda values (default, 1843, 418, 418, 1, 0.00, 27.65); 
update estoque set quant_venda = quant_venda + 1, quant_atual = quant_atual - 1 where id = 418; 
update estoque_total set total = total - 1 where medicamento_id = 418; 
insert into itens_venda values (default, 1843, 293, 293, 3, 2.60, 84.79); 
update estoque set quant_venda = quant_venda + 3, quant_atual = quant_atual - 3 where id = 293; 
update estoque_total set total = total - 3 where medicamento_id = 293; 

insert into venda values (1844, '2023-08-14 09:02:57', 191.07, null, null); 
insert into itens_venda values (default, 1844, 372, 372, 1, 3.20, 104.30); 
update estoque set quant_venda = quant_venda + 1, quant_atual = quant_atual - 1 where id = 372; 
update estoque_total set total = total - 1 where medicamento_id = 372; 
insert into itens_venda values (default, 1844, 399, 399, 1, 0.50, 51.35); 
update estoque set quant_venda = quant_venda + 1, quant_atual = quant_atual - 1 where id = 399; 
update estoque_total set total = total - 1 where medicamento_id = 399; 
insert into itens_venda values (default, 1844, 445, 445, 2, 1.00, 35.42); 
update estoque set quant_venda = quant_venda + 2, quant_atual = quant_atual - 2 where id = 445; 
update estoque_total set total = total - 2 where medicamento_id = 445; 

insert into venda values (1845, '2023-08-14 10:24:32', 236.79, 19, null); 
insert into itens_venda values (default, 1845, 266, 266, 1, 5.90, 113.97); 
update estoque set quant_venda = quant_venda + 1, quant_atual = quant_atual - 1 where id = 266; 
update estoque_total set total = total - 1 where medicamento_id = 266; 
insert into itens_venda values (default, 1845, 442, 442, 3, 4.80, 64.32); 
update estoque set quant_venda = quant_venda + 3, quant_atual = quant_atual - 3 where id = 442; 
update estoque_total set total = total - 3 where medicamento_id = 442; 
insert into itens_venda values (default, 1845, 475, 475, 3, 1.80, 58.50); 
update estoque set quant_venda = quant_venda + 3, quant_atual = quant_atual - 3 where id = 475; 
update estoque_total set total = total - 3 where medicamento_id = 475; 

insert into venda values (1846, '2023-08-14 11:07:15', 163.70, 4, 22); 
insert into itens_venda values (default, 1846, 477, 477, 1, 5.80, 59.24); 
update estoque set quant_venda = quant_venda + 1, quant_atual = quant_atual - 1 where id = 477; 
update estoque_total set total = total - 1 where medicamento_id = 477; 
insert into itens_venda values (default, 1846, 277, 277, 1, 1.40, 33.98); 
update estoque set quant_venda = quant_venda + 1, quant_atual = quant_atual - 1 where id = 277; 
update estoque_total set total = total - 1 where medicamento_id = 277; 
insert into itens_venda values (default, 1846, 479, 479, 2, 2.90, 70.48); 
update estoque set quant_venda = quant_venda + 2, quant_atual = quant_atual - 2 where id = 479; 
update estoque_total set total = total - 2 where medicamento_id = 479; 

insert into venda values (1847, '2023-08-14 11:36:08', 45.58, 18, 24); 
insert into itens_venda values (default, 1847, 216, 216, 1, 3.90, 45.58); 
update estoque set quant_venda = quant_venda + 1, quant_atual = quant_atual - 1 where id = 216; 
update estoque_total set total = total - 1 where medicamento_id = 216; 

insert into venda values (1848, '2023-08-14 12:45:28', 49.56, null, null); 
insert into itens_venda values (default, 1848, 365, 365, 3, 0.00, 49.56); 
update estoque set quant_venda = quant_venda + 3, quant_atual = quant_atual - 3 where id = 365; 
update estoque_total set total = total - 3 where medicamento_id = 365; 

insert into venda values (1849, '2023-08-14 13:39:40', 219.84, 2, null); 
insert into itens_venda values (default, 1849, 491, 491, 2, 7.90, 105.00); 
update estoque set quant_venda = quant_venda + 2, quant_atual = quant_atual - 2 where id = 491; 
update estoque_total set total = total - 2 where medicamento_id = 491; 
insert into itens_venda values (default, 1849, 350, 350, 1, 8.60, 114.84); 
update estoque set quant_venda = quant_venda + 1, quant_atual = quant_atual - 1 where id = 350; 
update estoque_total set total = total - 1 where medicamento_id = 350; 

insert into venda values (1850, '2023-08-14 14:30:03', 62.94, null, null); 
insert into itens_venda values (default, 1850, 422, 422, 3, 1.40, 46.57); 
update estoque set quant_venda = quant_venda + 3, quant_atual = quant_atual - 3 where id = 422; 
update estoque_total set total = total - 3 where medicamento_id = 422; 
insert into itens_venda values (default, 1850, 494, 494, 1, 0.10, 16.37); 
update estoque set quant_venda = quant_venda + 1, quant_atual = quant_atual - 1 where id = 494; 
update estoque_total set total = total - 1 where medicamento_id = 494; 

insert into venda values (1851, '2023-08-14 15:11:29', 187.39, null, null); 
insert into itens_venda values (default, 1851, 345, 345, 1, 0.70, 25.36); 
update estoque set quant_venda = quant_venda + 1, quant_atual = quant_atual - 1 where id = 345; 
update estoque_total set total = total - 1 where medicamento_id = 345; 
insert into itens_venda values (default, 1851, 360, 360, 1, 2.90, 145.16); 
update estoque set quant_venda = quant_venda + 1, quant_atual = quant_atual - 1 where id = 360; 
update estoque_total set total = total - 1 where medicamento_id = 360; 
insert into itens_venda values (default, 1851, 402, 402, 1, 0.00, 16.87); 
update estoque set quant_venda = quant_venda + 1, quant_atual = quant_atual - 1 where id = 402; 
update estoque_total set total = total - 1 where medicamento_id = 402; 

insert into venda values (1852, '2023-08-15 06:47:49', 64.30, null, null); 
insert into itens_venda values (default, 1852, 464, 464, 2, 0.60, 64.30); 
update estoque set quant_venda = quant_venda + 2, quant_atual = quant_atual - 2 where id = 464; 
update estoque_total set total = total - 2 where medicamento_id = 464; 

insert into venda values (1853, '2023-08-15 07:37:17', 162.71, 20, null); 
insert into itens_venda values (default, 1853, 401, 401, 2, 2.60, 64.68); 
update estoque set quant_venda = quant_venda + 2, quant_atual = quant_atual - 2 where id = 401; 
update estoque_total set total = total - 2 where medicamento_id = 401; 
insert into itens_venda values (default, 1853, 280, 280, 1, 6.20, 98.03); 
update estoque set quant_venda = quant_venda + 1, quant_atual = quant_atual - 1 where id = 280; 
update estoque_total set total = total - 1 where medicamento_id = 280; 

insert into venda values (1854, '2023-08-15 08:52:33', 141.81, 19, null); 
insert into itens_venda values (default, 1854, 419, 419, 3, 4.90, 77.24); 
update estoque set quant_venda = quant_venda + 3, quant_atual = quant_atual - 3 where id = 419; 
update estoque_total set total = total - 3 where medicamento_id = 419; 
insert into itens_venda values (default, 1854, 104, 104, 1, 1.30, 64.57); 
update estoque set quant_venda = quant_venda + 1, quant_atual = quant_atual - 1 where id = 104; 
update estoque_total set total = total - 1 where medicamento_id = 104; 

insert into venda values (1855, '2023-08-15 09:51:15', 8.89, null, null); 
insert into itens_venda values (default, 1855, 421, 421, 1, 0.30, 8.89); 
update estoque set quant_venda = quant_venda + 1, quant_atual = quant_atual - 1 where id = 421; 
update estoque_total set total = total - 1 where medicamento_id = 421; 

insert into venda values (1856, '2023-08-15 10:49:11', 247.73, null, null); 
insert into itens_venda values (default, 1856, 119, 119, 1, 4.60, 150.37); 
update estoque set quant_venda = quant_venda + 1, quant_atual = quant_atual - 1 where id = 119; 
update estoque_total set total = total - 1 where medicamento_id = 119; 
insert into itens_venda values (default, 1856, 179, 179, 2, 0.90, 97.36); 
update estoque set quant_venda = quant_venda + 2, quant_atual = quant_atual - 2 where id = 179; 
update estoque_total set total = total - 2 where medicamento_id = 179; 

insert into venda values (1857, '2023-08-15 11:13:20', 65.32, 6, null); 
insert into itens_venda values (default, 1857, 434, 434, 2, 0.00, 65.32); 
update estoque set quant_venda = quant_venda + 2, quant_atual = quant_atual - 2 where id = 434; 
update estoque_total set total = total - 2 where medicamento_id = 434; 

insert into venda values (1858, '2023-08-15 12:17:41', 128.10, 8, null); 
insert into itens_venda values (default, 1858, 400, 400, 1, 8.10, 128.10); 
update estoque set quant_venda = quant_venda + 1, quant_atual = quant_atual - 1 where id = 400; 
update estoque_total set total = total - 1 where medicamento_id = 400; 

insert into venda values (1859, '2023-08-15 13:01:03', 147.03, null, null); 
insert into itens_venda values (default, 1859, 374, 374, 1, 1.00, 33.11); 
update estoque set quant_venda = quant_venda + 1, quant_atual = quant_atual - 1 where id = 374; 
update estoque_total set total = total - 1 where medicamento_id = 374; 
insert into itens_venda values (default, 1859, 430, 430, 2, 0.40, 49.02); 
update estoque set quant_venda = quant_venda + 2, quant_atual = quant_atual - 2 where id = 430; 
update estoque_total set total = total - 2 where medicamento_id = 430; 
insert into itens_venda values (default, 1859, 464, 464, 2, 0.00, 64.90); 
update estoque set quant_venda = quant_venda + 2, quant_atual = quant_atual - 2 where id = 464; 
update estoque_total set total = total - 2 where medicamento_id = 464; 

insert into venda values (1860, '2023-08-16 06:08:56', 357.45, 17, null); 
insert into itens_venda values (default, 1860, 496, 496, 1, 0.50, 6.87); 
update estoque set quant_venda = quant_venda + 1, quant_atual = quant_atual - 1 where id = 496; 
update estoque_total set total = total - 1 where medicamento_id = 496; 
insert into itens_venda values (default, 1860, 160, 160, 1, 11.80, 285.40); 
update estoque set quant_venda = quant_venda + 1, quant_atual = quant_atual - 1 where id = 160; 
update estoque_total set total = total - 1 where medicamento_id = 160; 
insert into itens_venda values (default, 1860, 278, 278, 2, 4.90, 65.18); 
update estoque set quant_venda = quant_venda + 2, quant_atual = quant_atual - 2 where id = 278; 
update estoque_total set total = total - 2 where medicamento_id = 278; 

insert into venda values (1861, '2023-08-16 06:21:32', 190.17, null, null); 
insert into itens_venda values (default, 1861, 442, 442, 2, 1.80, 44.28); 
update estoque set quant_venda = quant_venda + 2, quant_atual = quant_atual - 2 where id = 442; 
update estoque_total set total = total - 2 where medicamento_id = 442; 
insert into itens_venda values (default, 1861, 70, 70, 1, 4.70, 113.97); 
update estoque set quant_venda = quant_venda + 1, quant_atual = quant_atual - 1 where id = 70; 
update estoque_total set total = total - 1 where medicamento_id = 70; 
insert into itens_venda values (default, 1861, 486, 486, 3, 0.90, 31.92); 
update estoque set quant_venda = quant_venda + 3, quant_atual = quant_atual - 3 where id = 486; 
update estoque_total set total = total - 3 where medicamento_id = 486; 

insert into venda values (1862, '2023-08-16 07:07:59', 22.12, null, null); 
insert into itens_venda values (default, 1862, 431, 431, 2, 0.40, 22.12); 
update estoque set quant_venda = quant_venda + 2, quant_atual = quant_atual - 2 where id = 431; 
update estoque_total set total = total - 2 where medicamento_id = 431; 

insert into venda values (1863, '2023-08-16 08:04:35', 259.05, null, null); 
insert into itens_venda values (default, 1863, 193, 193, 1, 6.70, 161.97); 
update estoque set quant_venda = quant_venda + 1, quant_atual = quant_atual - 1 where id = 193; 
update estoque_total set total = total - 1 where medicamento_id = 193; 
insert into itens_venda values (default, 1863, 419, 419, 1, 0.80, 26.58); 
update estoque set quant_venda = quant_venda + 1, quant_atual = quant_atual - 1 where id = 419; 
update estoque_total set total = total - 1 where medicamento_id = 419; 
insert into itens_venda values (default, 1863, 344, 344, 2, 0.00, 70.50); 
update estoque set quant_venda = quant_venda + 2, quant_atual = quant_atual - 2 where id = 344; 
update estoque_total set total = total - 2 where medicamento_id = 344; 

insert into venda values (1864, '2023-08-16 08:35:29', 52.77, null, null); 
insert into itens_venda values (default, 1864, 485, 485, 2, 0.00, 32.18); 
update estoque set quant_venda = quant_venda + 2, quant_atual = quant_atual - 2 where id = 485; 
update estoque_total set total = total - 2 where medicamento_id = 485; 
insert into itens_venda values (default, 1864, 314, 314, 1, 0.40, 20.59); 
update estoque set quant_venda = quant_venda + 1, quant_atual = quant_atual - 1 where id = 314; 
update estoque_total set total = total - 1 where medicamento_id = 314; 

insert into venda values (1865, '2023-08-16 09:54:12', 95.45, 9, null); 
insert into itens_venda values (default, 1865, 328, 328, 2, 5.40, 54.88); 
update estoque set quant_venda = quant_venda + 2, quant_atual = quant_atual - 2 where id = 328; 
update estoque_total set total = total - 2 where medicamento_id = 328; 
insert into itens_venda values (default, 1865, 439, 439, 1, 0.40, 40.57); 
update estoque set quant_venda = quant_venda + 1, quant_atual = quant_atual - 1 where id = 439; 
update estoque_total set total = total - 1 where medicamento_id = 439; 

insert into venda values (1866, '2023-08-16 10:38:37', 291.28, 17, 22); 
insert into itens_venda values (default, 1866, 502, 502, 2, 1.30, 42.32); 
update estoque set quant_venda = quant_venda + 2, quant_atual = quant_atual - 2 where id = 502; 
update estoque_total set total = total - 2 where medicamento_id = 502; 
insert into itens_venda values (default, 1866, 197, 197, 1, 24.60, 248.96); 
update estoque set quant_venda = quant_venda + 1, quant_atual = quant_atual - 1 where id = 197; 
update estoque_total set total = total - 1 where medicamento_id = 197; 

insert into venda values (1867, '2023-08-16 11:13:42', 110.24, 8, null); 
insert into itens_venda values (default, 1867, 388, 388, 2, 0.00, 79.22); 
update estoque set quant_venda = quant_venda + 2, quant_atual = quant_atual - 2 where id = 388; 
update estoque_total set total = total - 2 where medicamento_id = 388; 
insert into itens_venda values (default, 1867, 327, 327, 1, 0.60, 31.02); 
update estoque set quant_venda = quant_venda + 1, quant_atual = quant_atual - 1 where id = 327; 
update estoque_total set total = total - 1 where medicamento_id = 327; 

insert into venda values (1868, '2023-08-16 11:22:51', 35.99, null, null); 
insert into itens_venda values (default, 1868, 479, 479, 1, 0.70, 35.99); 
update estoque set quant_venda = quant_venda + 1, quant_atual = quant_atual - 1 where id = 479; 
update estoque_total set total = total - 1 where medicamento_id = 479; 

insert into venda values (1869, '2023-08-17 08:45:58', 13.40, null, null); 
insert into itens_venda values (default, 1869, 504, 504, 2, 0.10, 13.40); 
update estoque set quant_venda = quant_venda + 2, quant_atual = quant_atual - 2 where id = 504; 
update estoque_total set total = total - 2 where medicamento_id = 504; 

insert into venda values (1870, '2023-08-17 08:50:44', 141.34, 17, 21); 
insert into itens_venda values (default, 1870, 357, 357, 1, 0.00, 61.88); 
update estoque set quant_venda = quant_venda + 1, quant_atual = quant_atual - 1 where id = 357; 
update estoque_total set total = total - 1 where medicamento_id = 357; 
insert into itens_venda values (default, 1870, 184, 184, 2, 0.00, 42.30); 
update estoque set quant_venda = quant_venda + 2, quant_atual = quant_atual - 2 where id = 184; 
update estoque_total set total = total - 2 where medicamento_id = 184; 
insert into itens_venda values (default, 1870, 462, 462, 2, 0.70, 37.16); 
update estoque set quant_venda = quant_venda + 2, quant_atual = quant_atual - 2 where id = 462; 
update estoque_total set total = total - 2 where medicamento_id = 462; 

insert into venda values (1871, '2023-08-17 08:59:21', 156.95, null, null); 
insert into itens_venda values (default, 1871, 451, 451, 2, 0.70, 37.80); 
update estoque set quant_venda = quant_venda + 2, quant_atual = quant_atual - 2 where id = 451; 
update estoque_total set total = total - 2 where medicamento_id = 451; 
insert into itens_venda values (default, 1871, 405, 405, 2, 2.10, 69.92); 
update estoque set quant_venda = quant_venda + 2, quant_atual = quant_atual - 2 where id = 405; 
update estoque_total set total = total - 2 where medicamento_id = 405; 
insert into itens_venda values (default, 1871, 488, 488, 1, 0.00, 49.23); 
update estoque set quant_venda = quant_venda + 1, quant_atual = quant_atual - 1 where id = 488; 
update estoque_total set total = total - 1 where medicamento_id = 488; 

insert into venda values (1872, '2023-08-17 11:19:20', 60.98, 18, null); 
insert into itens_venda values (default, 1872, 402, 402, 1, 1.00, 15.87); 
update estoque set quant_venda = quant_venda + 1, quant_atual = quant_atual - 1 where id = 402; 
update estoque_total set total = total - 1 where medicamento_id = 402; 
insert into itens_venda values (default, 1872, 337, 337, 1, 0.00, 45.11); 
update estoque set quant_venda = quant_venda + 1, quant_atual = quant_atual - 1 where id = 337; 
update estoque_total set total = total - 1 where medicamento_id = 337; 

insert into venda values (1873, '2023-08-17 12:29:15', 185.66, null, null); 
insert into itens_venda values (default, 1873, 256, 256, 2, 3.10, 156.68); 
update estoque set quant_venda = quant_venda + 2, quant_atual = quant_atual - 2 where id = 256; 
update estoque_total set total = total - 2 where medicamento_id = 256; 
insert into itens_venda values (default, 1873, 493, 493, 3, 0.20, 22.48); 
update estoque set quant_venda = quant_venda + 3, quant_atual = quant_atual - 3 where id = 493; 
update estoque_total set total = total - 3 where medicamento_id = 493; 
insert into itens_venda values (default, 1873, 453, 453, 1, 0.00, 6.50); 
update estoque set quant_venda = quant_venda + 1, quant_atual = quant_atual - 1 where id = 453; 
update estoque_total set total = total - 1 where medicamento_id = 453; 

insert into venda values (1874, '2023-08-19 07:37:11', 61.04, 1, null); 
insert into itens_venda values (default, 1874, 303, 303, 2, 0.60, 61.04); 
update estoque set quant_venda = quant_venda + 2, quant_atual = quant_atual - 2 where id = 303; 
update estoque_total set total = total - 2 where medicamento_id = 303; 

insert into venda values (1875, '2023-08-19 08:11:32', 493.14, 8, null); 
insert into itens_venda values (default, 1875, 71, 71, 1, 19.70, 199.78); 
update estoque set quant_venda = quant_venda + 1, quant_atual = quant_atual - 1 where id = 71; 
update estoque_total set total = total - 1 where medicamento_id = 71; 
insert into itens_venda values (default, 1875, 322, 322, 1, 1.60, 26.52); 
update estoque set quant_venda = quant_venda + 1, quant_atual = quant_atual - 1 where id = 322; 
update estoque_total set total = total - 1 where medicamento_id = 322; 
insert into itens_venda values (default, 1875, 301, 301, 1, 23.10, 266.84); 
update estoque set quant_venda = quant_venda + 1, quant_atual = quant_atual - 1 where id = 301; 
update estoque_total set total = total - 1 where medicamento_id = 301; 

insert into venda values (1876, '2023-08-19 10:30:59', 84.12, 11, null); 
insert into itens_venda values (default, 1876, 342, 342, 2, 1.70, 84.12); 
update estoque set quant_venda = quant_venda + 2, quant_atual = quant_atual - 2 where id = 342; 
update estoque_total set total = total - 2 where medicamento_id = 342; 

insert into venda values (1877, '2023-08-19 12:32:05', 315.28, null, 22); 
insert into itens_venda values (default, 1877, 484, 484, 1, 0.00, 16.52); 
update estoque set quant_venda = quant_venda + 1, quant_atual = quant_atual - 1 where id = 484; 
update estoque_total set total = total - 1 where medicamento_id = 484; 
insert into itens_venda values (default, 1877, 325, 325, 2, 0.00, 113.96); 
update estoque set quant_venda = quant_venda + 2, quant_atual = quant_atual - 2 where id = 325; 
update estoque_total set total = total - 2 where medicamento_id = 325; 
insert into itens_venda values (default, 1877, 102, 102, 1, 3.70, 184.80); 
update estoque set quant_venda = quant_venda + 1, quant_atual = quant_atual - 1 where id = 102; 
update estoque_total set total = total - 1 where medicamento_id = 102; 

insert into venda values (1878, '2023-08-19 12:44:13', 32.84, null, null); 
insert into itens_venda values (default, 1878, 505, 505, 1, 1.00, 32.84); 
update estoque set quant_venda = quant_venda + 1, quant_atual = quant_atual - 1 where id = 505; 
update estoque_total set total = total - 1 where medicamento_id = 505; 

insert into venda values (1879, '2023-08-19 13:15:05', 82.00, 17, null); 
insert into itens_venda values (default, 1879, 453, 453, 3, 0.50, 19.00); 
update estoque set quant_venda = quant_venda + 3, quant_atual = quant_atual - 3 where id = 453; 
update estoque_total set total = total - 3 where medicamento_id = 453; 
insert into itens_venda values (default, 1879, 299, 299, 2, 5.40, 63.00); 
update estoque set quant_venda = quant_venda + 2, quant_atual = quant_atual - 2 where id = 299; 
update estoque_total set total = total - 2 where medicamento_id = 299; 

insert into venda values (1880, '2023-08-20 06:09:37', 270.14, 4, null); 
insert into itens_venda values (default, 1880, 437, 437, 3, 7.00, 71.54); 
update estoque set quant_venda = quant_venda + 3, quant_atual = quant_atual - 3 where id = 437; 
update estoque_total set total = total - 3 where medicamento_id = 437; 
insert into itens_venda values (default, 1880, 440, 440, 2, 3.90, 74.92); 
update estoque set quant_venda = quant_venda + 2, quant_atual = quant_atual - 2 where id = 440; 
update estoque_total set total = total - 2 where medicamento_id = 440; 
insert into itens_venda values (default, 1880, 466, 466, 1, 1.20, 123.68); 
update estoque set quant_venda = quant_venda + 1, quant_atual = quant_atual - 1 where id = 466; 
update estoque_total set total = total - 1 where medicamento_id = 466; 

insert into venda values (1881, '2023-08-20 06:11:29', 305.20, 15, 25); 
insert into itens_venda values (default, 1881, 487, 487, 1, 3.70, 184.33); 
update estoque set quant_venda = quant_venda + 1, quant_atual = quant_atual - 1 where id = 487; 
update estoque_total set total = total - 1 where medicamento_id = 487; 
insert into itens_venda values (default, 1881, 404, 404, 3, 3.80, 44.80); 
update estoque set quant_venda = quant_venda + 3, quant_atual = quant_atual - 3 where id = 404; 
update estoque_total set total = total - 3 where medicamento_id = 404; 
insert into itens_venda values (default, 1881, 260, 260, 1, 0.00, 76.07); 
update estoque set quant_venda = quant_venda + 1, quant_atual = quant_atual - 1 where id = 260; 
update estoque_total set total = total - 1 where medicamento_id = 260; 

insert into venda values (1882, '2023-08-20 06:54:18', 173.30, null, 24); 
insert into itens_venda values (default, 1882, 397, 397, 2, 0.00, 36.24); 
update estoque set quant_venda = quant_venda + 2, quant_atual = quant_atual - 2 where id = 397; 
update estoque_total set total = total - 2 where medicamento_id = 397; 
insert into itens_venda values (default, 1882, 486, 486, 3, 0.00, 32.82); 
update estoque set quant_venda = quant_venda + 3, quant_atual = quant_atual - 3 where id = 486; 
update estoque_total set total = total - 3 where medicamento_id = 486; 
insert into itens_venda values (default, 1882, 308, 308, 2, 2.10, 104.24); 
update estoque set quant_venda = quant_venda + 2, quant_atual = quant_atual - 2 where id = 308; 
update estoque_total set total = total - 2 where medicamento_id = 308; 

insert into venda values (1883, '2023-08-20 07:06:29', 153.10, 19, null); 
insert into itens_venda values (default, 1883, 346, 346, 2, 1.70, 88.16); 
update estoque set quant_venda = quant_venda + 2, quant_atual = quant_atual - 2 where id = 346; 
update estoque_total set total = total - 2 where medicamento_id = 346; 
insert into itens_venda values (default, 1883, 457, 457, 2, 3.40, 64.94); 
update estoque set quant_venda = quant_venda + 2, quant_atual = quant_atual - 2 where id = 457; 
update estoque_total set total = total - 2 where medicamento_id = 457; 

insert into venda values (1884, '2023-08-20 07:27:17', 187.30, null, null); 
insert into itens_venda values (default, 1884, 281, 281, 2, 3.40, 110.78); 
update estoque set quant_venda = quant_venda + 2, quant_atual = quant_atual - 2 where id = 281; 
update estoque_total set total = total - 2 where medicamento_id = 281; 
insert into itens_venda values (default, 1884, 440, 440, 2, 2.30, 76.52); 
update estoque set quant_venda = quant_venda + 2, quant_atual = quant_atual - 2 where id = 440; 
update estoque_total set total = total - 2 where medicamento_id = 440; 

insert into venda values (1885, '2023-08-20 08:42:11', 21.60, null, null); 
insert into itens_venda values (default, 1885, 424, 424, 2, 0.40, 21.60); 
update estoque set quant_venda = quant_venda + 2, quant_atual = quant_atual - 2 where id = 424; 
update estoque_total set total = total - 2 where medicamento_id = 424; 

insert into venda values (1886, '2023-08-20 08:51:49', 100.85, null, null); 
insert into itens_venda values (default, 1886, 439, 439, 1, 0.40, 40.57); 
update estoque set quant_venda = quant_venda + 1, quant_atual = quant_atual - 1 where id = 439; 
update estoque_total set total = total - 1 where medicamento_id = 439; 
insert into itens_venda values (default, 1886, 328, 328, 2, 0.00, 60.28); 
update estoque set quant_venda = quant_venda + 2, quant_atual = quant_atual - 2 where id = 328; 
update estoque_total set total = total - 2 where medicamento_id = 328; 

insert into venda values (1887, '2023-08-20 09:33:34', 418.90, 20, null); 
insert into itens_venda values (default, 1887, 484, 484, 1, 0.80, 15.72); 
update estoque set quant_venda = quant_venda + 1, quant_atual = quant_atual - 1 where id = 484; 
update estoque_total set total = total - 1 where medicamento_id = 484; 
insert into itens_venda values (default, 1887, 396, 396, 1, 20.40, 320.90); 
update estoque set quant_venda = quant_venda + 1, quant_atual = quant_atual - 1 where id = 396; 
update estoque_total set total = total - 1 where medicamento_id = 396; 
insert into itens_venda values (default, 1887, 313, 313, 2, 0.80, 82.28); 
update estoque set quant_venda = quant_venda + 2, quant_atual = quant_atual - 2 where id = 313; 
update estoque_total set total = total - 2 where medicamento_id = 313; 

insert into venda values (1888, '2023-08-20 09:42:56', 174.08, null, null); 
insert into itens_venda values (default, 1888, 369, 369, 2, 5.30, 174.08); 
update estoque set quant_venda = quant_venda + 2, quant_atual = quant_atual - 2 where id = 369; 
update estoque_total set total = total - 2 where medicamento_id = 369; 

insert into venda values (1889, '2023-08-20 09:50:19', 173.80, null, null); 
insert into itens_venda values (default, 1889, 229, 229, 1, 0.00, 173.80); 
update estoque set quant_venda = quant_venda + 1, quant_atual = quant_atual - 1 where id = 229; 
update estoque_total set total = total - 1 where medicamento_id = 229; 

insert into venda values (1890, '2023-08-20 10:54:41', 28.04, 14, null); 
insert into itens_venda values (default, 1890, 244, 244, 1, 2.10, 28.04); 
update estoque set quant_venda = quant_venda + 1, quant_atual = quant_atual - 1 where id = 244; 
update estoque_total set total = total - 1 where medicamento_id = 244; 

insert into venda values (1891, '2023-08-20 10:54:54', 89.22, 3, 21); 
insert into itens_venda values (default, 1891, 3, 3, 1, 0.00, 89.22); 
update estoque set quant_venda = quant_venda + 1, quant_atual = quant_atual - 1 where id = 3; 
update estoque_total set total = total - 1 where medicamento_id = 3; 

insert into venda values (1892, '2023-08-21 08:10:57', 219.34, null, null); 
insert into itens_venda values (default, 1892, 273, 273, 2, 0.00, 66.32); 
update estoque set quant_venda = quant_venda + 2, quant_atual = quant_atual - 2 where id = 273; 
update estoque_total set total = total - 2 where medicamento_id = 273; 
insert into itens_venda values (default, 1892, 477, 477, 1, 0.00, 65.04); 
update estoque set quant_venda = quant_venda + 1, quant_atual = quant_atual - 1 where id = 477; 
update estoque_total set total = total - 1 where medicamento_id = 477; 
insert into itens_venda values (default, 1892, 489, 489, 2, 0.00, 87.98); 
update estoque set quant_venda = quant_venda + 2, quant_atual = quant_atual - 2 where id = 489; 
update estoque_total set total = total - 2 where medicamento_id = 489; 

insert into venda values (1893, '2023-08-21 08:38:37', 240.24, null, 22); 
insert into itens_venda values (default, 1893, 462, 462, 3, 1.10, 55.69); 
update estoque set quant_venda = quant_venda + 3, quant_atual = quant_atual - 3 where id = 462; 
update estoque_total set total = total - 3 where medicamento_id = 462; 
insert into itens_venda values (default, 1893, 358, 358, 2, 1.40, 72.58); 
update estoque set quant_venda = quant_venda + 2, quant_atual = quant_atual - 2 where id = 358; 
update estoque_total set total = total - 2 where medicamento_id = 358; 
insert into itens_venda values (default, 1893, 63, 63, 1, 1.10, 111.97); 
update estoque set quant_venda = quant_venda + 1, quant_atual = quant_atual - 1 where id = 63; 
update estoque_total set total = total - 1 where medicamento_id = 63; 

insert into venda values (1894, '2023-08-21 10:45:15', 97.28, 18, null); 
insert into itens_venda values (default, 1894, 438, 438, 2, 7.30, 97.28); 
update estoque set quant_venda = quant_venda + 2, quant_atual = quant_atual - 2 where id = 438; 
update estoque_total set total = total - 2 where medicamento_id = 438; 

insert into venda values (1895, '2023-08-22 06:52:51', 23.09, null, null); 
insert into itens_venda values (default, 1895, 501, 501, 1, 0.00, 23.09); 
update estoque set quant_venda = quant_venda + 1, quant_atual = quant_atual - 1 where id = 501; 
update estoque_total set total = total - 1 where medicamento_id = 501; 

insert into venda values (1896, '2023-08-22 07:40:28', 324.30, 15, null); 
insert into itens_venda values (default, 1896, 396, 396, 1, 17.00, 324.30); 
update estoque set quant_venda = quant_venda + 1, quant_atual = quant_atual - 1 where id = 396; 
update estoque_total set total = total - 1 where medicamento_id = 396; 

insert into venda values (1897, '2023-08-22 09:02:03', 98.46, null, null); 
insert into itens_venda values (default, 1897, 488, 488, 2, 0.00, 98.46); 
update estoque set quant_venda = quant_venda + 2, quant_atual = quant_atual - 2 where id = 488; 
update estoque_total set total = total - 2 where medicamento_id = 488; 

insert into venda values (1898, '2023-08-22 09:38:39', 55.78, null, 21); 
insert into itens_venda values (default, 1898, 165, 165, 1, 1.50, 37.90); 
update estoque set quant_venda = quant_venda + 1, quant_atual = quant_atual - 1 where id = 165; 
update estoque_total set total = total - 1 where medicamento_id = 165; 
insert into itens_venda values (default, 1898, 421, 421, 2, 0.50, 17.88); 
update estoque set quant_venda = quant_venda + 2, quant_atual = quant_atual - 2 where id = 421; 
update estoque_total set total = total - 2 where medicamento_id = 421; 

insert into venda values (1899, '2023-08-22 10:25:19', 115.98, null, null); 
insert into itens_venda values (default, 1899, 381, 381, 2, 4.80, 115.98); 
update estoque set quant_venda = quant_venda + 2, quant_atual = quant_atual - 2 where id = 381; 
update estoque_total set total = total - 2 where medicamento_id = 381; 

insert into venda values (1900, '2023-08-22 11:35:06', 15.37, null, null); 
insert into itens_venda values (default, 1900, 500, 500, 1, 0.60, 15.37); 
update estoque set quant_venda = quant_venda + 1, quant_atual = quant_atual - 1 where id = 500; 
update estoque_total set total = total - 1 where medicamento_id = 500; 

insert into venda values (1901, '2023-08-22 12:51:26', 71.83, null, null); 
insert into itens_venda values (default, 1901, 403, 403, 3, 2.90, 71.83); 
update estoque set quant_venda = quant_venda + 3, quant_atual = quant_atual - 3 where id = 403; 
update estoque_total set total = total - 3 where medicamento_id = 403; 

insert into venda values (1902, '2023-08-22 14:11:55', 95.75, null, null); 
insert into itens_venda values (default, 1902, 439, 439, 1, 0.00, 40.97); 
update estoque set quant_venda = quant_venda + 1, quant_atual = quant_atual - 1 where id = 439; 
update estoque_total set total = total - 1 where medicamento_id = 439; 
insert into itens_venda values (default, 1902, 325, 325, 1, 2.20, 54.78); 
update estoque set quant_venda = quant_venda + 1, quant_atual = quant_atual - 1 where id = 325; 
update estoque_total set total = total - 1 where medicamento_id = 325; 

insert into venda values (1903, '2023-08-22 14:28:03', 181.32, 17, null); 
insert into itens_venda values (default, 1903, 472, 472, 3, 6.10, 81.86); 
update estoque set quant_venda = quant_venda + 3, quant_atual = quant_atual - 3 where id = 472; 
update estoque_total set total = total - 3 where medicamento_id = 472; 
insert into itens_venda values (default, 1903, 199, 199, 1, 0.40, 42.76); 
update estoque set quant_venda = quant_venda + 1, quant_atual = quant_atual - 1 where id = 199; 
update estoque_total set total = total - 1 where medicamento_id = 199; 
insert into itens_venda values (default, 1903, 475, 475, 3, 3.60, 56.70); 
update estoque set quant_venda = quant_venda + 3, quant_atual = quant_atual - 3 where id = 475; 
update estoque_total set total = total - 3 where medicamento_id = 475; 

insert into venda values (1904, '2023-08-22 15:40:49', 190.47, null, null); 
insert into itens_venda values (default, 1904, 479, 479, 2, 0.70, 72.68); 
update estoque set quant_venda = quant_venda + 2, quant_atual = quant_atual - 2 where id = 479; 
update estoque_total set total = total - 2 where medicamento_id = 479; 
insert into itens_venda values (default, 1904, 403, 403, 2, 0.00, 49.82); 
update estoque set quant_venda = quant_venda + 2, quant_atual = quant_atual - 2 where id = 403; 
update estoque_total set total = total - 2 where medicamento_id = 403; 
insert into itens_venda values (default, 1904, 501, 501, 3, 1.30, 67.97); 
update estoque set quant_venda = quant_venda + 3, quant_atual = quant_atual - 3 where id = 501; 
update estoque_total set total = total - 3 where medicamento_id = 501; 

insert into venda values (1905, '2023-08-22 16:48:41', 296.21, 4, 25); 
insert into itens_venda values (default, 1905, 69, 69, 1, 1.70, 168.91); 
update estoque set quant_venda = quant_venda + 1, quant_atual = quant_atual - 1 where id = 69; 
update estoque_total set total = total - 1 where medicamento_id = 69; 
insert into itens_venda values (default, 1905, 373, 373, 2, 2.70, 66.76); 
update estoque set quant_venda = quant_venda + 2, quant_atual = quant_atual - 2 where id = 373; 
update estoque_total set total = total - 2 where medicamento_id = 373; 
insert into itens_venda values (default, 1905, 477, 477, 1, 4.50, 60.54); 
update estoque set quant_venda = quant_venda + 1, quant_atual = quant_atual - 1 where id = 477; 
update estoque_total set total = total - 1 where medicamento_id = 477; 

insert into venda values (1906, '2023-08-22 17:34:43', 220.52, null, 23); 
insert into itens_venda values (default, 1906, 90, 90, 2, 1.10, 36.34); 
update estoque set quant_venda = quant_venda + 2, quant_atual = quant_atual - 2 where id = 90; 
update estoque_total set total = total - 2 where medicamento_id = 90; 
insert into itens_venda values (default, 1906, 361, 361, 1, 5.60, 184.18); 
update estoque set quant_venda = quant_venda + 1, quant_atual = quant_atual - 1 where id = 361; 
update estoque_total set total = total - 1 where medicamento_id = 361; 

insert into venda values (1907, '2023-08-23 06:15:28', 399.88, null, 21); 
insert into itens_venda values (default, 1907, 194, 194, 1, 0.00, 399.88); 
update estoque set quant_venda = quant_venda + 1, quant_atual = quant_atual - 1 where id = 194; 
update estoque_total set total = total - 1 where medicamento_id = 194; 

insert into venda values (1908, '2023-08-23 07:35:29', 54.59, null, null); 
insert into itens_venda values (default, 1908, 462, 462, 3, 2.20, 54.59); 
update estoque set quant_venda = quant_venda + 3, quant_atual = quant_atual - 3 where id = 462; 
update estoque_total set total = total - 3 where medicamento_id = 462; 

insert into venda values (1909, '2023-08-23 08:44:18', 104.45, 9, null); 
insert into itens_venda values (default, 1909, 312, 312, 3, 3.90, 75.45); 
update estoque set quant_venda = quant_venda + 3, quant_atual = quant_atual - 3 where id = 312; 
update estoque_total set total = total - 3 where medicamento_id = 312; 
insert into itens_venda values (default, 1909, 376, 376, 2, 0.80, 29.00); 
update estoque set quant_venda = quant_venda + 2, quant_atual = quant_atual - 2 where id = 376; 
update estoque_total set total = total - 2 where medicamento_id = 376; 

insert into venda values (1910, '2023-08-23 09:50:58', 71.23, null, null); 
insert into itens_venda values (default, 1910, 430, 430, 3, 2.90, 71.23); 
update estoque set quant_venda = quant_venda + 3, quant_atual = quant_atual - 3 where id = 430; 
update estoque_total set total = total - 3 where medicamento_id = 430; 

insert into venda values (1911, '2023-08-23 11:05:50', 378.65, null, 22); 
insert into itens_venda values (default, 1911, 32, 32, 1, 9.10, 295.33); 
update estoque set quant_venda = quant_venda + 1, quant_atual = quant_atual - 1 where id = 32; 
update estoque_total set total = total - 1 where medicamento_id = 32; 
insert into itens_venda values (default, 1911, 342, 342, 2, 2.50, 83.32); 
update estoque set quant_venda = quant_venda + 2, quant_atual = quant_atual - 2 where id = 342; 
update estoque_total set total = total - 2 where medicamento_id = 342; 

insert into venda values (1912, '2023-08-23 11:10:45', 161.67, null, 22); 
insert into itens_venda values (default, 1912, 376, 376, 2, 0.00, 29.80); 
update estoque set quant_venda = quant_venda + 2, quant_atual = quant_atual - 2 where id = 376; 
update estoque_total set total = total - 2 where medicamento_id = 376; 
insert into itens_venda values (default, 1912, 225, 225, 1, 2.60, 131.87); 
update estoque set quant_venda = quant_venda + 1, quant_atual = quant_atual - 1 where id = 225; 
update estoque_total set total = total - 1 where medicamento_id = 225; 

insert into venda values (1913, '2023-08-23 12:29:32', 341.30, 15, null); 
insert into itens_venda values (default, 1913, 396, 396, 1, 0.00, 341.30); 
update estoque set quant_venda = quant_venda + 1, quant_atual = quant_atual - 1 where id = 396; 
update estoque_total set total = total - 1 where medicamento_id = 396; 

insert into venda values (1914, '2023-08-23 13:18:25', 322.57, 8, null); 
insert into itens_venda values (default, 1914, 466, 466, 1, 6.20, 118.68); 
update estoque set quant_venda = quant_venda + 1, quant_atual = quant_atual - 1 where id = 466; 
update estoque_total set total = total - 1 where medicamento_id = 466; 
insert into itens_venda values (default, 1914, 465, 465, 1, 4.80, 117.42); 
update estoque set quant_venda = quant_venda + 1, quant_atual = quant_atual - 1 where id = 465; 
update estoque_total set total = total - 1 where medicamento_id = 465; 
insert into itens_venda values (default, 1914, 59, 59, 1, 8.50, 86.47); 
update estoque set quant_venda = quant_venda + 1, quant_atual = quant_atual - 1 where id = 59; 
update estoque_total set total = total - 1 where medicamento_id = 59; 

insert into venda values (1915, '2023-08-23 14:21:00', 244.14, null, 21); 
insert into itens_venda values (default, 1915, 380, 380, 1, 0.00, 8.23); 
update estoque set quant_venda = quant_venda + 1, quant_atual = quant_atual - 1 where id = 380; 
update estoque_total set total = total - 1 where medicamento_id = 380; 
insert into itens_venda values (default, 1915, 89, 89, 1, 4.80, 235.91); 
update estoque set quant_venda = quant_venda + 1, quant_atual = quant_atual - 1 where id = 89; 
update estoque_total set total = total - 1 where medicamento_id = 89; 

insert into venda values (1916, '2023-08-23 14:34:30', 34.13, null, null); 
insert into itens_venda values (default, 1916, 373, 373, 1, 0.60, 34.13); 
update estoque set quant_venda = quant_venda + 1, quant_atual = quant_atual - 1 where id = 373; 
update estoque_total set total = total - 1 where medicamento_id = 373; 

insert into venda values (1917, '2023-08-23 15:52:21', 228.55, null, null); 
insert into itens_venda values (default, 1917, 499, 499, 1, 0.00, 38.77); 
update estoque set quant_venda = quant_venda + 1, quant_atual = quant_atual - 1 where id = 499; 
update estoque_total set total = total - 1 where medicamento_id = 499; 
insert into itens_venda values (default, 1917, 361, 361, 1, 0.00, 189.78); 
update estoque set quant_venda = quant_venda + 1, quant_atual = quant_atual - 1 where id = 361; 
update estoque_total set total = total - 1 where medicamento_id = 361; 

insert into venda values (1918, '2023-08-23 17:00:57', 16.07, null, null); 
insert into itens_venda values (default, 1918, 494, 494, 1, 0.40, 16.07); 
update estoque set quant_venda = quant_venda + 1, quant_atual = quant_atual - 1 where id = 494; 
update estoque_total set total = total - 1 where medicamento_id = 494; 

insert into venda values (1919, '2023-08-23 18:20:54', 73.83, 11, null); 
insert into itens_venda values (default, 1919, 482, 482, 1, 1.30, 15.07); 
update estoque set quant_venda = quant_venda + 1, quant_atual = quant_atual - 1 where id = 482; 
update estoque_total set total = total - 1 where medicamento_id = 482; 
insert into itens_venda values (default, 1919, 482, 482, 2, 1.90, 30.84); 
update estoque set quant_venda = quant_venda + 2, quant_atual = quant_atual - 2 where id = 482; 
update estoque_total set total = total - 2 where medicamento_id = 482; 
insert into itens_venda values (default, 1919, 238, 238, 2, 0.50, 27.92); 
update estoque set quant_venda = quant_venda + 2, quant_atual = quant_atual - 2 where id = 238; 
update estoque_total set total = total - 2 where medicamento_id = 238; 

insert into venda values (1920, '2023-08-25 06:08:53', 53.92, 20, null); 
insert into itens_venda values (default, 1920, 252, 252, 2, 2.20, 53.92); 
update estoque set quant_venda = quant_venda + 2, quant_atual = quant_atual - 2 where id = 252; 
update estoque_total set total = total - 2 where medicamento_id = 252; 

insert into venda values (1921, '2023-08-25 07:27:12', 147.75, null, null); 
insert into itens_venda values (default, 1921, 309, 309, 3, 0.80, 41.20); 
update estoque set quant_venda = quant_venda + 3, quant_atual = quant_atual - 3 where id = 309; 
update estoque_total set total = total - 3 where medicamento_id = 309; 
insert into itens_venda values (default, 1921, 412, 412, 1, 0.00, 88.47); 
update estoque set quant_venda = quant_venda + 1, quant_atual = quant_atual - 1 where id = 412; 
update estoque_total set total = total - 1 where medicamento_id = 412; 
insert into itens_venda values (default, 1921, 421, 421, 2, 0.30, 18.08); 
update estoque set quant_venda = quant_venda + 2, quant_atual = quant_atual - 2 where id = 421; 
update estoque_total set total = total - 2 where medicamento_id = 421; 

insert into venda values (1922, '2023-08-25 07:45:08', 73.32, 13, null); 
insert into itens_venda values (default, 1922, 440, 440, 2, 5.50, 73.32); 
update estoque set quant_venda = quant_venda + 2, quant_atual = quant_atual - 2 where id = 440; 
update estoque_total set total = total - 2 where medicamento_id = 440; 

insert into venda values (1923, '2023-08-25 08:17:24', 118.94, 11, null); 
insert into itens_venda values (default, 1923, 468, 468, 2, 0.00, 118.94); 
update estoque set quant_venda = quant_venda + 2, quant_atual = quant_atual - 2 where id = 468; 
update estoque_total set total = total - 2 where medicamento_id = 468; 

insert into venda values (1924, '2023-08-25 08:22:40', 130.94, null, null); 
insert into itens_venda values (default, 1924, 420, 420, 2, 2.60, 130.94); 
update estoque set quant_venda = quant_venda + 2, quant_atual = quant_atual - 2 where id = 420; 
update estoque_total set total = total - 2 where medicamento_id = 420; 

insert into venda values (1925, '2023-08-25 08:37:09', 286.60, null, 22); 
insert into itens_venda values (default, 1925, 449, 449, 3, 0.00, 58.92); 
update estoque set quant_venda = quant_venda + 3, quant_atual = quant_atual - 3 where id = 449; 
update estoque_total set total = total - 3 where medicamento_id = 449; 
insert into itens_venda values (default, 1925, 350, 350, 1, 0.00, 123.44); 
update estoque set quant_venda = quant_venda + 1, quant_atual = quant_atual - 1 where id = 350; 
update estoque_total set total = total - 1 where medicamento_id = 350; 
insert into itens_venda values (default, 1925, 308, 308, 2, 2.10, 104.24); 
update estoque set quant_venda = quant_venda + 2, quant_atual = quant_atual - 2 where id = 308; 
update estoque_total set total = total - 2 where medicamento_id = 308; 

insert into venda values (1926, '2023-08-25 09:16:54', 248.37, null, 21); 
insert into itens_venda values (default, 1926, 331, 331, 2, 1.40, 46.58); 
update estoque set quant_venda = quant_venda + 2, quant_atual = quant_atual - 2 where id = 331; 
update estoque_total set total = total - 2 where medicamento_id = 331; 
insert into itens_venda values (default, 1926, 189, 189, 1, 6.20, 201.79); 
update estoque set quant_venda = quant_venda + 1, quant_atual = quant_atual - 1 where id = 189; 
update estoque_total set total = total - 1 where medicamento_id = 189; 

insert into venda values (1927, '2023-08-25 10:23:53', 46.96, 7, null); 
insert into itens_venda values (default, 1927, 294, 294, 3, 2.90, 46.96); 
update estoque set quant_venda = quant_venda + 3, quant_atual = quant_atual - 3 where id = 294; 
update estoque_total set total = total - 3 where medicamento_id = 294; 

insert into venda values (1928, '2023-08-25 10:37:40', 50.17, 1, null); 
insert into itens_venda values (default, 1928, 344, 344, 1, 0.70, 34.55); 
update estoque set quant_venda = quant_venda + 1, quant_atual = quant_atual - 1 where id = 344; 
update estoque_total set total = total - 1 where medicamento_id = 344; 
insert into itens_venda values (default, 1928, 365, 365, 1, 0.90, 15.62); 
update estoque set quant_venda = quant_venda + 1, quant_atual = quant_atual - 1 where id = 365; 
update estoque_total set total = total - 1 where medicamento_id = 365; 

insert into venda values (1929, '2023-08-25 11:40:46', 60.10, 10, null); 
insert into itens_venda values (default, 1929, 476, 476, 1, 1.60, 22.57); 
update estoque set quant_venda = quant_venda + 1, quant_atual = quant_atual - 1 where id = 476; 
update estoque_total set total = total - 1 where medicamento_id = 476; 
insert into itens_venda values (default, 1929, 493, 493, 2, 0.40, 14.72); 
update estoque set quant_venda = quant_venda + 2, quant_atual = quant_atual - 2 where id = 493; 
update estoque_total set total = total - 2 where medicamento_id = 493; 
insert into itens_venda values (default, 1929, 248, 248, 1, 2.20, 22.81); 
update estoque set quant_venda = quant_venda + 1, quant_atual = quant_atual - 1 where id = 248; 
update estoque_total set total = total - 1 where medicamento_id = 248; 

insert into venda values (1930, '2023-08-25 12:33:37', 348.06, 17, 21); 
insert into itens_venda values (default, 1930, 213, 213, 1, 15.30, 155.31); 
update estoque set quant_venda = quant_venda + 1, quant_atual = quant_atual - 1 where id = 213; 
update estoque_total set total = total - 1 where medicamento_id = 213; 
insert into itens_venda values (default, 1930, 264, 264, 2, 7.80, 90.52); 
update estoque set quant_venda = quant_venda + 2, quant_atual = quant_atual - 2 where id = 264; 
update estoque_total set total = total - 2 where medicamento_id = 264; 
insert into itens_venda values (default, 1930, 280, 280, 1, 2.00, 102.23); 
update estoque set quant_venda = quant_venda + 1, quant_atual = quant_atual - 1 where id = 280; 
update estoque_total set total = total - 1 where medicamento_id = 280; 

insert into venda values (1931, '2023-08-25 13:35:16', 192.14, 13, null); 
insert into itens_venda values (default, 1931, 435, 435, 2, 3.90, 192.14); 
update estoque set quant_venda = quant_venda + 2, quant_atual = quant_atual - 2 where id = 435; 
update estoque_total set total = total - 2 where medicamento_id = 435; 

insert into venda values (1932, '2023-08-25 14:19:31', 95.68, null, null); 
insert into itens_venda values (default, 1932, 505, 505, 1, 0.00, 33.84); 
update estoque set quant_venda = quant_venda + 1, quant_atual = quant_atual - 1 where id = 505; 
update estoque_total set total = total - 1 where medicamento_id = 505; 
insert into itens_venda values (default, 1932, 332, 332, 1, 1.20, 61.84); 
update estoque set quant_venda = quant_venda + 1, quant_atual = quant_atual - 1 where id = 332; 
update estoque_total set total = total - 1 where medicamento_id = 332; 

insert into venda values (1933, '2023-08-26 08:24:31', 77.34, 18, null); 
insert into itens_venda values (default, 1933, 458, 458, 1, 0.70, 35.50); 
update estoque set quant_venda = quant_venda + 1, quant_atual = quant_atual - 1 where id = 458; 
update estoque_total set total = total - 1 where medicamento_id = 458; 
insert into itens_venda values (default, 1933, 450, 450, 2, 2.20, 41.84); 
update estoque set quant_venda = quant_venda + 2, quant_atual = quant_atual - 2 where id = 450; 
update estoque_total set total = total - 2 where medicamento_id = 450; 

insert into venda values (1934, '2023-08-26 09:13:46', 151.24, null, 24); 
insert into itens_venda values (default, 1934, 214, 214, 1, 2.70, 65.72); 
update estoque set quant_venda = quant_venda + 1, quant_atual = quant_atual - 1 where id = 214; 
update estoque_total set total = total - 1 where medicamento_id = 214; 
insert into itens_venda values (default, 1934, 341, 341, 3, 0.00, 43.56); 
update estoque set quant_venda = quant_venda + 3, quant_atual = quant_atual - 3 where id = 341; 
update estoque_total set total = total - 3 where medicamento_id = 341; 
insert into itens_venda values (default, 1934, 340, 340, 2, 0.40, 41.96); 
update estoque set quant_venda = quant_venda + 2, quant_atual = quant_atual - 2 where id = 340; 
update estoque_total set total = total - 2 where medicamento_id = 340; 

insert into venda values (1935, '2023-08-26 09:24:48', 41.56, null, null); 
insert into itens_venda values (default, 1935, 340, 340, 2, 0.80, 41.56); 
update estoque set quant_venda = quant_venda + 2, quant_atual = quant_atual - 2 where id = 340; 
update estoque_total set total = total - 2 where medicamento_id = 340; 

insert into venda values (1936, '2023-08-26 11:19:41', 337.59, 17, 25); 
insert into itens_venda values (default, 1936, 334, 334, 2, 5.00, 120.06); 
update estoque set quant_venda = quant_venda + 2, quant_atual = quant_atual - 2 where id = 334; 
update estoque_total set total = total - 2 where medicamento_id = 334; 
insert into itens_venda values (default, 1936, 367, 367, 1, 0.90, 96.62); 
update estoque set quant_venda = quant_venda + 1, quant_atual = quant_atual - 1 where id = 367; 
update estoque_total set total = total - 1 where medicamento_id = 367; 
insert into itens_venda values (default, 1936, 236, 236, 1, 11.90, 120.91); 
update estoque set quant_venda = quant_venda + 1, quant_atual = quant_atual - 1 where id = 236; 
update estoque_total set total = total - 1 where medicamento_id = 236; 

insert into venda values (1937, '2023-08-26 13:28:52', 146.02, null, null); 
insert into itens_venda values (default, 1937, 247, 247, 2, 0.00, 138.88); 
update estoque set quant_venda = quant_venda + 2, quant_atual = quant_atual - 2 where id = 247; 
update estoque_total set total = total - 2 where medicamento_id = 247; 
insert into itens_venda values (default, 1937, 503, 503, 2, 0.20, 7.14); 
update estoque set quant_venda = quant_venda + 2, quant_atual = quant_atual - 2 where id = 503; 
update estoque_total set total = total - 2 where medicamento_id = 503; 

insert into venda values (1938, '2023-08-26 15:14:13', 65.32, null, 25); 
insert into itens_venda values (default, 1938, 471, 471, 1, 0.70, 17.19); 
update estoque set quant_venda = quant_venda + 1, quant_atual = quant_atual - 1 where id = 471; 
update estoque_total set total = total - 1 where medicamento_id = 471; 
insert into itens_venda values (default, 1938, 366, 366, 1, 1.40, 48.13); 
update estoque set quant_venda = quant_venda + 1, quant_atual = quant_atual - 1 where id = 366; 
update estoque_total set total = total - 1 where medicamento_id = 366; 

insert into venda values (1939, '2023-08-28 06:07:46', 419.81, null, null); 
insert into itens_venda values (default, 1939, 410, 410, 1, 3.20, 103.58); 
update estoque set quant_venda = quant_venda + 1, quant_atual = quant_atual - 1 where id = 410; 
update estoque_total set total = total - 1 where medicamento_id = 410; 
insert into itens_venda values (default, 1939, 154, 154, 2, 5.40, 131.90); 
update estoque set quant_venda = quant_venda + 2, quant_atual = quant_atual - 2 where id = 154; 
update estoque_total set total = total - 2 where medicamento_id = 154; 
insert into itens_venda values (default, 1939, 487, 487, 1, 3.70, 184.33); 
update estoque set quant_venda = quant_venda + 1, quant_atual = quant_atual - 1 where id = 487; 
update estoque_total set total = total - 1 where medicamento_id = 487; 

insert into venda values (1940, '2023-08-28 07:32:06', 95.71, null, null); 
insert into itens_venda values (default, 1940, 376, 376, 3, 0.40, 44.30); 
update estoque set quant_venda = quant_venda + 3, quant_atual = quant_atual - 3 where id = 376; 
update estoque_total set total = total - 3 where medicamento_id = 376; 
insert into itens_venda values (default, 1940, 383, 383, 1, 0.50, 51.41); 
update estoque set quant_venda = quant_venda + 1, quant_atual = quant_atual - 1 where id = 383; 
update estoque_total set total = total - 1 where medicamento_id = 383; 

insert into venda values (1941, '2023-08-28 08:34:51', 152.68, null, null); 
insert into itens_venda values (default, 1941, 390, 390, 2, 0.70, 75.92); 
update estoque set quant_venda = quant_venda + 2, quant_atual = quant_atual - 2 where id = 390; 
update estoque_total set total = total - 2 where medicamento_id = 390; 
insert into itens_venda values (default, 1941, 503, 503, 2, 0.20, 7.14); 
update estoque set quant_venda = quant_venda + 2, quant_atual = quant_atual - 2 where id = 503; 
update estoque_total set total = total - 2 where medicamento_id = 503; 
insert into itens_venda values (default, 1941, 426, 426, 2, 2.90, 69.62); 
update estoque set quant_venda = quant_venda + 2, quant_atual = quant_atual - 2 where id = 426; 
update estoque_total set total = total - 2 where medicamento_id = 426; 

insert into venda values (1942, '2023-08-28 09:48:55', 138.72, null, null); 
insert into itens_venda values (default, 1942, 486, 486, 2, 0.40, 21.48); 
update estoque set quant_venda = quant_venda + 2, quant_atual = quant_atual - 2 where id = 486; 
update estoque_total set total = total - 2 where medicamento_id = 486; 
insert into itens_venda values (default, 1942, 224, 224, 1, 2.30, 77.47); 
update estoque set quant_venda = quant_venda + 1, quant_atual = quant_atual - 1 where id = 224; 
update estoque_total set total = total - 1 where medicamento_id = 224; 
insert into itens_venda values (default, 1942, 439, 439, 1, 1.20, 39.77); 
update estoque set quant_venda = quant_venda + 1, quant_atual = quant_atual - 1 where id = 439; 
update estoque_total set total = total - 1 where medicamento_id = 439; 

insert into venda values (1943, '2023-08-28 10:20:37', 15.02, 4, null); 
insert into itens_venda values (default, 1943, 493, 493, 2, 0.10, 15.02); 
update estoque set quant_venda = quant_venda + 2, quant_atual = quant_atual - 2 where id = 493; 
update estoque_total set total = total - 2 where medicamento_id = 493; 

insert into venda values (1944, '2023-08-29 06:28:59', 137.20, null, null); 
insert into itens_venda values (default, 1944, 302, 302, 1, 0.20, 13.53); 
update estoque set quant_venda = quant_venda + 1, quant_atual = quant_atual - 1 where id = 302; 
update estoque_total set total = total - 1 where medicamento_id = 302; 
insert into itens_venda values (default, 1944, 462, 462, 3, 1.10, 55.69); 
update estoque set quant_venda = quant_venda + 3, quant_atual = quant_atual - 3 where id = 462; 
update estoque_total set total = total - 3 where medicamento_id = 462; 
insert into itens_venda values (default, 1944, 278, 278, 2, 2.10, 67.98); 
update estoque set quant_venda = quant_venda + 2, quant_atual = quant_atual - 2 where id = 278; 
update estoque_total set total = total - 2 where medicamento_id = 278; 

insert into venda values (1945, '2023-08-29 07:32:17', 173.02, null, null); 
insert into itens_venda values (default, 1945, 480, 480, 1, 1.20, 30.34); 
update estoque set quant_venda = quant_venda + 1, quant_atual = quant_atual - 1 where id = 480; 
update estoque_total set total = total - 1 where medicamento_id = 480; 
insert into itens_venda values (default, 1945, 363, 363, 2, 1.40, 142.68); 
update estoque set quant_venda = quant_venda + 2, quant_atual = quant_atual - 2 where id = 363; 
update estoque_total set total = total - 2 where medicamento_id = 363; 

insert into venda values (1946, '2023-08-29 07:51:15', 196.30, null, null); 
insert into itens_venda values (default, 1946, 414, 414, 2, 3.00, 74.00); 
update estoque set quant_venda = quant_venda + 2, quant_atual = quant_atual - 2 where id = 414; 
update estoque_total set total = total - 2 where medicamento_id = 414; 
insert into itens_venda values (default, 1946, 246, 246, 2, 1.20, 122.30); 
update estoque set quant_venda = quant_venda + 2, quant_atual = quant_atual - 2 where id = 246; 
update estoque_total set total = total - 2 where medicamento_id = 246; 

insert into venda values (1947, '2023-08-29 08:48:14', 236.03, null, null); 
insert into itens_venda values (default, 1947, 229, 229, 1, 6.90, 166.90); 
update estoque set quant_venda = quant_venda + 1, quant_atual = quant_atual - 1 where id = 229; 
update estoque_total set total = total - 1 where medicamento_id = 229; 
insert into itens_venda values (default, 1947, 486, 486, 3, 1.30, 31.52); 
update estoque set quant_venda = quant_venda + 3, quant_atual = quant_atual - 3 where id = 486; 
update estoque_total set total = total - 3 where medicamento_id = 486; 
insert into itens_venda values (default, 1947, 390, 390, 1, 0.70, 37.61); 
update estoque set quant_venda = quant_venda + 1, quant_atual = quant_atual - 1 where id = 390; 
update estoque_total set total = total - 1 where medicamento_id = 390; 

insert into venda values (1948, '2023-08-29 09:57:41', 65.14, null, null); 
insert into itens_venda values (default, 1948, 448, 448, 2, 0.30, 32.68); 
update estoque set quant_venda = quant_venda + 2, quant_atual = quant_atual - 2 where id = 448; 
update estoque_total set total = total - 2 where medicamento_id = 448; 
insert into itens_venda values (default, 1948, 377, 377, 2, 1.00, 32.46); 
update estoque set quant_venda = quant_venda + 2, quant_atual = quant_atual - 2 where id = 377; 
update estoque_total set total = total - 2 where medicamento_id = 377; 

insert into venda values (1949, '2023-08-29 10:37:48', 180.46, 1, null); 
insert into itens_venda values (default, 1949, 288, 288, 1, 0.90, 15.44); 
update estoque set quant_venda = quant_venda + 1, quant_atual = quant_atual - 1 where id = 288; 
update estoque_total set total = total - 1 where medicamento_id = 288; 
insert into itens_venda values (default, 1949, 473, 473, 2, 0.00, 98.32); 
update estoque set quant_venda = quant_venda + 2, quant_atual = quant_atual - 2 where id = 473; 
update estoque_total set total = total - 2 where medicamento_id = 473; 
insert into itens_venda values (default, 1949, 425, 425, 2, 5.70, 66.70); 
update estoque set quant_venda = quant_venda + 2, quant_atual = quant_atual - 2 where id = 425; 
update estoque_total set total = total - 2 where medicamento_id = 425; 

insert into venda values (1950, '2023-08-29 10:41:42', 92.96, null, null); 
insert into itens_venda values (default, 1950, 469, 469, 2, 2.80, 92.96); 
update estoque set quant_venda = quant_venda + 2, quant_atual = quant_atual - 2 where id = 469; 
update estoque_total set total = total - 2 where medicamento_id = 469; 

insert into venda values (1951, '2023-08-29 11:26:33', 249.98, 18, null); 
insert into itens_venda values (default, 1951, 489, 489, 2, 2.60, 85.38); 
update estoque set quant_venda = quant_venda + 2, quant_atual = quant_atual - 2 where id = 489; 
update estoque_total set total = total - 2 where medicamento_id = 489; 
insert into itens_venda values (default, 1951, 446, 446, 1, 6.50, 125.32); 
update estoque set quant_venda = quant_venda + 1, quant_atual = quant_atual - 1 where id = 446; 
update estoque_total set total = total - 1 where medicamento_id = 446; 
insert into itens_venda values (default, 1951, 449, 449, 2, 0.00, 39.28); 
update estoque set quant_venda = quant_venda + 2, quant_atual = quant_atual - 2 where id = 449; 
update estoque_total set total = total - 2 where medicamento_id = 449; 

insert into venda values (1952, '2023-08-29 11:46:39', 200.79, null, null); 
insert into itens_venda values (default, 1952, 505, 505, 1, 0.60, 33.24); 
update estoque set quant_venda = quant_venda + 1, quant_atual = quant_atual - 1 where id = 505; 
update estoque_total set total = total - 1 where medicamento_id = 505; 
insert into itens_venda values (default, 1952, 245, 245, 1, 2.90, 144.85); 
update estoque set quant_venda = quant_venda + 1, quant_atual = quant_atual - 1 where id = 245; 
update estoque_total set total = total - 1 where medicamento_id = 245; 
insert into itens_venda values (default, 1952, 443, 443, 1, 0.70, 22.70); 
update estoque set quant_venda = quant_venda + 1, quant_atual = quant_atual - 1 where id = 443; 
update estoque_total set total = total - 1 where medicamento_id = 443; 

insert into venda values (1953, '2023-08-29 12:00:13', 102.68, 17, null); 
insert into itens_venda values (default, 1953, 242, 242, 1, 0.50, 5.65); 
update estoque set quant_venda = quant_venda + 1, quant_atual = quant_atual - 1 where id = 242; 
update estoque_total set total = total - 1 where medicamento_id = 242; 
insert into itens_venda values (default, 1953, 280, 280, 1, 7.20, 97.03); 
update estoque set quant_venda = quant_venda + 1, quant_atual = quant_atual - 1 where id = 280; 
update estoque_total set total = total - 1 where medicamento_id = 280; 

insert into venda values (1954, '2023-08-29 12:38:50', 426.14, null, null); 
insert into itens_venda values (default, 1954, 161, 161, 2, 0.00, 113.88); 
update estoque set quant_venda = quant_venda + 2, quant_atual = quant_atual - 2 where id = 161; 
update estoque_total set total = total - 2 where medicamento_id = 161; 
insert into itens_venda values (default, 1954, 361, 361, 1, 0.00, 189.78); 
update estoque set quant_venda = quant_venda + 1, quant_atual = quant_atual - 1 where id = 361; 
update estoque_total set total = total - 1 where medicamento_id = 361; 
insert into itens_venda values (default, 1954, 466, 466, 1, 2.40, 122.48); 
update estoque set quant_venda = quant_venda + 1, quant_atual = quant_atual - 1 where id = 466; 
update estoque_total set total = total - 1 where medicamento_id = 466; 

insert into venda values (1955, '2023-08-30 08:19:36', 76.30, null, null); 
insert into itens_venda values (default, 1955, 414, 414, 2, 0.70, 76.30); 
update estoque set quant_venda = quant_venda + 2, quant_atual = quant_atual - 2 where id = 414; 
update estoque_total set total = total - 2 where medicamento_id = 414; 

insert into venda values (1956, '2023-08-30 09:32:05', 358.99, 10, 23); 
insert into itens_venda values (default, 1956, 237, 237, 1, 9.40, 125.83); 
update estoque set quant_venda = quant_venda + 1, quant_atual = quant_atual - 1 where id = 237; 
update estoque_total set total = total - 1 where medicamento_id = 237; 
insert into itens_venda values (default, 1956, 485, 485, 1, 1.10, 14.99); 
update estoque set quant_venda = quant_venda + 1, quant_atual = quant_atual - 1 where id = 485; 
update estoque_total set total = total - 1 where medicamento_id = 485; 
insert into itens_venda values (default, 1956, 80, 80, 1, 18.90, 218.17); 
update estoque set quant_venda = quant_venda + 1, quant_atual = quant_atual - 1 where id = 80; 
update estoque_total set total = total - 1 where medicamento_id = 80; 

insert into venda values (1957, '2023-08-30 12:07:46', 136.63, null, null); 
insert into itens_venda values (default, 1957, 480, 480, 1, 0.30, 31.24); 
update estoque set quant_venda = quant_venda + 1, quant_atual = quant_atual - 1 where id = 480; 
update estoque_total set total = total - 1 where medicamento_id = 480; 
insert into itens_venda values (default, 1957, 452, 452, 1, 2.30, 57.37); 
update estoque set quant_venda = quant_venda + 1, quant_atual = quant_atual - 1 where id = 452; 
update estoque_total set total = total - 1 where medicamento_id = 452; 
insert into itens_venda values (default, 1957, 248, 248, 2, 2.00, 48.02); 
update estoque set quant_venda = quant_venda + 2, quant_atual = quant_atual - 2 where id = 248; 
update estoque_total set total = total - 2 where medicamento_id = 248; 

insert into venda values (1958, '2023-08-30 14:24:15', 151.17, null, null); 
insert into itens_venda values (default, 1958, 209, 209, 2, 0.00, 92.04); 
update estoque set quant_venda = quant_venda + 2, quant_atual = quant_atual - 2 where id = 209; 
update estoque_total set total = total - 2 where medicamento_id = 209; 
insert into itens_venda values (default, 1958, 402, 402, 1, 0.10, 16.77); 
update estoque set quant_venda = quant_venda + 1, quant_atual = quant_atual - 1 where id = 402; 
update estoque_total set total = total - 1 where medicamento_id = 402; 
insert into itens_venda values (default, 1958, 340, 340, 2, 0.00, 42.36); 
update estoque set quant_venda = quant_venda + 2, quant_atual = quant_atual - 2 where id = 340; 
update estoque_total set total = total - 2 where medicamento_id = 340; 

insert into venda values (1959, '2023-08-31 07:17:28', 426.90, 11, 23); 
insert into itens_venda values (default, 1959, 323, 323, 1, 0.80, 16.87); 
update estoque set quant_venda = quant_venda + 1, quant_atual = quant_atual - 1 where id = 323; 
update estoque_total set total = total - 1 where medicamento_id = 323; 
insert into itens_venda values (default, 1959, 477, 477, 2, 2.60, 127.48); 
update estoque set quant_venda = quant_venda + 2, quant_atual = quant_atual - 2 where id = 477; 
update estoque_total set total = total - 2 where medicamento_id = 477; 
insert into itens_venda values (default, 1959, 97, 97, 1, 2.80, 282.55); 
update estoque set quant_venda = quant_venda + 1, quant_atual = quant_atual - 1 where id = 97; 
update estoque_total set total = total - 1 where medicamento_id = 97; 

insert into venda values (1960, '2023-08-31 08:16:12', 193.28, null, null); 
insert into itens_venda values (default, 1960, 369, 369, 2, 0.00, 179.38); 
update estoque set quant_venda = quant_venda + 2, quant_atual = quant_atual - 2 where id = 369; 
update estoque_total set total = total - 2 where medicamento_id = 369; 
insert into itens_venda values (default, 1960, 309, 309, 1, 0.10, 13.90); 
update estoque set quant_venda = quant_venda + 1, quant_atual = quant_atual - 1 where id = 309; 
update estoque_total set total = total - 1 where medicamento_id = 309; 

insert into venda values (1961, '2023-08-31 08:22:18', 81.65, null, null); 
insert into itens_venda values (default, 1961, 321, 321, 3, 2.50, 81.65); 
update estoque set quant_venda = quant_venda + 3, quant_atual = quant_atual - 3 where id = 321; 
update estoque_total set total = total - 3 where medicamento_id = 321; 

insert into venda values (1962, '2023-08-31 08:31:45', 186.36, null, 22); 
insert into itens_venda values (default, 1962, 384, 384, 2, 2.60, 85.08); 
update estoque set quant_venda = quant_venda + 2, quant_atual = quant_atual - 2 where id = 384; 
update estoque_total set total = total - 2 where medicamento_id = 384; 
insert into itens_venda values (default, 1962, 324, 324, 1, 0.10, 19.42); 
update estoque set quant_venda = quant_venda + 1, quant_atual = quant_atual - 1 where id = 324; 
update estoque_total set total = total - 1 where medicamento_id = 324; 
insert into itens_venda values (default, 1962, 330, 330, 1, 0.80, 81.86); 
update estoque set quant_venda = quant_venda + 1, quant_atual = quant_atual - 1 where id = 330; 
update estoque_total set total = total - 1 where medicamento_id = 330; 

insert into venda values (1963, '2023-08-31 08:42:04', 279.33, null, null); 
insert into itens_venda values (default, 1963, 400, 400, 1, 0.00, 136.20); 
update estoque set quant_venda = quant_venda + 1, quant_atual = quant_atual - 1 where id = 400; 
update estoque_total set total = total - 1 where medicamento_id = 400; 
insert into itens_venda values (default, 1963, 57, 57, 1, 2.90, 143.13); 
update estoque set quant_venda = quant_venda + 1, quant_atual = quant_atual - 1 where id = 57; 
update estoque_total set total = total - 1 where medicamento_id = 57; 

insert into venda values (1964, '2023-08-31 09:18:57', 137.01, null, null); 
insert into itens_venda values (default, 1964, 478, 478, 1, 1.10, 56.42); 
update estoque set quant_venda = quant_venda + 1, quant_atual = quant_atual - 1 where id = 478; 
update estoque_total set total = total - 1 where medicamento_id = 478; 
insert into itens_venda values (default, 1964, 321, 321, 1, 1.10, 26.95); 
update estoque set quant_venda = quant_venda + 1, quant_atual = quant_atual - 1 where id = 321; 
update estoque_total set total = total - 1 where medicamento_id = 321; 
insert into itens_venda values (default, 1964, 282, 282, 1, 0.00, 53.64); 
update estoque set quant_venda = quant_venda + 1, quant_atual = quant_atual - 1 where id = 282; 
update estoque_total set total = total - 1 where medicamento_id = 282; 

insert into venda values (1965, '2023-08-31 09:19:38', 167.82, null, null); 
insert into itens_venda values (default, 1965, 67, 67, 1, 0.00, 124.60); 
update estoque set quant_venda = quant_venda + 1, quant_atual = quant_atual - 1 where id = 67; 
update estoque_total set total = total - 1 where medicamento_id = 67; 
insert into itens_venda values (default, 1965, 502, 502, 2, 0.40, 43.22); 
update estoque set quant_venda = quant_venda + 2, quant_atual = quant_atual - 2 where id = 502; 
update estoque_total set total = total - 2 where medicamento_id = 502; 

insert into venda values (1966, '2023-08-31 10:38:10', 241.88, null, 21); 
insert into itens_venda values (default, 1966, 212, 212, 2, 2.40, 122.14); 
update estoque set quant_venda = quant_venda + 2, quant_atual = quant_atual - 2 where id = 212; 
update estoque_total set total = total - 2 where medicamento_id = 212; 
insert into itens_venda values (default, 1966, 310, 310, 1, 3.70, 119.74); 
update estoque set quant_venda = quant_venda + 1, quant_atual = quant_atual - 1 where id = 310; 
update estoque_total set total = total - 1 where medicamento_id = 310; 

insert into venda values (1967, '2023-08-31 11:53:07', 233.92, 13, null); 
insert into itens_venda values (default, 1967, 362, 362, 1, 11.30, 177.58); 
update estoque set quant_venda = quant_venda + 1, quant_atual = quant_atual - 1 where id = 362; 
update estoque_total set total = total - 1 where medicamento_id = 362; 
insert into itens_venda values (default, 1967, 472, 472, 2, 2.30, 56.34); 
update estoque set quant_venda = quant_venda + 2, quant_atual = quant_atual - 2 where id = 472; 
update estoque_total set total = total - 2 where medicamento_id = 472; 

insert into venda values (1968, '2023-08-31 13:12:11', 52.75, null, null); 
insert into itens_venda values (default, 1968, 500, 500, 2, 0.60, 31.34); 
update estoque set quant_venda = quant_venda + 2, quant_atual = quant_atual - 2 where id = 500; 
update estoque_total set total = total - 2 where medicamento_id = 500; 
insert into itens_venda values (default, 1968, 502, 502, 1, 0.40, 21.41); 
update estoque set quant_venda = quant_venda + 1, quant_atual = quant_atual - 1 where id = 502; 
update estoque_total set total = total - 1 where medicamento_id = 502; 

insert into venda values (1969, '2023-09-01 06:20:43', 242.02, null, null); 
insert into itens_venda values (default, 1969, 426, 426, 2, 2.90, 69.62); 
update estoque set quant_venda = quant_venda + 2, quant_atual = quant_atual - 2 where id = 426; 
update estoque_total set total = total - 2 where medicamento_id = 426; 
insert into itens_venda values (default, 1969, 316, 316, 1, 7.10, 172.40); 
update estoque set quant_venda = quant_venda + 1, quant_atual = quant_atual - 1 where id = 316; 
update estoque_total set total = total - 1 where medicamento_id = 316; 

insert into venda values (1970, '2023-09-01 07:11:48', 121.14, null, null); 
insert into itens_venda values (default, 1970, 428, 428, 3, 0.40, 49.52); 
update estoque set quant_venda = quant_venda + 3, quant_atual = quant_atual - 3 where id = 428; 
update estoque_total set total = total - 3 where medicamento_id = 428; 
insert into itens_venda values (default, 1970, 353, 353, 1, 1.20, 40.48); 
update estoque set quant_venda = quant_venda + 1, quant_atual = quant_atual - 1 where id = 353; 
update estoque_total set total = total - 1 where medicamento_id = 353; 
insert into itens_venda values (default, 1970, 495, 495, 3, 0.90, 31.14); 
update estoque set quant_venda = quant_venda + 3, quant_atual = quant_atual - 3 where id = 495; 
update estoque_total set total = total - 3 where medicamento_id = 495; 

insert into venda values (1971, '2023-09-01 08:11:59', 121.68, 1, 24); 
insert into itens_venda values (default, 1971, 351, 351, 3, 1.90, 63.50); 
update estoque set quant_venda = quant_venda + 3, quant_atual = quant_atual - 3 where id = 351; 
update estoque_total set total = total - 3 where medicamento_id = 351; 
insert into itens_venda values (default, 1971, 357, 357, 1, 3.70, 58.18); 
update estoque set quant_venda = quant_venda + 1, quant_atual = quant_atual - 1 where id = 357; 
update estoque_total set total = total - 1 where medicamento_id = 357; 

insert into venda values (1972, '2023-09-01 08:47:09', 369.97, 3, 23); 
insert into itens_venda values (default, 1972, 59, 59, 2, 7.50, 182.44); 
update estoque set quant_venda = quant_venda + 2, quant_atual = quant_atual - 2 where id = 59; 
update estoque_total set total = total - 2 where medicamento_id = 59; 
insert into itens_venda values (default, 1972, 48, 48, 1, 3.80, 187.53); 
update estoque set quant_venda = quant_venda + 1, quant_atual = quant_atual - 1 where id = 48; 
update estoque_total set total = total - 1 where medicamento_id = 48; 

insert into venda values (1973, '2023-09-01 09:02:00', 409.71, null, null); 
insert into itens_venda values (default, 1973, 476, 476, 3, 0.70, 71.81); 
update estoque set quant_venda = quant_venda + 3, quant_atual = quant_atual - 3 where id = 476; 
update estoque_total set total = total - 3 where medicamento_id = 476; 
insert into itens_venda values (default, 1973, 396, 396, 1, 3.40, 337.90); 
update estoque set quant_venda = quant_venda + 1, quant_atual = quant_atual - 1 where id = 396; 
update estoque_total set total = total - 1 where medicamento_id = 396; 

insert into venda values (1974, '2023-09-01 09:43:57', 180.44, null, null); 
insert into itens_venda values (default, 1974, 342, 342, 2, 2.50, 83.32); 
update estoque set quant_venda = quant_venda + 2, quant_atual = quant_atual - 2 where id = 342; 
update estoque_total set total = total - 2 where medicamento_id = 342; 
insert into itens_venda values (default, 1974, 435, 435, 1, 0.90, 97.12); 
update estoque set quant_venda = quant_venda + 1, quant_atual = quant_atual - 1 where id = 435; 
update estoque_total set total = total - 1 where medicamento_id = 435; 

insert into venda values (1975, '2023-09-01 10:15:08', 45.98, null, null); 
insert into itens_venda values (default, 1975, 469, 469, 1, 1.90, 45.98); 
update estoque set quant_venda = quant_venda + 1, quant_atual = quant_atual - 1 where id = 469; 
update estoque_total set total = total - 1 where medicamento_id = 469; 

insert into venda values (1976, '2023-09-01 11:17:20', 247.75, 6, null); 
insert into itens_venda values (default, 1976, 372, 372, 1, 7.50, 100.00); 
update estoque set quant_venda = quant_venda + 1, quant_atual = quant_atual - 1 where id = 372; 
update estoque_total set total = total - 1 where medicamento_id = 372; 
insert into itens_venda values (default, 1976, 245, 245, 1, 0.00, 147.75); 
update estoque set quant_venda = quant_venda + 1, quant_atual = quant_atual - 1 where id = 245; 
update estoque_total set total = total - 1 where medicamento_id = 245; 

insert into venda values (1977, '2023-09-02 08:27:30', 61.26, null, null); 
insert into itens_venda values (default, 1977, 473, 473, 1, 1.90, 47.26); 
update estoque set quant_venda = quant_venda + 1, quant_atual = quant_atual - 1 where id = 473; 
update estoque_total set total = total - 1 where medicamento_id = 473; 
insert into itens_venda values (default, 1977, 432, 432, 3, 0.10, 14.00); 
update estoque set quant_venda = quant_venda + 3, quant_atual = quant_atual - 3 where id = 432; 
update estoque_total set total = total - 3 where medicamento_id = 432; 

insert into venda values (1978, '2023-09-02 09:07:44', 55.22, 12, null); 
insert into itens_venda values (default, 1978, 478, 478, 1, 2.30, 55.22); 
update estoque set quant_venda = quant_venda + 1, quant_atual = quant_atual - 1 where id = 478; 
update estoque_total set total = total - 1 where medicamento_id = 478; 

insert into venda values (1979, '2023-09-02 09:53:25', 62.33, null, null); 
insert into itens_venda values (default, 1979, 463, 463, 3, 0.00, 40.05); 
update estoque set quant_venda = quant_venda + 3, quant_atual = quant_atual - 3 where id = 463; 
update estoque_total set total = total - 3 where medicamento_id = 463; 
insert into itens_venda values (default, 1979, 493, 493, 3, 0.40, 22.28); 
update estoque set quant_venda = quant_venda + 3, quant_atual = quant_atual - 3 where id = 493; 
update estoque_total set total = total - 3 where medicamento_id = 493; 

insert into venda values (1980, '2023-09-02 12:20:21', 21.61, null, null); 
insert into itens_venda values (default, 1980, 502, 502, 1, 0.20, 21.61); 
update estoque set quant_venda = quant_venda + 1, quant_atual = quant_atual - 1 where id = 502; 
update estoque_total set total = total - 1 where medicamento_id = 502; 

insert into venda values (1981, '2023-09-03 06:19:42', 469.30, null, 25); 
insert into itens_venda values (default, 1981, 286, 286, 2, 2.00, 67.10); 
update estoque set quant_venda = quant_venda + 2, quant_atual = quant_atual - 2 where id = 286; 
update estoque_total set total = total - 2 where medicamento_id = 286; 
insert into itens_venda values (default, 1981, 397, 397, 1, 0.70, 17.42); 
update estoque set quant_venda = quant_venda + 1, quant_atual = quant_atual - 1 where id = 397; 
update estoque_total set total = total - 1 where medicamento_id = 397; 
insert into itens_venda values (default, 1981, 230, 230, 1, 11.80, 384.78); 
update estoque set quant_venda = quant_venda + 1, quant_atual = quant_atual - 1 where id = 230; 
update estoque_total set total = total - 1 where medicamento_id = 230; 

insert into venda values (1982, '2023-09-03 07:14:42', 121.35, 16, null); 
insert into itens_venda values (default, 1982, 434, 434, 2, 3.90, 61.42); 
update estoque set quant_venda = quant_venda + 2, quant_atual = quant_atual - 2 where id = 434; 
update estoque_total set total = total - 2 where medicamento_id = 434; 
insert into itens_venda values (default, 1982, 375, 375, 2, 3.50, 36.12); 
update estoque set quant_venda = quant_venda + 2, quant_atual = quant_atual - 2 where id = 375; 
update estoque_total set total = total - 2 where medicamento_id = 375; 
insert into itens_venda values (default, 1982, 355, 355, 1, 2.30, 23.81); 
update estoque set quant_venda = quant_venda + 1, quant_atual = quant_atual - 1 where id = 355; 
update estoque_total set total = total - 1 where medicamento_id = 355; 

insert into venda values (1983, '2023-09-03 08:16:27', 293.77, null, 22); 
insert into itens_venda values (default, 1983, 324, 324, 2, 0.70, 38.34); 
update estoque set quant_venda = quant_venda + 2, quant_atual = quant_atual - 2 where id = 324; 
update estoque_total set total = total - 2 where medicamento_id = 324; 
insert into itens_venda values (default, 1983, 425, 425, 2, 0.70, 71.70); 
update estoque set quant_venda = quant_venda + 2, quant_atual = quant_atual - 2 where id = 425; 
update estoque_total set total = total - 2 where medicamento_id = 425; 
insert into itens_venda values (default, 1983, 48, 48, 1, 7.60, 183.73); 
update estoque set quant_venda = quant_venda + 1, quant_atual = quant_atual - 1 where id = 48; 
update estoque_total set total = total - 1 where medicamento_id = 48; 

insert into venda values (1984, '2023-09-03 08:59:02', 38.04, null, 25); 
insert into itens_venda values (default, 1984, 336, 336, 1, 0.00, 38.04); 
update estoque set quant_venda = quant_venda + 1, quant_atual = quant_atual - 1 where id = 336; 
update estoque_total set total = total - 1 where medicamento_id = 336; 

insert into venda values (1985, '2023-09-03 09:25:13', 31.98, null, null); 
insert into itens_venda values (default, 1985, 423, 423, 2, 0.00, 31.98); 
update estoque set quant_venda = quant_venda + 2, quant_atual = quant_atual - 2 where id = 423; 
update estoque_total set total = total - 2 where medicamento_id = 423; 

insert into venda values (1986, '2023-09-03 09:53:39', 259.03, 8, null); 
insert into itens_venda values (default, 1986, 477, 477, 1, 3.20, 61.84); 
update estoque set quant_venda = quant_venda + 1, quant_atual = quant_atual - 1 where id = 477; 
update estoque_total set total = total - 1 where medicamento_id = 477; 
insert into itens_venda values (default, 1986, 223, 223, 2, 4.30, 140.62); 
update estoque set quant_venda = quant_venda + 2, quant_atual = quant_atual - 2 where id = 223; 
update estoque_total set total = total - 2 where medicamento_id = 223; 
insert into itens_venda values (default, 1986, 468, 468, 1, 2.90, 56.57); 
update estoque set quant_venda = quant_venda + 1, quant_atual = quant_atual - 1 where id = 468; 
update estoque_total set total = total - 1 where medicamento_id = 468; 

insert into venda values (1987, '2023-09-03 10:48:54', 313.64, 4, null); 
insert into itens_venda values (default, 1987, 176, 176, 1, 27.20, 313.64); 
update estoque set quant_venda = quant_venda + 1, quant_atual = quant_atual - 1 where id = 176; 
update estoque_total set total = total - 1 where medicamento_id = 176; 

insert into venda values (1988, '2023-09-03 11:32:02', 296.94, null, null); 
insert into itens_venda values (default, 1988, 232, 232, 2, 0.00, 155.30); 
update estoque set quant_venda = quant_venda + 2, quant_atual = quant_atual - 2 where id = 232; 
update estoque_total set total = total - 2 where medicamento_id = 232; 
insert into itens_venda values (default, 1988, 363, 363, 1, 2.80, 69.24); 
update estoque set quant_venda = quant_venda + 1, quant_atual = quant_atual - 1 where id = 363; 
update estoque_total set total = total - 1 where medicamento_id = 363; 
insert into itens_venda values (default, 1988, 458, 458, 2, 0.00, 72.40); 
update estoque set quant_venda = quant_venda + 2, quant_atual = quant_atual - 2 where id = 458; 
update estoque_total set total = total - 2 where medicamento_id = 458; 

insert into venda values (1989, '2023-09-03 11:34:21', 146.84, 11, null); 
insert into itens_venda values (default, 1989, 224, 224, 2, 12.70, 146.84); 
update estoque set quant_venda = quant_venda + 2, quant_atual = quant_atual - 2 where id = 224; 
update estoque_total set total = total - 2 where medicamento_id = 224; 

insert into venda values (1990, '2023-09-03 12:02:25', 269.18, null, null); 
insert into itens_venda values (default, 1990, 128, 128, 1, 0.00, 78.94); 
update estoque set quant_venda = quant_venda + 1, quant_atual = quant_atual - 1 where id = 128; 
update estoque_total set total = total - 1 where medicamento_id = 128; 
insert into itens_venda values (default, 1990, 435, 435, 2, 5.80, 190.24); 
update estoque set quant_venda = quant_venda + 2, quant_atual = quant_atual - 2 where id = 435; 
update estoque_total set total = total - 2 where medicamento_id = 435; 

insert into venda values (1991, '2023-09-03 12:08:20', 204.48, null, null); 
insert into itens_venda values (default, 1991, 414, 414, 1, 0.00, 38.50); 
update estoque set quant_venda = quant_venda + 1, quant_atual = quant_atual - 1 where id = 414; 
update estoque_total set total = total - 1 where medicamento_id = 414; 
insert into itens_venda values (default, 1991, 240, 240, 2, 0.00, 61.36); 
update estoque set quant_venda = quant_venda + 2, quant_atual = quant_atual - 2 where id = 240; 
update estoque_total set total = total - 2 where medicamento_id = 240; 
insert into itens_venda values (default, 1991, 296, 296, 2, 4.30, 104.62); 
update estoque set quant_venda = quant_venda + 2, quant_atual = quant_atual - 2 where id = 296; 
update estoque_total set total = total - 2 where medicamento_id = 296; 

insert into venda values (1992, '2023-09-04 06:48:02', 115.27, 10, null); 
insert into itens_venda values (default, 1992, 452, 452, 1, 3.50, 56.17); 
update estoque set quant_venda = quant_venda + 1, quant_atual = quant_atual - 1 where id = 452; 
update estoque_total set total = total - 1 where medicamento_id = 452; 
insert into itens_venda values (default, 1992, 475, 475, 3, 1.20, 59.10); 
update estoque set quant_venda = quant_venda + 3, quant_atual = quant_atual - 3 where id = 475; 
update estoque_total set total = total - 3 where medicamento_id = 475; 

insert into venda values (1993, '2023-09-04 06:51:15', 48.02, null, null); 
insert into itens_venda values (default, 1993, 429, 429, 2, 1.40, 48.02); 
update estoque set quant_venda = quant_venda + 2, quant_atual = quant_atual - 2 where id = 429; 
update estoque_total set total = total - 2 where medicamento_id = 429; 

insert into venda values (1994, '2023-09-04 08:09:19', 138.99, null, null); 
insert into itens_venda values (default, 1994, 72, 72, 1, 0.00, 18.25); 
update estoque set quant_venda = quant_venda + 1, quant_atual = quant_atual - 1 where id = 72; 
update estoque_total set total = total - 1 where medicamento_id = 72; 
insert into itens_venda values (default, 1994, 456, 456, 2, 1.50, 75.42); 
update estoque set quant_venda = quant_venda + 2, quant_atual = quant_atual - 2 where id = 456; 
update estoque_total set total = total - 2 where medicamento_id = 456; 
insert into itens_venda values (default, 1994, 326, 326, 1, 0.40, 45.32); 
update estoque set quant_venda = quant_venda + 1, quant_atual = quant_atual - 1 where id = 326; 
update estoque_total set total = total - 1 where medicamento_id = 326; 

insert into venda values (1995, '2023-09-04 08:48:32', 40.28, null, null); 
insert into itens_venda values (default, 1995, 392, 392, 3, 1.60, 40.28); 
update estoque set quant_venda = quant_venda + 3, quant_atual = quant_atual - 3 where id = 392; 
update estoque_total set total = total - 3 where medicamento_id = 392; 

insert into venda values (1996, '2023-09-04 09:28:06', 14.01, 16, null); 
insert into itens_venda values (default, 1996, 238, 238, 1, 0.20, 14.01); 
update estoque set quant_venda = quant_venda + 1, quant_atual = quant_atual - 1 where id = 238; 
update estoque_total set total = total - 1 where medicamento_id = 238; 

insert into venda values (1997, '2023-09-04 09:39:13', 8.99, null, null); 
insert into itens_venda values (default, 1997, 421, 421, 1, 0.20, 8.99); 
update estoque set quant_venda = quant_venda + 1, quant_atual = quant_atual - 1 where id = 421; 
update estoque_total set total = total - 1 where medicamento_id = 421; 

insert into venda values (1998, '2023-09-04 10:58:00', 196.80, null, 21); 
insert into itens_venda values (default, 1998, 356, 356, 1, 0.00, 115.06); 
update estoque set quant_venda = quant_venda + 1, quant_atual = quant_atual - 1 where id = 356; 
update estoque_total set total = total - 1 where medicamento_id = 356; 
insert into itens_venda values (default, 1998, 395, 395, 2, 0.80, 81.74); 
update estoque set quant_venda = quant_venda + 2, quant_atual = quant_atual - 2 where id = 395; 
update estoque_total set total = total - 2 where medicamento_id = 395; 

insert into venda values (1999, '2023-09-04 11:50:16', 32.88, 12, null); 
insert into itens_venda values (default, 1999, 175, 175, 1, 1.00, 32.88); 
update estoque set quant_venda = quant_venda + 1, quant_atual = quant_atual - 1 where id = 175; 
update estoque_total set total = total - 1 where medicamento_id = 175; 

insert into venda values (2000, '2023-09-04 13:11:13', 148.33, 16, null); 
insert into itens_venda values (default, 2000, 364, 364, 2, 5.20, 61.04); 
update estoque set quant_venda = quant_venda + 2, quant_atual = quant_atual - 2 where id = 364; 
update estoque_total set total = total - 2 where medicamento_id = 364; 
insert into itens_venda values (default, 2000, 495, 495, 2, 1.90, 19.46); 
update estoque set quant_venda = quant_venda + 2, quant_atual = quant_atual - 2 where id = 495; 
update estoque_total set total = total - 2 where medicamento_id = 495; 
insert into itens_venda values (default, 2000, 407, 407, 1, 2.00, 67.83); 
update estoque set quant_venda = quant_venda + 1, quant_atual = quant_atual - 1 where id = 407; 
update estoque_total set total = total - 1 where medicamento_id = 407; 

insert into venda values (2001, '2023-09-04 14:32:37', 122.87, null, null); 
insert into itens_venda values (default, 2001, 337, 337, 1, 0.00, 45.11); 
update estoque set quant_venda = quant_venda + 1, quant_atual = quant_atual - 1 where id = 337; 
update estoque_total set total = total - 1 where medicamento_id = 337; 
insert into itens_venda values (default, 2001, 461, 461, 2, 1.40, 35.78); 
update estoque set quant_venda = quant_venda + 2, quant_atual = quant_atual - 2 where id = 461; 
update estoque_total set total = total - 2 where medicamento_id = 461; 
insert into itens_venda values (default, 2001, 314, 314, 2, 0.00, 41.98); 
update estoque set quant_venda = quant_venda + 2, quant_atual = quant_atual - 2 where id = 314; 
update estoque_total set total = total - 2 where medicamento_id = 314; 

insert into venda values (2002, '2023-09-04 14:42:16', 256.04, null, null); 
insert into itens_venda values (default, 2002, 477, 477, 2, 2.60, 127.48); 
update estoque set quant_venda = quant_venda + 2, quant_atual = quant_atual - 2 where id = 477; 
update estoque_total set total = total - 2 where medicamento_id = 477; 
insert into itens_venda values (default, 2002, 326, 326, 2, 1.80, 89.64); 
update estoque set quant_venda = quant_venda + 2, quant_atual = quant_atual - 2 where id = 326; 
update estoque_total set total = total - 2 where medicamento_id = 326; 
insert into itens_venda values (default, 2002, 375, 375, 2, 0.70, 38.92); 
update estoque set quant_venda = quant_venda + 2, quant_atual = quant_atual - 2 where id = 375; 
update estoque_total set total = total - 2 where medicamento_id = 375; 

insert into venda values (2003, '2023-09-04 15:36:16', 147.88, null, null); 
insert into itens_venda values (default, 2003, 418, 418, 2, 2.20, 53.10); 
update estoque set quant_venda = quant_venda + 2, quant_atual = quant_atual - 2 where id = 418; 
update estoque_total set total = total - 2 where medicamento_id = 418; 
insert into itens_venda values (default, 2003, 132, 132, 2, 3.90, 94.78); 
update estoque set quant_venda = quant_venda + 2, quant_atual = quant_atual - 2 where id = 132; 
update estoque_total set total = total - 2 where medicamento_id = 132; 

insert into venda values (2004, '2023-09-04 15:36:26', 95.50, 9, null); 
insert into itens_venda values (default, 2004, 469, 469, 1, 2.30, 45.58); 
update estoque set quant_venda = quant_venda + 1, quant_atual = quant_atual - 1 where id = 469; 
update estoque_total set total = total - 1 where medicamento_id = 469; 
insert into itens_venda values (default, 2004, 428, 428, 3, 0.00, 49.92); 
update estoque set quant_venda = quant_venda + 3, quant_atual = quant_atual - 3 where id = 428; 
update estoque_total set total = total - 3 where medicamento_id = 428; 

insert into venda values (2005, '2023-09-05 06:45:15', 150.57, null, null); 
insert into itens_venda values (default, 2005, 464, 464, 2, 2.50, 62.40); 
update estoque set quant_venda = quant_venda + 2, quant_atual = quant_atual - 2 where id = 464; 
update estoque_total set total = total - 2 where medicamento_id = 464; 
insert into itens_venda values (default, 2005, 439, 439, 1, 0.80, 40.17); 
update estoque set quant_venda = quant_venda + 1, quant_atual = quant_atual - 1 where id = 439; 
update estoque_total set total = total - 1 where medicamento_id = 439; 
insert into itens_venda values (default, 2005, 409, 409, 2, 0.90, 48.00); 
update estoque set quant_venda = quant_venda + 2, quant_atual = quant_atual - 2 where id = 409; 
update estoque_total set total = total - 2 where medicamento_id = 409; 

insert into venda values (2006, '2023-09-05 07:32:49', 173.17, 3, null); 
insert into itens_venda values (default, 2006, 200, 200, 1, 0.00, 122.33); 
update estoque set quant_venda = quant_venda + 1, quant_atual = quant_atual - 1 where id = 200; 
update estoque_total set total = total - 1 where medicamento_id = 200; 
insert into itens_venda values (default, 2006, 406, 406, 3, 1.90, 19.70); 
update estoque set quant_venda = quant_venda + 3, quant_atual = quant_atual - 3 where id = 406; 
update estoque_total set total = total - 3 where medicamento_id = 406; 
insert into itens_venda values (default, 2006, 365, 365, 2, 1.90, 31.14); 
update estoque set quant_venda = quant_venda + 2, quant_atual = quant_atual - 2 where id = 365; 
update estoque_total set total = total - 2 where medicamento_id = 365; 

insert into venda values (2007, '2023-09-05 08:05:26', 41.62, null, null); 
insert into itens_venda values (default, 2007, 453, 453, 2, 0.20, 12.80); 
update estoque set quant_venda = quant_venda + 2, quant_atual = quant_atual - 2 where id = 453; 
update estoque_total set total = total - 2 where medicamento_id = 453; 
insert into itens_venda values (default, 2007, 472, 472, 1, 0.50, 28.82); 
update estoque set quant_venda = quant_venda + 1, quant_atual = quant_atual - 1 where id = 472; 
update estoque_total set total = total - 1 where medicamento_id = 472; 

insert into venda values (2008, '2023-09-05 08:25:41', 300.77, 13, null); 
insert into itens_venda values (default, 2008, 417, 417, 1, 0.50, 14.24); 
update estoque set quant_venda = quant_venda + 1, quant_atual = quant_atual - 1 where id = 417; 
update estoque_total set total = total - 1 where medicamento_id = 417; 
insert into itens_venda values (default, 2008, 24, 24, 1, 2.80, 286.53); 
update estoque set quant_venda = quant_venda + 1, quant_atual = quant_atual - 1 where id = 24; 
update estoque_total set total = total - 1 where medicamento_id = 24; 

insert into venda values (2009, '2023-09-05 08:54:29', 85.90, 2, 24); 
insert into itens_venda values (default, 2009, 317, 317, 1, 4.50, 85.90); 
update estoque set quant_venda = quant_venda + 1, quant_atual = quant_atual - 1 where id = 317; 
update estoque_total set total = total - 1 where medicamento_id = 317; 

insert into venda values (2010, '2023-09-05 09:38:15', 95.88, null, 25); 
insert into itens_venda values (default, 2010, 330, 330, 1, 0.80, 81.86); 
update estoque set quant_venda = quant_venda + 1, quant_atual = quant_atual - 1 where id = 330; 
update estoque_total set total = total - 1 where medicamento_id = 330; 
insert into itens_venda values (default, 2010, 341, 341, 1, 0.50, 14.02); 
update estoque set quant_venda = quant_venda + 1, quant_atual = quant_atual - 1 where id = 341; 
update estoque_total set total = total - 1 where medicamento_id = 341; 

insert into venda values (2011, '2023-09-05 10:10:52', 463.18, null, null); 
insert into itens_venda values (default, 2011, 259, 259, 1, 11.80, 382.44); 
update estoque set quant_venda = quant_venda + 1, quant_atual = quant_atual - 1 where id = 259; 
update estoque_total set total = total - 1 where medicamento_id = 259; 
insert into itens_venda values (default, 2011, 306, 306, 1, 2.40, 80.74); 
update estoque set quant_venda = quant_venda + 1, quant_atual = quant_atual - 1 where id = 306; 
update estoque_total set total = total - 1 where medicamento_id = 306; 

insert into venda values (2012, '2023-09-05 11:01:33', 154.50, null, null); 
insert into itens_venda values (default, 2012, 284, 284, 1, 0.30, 16.04); 
update estoque set quant_venda = quant_venda + 1, quant_atual = quant_atual - 1 where id = 284; 
update estoque_total set total = total - 1 where medicamento_id = 284; 
insert into itens_venda values (default, 2012, 450, 450, 3, 0.60, 65.46); 
update estoque set quant_venda = quant_venda + 3, quant_atual = quant_atual - 3 where id = 450; 
update estoque_total set total = total - 3 where medicamento_id = 450; 
insert into itens_venda values (default, 2012, 497, 497, 2, 2.20, 73.00); 
update estoque set quant_venda = quant_venda + 2, quant_atual = quant_atual - 2 where id = 497; 
update estoque_total set total = total - 2 where medicamento_id = 497; 

insert into venda values (2013, '2023-09-05 11:36:59', 55.09, null, null); 
insert into itens_venda values (default, 2013, 462, 462, 3, 1.70, 55.09); 
update estoque set quant_venda = quant_venda + 3, quant_atual = quant_atual - 3 where id = 462; 
update estoque_total set total = total - 3 where medicamento_id = 462; 

insert into venda values (2014, '2023-09-06 08:24:17', 69.40, null, 22); 
insert into itens_venda values (default, 2014, 265, 265, 1, 0.00, 69.40); 
update estoque set quant_venda = quant_venda + 1, quant_atual = quant_atual - 1 where id = 265; 
update estoque_total set total = total - 1 where medicamento_id = 265; 

insert into venda values (2015, '2023-09-06 09:46:28', 174.26, 16, null); 
insert into itens_venda values (default, 2015, 473, 473, 2, 3.90, 94.42); 
update estoque set quant_venda = quant_venda + 2, quant_atual = quant_atual - 2 where id = 473; 
update estoque_total set total = total - 2 where medicamento_id = 473; 
insert into itens_venda values (default, 2015, 427, 427, 1, 0.90, 12.08); 
update estoque set quant_venda = quant_venda + 1, quant_atual = quant_atual - 1 where id = 427; 
update estoque_total set total = total - 1 where medicamento_id = 427; 
insert into itens_venda values (default, 2015, 393, 393, 3, 5.80, 67.76); 
update estoque set quant_venda = quant_venda + 3, quant_atual = quant_atual - 3 where id = 393; 
update estoque_total set total = total - 3 where medicamento_id = 393; 

insert into venda values (2016, '2023-09-06 09:51:42', 92.40, null, null); 
insert into itens_venda values (default, 2016, 402, 402, 3, 0.50, 50.11); 
update estoque set quant_venda = quant_venda + 3, quant_atual = quant_atual - 3 where id = 402; 
update estoque_total set total = total - 3 where medicamento_id = 402; 
insert into itens_venda values (default, 2016, 489, 489, 1, 1.70, 42.29); 
update estoque set quant_venda = quant_venda + 1, quant_atual = quant_atual - 1 where id = 489; 
update estoque_total set total = total - 1 where medicamento_id = 489; 

insert into venda values (2017, '2023-09-06 11:41:27', 191.28, null, null); 
insert into itens_venda values (default, 2017, 467, 467, 2, 1.20, 123.46); 
update estoque set quant_venda = quant_venda + 2, quant_atual = quant_atual - 2 where id = 467; 
update estoque_total set total = total - 2 where medicamento_id = 467; 
insert into itens_venda values (default, 2017, 442, 442, 3, 1.30, 67.82); 
update estoque set quant_venda = quant_venda + 3, quant_atual = quant_atual - 3 where id = 442; 
update estoque_total set total = total - 3 where medicamento_id = 442; 

insert into venda values (2018, '2023-09-07 06:34:21', 312.42, null, 24); 
insert into itens_venda values (default, 2018, 381, 381, 2, 4.80, 115.98); 
update estoque set quant_venda = quant_venda + 2, quant_atual = quant_atual - 2 where id = 381; 
update estoque_total set total = total - 2 where medicamento_id = 381; 
insert into itens_venda values (default, 2018, 357, 357, 2, 1.20, 122.56); 
update estoque set quant_venda = quant_venda + 2, quant_atual = quant_atual - 2 where id = 357; 
update estoque_total set total = total - 2 where medicamento_id = 357; 
insert into itens_venda values (default, 2018, 336, 336, 2, 2.20, 73.88); 
update estoque set quant_venda = quant_venda + 2, quant_atual = quant_atual - 2 where id = 336; 
update estoque_total set total = total - 2 where medicamento_id = 336; 

insert into venda values (2019, '2023-09-07 06:52:06', 90.06, 20, null); 
insert into itens_venda values (default, 2019, 469, 469, 2, 5.70, 90.06); 
update estoque set quant_venda = quant_venda + 2, quant_atual = quant_atual - 2 where id = 469; 
update estoque_total set total = total - 2 where medicamento_id = 469; 

insert into venda values (2020, '2023-09-07 07:46:22', 117.96, 8, null); 
insert into itens_venda values (default, 2020, 489, 489, 2, 5.20, 82.78); 
update estoque set quant_venda = quant_venda + 2, quant_atual = quant_atual - 2 where id = 489; 
update estoque_total set total = total - 2 where medicamento_id = 489; 
insert into itens_venda values (default, 2020, 291, 291, 3, 3.40, 35.18); 
update estoque set quant_venda = quant_venda + 3, quant_atual = quant_atual - 3 where id = 291; 
update estoque_total set total = total - 3 where medicamento_id = 291; 

insert into venda values (2021, '2023-09-07 08:14:42', 148.48, 20, 22); 
insert into itens_venda values (default, 2021, 379, 379, 1, 1.00, 11.68); 
update estoque set quant_venda = quant_venda + 1, quant_atual = quant_atual - 1 where id = 379; 
update estoque_total set total = total - 1 where medicamento_id = 379; 
insert into itens_venda values (default, 2021, 496, 496, 2, 0.50, 14.24); 
update estoque set quant_venda = quant_venda + 2, quant_atual = quant_atual - 2 where id = 496; 
update estoque_total set total = total - 2 where medicamento_id = 496; 
insert into itens_venda values (default, 2021, 357, 357, 2, 1.20, 122.56); 
update estoque set quant_venda = quant_venda + 2, quant_atual = quant_atual - 2 where id = 357; 
update estoque_total set total = total - 2 where medicamento_id = 357; 

insert into venda values (2022, '2023-09-07 09:24:59', 114.70, 6, null); 
insert into itens_venda values (default, 2022, 421, 421, 2, 0.10, 18.28); 
update estoque set quant_venda = quant_venda + 2, quant_atual = quant_atual - 2 where id = 421; 
update estoque_total set total = total - 2 where medicamento_id = 421; 
insert into itens_venda values (default, 2022, 299, 299, 1, 1.70, 32.50); 
update estoque set quant_venda = quant_venda + 1, quant_atual = quant_atual - 1 where id = 299; 
update estoque_total set total = total - 1 where medicamento_id = 299; 
insert into itens_venda values (default, 2022, 183, 183, 2, 3.30, 63.92); 
update estoque set quant_venda = quant_venda + 2, quant_atual = quant_atual - 2 where id = 183; 
update estoque_total set total = total - 2 where medicamento_id = 183; 

insert into venda values (2023, '2023-09-07 10:18:48', 239.53, 12, null); 
insert into itens_venda values (default, 2023, 417, 417, 2, 2.00, 27.48); 
update estoque set quant_venda = quant_venda + 2, quant_atual = quant_atual - 2 where id = 417; 
update estoque_total set total = total - 2 where medicamento_id = 417; 
insert into itens_venda values (default, 2023, 174, 174, 1, 9.60, 111.27); 
update estoque set quant_venda = quant_venda + 1, quant_atual = quant_atual - 1 where id = 174; 
update estoque_total set total = total - 1 where medicamento_id = 174; 
insert into itens_venda values (default, 2023, 298, 298, 1, 5.20, 100.78); 
update estoque set quant_venda = quant_venda + 1, quant_atual = quant_atual - 1 where id = 298; 
update estoque_total set total = total - 1 where medicamento_id = 298; 

insert into venda values (2024, '2023-09-07 10:21:27', 192.08, null, null); 
insert into itens_venda values (default, 2024, 325, 325, 2, 0.00, 113.96); 
update estoque set quant_venda = quant_venda + 2, quant_atual = quant_atual - 2 where id = 325; 
update estoque_total set total = total - 2 where medicamento_id = 325; 
insert into itens_venda values (default, 2024, 440, 440, 2, 0.70, 78.12); 
update estoque set quant_venda = quant_venda + 2, quant_atual = quant_atual - 2 where id = 440; 
update estoque_total set total = total - 2 where medicamento_id = 440; 

insert into venda values (2025, '2023-09-07 10:37:59', 43.83, null, null); 
insert into itens_venda values (default, 2025, 234, 234, 1, 0.80, 43.83); 
update estoque set quant_venda = quant_venda + 1, quant_atual = quant_atual - 1 where id = 234; 
update estoque_total set total = total - 1 where medicamento_id = 234; 

insert into venda values (2026, '2023-09-07 11:09:18', 300.58, 8, null); 
insert into itens_venda values (default, 2026, 370, 370, 1, 11.80, 225.54); 
update estoque set quant_venda = quant_venda + 1, quant_atual = quant_atual - 1 where id = 370; 
update estoque_total set total = total - 1 where medicamento_id = 370; 
insert into itens_venda values (default, 2026, 169, 169, 2, 1.50, 75.04); 
update estoque set quant_venda = quant_venda + 2, quant_atual = quant_atual - 2 where id = 169; 
update estoque_total set total = total - 2 where medicamento_id = 169; 

insert into venda values (2027, '2023-09-07 11:09:51', 65.74, 15, null); 
insert into itens_venda values (default, 2027, 328, 328, 2, 1.80, 58.48); 
update estoque set quant_venda = quant_venda + 2, quant_atual = quant_atual - 2 where id = 328; 
update estoque_total set total = total - 2 where medicamento_id = 328; 
insert into itens_venda values (default, 2027, 493, 493, 1, 0.30, 7.26); 
update estoque set quant_venda = quant_venda + 1, quant_atual = quant_atual - 1 where id = 493; 
update estoque_total set total = total - 1 where medicamento_id = 493; 

insert into venda values (2028, '2023-09-07 12:05:18', 165.45, null, null); 
insert into itens_venda values (default, 2028, 280, 280, 1, 4.10, 100.13); 
update estoque set quant_venda = quant_venda + 1, quant_atual = quant_atual - 1 where id = 280; 
update estoque_total set total = total - 1 where medicamento_id = 280; 
insert into itens_venda values (default, 2028, 434, 434, 2, 0.00, 65.32); 
update estoque set quant_venda = quant_venda + 2, quant_atual = quant_atual - 2 where id = 434; 
update estoque_total set total = total - 2 where medicamento_id = 434; 

insert into venda values (2029, '2023-09-07 13:10:56', 164.42, null, null); 
insert into itens_venda values (default, 2029, 459, 459, 1, 0.30, 33.62); 
update estoque set quant_venda = quant_venda + 1, quant_atual = quant_atual - 1 where id = 459; 
update estoque_total set total = total - 1 where medicamento_id = 459; 
insert into itens_venda values (default, 2029, 400, 400, 1, 5.40, 130.80); 
update estoque set quant_venda = quant_venda + 1, quant_atual = quant_atual - 1 where id = 400; 
update estoque_total set total = total - 1 where medicamento_id = 400; 

insert into venda values (2030, '2023-09-07 13:49:46', 79.92, 1, 21); 
insert into itens_venda values (default, 2030, 206, 206, 1, 0.00, 33.75); 
update estoque set quant_venda = quant_venda + 1, quant_atual = quant_atual - 1 where id = 206; 
update estoque_total set total = total - 1 where medicamento_id = 206; 
insert into itens_venda values (default, 2030, 455, 455, 1, 4.00, 46.17); 
update estoque set quant_venda = quant_venda + 1, quant_atual = quant_atual - 1 where id = 455; 
update estoque_total set total = total - 1 where medicamento_id = 455; 

insert into venda values (2031, '2023-09-08 07:08:04', 506.42, null, 25); 
insert into itens_venda values (default, 2031, 158, 158, 1, 1.10, 117.50); 
update estoque set quant_venda = quant_venda + 1, quant_atual = quant_atual - 1 where id = 158; 
update estoque_total set total = total - 1 where medicamento_id = 158; 
insert into itens_venda values (default, 2031, 225, 225, 1, 4.00, 130.47); 
update estoque set quant_venda = quant_venda + 1, quant_atual = quant_atual - 1 where id = 225; 
update estoque_total set total = total - 1 where medicamento_id = 225; 
insert into itens_venda values (default, 2031, 195, 195, 1, 0.00, 258.45); 
update estoque set quant_venda = quant_venda + 1, quant_atual = quant_atual - 1 where id = 195; 
update estoque_total set total = total - 1 where medicamento_id = 195; 

insert into venda values (2032, '2023-09-08 09:34:40', 121.53, null, null); 
insert into itens_venda values (default, 2032, 291, 291, 3, 0.00, 38.58); 
update estoque set quant_venda = quant_venda + 3, quant_atual = quant_atual - 3 where id = 291; 
update estoque_total set total = total - 3 where medicamento_id = 291; 
insert into itens_venda values (default, 2032, 418, 418, 3, 0.00, 82.95); 
update estoque set quant_venda = quant_venda + 3, quant_atual = quant_atual - 3 where id = 418; 
update estoque_total set total = total - 3 where medicamento_id = 418; 

insert into venda values (2033, '2023-09-08 09:40:58', 209.30, 14, null); 
insert into itens_venda values (default, 2033, 267, 267, 1, 12.30, 164.83); 
update estoque set quant_venda = quant_venda + 1, quant_atual = quant_atual - 1 where id = 267; 
update estoque_total set total = total - 1 where medicamento_id = 267; 
insert into itens_venda values (default, 2033, 485, 485, 3, 3.80, 44.47); 
update estoque set quant_venda = quant_venda + 3, quant_atual = quant_atual - 3 where id = 485; 
update estoque_total set total = total - 3 where medicamento_id = 485; 

insert into venda values (2034, '2023-09-08 10:42:26', 239.63, 18, 21); 
insert into itens_venda values (default, 2034, 503, 503, 1, 0.20, 3.47); 
update estoque set quant_venda = quant_venda + 1, quant_atual = quant_atual - 1 where id = 503; 
update estoque_total set total = total - 1 where medicamento_id = 503; 
insert into itens_venda values (default, 2034, 15, 15, 1, 2.30, 236.16); 
update estoque set quant_venda = quant_venda + 1, quant_atual = quant_atual - 1 where id = 15; 
update estoque_total set total = total - 1 where medicamento_id = 15; 

insert into venda values (2035, '2023-09-08 11:31:46', 69.04, null, null); 
insert into itens_venda values (default, 2035, 382, 382, 2, 0.00, 69.04); 
update estoque set quant_venda = quant_venda + 2, quant_atual = quant_atual - 2 where id = 382; 
update estoque_total set total = total - 2 where medicamento_id = 382; 

insert into venda values (2036, '2023-09-08 13:58:23', 216.12, null, null); 
insert into itens_venda values (default, 2036, 353, 353, 1, 0.00, 41.68); 
update estoque set quant_venda = quant_venda + 1, quant_atual = quant_atual - 1 where id = 353; 
update estoque_total set total = total - 1 where medicamento_id = 353; 
insert into itens_venda values (default, 2036, 484, 484, 3, 0.00, 49.56); 
update estoque set quant_venda = quant_venda + 3, quant_atual = quant_atual - 3 where id = 484; 
update estoque_total set total = total - 3 where medicamento_id = 484; 
insert into itens_venda values (default, 2036, 477, 477, 2, 5.20, 124.88); 
update estoque set quant_venda = quant_venda + 2, quant_atual = quant_atual - 2 where id = 477; 
update estoque_total set total = total - 2 where medicamento_id = 477; 

insert into venda values (2037, '2023-09-09 06:24:06', 112.28, null, null); 
insert into itens_venda values (default, 2037, 498, 498, 2, 2.80, 68.06); 
update estoque set quant_venda = quant_venda + 2, quant_atual = quant_atual - 2 where id = 498; 
update estoque_total set total = total - 2 where medicamento_id = 498; 
insert into itens_venda values (default, 2037, 416, 416, 2, 1.30, 44.22); 
update estoque set quant_venda = quant_venda + 2, quant_atual = quant_atual - 2 where id = 416; 
update estoque_total set total = total - 2 where medicamento_id = 416; 

insert into venda values (2038, '2023-09-09 06:40:22', 168.51, null, 22); 
insert into itens_venda values (default, 2038, 426, 426, 2, 0.70, 71.82); 
update estoque set quant_venda = quant_venda + 2, quant_atual = quant_atual - 2 where id = 426; 
update estoque_total set total = total - 2 where medicamento_id = 426; 
insert into itens_venda values (default, 2038, 338, 338, 1, 0.00, 96.69); 
update estoque set quant_venda = quant_venda + 1, quant_atual = quant_atual - 1 where id = 338; 
update estoque_total set total = total - 1 where medicamento_id = 338; 

insert into venda values (2039, '2023-09-09 07:01:40', 245.62, 7, 24); 
insert into itens_venda values (default, 2039, 181, 181, 2, 4.30, 67.62); 
update estoque set quant_venda = quant_venda + 2, quant_atual = quant_atual - 2 where id = 181; 
update estoque_total set total = total - 2 where medicamento_id = 181; 
insert into itens_venda values (default, 2039, 391, 391, 2, 0.00, 178.00); 
update estoque set quant_venda = quant_venda + 2, quant_atual = quant_atual - 2 where id = 391; 
update estoque_total set total = total - 2 where medicamento_id = 391; 

insert into venda values (2040, '2023-09-09 07:11:53', 179.84, null, null); 
insert into itens_venda values (default, 2040, 226, 226, 2, 0.00, 179.84); 
update estoque set quant_venda = quant_venda + 2, quant_atual = quant_atual - 2 where id = 226; 
update estoque_total set total = total - 2 where medicamento_id = 226; 

insert into venda values (2041, '2023-09-09 08:13:31', 78.25, null, null); 
insert into itens_venda values (default, 2041, 433, 433, 3, 3.20, 78.25); 
update estoque set quant_venda = quant_venda + 3, quant_atual = quant_atual - 3 where id = 433; 
update estoque_total set total = total - 3 where medicamento_id = 433; 

insert into venda values (2042, '2023-09-09 09:32:13', 101.96, null, null); 
insert into itens_venda values (default, 2042, 409, 409, 3, 2.90, 70.45); 
update estoque set quant_venda = quant_venda + 3, quant_atual = quant_atual - 3 where id = 409; 
update estoque_total set total = total - 3 where medicamento_id = 409; 
insert into itens_venda values (default, 2042, 406, 406, 1, 0.20, 7.00); 
update estoque set quant_venda = quant_venda + 1, quant_atual = quant_atual - 1 where id = 406; 
update estoque_total set total = total - 1 where medicamento_id = 406; 
insert into itens_venda values (default, 2042, 429, 429, 1, 0.20, 24.51); 
update estoque set quant_venda = quant_venda + 1, quant_atual = quant_atual - 1 where id = 429; 
update estoque_total set total = total - 1 where medicamento_id = 429; 

insert into venda values (2043, '2023-09-09 10:00:32', 83.83, 2, null); 
insert into itens_venda values (default, 2043, 458, 458, 1, 3.20, 33.00); 
update estoque set quant_venda = quant_venda + 1, quant_atual = quant_atual - 1 where id = 458; 
update estoque_total set total = total - 1 where medicamento_id = 458; 
insert into itens_venda values (default, 2043, 445, 445, 3, 3.80, 50.83); 
update estoque set quant_venda = quant_venda + 3, quant_atual = quant_atual - 3 where id = 445; 
update estoque_total set total = total - 3 where medicamento_id = 445; 

insert into venda values (2044, '2023-09-09 10:58:31', 120.87, null, null); 
insert into itens_venda values (default, 2044, 174, 174, 1, 0.00, 120.87); 
update estoque set quant_venda = quant_venda + 1, quant_atual = quant_atual - 1 where id = 174; 
update estoque_total set total = total - 1 where medicamento_id = 174; 

insert into venda values (2045, '2023-09-09 12:04:52', 92.31, 10, null); 
insert into itens_venda values (default, 2045, 436, 436, 1, 4.60, 61.14); 
update estoque set quant_venda = quant_venda + 1, quant_atual = quant_atual - 1 where id = 436; 
update estoque_total set total = total - 1 where medicamento_id = 436; 
insert into itens_venda values (default, 2045, 457, 457, 1, 3.00, 31.17); 
update estoque set quant_venda = quant_venda + 1, quant_atual = quant_atual - 1 where id = 457; 
update estoque_total set total = total - 1 where medicamento_id = 457; 

insert into venda values (2046, '2023-09-09 12:37:52', 15.29, 11, null); 
insert into itens_venda values (default, 2046, 485, 485, 1, 0.80, 15.29); 
update estoque set quant_venda = quant_venda + 1, quant_atual = quant_atual - 1 where id = 485; 
update estoque_total set total = total - 1 where medicamento_id = 485; 

insert into venda values (2047, '2023-09-09 13:56:56', 62.44, null, null); 
insert into itens_venda values (default, 2047, 477, 477, 1, 2.60, 62.44); 
update estoque set quant_venda = quant_venda + 1, quant_atual = quant_atual - 1 where id = 477; 
update estoque_total set total = total - 1 where medicamento_id = 477; 

insert into venda values (2048, '2023-09-09 15:06:48', 363.16, null, 22); 
insert into itens_venda values (default, 2048, 149, 149, 3, 3.30, 79.47); 
update estoque set quant_venda = quant_venda + 3, quant_atual = quant_atual - 3 where id = 149; 
update estoque_total set total = total - 3 where medicamento_id = 149; 
insert into itens_venda values (default, 2048, 397, 397, 2, 0.70, 35.54); 
update estoque set quant_venda = quant_venda + 2, quant_atual = quant_atual - 2 where id = 397; 
update estoque_total set total = total - 2 where medicamento_id = 397; 
insert into itens_venda values (default, 2048, 195, 195, 1, 10.30, 248.15); 
update estoque set quant_venda = quant_venda + 1, quant_atual = quant_atual - 1 where id = 195; 
update estoque_total set total = total - 1 where medicamento_id = 195; 

insert into venda values (2049, '2023-09-10 07:03:38', 524.35, null, 25); 
insert into itens_venda values (default, 2049, 87, 87, 1, 0.00, 390.48); 
update estoque set quant_venda = quant_venda + 1, quant_atual = quant_atual - 1 where id = 87; 
update estoque_total set total = total - 1 where medicamento_id = 87; 
insert into itens_venda values (default, 2049, 494, 494, 3, 0.90, 48.51); 
update estoque set quant_venda = quant_venda + 3, quant_atual = quant_atual - 3 where id = 494; 
update estoque_total set total = total - 3 where medicamento_id = 494; 
insert into itens_venda values (default, 2049, 472, 472, 3, 2.60, 85.36); 
update estoque set quant_venda = quant_venda + 3, quant_atual = quant_atual - 3 where id = 472; 
update estoque_total set total = total - 3 where medicamento_id = 472; 

insert into venda values (2050, '2023-09-10 07:08:50', 121.90, 10, null); 
insert into itens_venda values (default, 2050, 480, 480, 2, 3.70, 59.38); 
update estoque set quant_venda = quant_venda + 2, quant_atual = quant_atual - 2 where id = 480; 
update estoque_total set total = total - 2 where medicamento_id = 480; 
insert into itens_venda values (default, 2050, 401, 401, 1, 0.30, 33.34); 
update estoque set quant_venda = quant_venda + 1, quant_atual = quant_atual - 1 where id = 401; 
update estoque_total set total = total - 1 where medicamento_id = 401; 
insert into itens_venda values (default, 2050, 422, 422, 2, 2.80, 29.18); 
update estoque set quant_venda = quant_venda + 2, quant_atual = quant_atual - 2 where id = 422; 
update estoque_total set total = total - 2 where medicamento_id = 422; 

insert into venda values (2051, '2023-09-10 08:28:49', 328.44, 4, 21); 
insert into itens_venda values (default, 2051, 111, 111, 2, 0.70, 78.44); 
update estoque set quant_venda = quant_venda + 2, quant_atual = quant_atual - 2 where id = 111; 
update estoque_total set total = total - 2 where medicamento_id = 111; 
insert into itens_venda values (default, 2051, 300, 300, 1, 0.00, 250.00); 
update estoque set quant_venda = quant_venda + 1, quant_atual = quant_atual - 1 where id = 300; 
update estoque_total set total = total - 1 where medicamento_id = 300; 

insert into venda values (2052, '2023-09-10 09:46:24', 177.19, 10, null); 
insert into itens_venda values (default, 2052, 224, 224, 2, 9.50, 150.04); 
update estoque set quant_venda = quant_venda + 2, quant_atual = quant_atual - 2 where id = 224; 
update estoque_total set total = total - 2 where medicamento_id = 224; 
insert into itens_venda values (default, 2052, 433, 433, 1, 0.00, 27.15); 
update estoque set quant_venda = quant_venda + 1, quant_atual = quant_atual - 1 where id = 433; 
update estoque_total set total = total - 1 where medicamento_id = 433; 

insert into venda values (2053, '2023-09-10 10:49:32', 158.97, 5, 22); 
insert into itens_venda values (default, 2053, 201, 201, 2, 6.40, 65.08); 
update estoque set quant_venda = quant_venda + 2, quant_atual = quant_atual - 2 where id = 201; 
update estoque_total set total = total - 2 where medicamento_id = 201; 
insert into estoque values (default, 201, 'lote 864671', '2023-09-10', '2026-02-26', 25.85, 20, 0, 20); 
update estoque_total set total = total + 20 where medicamento_id = 201; 
insert into itens_venda values (default, 2053, 165, 165, 1, 2.30, 37.10); 
update estoque set quant_venda = quant_venda + 1, quant_atual = quant_atual - 1 where id = 165; 
update estoque_total set total = total - 1 where medicamento_id = 165; 
insert into itens_venda values (default, 2053, 381, 381, 1, 3.60, 56.79); 
update estoque set quant_venda = quant_venda + 1, quant_atual = quant_atual - 1 where id = 381; 
update estoque_total set total = total - 1 where medicamento_id = 381; 

insert into venda values (2054, '2023-09-10 11:54:25', 304.91, null, null); 
insert into itens_venda values (default, 2054, 483, 483, 2, 3.00, 97.42); 
update estoque set quant_venda = quant_venda + 2, quant_atual = quant_atual - 2 where id = 483; 
update estoque_total set total = total - 2 where medicamento_id = 483; 
insert into itens_venda values (default, 2054, 337, 337, 2, 3.60, 86.62); 
update estoque set quant_venda = quant_venda + 2, quant_atual = quant_atual - 2 where id = 337; 
update estoque_total set total = total - 2 where medicamento_id = 337; 
insert into itens_venda values (default, 2054, 174, 174, 1, 0.00, 120.87); 
update estoque set quant_venda = quant_venda + 1, quant_atual = quant_atual - 1 where id = 174; 
update estoque_total set total = total - 1 where medicamento_id = 174; 

insert into venda values (2055, '2023-09-10 12:38:45', 208.06, 8, null); 
insert into itens_venda values (default, 2055, 376, 376, 2, 0.80, 29.00); 
update estoque set quant_venda = quant_venda + 2, quant_atual = quant_atual - 2 where id = 376; 
update estoque_total set total = total - 2 where medicamento_id = 376; 
insert into itens_venda values (default, 2055, 437, 437, 1, 0.00, 26.18); 
update estoque set quant_venda = quant_venda + 1, quant_atual = quant_atual - 1 where id = 437; 
update estoque_total set total = total - 1 where medicamento_id = 437; 
insert into itens_venda values (default, 2055, 147, 147, 1, 9.70, 152.88); 
update estoque set quant_venda = quant_venda + 1, quant_atual = quant_atual - 1 where id = 147; 
update estoque_total set total = total - 1 where medicamento_id = 147; 

insert into venda values (2056, '2023-09-10 13:49:49', 87.40, null, null); 
insert into itens_venda values (default, 2056, 470, 470, 1, 0.00, 87.40); 
update estoque set quant_venda = quant_venda + 1, quant_atual = quant_atual - 1 where id = 470; 
update estoque_total set total = total - 1 where medicamento_id = 470; 

insert into venda values (2057, '2023-09-10 13:55:59', 72.36, null, 23); 
insert into itens_venda values (default, 2057, 354, 354, 1, 0.70, 72.36); 
update estoque set quant_venda = quant_venda + 1, quant_atual = quant_atual - 1 where id = 354; 
update estoque_total set total = total - 1 where medicamento_id = 354; 

insert into venda values (2058, '2023-09-10 15:14:11', 132.58, 1, null); 
insert into itens_venda values (default, 2058, 363, 363, 2, 11.50, 132.58); 
update estoque set quant_venda = quant_venda + 2, quant_atual = quant_atual - 2 where id = 363; 
update estoque_total set total = total - 2 where medicamento_id = 363; 

insert into venda values (2059, '2023-09-10 16:25:06', 132.92, null, null); 
insert into itens_venda values (default, 2059, 397, 397, 2, 0.00, 36.24); 
update estoque set quant_venda = quant_venda + 2, quant_atual = quant_atual - 2 where id = 397; 
update estoque_total set total = total - 2 where medicamento_id = 397; 
insert into itens_venda values (default, 2059, 464, 464, 2, 0.60, 64.30); 
update estoque set quant_venda = quant_venda + 2, quant_atual = quant_atual - 2 where id = 464; 
update estoque_total set total = total - 2 where medicamento_id = 464; 
insert into itens_venda values (default, 2059, 428, 428, 2, 0.90, 32.38); 
update estoque set quant_venda = quant_venda + 2, quant_atual = quant_atual - 2 where id = 428; 
update estoque_total set total = total - 2 where medicamento_id = 428; 

insert into venda values (2060, '2023-09-10 16:31:47', 136.38, null, null); 
insert into itens_venda values (default, 2060, 30, 30, 1, 1.30, 136.38); 
update estoque set quant_venda = quant_venda + 1, quant_atual = quant_atual - 1 where id = 30; 
update estoque_total set total = total - 1 where medicamento_id = 30; 

insert into venda values (2061, '2023-09-10 16:52:54', 185.26, 4, null); 
insert into itens_venda values (default, 2061, 470, 470, 2, 15.70, 159.10); 
update estoque set quant_venda = quant_venda + 2, quant_atual = quant_atual - 2 where id = 470; 
update estoque_total set total = total - 2 where medicamento_id = 470; 
insert into itens_venda values (default, 2061, 304, 304, 1, 1.30, 26.16); 
update estoque set quant_venda = quant_venda + 1, quant_atual = quant_atual - 1 where id = 304; 
update estoque_total set total = total - 1 where medicamento_id = 304; 

insert into venda values (2062, '2023-09-11 06:31:37', 152.52, null, null); 
insert into itens_venda values (default, 2062, 485, 485, 3, 0.00, 48.27); 
update estoque set quant_venda = quant_venda + 3, quant_atual = quant_atual - 3 where id = 485; 
update estoque_total set total = total - 3 where medicamento_id = 485; 
insert into itens_venda values (default, 2062, 473, 473, 1, 0.00, 49.16); 
update estoque set quant_venda = quant_venda + 1, quant_atual = quant_atual - 1 where id = 473; 
update estoque_total set total = total - 1 where medicamento_id = 473; 
insert into itens_venda values (default, 2062, 462, 462, 3, 1.70, 55.09); 
update estoque set quant_venda = quant_venda + 3, quant_atual = quant_atual - 3 where id = 462; 
update estoque_total set total = total - 3 where medicamento_id = 462; 

insert into venda values (2063, '2023-09-11 07:29:35', 31.74, null, null); 
insert into itens_venda values (default, 2063, 365, 365, 2, 1.30, 31.74); 
update estoque set quant_venda = quant_venda + 2, quant_atual = quant_atual - 2 where id = 365; 
update estoque_total set total = total - 2 where medicamento_id = 365; 

insert into venda values (2064, '2023-09-11 07:39:13', 71.42, null, null); 
insert into itens_venda values (default, 2064, 417, 417, 2, 0.20, 29.28); 
update estoque set quant_venda = quant_venda + 2, quant_atual = quant_atual - 2 where id = 417; 
update estoque_total set total = total - 2 where medicamento_id = 417; 
insert into itens_venda values (default, 2064, 384, 384, 1, 1.70, 42.14); 
update estoque set quant_venda = quant_venda + 1, quant_atual = quant_atual - 1 where id = 384; 
update estoque_total set total = total - 1 where medicamento_id = 384; 

insert into venda values (2065, '2023-09-11 08:25:55', 224.93, null, 25); 
insert into itens_venda values (default, 2065, 169, 169, 1, 1.50, 36.77); 
update estoque set quant_venda = quant_venda + 1, quant_atual = quant_atual - 1 where id = 169; 
update estoque_total set total = total - 1 where medicamento_id = 169; 
insert into itens_venda values (default, 2065, 360, 360, 1, 1.40, 146.66); 
update estoque set quant_venda = quant_venda + 1, quant_atual = quant_atual - 1 where id = 360; 
update estoque_total set total = total - 1 where medicamento_id = 360; 
insert into itens_venda values (default, 2065, 184, 184, 2, 0.80, 41.50); 
update estoque set quant_venda = quant_venda + 2, quant_atual = quant_atual - 2 where id = 184; 
update estoque_total set total = total - 2 where medicamento_id = 184; 

insert into venda values (2066, '2023-09-11 09:28:09', 228.91, null, 22); 
insert into itens_venda values (default, 2066, 358, 358, 1, 0.70, 36.29); 
update estoque set quant_venda = quant_venda + 1, quant_atual = quant_atual - 1 where id = 358; 
update estoque_total set total = total - 1 where medicamento_id = 358; 
insert into itens_venda values (default, 2066, 476, 476, 2, 0.90, 47.44); 
update estoque set quant_venda = quant_venda + 2, quant_atual = quant_atual - 2 where id = 476; 
update estoque_total set total = total - 2 where medicamento_id = 476; 
insert into itens_venda values (default, 2066, 444, 444, 2, 6.00, 145.18); 
update estoque set quant_venda = quant_venda + 2, quant_atual = quant_atual - 2 where id = 444; 
update estoque_total set total = total - 2 where medicamento_id = 444; 

insert into venda values (2067, '2023-09-11 10:36:40', 300.46, 20, null); 
insert into itens_venda values (default, 2067, 425, 425, 2, 0.00, 72.40); 
update estoque set quant_venda = quant_venda + 2, quant_atual = quant_atual - 2 where id = 425; 
update estoque_total set total = total - 2 where medicamento_id = 425; 
insert into itens_venda values (default, 2067, 81, 81, 1, 3.80, 189.95); 
update estoque set quant_venda = quant_venda + 1, quant_atual = quant_atual - 1 where id = 81; 
update estoque_total set total = total - 1 where medicamento_id = 81; 
insert into itens_venda values (default, 2067, 198, 198, 1, 2.80, 38.11); 
update estoque set quant_venda = quant_venda + 1, quant_atual = quant_atual - 1 where id = 198; 
update estoque_total set total = total - 1 where medicamento_id = 198; 

insert into venda values (2068, '2023-09-11 11:52:18', 183.12, null, null); 
insert into itens_venda values (default, 2068, 468, 468, 2, 3.50, 115.44); 
update estoque set quant_venda = quant_venda + 2, quant_atual = quant_atual - 2 where id = 468; 
update estoque_total set total = total - 2 where medicamento_id = 468; 
insert into itens_venda values (default, 2068, 505, 505, 2, 0.00, 67.68); 
update estoque set quant_venda = quant_venda + 2, quant_atual = quant_atual - 2 where id = 505; 
update estoque_total set total = total - 2 where medicamento_id = 505; 

insert into venda values (2069, '2023-09-11 11:53:43', 264.01, null, null); 
insert into itens_venda values (default, 2069, 245, 245, 1, 0.00, 147.75); 
update estoque set quant_venda = quant_venda + 1, quant_atual = quant_atual - 1 where id = 245; 
update estoque_total set total = total - 1 where medicamento_id = 245; 
insert into itens_venda values (default, 2069, 231, 231, 2, 4.80, 116.26); 
update estoque set quant_venda = quant_venda + 2, quant_atual = quant_atual - 2 where id = 231; 
update estoque_total set total = total - 2 where medicamento_id = 231; 

insert into venda values (2070, '2023-09-11 12:04:13', 63.24, null, null); 
insert into itens_venda values (default, 2070, 327, 327, 2, 0.00, 63.24); 
update estoque set quant_venda = quant_venda + 2, quant_atual = quant_atual - 2 where id = 327; 
update estoque_total set total = total - 2 where medicamento_id = 327; 

insert into venda values (2071, '2023-09-11 12:16:45', 447.32, null, null); 
insert into itens_venda values (default, 2071, 270, 270, 1, 6.60, 323.71); 
update estoque set quant_venda = quant_venda + 1, quant_atual = quant_atual - 1 where id = 270; 
update estoque_total set total = total - 1 where medicamento_id = 270; 
insert into itens_venda values (default, 2071, 501, 501, 1, 0.20, 22.89); 
update estoque set quant_venda = quant_venda + 1, quant_atual = quant_atual - 1 where id = 501; 
update estoque_total set total = total - 1 where medicamento_id = 501; 
insert into itens_venda values (default, 2071, 383, 383, 2, 3.10, 100.72); 
update estoque set quant_venda = quant_venda + 2, quant_atual = quant_atual - 2 where id = 383; 
update estoque_total set total = total - 2 where medicamento_id = 383; 

insert into venda values (2072, '2023-09-11 13:07:12', 280.04, 15, null); 
insert into itens_venda values (default, 2072, 426, 426, 2, 4.30, 68.22); 
update estoque set quant_venda = quant_venda + 2, quant_atual = quant_atual - 2 where id = 426; 
update estoque_total set total = total - 2 where medicamento_id = 426; 
insert into itens_venda values (default, 2072, 436, 436, 1, 0.60, 65.14); 
update estoque set quant_venda = quant_venda + 1, quant_atual = quant_atual - 1 where id = 436; 
update estoque_total set total = total - 1 where medicamento_id = 436; 
insert into itens_venda values (default, 2072, 444, 444, 2, 4.50, 146.68); 
update estoque set quant_venda = quant_venda + 2, quant_atual = quant_atual - 2 where id = 444; 
update estoque_total set total = total - 2 where medicamento_id = 444; 

insert into venda values (2073, '2023-09-11 13:19:20', 25.56, null, null); 
insert into itens_venda values (default, 2073, 345, 345, 1, 0.50, 25.56); 
update estoque set quant_venda = quant_venda + 1, quant_atual = quant_atual - 1 where id = 345; 
update estoque_total set total = total - 1 where medicamento_id = 345; 

insert into venda values (2074, '2023-09-12 07:21:57', 262.55, null, null); 
insert into itens_venda values (default, 2074, 435, 435, 1, 2.90, 95.12); 
update estoque set quant_venda = quant_venda + 1, quant_atual = quant_atual - 1 where id = 435; 
update estoque_total set total = total - 1 where medicamento_id = 435; 
insert into itens_venda values (default, 2074, 293, 293, 3, 1.70, 85.69); 
update estoque set quant_venda = quant_venda + 3, quant_atual = quant_atual - 3 where id = 293; 
update estoque_total set total = total - 3 where medicamento_id = 293; 
insert into itens_venda values (default, 2074, 395, 395, 2, 0.80, 81.74); 
update estoque set quant_venda = quant_venda + 2, quant_atual = quant_atual - 2 where id = 395; 
update estoque_total set total = total - 2 where medicamento_id = 395; 

insert into venda values (2075, '2023-09-12 09:16:53', 275.97, 4, null); 
insert into itens_venda values (default, 2075, 449, 449, 2, 3.50, 35.78); 
update estoque set quant_venda = quant_venda + 2, quant_atual = quant_atual - 2 where id = 449; 
update estoque_total set total = total - 2 where medicamento_id = 449; 
insert into itens_venda values (default, 2075, 93, 93, 1, 2.50, 124.01); 
update estoque set quant_venda = quant_venda + 1, quant_atual = quant_atual - 1 where id = 93; 
update estoque_total set total = total - 1 where medicamento_id = 93; 
insert into itens_venda values (default, 2075, 466, 466, 1, 8.70, 116.18); 
update estoque set quant_venda = quant_venda + 1, quant_atual = quant_atual - 1 where id = 466; 
update estoque_total set total = total - 1 where medicamento_id = 466; 

insert into venda values (2076, '2023-09-12 09:59:06', 274.54, null, 25); 
insert into itens_venda values (default, 2076, 258, 258, 2, 0.00, 126.90); 
update estoque set quant_venda = quant_venda + 2, quant_atual = quant_atual - 2 where id = 258; 
update estoque_total set total = total - 2 where medicamento_id = 258; 
insert into itens_venda values (default, 2076, 86, 86, 1, 4.30, 140.00); 
update estoque set quant_venda = quant_venda + 1, quant_atual = quant_atual - 1 where id = 86; 
update estoque_total set total = total - 1 where medicamento_id = 86; 
insert into itens_venda values (default, 2076, 116, 116, 1, 0.10, 7.64); 
update estoque set quant_venda = quant_venda + 1, quant_atual = quant_atual - 1 where id = 116; 
update estoque_total set total = total - 1 where medicamento_id = 116; 

insert into venda values (2077, '2023-09-12 10:40:52', 9.20, null, null); 
insert into itens_venda values (default, 2077, 432, 432, 2, 0.20, 9.20); 
update estoque set quant_venda = quant_venda + 2, quant_atual = quant_atual - 2 where id = 432; 
update estoque_total set total = total - 2 where medicamento_id = 432; 

insert into venda values (2078, '2023-09-12 11:41:42', 343.90, null, null); 
insert into itens_venda values (default, 2078, 257, 257, 1, 0.00, 343.90); 
update estoque set quant_venda = quant_venda + 1, quant_atual = quant_atual - 1 where id = 257; 
update estoque_total set total = total - 1 where medicamento_id = 257; 

insert into venda values (2079, '2023-09-13 06:46:41', 147.09, null, null); 
insert into itens_venda values (default, 2079, 251, 251, 1, 1.40, 73.13); 
update estoque set quant_venda = quant_venda + 1, quant_atual = quant_atual - 1 where id = 251; 
update estoque_total set total = total - 1 where medicamento_id = 251; 
insert into itens_venda values (default, 2079, 243, 243, 2, 3.00, 73.96); 
update estoque set quant_venda = quant_venda + 2, quant_atual = quant_atual - 2 where id = 243; 
update estoque_total set total = total - 2 where medicamento_id = 243; 

insert into venda values (2080, '2023-09-13 07:16:44', 570.29, null, null); 
insert into itens_venda values (default, 2080, 292, 292, 1, 0.10, 10.60); 
update estoque set quant_venda = quant_venda + 1, quant_atual = quant_atual - 1 where id = 292; 
update estoque_total set total = total - 1 where medicamento_id = 292; 
insert into itens_venda values (default, 2080, 139, 139, 1, 6.10, 301.24); 
update estoque set quant_venda = quant_venda + 1, quant_atual = quant_atual - 1 where id = 139; 
update estoque_total set total = total - 1 where medicamento_id = 139; 
insert into itens_venda values (default, 2080, 195, 195, 1, 0.00, 258.45); 
update estoque set quant_venda = quant_venda + 1, quant_atual = quant_atual - 1 where id = 195; 
update estoque_total set total = total - 1 where medicamento_id = 195; 

insert into venda values (2081, '2023-09-13 08:37:09', 59.10, null, null); 
insert into itens_venda values (default, 2081, 475, 475, 3, 1.20, 59.10); 
update estoque set quant_venda = quant_venda + 3, quant_atual = quant_atual - 3 where id = 475; 
update estoque_total set total = total - 3 where medicamento_id = 475; 

insert into venda values (2082, '2023-09-13 08:48:57', 148.86, null, null); 
insert into itens_venda values (default, 2082, 297, 297, 2, 1.10, 115.92); 
update estoque set quant_venda = quant_venda + 2, quant_atual = quant_atual - 2 where id = 297; 
update estoque_total set total = total - 2 where medicamento_id = 297; 
insert into itens_venda values (default, 2082, 494, 494, 2, 0.00, 32.94); 
update estoque set quant_venda = quant_venda + 2, quant_atual = quant_atual - 2 where id = 494; 
update estoque_total set total = total - 2 where medicamento_id = 494; 

insert into venda values (2083, '2023-09-13 10:50:24', 194.70, null, null); 
insert into itens_venda values (default, 2083, 445, 445, 2, 0.30, 36.12); 
update estoque set quant_venda = quant_venda + 2, quant_atual = quant_atual - 2 where id = 445; 
update estoque_total set total = total - 2 where medicamento_id = 445; 
insert into itens_venda values (default, 2083, 469, 469, 2, 1.90, 93.86); 
update estoque set quant_venda = quant_venda + 2, quant_atual = quant_atual - 2 where id = 469; 
update estoque_total set total = total - 2 where medicamento_id = 469; 
insert into itens_venda values (default, 2083, 434, 434, 2, 0.60, 64.72); 
update estoque set quant_venda = quant_venda + 2, quant_atual = quant_atual - 2 where id = 434; 
update estoque_total set total = total - 2 where medicamento_id = 434; 

insert into venda values (2084, '2023-09-14 06:16:46', 28.68, null, null); 
insert into itens_venda values (default, 2084, 417, 417, 2, 0.80, 28.68); 
update estoque set quant_venda = quant_venda + 2, quant_atual = quant_atual - 2 where id = 417; 
update estoque_total set total = total - 2 where medicamento_id = 417; 

insert into venda values (2085, '2023-09-14 08:35:19', 250.74, null, null); 
insert into itens_venda values (default, 2085, 370, 370, 1, 0.00, 237.34); 
update estoque set quant_venda = quant_venda + 1, quant_atual = quant_atual - 1 where id = 370; 
update estoque_total set total = total - 1 where medicamento_id = 370; 
insert into itens_venda values (default, 2085, 504, 504, 2, 0.10, 13.40); 
update estoque set quant_venda = quant_venda + 2, quant_atual = quant_atual - 2 where id = 504; 
update estoque_total set total = total - 2 where medicamento_id = 504; 

insert into venda values (2086, '2023-09-15 07:17:55', 23.05, 5, null); 
insert into itens_venda values (default, 2086, 409, 409, 1, 1.40, 23.05); 
update estoque set quant_venda = quant_venda + 1, quant_atual = quant_atual - 1 where id = 409; 
update estoque_total set total = total - 1 where medicamento_id = 409; 

insert into venda values (2087, '2023-09-15 08:34:45', 178.46, 11, null); 
insert into itens_venda values (default, 2087, 475, 475, 2, 0.80, 39.40); 
update estoque set quant_venda = quant_venda + 2, quant_atual = quant_atual - 2 where id = 475; 
update estoque_total set total = total - 2 where medicamento_id = 475; 
insert into itens_venda values (default, 2087, 244, 244, 1, 0.00, 30.14); 
update estoque set quant_venda = quant_venda + 1, quant_atual = quant_atual - 1 where id = 244; 
update estoque_total set total = total - 1 where medicamento_id = 244; 
insert into itens_venda values (default, 2087, 297, 297, 2, 8.10, 108.92); 
update estoque set quant_venda = quant_venda + 2, quant_atual = quant_atual - 2 where id = 297; 
update estoque_total set total = total - 2 where medicamento_id = 297; 

insert into venda values (2088, '2023-09-15 09:54:22', 308.98, 15, 22); 
insert into itens_venda values (default, 2088, 197, 197, 1, 8.20, 265.36); 
update estoque set quant_venda = quant_venda + 1, quant_atual = quant_atual - 1 where id = 197; 
update estoque_total set total = total - 1 where medicamento_id = 197; 
insert into itens_venda values (default, 2088, 502, 502, 2, 0.00, 43.62); 
update estoque set quant_venda = quant_venda + 2, quant_atual = quant_atual - 2 where id = 502; 
update estoque_total set total = total - 2 where medicamento_id = 502; 

insert into venda values (2089, '2023-09-15 09:59:08', 224.82, null, 21); 
insert into itens_venda values (default, 2089, 261, 261, 1, 0.00, 74.88); 
update estoque set quant_venda = quant_venda + 1, quant_atual = quant_atual - 1 where id = 261; 
update estoque_total set total = total - 1 where medicamento_id = 261; 
insert into itens_venda values (default, 2089, 420, 420, 2, 2.60, 130.94); 
update estoque set quant_venda = quant_venda + 2, quant_atual = quant_atual - 2 where id = 420; 
update estoque_total set total = total - 2 where medicamento_id = 420; 
insert into itens_venda values (default, 2089, 453, 453, 3, 0.50, 19.00); 
update estoque set quant_venda = quant_venda + 3, quant_atual = quant_atual - 3 where id = 453; 
update estoque_total set total = total - 3 where medicamento_id = 453; 

insert into venda values (2090, '2023-09-15 11:16:50', 243.26, 8, 23); 
insert into itens_venda values (default, 2090, 472, 472, 3, 2.60, 85.36); 
update estoque set quant_venda = quant_venda + 3, quant_atual = quant_atual - 3 where id = 472; 
update estoque_total set total = total - 3 where medicamento_id = 472; 
insert into itens_venda values (default, 2090, 444, 444, 2, 12.00, 139.18); 
update estoque set quant_venda = quant_venda + 2, quant_atual = quant_atual - 2 where id = 444; 
update estoque_total set total = total - 2 where medicamento_id = 444; 
insert into itens_venda values (default, 2090, 90, 90, 1, 0.00, 18.72); 
update estoque set quant_venda = quant_venda + 1, quant_atual = quant_atual - 1 where id = 90; 
update estoque_total set total = total - 1 where medicamento_id = 90; 

insert into venda values (2091, '2023-09-15 11:18:31', 120.09, 13, 23); 
insert into itens_venda values (default, 2091, 469, 469, 1, 2.80, 45.08); 
update estoque set quant_venda = quant_venda + 1, quant_atual = quant_atual - 1 where id = 469; 
update estoque_total set total = total - 1 where medicamento_id = 469; 
insert into itens_venda values (default, 2091, 397, 397, 2, 1.40, 34.84); 
update estoque set quant_venda = quant_venda + 2, quant_atual = quant_atual - 2 where id = 397; 
update estoque_total set total = total - 2 where medicamento_id = 397; 
insert into itens_venda values (default, 2091, 118, 118, 1, 0.40, 40.17); 
update estoque set quant_venda = quant_venda + 1, quant_atual = quant_atual - 1 where id = 118; 
update estoque_total set total = total - 1 where medicamento_id = 118; 

insert into venda values (2092, '2023-09-15 12:26:03', 47.84, null, null); 
insert into itens_venda values (default, 2092, 92, 92, 1, 0.40, 47.84); 
update estoque set quant_venda = quant_venda + 1, quant_atual = quant_atual - 1 where id = 92; 
update estoque_total set total = total - 1 where medicamento_id = 92; 

insert into venda values (2093, '2023-09-15 12:40:51', 205.68, null, 24); 
insert into itens_venda values (default, 2093, 265, 265, 1, 0.00, 69.40); 
update estoque set quant_venda = quant_venda + 1, quant_atual = quant_atual - 1 where id = 265; 
update estoque_total set total = total - 1 where medicamento_id = 265; 
insert into itens_venda values (default, 2093, 298, 298, 1, 2.10, 103.88); 
update estoque set quant_venda = quant_venda + 1, quant_atual = quant_atual - 1 where id = 298; 
update estoque_total set total = total - 1 where medicamento_id = 298; 
insert into itens_venda values (default, 2093, 424, 424, 3, 0.60, 32.40); 
update estoque set quant_venda = quant_venda + 3, quant_atual = quant_atual - 3 where id = 424; 
update estoque_total set total = total - 3 where medicamento_id = 424; 

insert into venda values (2094, '2023-09-15 12:43:41', 69.24, 9, null); 
insert into itens_venda values (default, 2094, 363, 363, 1, 2.80, 69.24); 
update estoque set quant_venda = quant_venda + 1, quant_atual = quant_atual - 1 where id = 363; 
update estoque_total set total = total - 1 where medicamento_id = 363; 

insert into venda values (2095, '2023-09-16 07:27:46', 104.15, null, null); 
insert into itens_venda values (default, 2095, 463, 463, 3, 0.80, 39.25); 
update estoque set quant_venda = quant_venda + 3, quant_atual = quant_atual - 3 where id = 463; 
update estoque_total set total = total - 3 where medicamento_id = 463; 
insert into itens_venda values (default, 2095, 464, 464, 2, 0.00, 64.90); 
update estoque set quant_venda = quant_venda + 2, quant_atual = quant_atual - 2 where id = 464; 
update estoque_total set total = total - 2 where medicamento_id = 464; 

insert into venda values (2096, '2023-09-16 09:40:30', 46.01, null, null); 
insert into itens_venda values (default, 2096, 500, 500, 3, 1.90, 46.01); 
update estoque set quant_venda = quant_venda + 3, quant_atual = quant_atual - 3 where id = 500; 
update estoque_total set total = total - 3 where medicamento_id = 500; 

insert into venda values (2097, '2023-09-16 10:22:33', 152.54, null, null); 
insert into itens_venda values (default, 2097, 253, 253, 2, 1.50, 152.54); 
update estoque set quant_venda = quant_venda + 2, quant_atual = quant_atual - 2 where id = 253; 
update estoque_total set total = total - 2 where medicamento_id = 253; 

insert into venda values (2098, '2023-09-16 12:41:36', 225.27, null, null); 
insert into itens_venda values (default, 2098, 171, 171, 1, 2.10, 69.19); 
update estoque set quant_venda = quant_venda + 1, quant_atual = quant_atual - 1 where id = 171; 
update estoque_total set total = total - 1 where medicamento_id = 171; 
insert into itens_venda values (default, 2098, 372, 372, 1, 3.20, 104.30); 
update estoque set quant_venda = quant_venda + 1, quant_atual = quant_atual - 1 where id = 372; 
update estoque_total set total = total - 1 where medicamento_id = 372; 
insert into itens_venda values (default, 2098, 352, 352, 2, 2.10, 51.78); 
update estoque set quant_venda = quant_venda + 2, quant_atual = quant_atual - 2 where id = 352; 
update estoque_total set total = total - 2 where medicamento_id = 352; 

insert into venda values (2099, '2023-09-16 14:55:20', 200.28, 16, null); 
insert into itens_venda values (default, 2099, 457, 457, 1, 2.70, 31.47); 
update estoque set quant_venda = quant_venda + 1, quant_atual = quant_atual - 1 where id = 457; 
update estoque_total set total = total - 1 where medicamento_id = 457; 
insert into itens_venda values (default, 2099, 371, 371, 1, 5.50, 132.03); 
update estoque set quant_venda = quant_venda + 1, quant_atual = quant_atual - 1 where id = 371; 
update estoque_total set total = total - 1 where medicamento_id = 371; 
insert into itens_venda values (default, 2099, 220, 220, 3, 0.00, 36.78); 
update estoque set quant_venda = quant_venda + 3, quant_atual = quant_atual - 3 where id = 220; 
update estoque_total set total = total - 3 where medicamento_id = 220; 

insert into venda values (2100, '2023-09-16 15:11:46', 186.61, null, null); 
insert into itens_venda values (default, 2100, 438, 438, 1, 0.50, 51.79); 
update estoque set quant_venda = quant_venda + 1, quant_atual = quant_atual - 1 where id = 438; 
update estoque_total set total = total - 1 where medicamento_id = 438; 
insert into itens_venda values (default, 2100, 451, 451, 2, 1.10, 37.40); 
update estoque set quant_venda = quant_venda + 2, quant_atual = quant_atual - 2 where id = 451; 
update estoque_total set total = total - 2 where medicamento_id = 451; 
insert into itens_venda values (default, 2100, 473, 473, 2, 0.90, 97.42); 
update estoque set quant_venda = quant_venda + 2, quant_atual = quant_atual - 2 where id = 473; 
update estoque_total set total = total - 2 where medicamento_id = 473; 

insert into venda values (2101, '2023-09-16 15:52:06', 30.14, 14, null); 
insert into itens_venda values (default, 2101, 495, 495, 3, 1.90, 30.14); 
update estoque set quant_venda = quant_venda + 3, quant_atual = quant_atual - 3 where id = 495; 
update estoque_total set total = total - 3 where medicamento_id = 495; 

insert into venda values (2102, '2023-09-17 06:54:07', 128.88, null, null); 
insert into itens_venda values (default, 2102, 436, 436, 2, 2.60, 128.88); 
update estoque set quant_venda = quant_venda + 2, quant_atual = quant_atual - 2 where id = 436; 
update estoque_total set total = total - 2 where medicamento_id = 436; 

insert into venda values (2103, '2023-09-17 08:17:23', 209.07, null, null); 
insert into itens_venda values (default, 2103, 253, 253, 1, 3.00, 74.02); 
update estoque set quant_venda = quant_venda + 1, quant_atual = quant_atual - 1 where id = 253; 
update estoque_total set total = total - 1 where medicamento_id = 253; 
insert into itens_venda values (default, 2103, 454, 454, 1, 0.00, 88.98); 
update estoque set quant_venda = quant_venda + 1, quant_atual = quant_atual - 1 where id = 454; 
update estoque_total set total = total - 1 where medicamento_id = 454; 
insert into itens_venda values (default, 2103, 423, 423, 3, 1.90, 46.07); 
update estoque set quant_venda = quant_venda + 3, quant_atual = quant_atual - 3 where id = 423; 
update estoque_total set total = total - 3 where medicamento_id = 423; 

insert into venda values (2104, '2023-09-17 09:09:18', 110.44, 12, null); 
insert into itens_venda values (default, 2104, 478, 478, 2, 4.60, 110.44); 
update estoque set quant_venda = quant_venda + 2, quant_atual = quant_atual - 2 where id = 478; 
update estoque_total set total = total - 2 where medicamento_id = 478; 

insert into venda values (2105, '2023-09-17 10:14:42', 184.30, 8, 21); 
insert into itens_venda values (default, 2105, 285, 285, 1, 8.50, 113.68); 
update estoque set quant_venda = quant_venda + 1, quant_atual = quant_atual - 1 where id = 285; 
update estoque_total set total = total - 1 where medicamento_id = 285; 
insert into itens_venda values (default, 2105, 405, 405, 2, 1.40, 70.62); 
update estoque set quant_venda = quant_venda + 2, quant_atual = quant_atual - 2 where id = 405; 
update estoque_total set total = total - 2 where medicamento_id = 405; 

insert into venda values (2106, '2023-09-17 11:17:54', 350.48, null, null); 
insert into itens_venda values (default, 2106, 327, 327, 1, 0.60, 31.02); 
update estoque set quant_venda = quant_venda + 1, quant_atual = quant_atual - 1 where id = 327; 
update estoque_total set total = total - 1 where medicamento_id = 327; 
insert into itens_venda values (default, 2106, 361, 361, 1, 1.80, 187.98); 
update estoque set quant_venda = quant_venda + 1, quant_atual = quant_atual - 1 where id = 361; 
update estoque_total set total = total - 1 where medicamento_id = 361; 
insert into itens_venda values (default, 2106, 436, 436, 2, 0.00, 131.48); 
update estoque set quant_venda = quant_venda + 2, quant_atual = quant_atual - 2 where id = 436; 
update estoque_total set total = total - 2 where medicamento_id = 436; 

insert into venda values (2107, '2023-09-17 11:58:30', 7.36, 18, null); 
insert into itens_venda values (default, 2107, 493, 493, 1, 0.20, 7.36); 
update estoque set quant_venda = quant_venda + 1, quant_atual = quant_atual - 1 where id = 493; 
update estoque_total set total = total - 1 where medicamento_id = 493; 

insert into venda values (2108, '2023-09-17 12:16:48', 150.29, 14, null); 
insert into itens_venda values (default, 2108, 292, 292, 1, 0.20, 10.50); 
update estoque set quant_venda = quant_venda + 1, quant_atual = quant_atual - 1 where id = 292; 
update estoque_total set total = total - 1 where medicamento_id = 292; 
insert into itens_venda values (default, 2108, 350, 350, 1, 1.20, 122.24); 
update estoque set quant_venda = quant_venda + 1, quant_atual = quant_atual - 1 where id = 350; 
update estoque_total set total = total - 1 where medicamento_id = 350; 
insert into itens_venda values (default, 2108, 451, 451, 1, 1.70, 17.55); 
update estoque set quant_venda = quant_venda + 1, quant_atual = quant_atual - 1 where id = 451; 
update estoque_total set total = total - 1 where medicamento_id = 451; 

insert into venda values (2109, '2023-09-17 13:17:11', 16.47, null, null); 
insert into itens_venda values (default, 2109, 494, 494, 1, 0.00, 16.47); 
update estoque set quant_venda = quant_venda + 1, quant_atual = quant_atual - 1 where id = 494; 
update estoque_total set total = total - 1 where medicamento_id = 494; 

insert into venda values (2110, '2023-09-17 14:12:32', 197.50, null, null); 
insert into itens_venda values (default, 2110, 332, 332, 2, 2.50, 123.58); 
update estoque set quant_venda = quant_venda + 2, quant_atual = quant_atual - 2 where id = 332; 
update estoque_total set total = total - 2 where medicamento_id = 332; 
insert into itens_venda values (default, 2110, 456, 456, 2, 3.00, 73.92); 
update estoque set quant_venda = quant_venda + 2, quant_atual = quant_atual - 2 where id = 456; 
update estoque_total set total = total - 2 where medicamento_id = 456; 

insert into venda values (2111, '2023-09-17 14:17:29', 158.98, 18, 22); 
insert into itens_venda values (default, 2111, 141, 141, 1, 4.40, 45.52); 
update estoque set quant_venda = quant_venda + 1, quant_atual = quant_atual - 1 where id = 141; 
update estoque_total set total = total - 1 where medicamento_id = 141; 
insert into itens_venda values (default, 2111, 467, 467, 2, 11.20, 113.46); 
update estoque set quant_venda = quant_venda + 2, quant_atual = quant_atual - 2 where id = 467; 
update estoque_total set total = total - 2 where medicamento_id = 467; 

insert into venda values (2112, '2023-09-17 14:36:25', 47.33, null, 22); 
insert into itens_venda values (default, 2112, 427, 427, 1, 0.20, 12.78); 
update estoque set quant_venda = quant_venda + 1, quant_atual = quant_atual - 1 where id = 427; 
update estoque_total set total = total - 1 where medicamento_id = 427; 
insert into itens_venda values (default, 2112, 286, 286, 1, 0.00, 34.55); 
update estoque set quant_venda = quant_venda + 1, quant_atual = quant_atual - 1 where id = 286; 
update estoque_total set total = total - 1 where medicamento_id = 286; 

insert into venda values (2113, '2023-09-17 15:50:50', 255.50, 11, 23); 
insert into itens_venda values (default, 2113, 489, 489, 2, 0.80, 87.18); 
update estoque set quant_venda = quant_venda + 2, quant_atual = quant_atual - 2 where id = 489; 
update estoque_total set total = total - 2 where medicamento_id = 489; 
insert into itens_venda values (default, 2113, 472, 472, 2, 5.20, 53.44); 
update estoque set quant_venda = quant_venda + 2, quant_atual = quant_atual - 2 where id = 472; 
update estoque_total set total = total - 2 where medicamento_id = 472; 
insert into itens_venda values (default, 2113, 285, 285, 1, 7.30, 114.88); 
update estoque set quant_venda = quant_venda + 1, quant_atual = quant_atual - 1 where id = 285; 
update estoque_total set total = total - 1 where medicamento_id = 285; 

insert into venda values (2114, '2023-09-18 06:11:32', 144.55, null, null); 
insert into itens_venda values (default, 2114, 430, 430, 1, 0.20, 24.51); 
update estoque set quant_venda = quant_venda + 1, quant_atual = quant_atual - 1 where id = 430; 
update estoque_total set total = total - 1 where medicamento_id = 430; 
insert into itens_venda values (default, 2114, 460, 460, 1, 0.70, 36.96); 
update estoque set quant_venda = quant_venda + 1, quant_atual = quant_atual - 1 where id = 460; 
update estoque_total set total = total - 1 where medicamento_id = 460; 
insert into itens_venda values (default, 2114, 313, 313, 2, 0.00, 83.08); 
update estoque set quant_venda = quant_venda + 2, quant_atual = quant_atual - 2 where id = 313; 
update estoque_total set total = total - 2 where medicamento_id = 313; 

insert into venda values (2115, '2023-09-18 06:29:05', 27.40, null, null); 
insert into itens_venda values (default, 2115, 441, 441, 1, 1.10, 27.40); 
update estoque set quant_venda = quant_venda + 1, quant_atual = quant_atual - 1 where id = 441; 
update estoque_total set total = total - 1 where medicamento_id = 441; 

insert into venda values (2116, '2023-09-18 07:03:42', 15.99, null, null); 
insert into itens_venda values (default, 2116, 422, 422, 1, 0.00, 15.99); 
update estoque set quant_venda = quant_venda + 1, quant_atual = quant_atual - 1 where id = 422; 
update estoque_total set total = total - 1 where medicamento_id = 422; 

insert into venda values (2117, '2023-09-18 08:03:24', 64.44, 5, 24); 
insert into itens_venda values (default, 2117, 276, 276, 1, 2.80, 33.30); 
update estoque set quant_venda = quant_venda + 1, quant_atual = quant_atual - 1 where id = 276; 
update estoque_total set total = total - 1 where medicamento_id = 276; 
insert into itens_venda values (default, 2117, 402, 402, 2, 2.60, 31.14); 
update estoque set quant_venda = quant_venda + 2, quant_atual = quant_atual - 2 where id = 402; 
update estoque_total set total = total - 2 where medicamento_id = 402; 

insert into venda values (2118, '2023-09-18 08:19:46', 143.24, null, null); 
insert into itens_venda values (default, 2118, 427, 427, 3, 1.10, 37.84); 
update estoque set quant_venda = quant_venda + 3, quant_atual = quant_atual - 3 where id = 427; 
update estoque_total set total = total - 3 where medicamento_id = 427; 
insert into itens_venda values (default, 2118, 372, 372, 1, 2.10, 105.40); 
update estoque set quant_venda = quant_venda + 1, quant_atual = quant_atual - 1 where id = 372; 
update estoque_total set total = total - 1 where medicamento_id = 372; 

insert into venda values (2119, '2023-09-18 09:06:08', 79.49, null, null); 
insert into itens_venda values (default, 2119, 505, 505, 2, 2.00, 65.68); 
update estoque set quant_venda = quant_venda + 2, quant_atual = quant_atual - 2 where id = 505; 
update estoque_total set total = total - 2 where medicamento_id = 505; 
insert into itens_venda values (default, 2119, 238, 238, 1, 0.40, 13.81); 
update estoque set quant_venda = quant_venda + 1, quant_atual = quant_atual - 1 where id = 238; 
update estoque_total set total = total - 1 where medicamento_id = 238; 

insert into venda values (2120, '2023-09-18 10:27:04', 145.95, null, 25); 
insert into itens_venda values (default, 2120, 185, 185, 1, 0.00, 24.90); 
update estoque set quant_venda = quant_venda + 1, quant_atual = quant_atual - 1 where id = 185; 
update estoque_total set total = total - 1 where medicamento_id = 185; 
insert into itens_venda values (default, 2120, 333, 333, 1, 0.00, 121.05); 
update estoque set quant_venda = quant_venda + 1, quant_atual = quant_atual - 1 where id = 333; 
update estoque_total set total = total - 1 where medicamento_id = 333; 

insert into venda values (2121, '2023-09-18 11:09:53', 400.04, 13, null); 
insert into itens_venda values (default, 2121, 236, 236, 1, 9.20, 123.61); 
update estoque set quant_venda = quant_venda + 1, quant_atual = quant_atual - 1 where id = 236; 
update estoque_total set total = total - 1 where medicamento_id = 236; 
insert into itens_venda values (default, 2121, 263, 263, 1, 19.00, 192.51); 
update estoque set quant_venda = quant_venda + 1, quant_atual = quant_atual - 1 where id = 263; 
update estoque_total set total = total - 1 where medicamento_id = 263; 
insert into itens_venda values (default, 2121, 413, 413, 1, 6.30, 83.92); 
update estoque set quant_venda = quant_venda + 1, quant_atual = quant_atual - 1 where id = 413; 
update estoque_total set total = total - 1 where medicamento_id = 413; 

insert into venda values (2122, '2023-09-18 11:22:06', 210.99, null, null); 
insert into itens_venda values (default, 2122, 154, 154, 1, 2.00, 66.65); 
update estoque set quant_venda = quant_venda + 1, quant_atual = quant_atual - 1 where id = 154; 
update estoque_total set total = total - 1 where medicamento_id = 154; 
insert into itens_venda values (default, 2122, 411, 411, 2, 0.00, 144.34); 
update estoque set quant_venda = quant_venda + 2, quant_atual = quant_atual - 2 where id = 411; 
update estoque_total set total = total - 2 where medicamento_id = 411; 

insert into venda values (2123, '2023-09-18 12:07:50', 199.52, null, null); 
insert into itens_venda values (default, 2123, 471, 471, 2, 0.30, 35.48); 
update estoque set quant_venda = quant_venda + 2, quant_atual = quant_atual - 2 where id = 471; 
update estoque_total set total = total - 2 where medicamento_id = 471; 
insert into itens_venda values (default, 2123, 245, 245, 1, 4.40, 143.35); 
update estoque set quant_venda = quant_venda + 1, quant_atual = quant_atual - 1 where id = 245; 
update estoque_total set total = total - 1 where medicamento_id = 245; 
insert into itens_venda values (default, 2123, 385, 385, 1, 0.80, 20.69); 
update estoque set quant_venda = quant_venda + 1, quant_atual = quant_atual - 1 where id = 385; 
update estoque_total set total = total - 1 where medicamento_id = 385; 

insert into venda values (2124, '2023-09-18 12:13:15', 156.01, 20, null); 
insert into itens_venda values (default, 2124, 348, 348, 2, 1.80, 45.18); 
update estoque set quant_venda = quant_venda + 2, quant_atual = quant_atual - 2 where id = 348; 
update estoque_total set total = total - 2 where medicamento_id = 348; 
insert into itens_venda values (default, 2124, 405, 405, 1, 1.40, 34.61); 
update estoque set quant_venda = quant_venda + 1, quant_atual = quant_atual - 1 where id = 405; 
update estoque_total set total = total - 1 where medicamento_id = 405; 
insert into itens_venda values (default, 2124, 456, 456, 2, 0.70, 76.22); 
update estoque set quant_venda = quant_venda + 2, quant_atual = quant_atual - 2 where id = 456; 
update estoque_total set total = total - 2 where medicamento_id = 456; 

insert into venda values (2125, '2023-09-19 06:28:45', 96.82, null, null); 
insert into itens_venda values (default, 2125, 436, 436, 1, 0.00, 65.74); 
update estoque set quant_venda = quant_venda + 1, quant_atual = quant_atual - 1 where id = 436; 
update estoque_total set total = total - 1 where medicamento_id = 436; 
insert into itens_venda values (default, 2125, 398, 398, 2, 0.00, 31.08); 
update estoque set quant_venda = quant_venda + 2, quant_atual = quant_atual - 2 where id = 398; 
update estoque_total set total = total - 2 where medicamento_id = 398; 

insert into venda values (2126, '2023-09-19 07:51:45', 56.33, 12, 23); 
insert into itens_venda values (default, 2126, 206, 206, 1, 1.60, 32.15); 
update estoque set quant_venda = quant_venda + 1, quant_atual = quant_atual - 1 where id = 206; 
update estoque_total set total = total - 1 where medicamento_id = 206; 
insert into itens_venda values (default, 2126, 437, 437, 1, 2.00, 24.18); 
update estoque set quant_venda = quant_venda + 1, quant_atual = quant_atual - 1 where id = 437; 
update estoque_total set total = total - 1 where medicamento_id = 437; 

insert into venda values (2127, '2023-09-19 08:02:26', 135.04, null, null); 
insert into itens_venda values (default, 2127, 172, 172, 1, 1.30, 135.04); 
update estoque set quant_venda = quant_venda + 1, quant_atual = quant_atual - 1 where id = 172; 
update estoque_total set total = total - 1 where medicamento_id = 172; 

insert into venda values (2128, '2023-09-19 08:41:34', 31.44, null, null); 
insert into itens_venda values (default, 2128, 495, 495, 3, 0.60, 31.44); 
update estoque set quant_venda = quant_venda + 3, quant_atual = quant_atual - 3 where id = 495; 
update estoque_total set total = total - 3 where medicamento_id = 495; 

insert into venda values (2129, '2023-09-19 09:26:06', 224.08, null, null); 
insert into itens_venda values (default, 2129, 499, 499, 2, 2.30, 75.24); 
update estoque set quant_venda = quant_venda + 2, quant_atual = quant_atual - 2 where id = 499; 
update estoque_total set total = total - 2 where medicamento_id = 499; 
insert into itens_venda values (default, 2129, 332, 332, 2, 2.50, 123.58); 
update estoque set quant_venda = quant_venda + 2, quant_atual = quant_atual - 2 where id = 332; 
update estoque_total set total = total - 2 where medicamento_id = 332; 
insert into itens_venda values (default, 2129, 427, 427, 2, 0.70, 25.26); 
update estoque set quant_venda = quant_venda + 2, quant_atual = quant_atual - 2 where id = 427; 
update estoque_total set total = total - 2 where medicamento_id = 427; 

insert into venda values (2130, '2023-09-19 10:32:57', 65.05, null, null); 
insert into itens_venda values (default, 2130, 471, 471, 1, 0.30, 17.59); 
update estoque set quant_venda = quant_venda + 1, quant_atual = quant_atual - 1 where id = 471; 
update estoque_total set total = total - 1 where medicamento_id = 471; 
insert into itens_venda values (default, 2130, 463, 463, 2, 0.20, 26.50); 
update estoque set quant_venda = quant_venda + 2, quant_atual = quant_atual - 2 where id = 463; 
update estoque_total set total = total - 2 where medicamento_id = 463; 
insert into itens_venda values (default, 2130, 495, 495, 2, 0.40, 20.96); 
update estoque set quant_venda = quant_venda + 2, quant_atual = quant_atual - 2 where id = 495; 
update estoque_total set total = total - 2 where medicamento_id = 495; 

insert into venda values (2131, '2023-09-19 11:01:07', 219.17, null, 24); 
insert into itens_venda values (default, 2131, 260, 260, 2, 6.00, 146.14); 
update estoque set quant_venda = quant_venda + 2, quant_atual = quant_atual - 2 where id = 260; 
update estoque_total set total = total - 2 where medicamento_id = 260; 
insert into itens_venda values (default, 2131, 293, 293, 1, 0.00, 29.13); 
update estoque set quant_venda = quant_venda + 1, quant_atual = quant_atual - 1 where id = 293; 
update estoque_total set total = total - 1 where medicamento_id = 293; 
insert into estoque values (default, 293, 'lote 239892', '2023-09-19', '2025-09-08', 21.07, 30, 0, 30); 
update estoque_total set total = total + 30 where medicamento_id = 293; 
insert into itens_venda values (default, 2131, 376, 376, 3, 0.80, 43.90); 
update estoque set quant_venda = quant_venda + 3, quant_atual = quant_atual - 3 where id = 376; 
update estoque_total set total = total - 3 where medicamento_id = 376; 

insert into venda values (2132, '2023-09-19 11:44:37', 213.91, null, 22); 
insert into itens_venda values (default, 2132, 490, 490, 2, 0.00, 104.06); 
update estoque set quant_venda = quant_venda + 2, quant_atual = quant_atual - 2 where id = 490; 
update estoque_total set total = total - 2 where medicamento_id = 490; 
insert into itens_venda values (default, 2132, 422, 422, 3, 0.00, 47.97); 
update estoque set quant_venda = quant_venda + 3, quant_atual = quant_atual - 3 where id = 422; 
update estoque_total set total = total - 3 where medicamento_id = 422; 
insert into itens_venda values (default, 2132, 357, 357, 1, 0.00, 61.88); 
update estoque set quant_venda = quant_venda + 1, quant_atual = quant_atual - 1 where id = 357; 
update estoque_total set total = total - 1 where medicamento_id = 357; 

insert into venda values (2133, '2023-09-19 12:34:41', 352.22, null, 24); 
insert into itens_venda values (default, 2133, 145, 145, 1, 1.20, 126.07); 
update estoque set quant_venda = quant_venda + 1, quant_atual = quant_atual - 1 where id = 145; 
update estoque_total set total = total - 1 where medicamento_id = 145; 
insert into itens_venda values (default, 2133, 338, 338, 2, 7.70, 185.68); 
update estoque set quant_venda = quant_venda + 2, quant_atual = quant_atual - 2 where id = 338; 
update estoque_total set total = total - 2 where medicamento_id = 338; 
insert into itens_venda values (default, 2133, 395, 395, 1, 0.80, 40.47); 
update estoque set quant_venda = quant_venda + 1, quant_atual = quant_atual - 1 where id = 395; 
update estoque_total set total = total - 1 where medicamento_id = 395; 

insert into venda values (2134, '2023-09-19 13:30:26', 63.47, 4, null); 
insert into itens_venda values (default, 2134, 420, 420, 1, 3.30, 63.47); 
update estoque set quant_venda = quant_venda + 1, quant_atual = quant_atual - 1 where id = 420; 
update estoque_total set total = total - 1 where medicamento_id = 420; 

insert into venda values (2135, '2023-09-19 14:04:37', 259.12, 11, null); 
insert into itens_venda values (default, 2135, 498, 498, 1, 2.80, 32.63); 
update estoque set quant_venda = quant_venda + 1, quant_atual = quant_atual - 1 where id = 498; 
update estoque_total set total = total - 1 where medicamento_id = 498; 
insert into itens_venda values (default, 2135, 361, 361, 1, 13.20, 176.58); 
update estoque set quant_venda = quant_venda + 1, quant_atual = quant_atual - 1 where id = 361; 
update estoque_total set total = total - 1 where medicamento_id = 361; 
insert into itens_venda values (default, 2135, 323, 323, 3, 3.10, 49.91); 
update estoque set quant_venda = quant_venda + 3, quant_atual = quant_atual - 3 where id = 323; 
update estoque_total set total = total - 3 where medicamento_id = 323; 

insert into venda values (2136, '2023-09-20 07:21:02', 240.65, null, null); 
insert into itens_venda values (default, 2136, 401, 401, 1, 0.30, 33.34); 
update estoque set quant_venda = quant_venda + 1, quant_atual = quant_atual - 1 where id = 401; 
update estoque_total set total = total - 1 where medicamento_id = 401; 
insert into itens_venda values (default, 2136, 263, 263, 1, 4.20, 207.31); 
update estoque set quant_venda = quant_venda + 1, quant_atual = quant_atual - 1 where id = 263; 
update estoque_total set total = total - 1 where medicamento_id = 263; 

insert into venda values (2137, '2023-09-20 08:40:42', 14.16, 12, null); 
insert into itens_venda values (default, 2137, 474, 474, 1, 0.70, 14.16); 
update estoque set quant_venda = quant_venda + 1, quant_atual = quant_atual - 1 where id = 474; 
update estoque_total set total = total - 1 where medicamento_id = 474; 

insert into venda values (2138, '2023-09-20 09:53:01', 175.49, 9, null); 
insert into itens_venda values (default, 2138, 232, 232, 1, 6.90, 70.75); 
update estoque set quant_venda = quant_venda + 1, quant_atual = quant_atual - 1 where id = 232; 
update estoque_total set total = total - 1 where medicamento_id = 232; 
insert into itens_venda values (default, 2138, 478, 478, 2, 10.30, 104.74); 
update estoque set quant_venda = quant_venda + 2, quant_atual = quant_atual - 2 where id = 478; 
update estoque_total set total = total - 2 where medicamento_id = 478; 

insert into venda values (2139, '2023-09-20 10:13:47', 97.33, null, null); 
insert into itens_venda values (default, 2139, 249, 249, 1, 0.00, 50.85); 
update estoque set quant_venda = quant_venda + 1, quant_atual = quant_atual - 1 where id = 249; 
update estoque_total set total = total - 1 where medicamento_id = 249; 
insert into itens_venda values (default, 2139, 469, 469, 1, 1.40, 46.48); 
update estoque set quant_venda = quant_venda + 1, quant_atual = quant_atual - 1 where id = 469; 
update estoque_total set total = total - 1 where medicamento_id = 469; 

insert into venda values (2140, '2023-09-20 10:19:48', 225.54, null, null); 
insert into itens_venda values (default, 2140, 20, 20, 1, 0.00, 217.98); 
update estoque set quant_venda = quant_venda + 1, quant_atual = quant_atual - 1 where id = 20; 
update estoque_total set total = total - 1 where medicamento_id = 20; 
insert into itens_venda values (default, 2140, 493, 493, 1, 0.00, 7.56); 
update estoque set quant_venda = quant_venda + 1, quant_atual = quant_atual - 1 where id = 493; 
update estoque_total set total = total - 1 where medicamento_id = 493; 

insert into venda values (2141, '2023-09-20 11:07:20', 215.82, null, 24); 
insert into itens_venda values (default, 2141, 141, 141, 1, 0.40, 49.52); 
update estoque set quant_venda = quant_venda + 1, quant_atual = quant_atual - 1 where id = 141; 
update estoque_total set total = total - 1 where medicamento_id = 141; 
insert into itens_venda values (default, 2141, 477, 477, 2, 2.60, 127.48); 
update estoque set quant_venda = quant_venda + 2, quant_atual = quant_atual - 2 where id = 477; 
update estoque_total set total = total - 2 where medicamento_id = 477; 
insert into itens_venda values (default, 2141, 481, 481, 3, 1.20, 38.82); 
update estoque set quant_venda = quant_venda + 3, quant_atual = quant_atual - 3 where id = 481; 
update estoque_total set total = total - 3 where medicamento_id = 481; 

insert into venda values (2142, '2023-09-20 12:18:41', 118.00, 4, null); 
insert into itens_venda values (default, 2142, 469, 469, 2, 7.60, 88.16); 
update estoque set quant_venda = quant_venda + 2, quant_atual = quant_atual - 2 where id = 469; 
update estoque_total set total = total - 2 where medicamento_id = 469; 
insert into itens_venda values (default, 2142, 328, 328, 1, 0.30, 29.84); 
update estoque set quant_venda = quant_venda + 1, quant_atual = quant_atual - 1 where id = 328; 
update estoque_total set total = total - 1 where medicamento_id = 328; 

insert into venda values (2143, '2023-09-20 12:54:52', 226.49, 20, 24); 
insert into itens_venda values (default, 2143, 211, 211, 1, 17.00, 226.49); 
update estoque set quant_venda = quant_venda + 1, quant_atual = quant_atual - 1 where id = 211; 
update estoque_total set total = total - 1 where medicamento_id = 211; 

insert into venda values (2144, '2023-09-20 13:30:10', 35.59, null, null); 
insert into itens_venda values (default, 2144, 479, 479, 1, 1.10, 35.59); 
update estoque set quant_venda = quant_venda + 1, quant_atual = quant_atual - 1 where id = 479; 
update estoque_total set total = total - 1 where medicamento_id = 479; 

insert into venda values (2145, '2023-09-20 14:17:20', 169.15, null, null); 
insert into itens_venda values (default, 2145, 421, 421, 2, 0.10, 18.28); 
update estoque set quant_venda = quant_venda + 2, quant_atual = quant_atual - 2 where id = 421; 
update estoque_total set total = total - 2 where medicamento_id = 421; 
insert into itens_venda values (default, 2145, 408, 408, 1, 4.60, 111.93); 
update estoque set quant_venda = quant_venda + 1, quant_atual = quant_atual - 1 where id = 408; 
update estoque_total set total = total - 1 where medicamento_id = 408; 
insert into itens_venda values (default, 2145, 427, 427, 3, 0.00, 38.94); 
update estoque set quant_venda = quant_venda + 3, quant_atual = quant_atual - 3 where id = 427; 
update estoque_total set total = total - 3 where medicamento_id = 427; 

insert into venda values (2146, '2023-09-21 08:31:59', 114.90, null, null); 
insert into itens_venda values (default, 2146, 269, 269, 2, 1.50, 75.42); 
update estoque set quant_venda = quant_venda + 2, quant_atual = quant_atual - 2 where id = 269; 
update estoque_total set total = total - 2 where medicamento_id = 269; 
insert into itens_venda values (default, 2146, 397, 397, 1, 0.00, 18.12); 
update estoque set quant_venda = quant_venda + 1, quant_atual = quant_atual - 1 where id = 397; 
update estoque_total set total = total - 1 where medicamento_id = 397; 
insert into itens_venda values (default, 2146, 495, 495, 2, 0.00, 21.36); 
update estoque set quant_venda = quant_venda + 2, quant_atual = quant_atual - 2 where id = 495; 
update estoque_total set total = total - 2 where medicamento_id = 495; 

insert into venda values (2147, '2023-09-21 09:37:02', 168.72, null, null); 
insert into itens_venda values (default, 2147, 408, 408, 1, 4.60, 111.93); 
update estoque set quant_venda = quant_venda + 1, quant_atual = quant_atual - 1 where id = 408; 
update estoque_total set total = total - 1 where medicamento_id = 408; 
insert into itens_venda values (default, 2147, 462, 462, 3, 0.00, 56.79); 
update estoque set quant_venda = quant_venda + 3, quant_atual = quant_atual - 3 where id = 462; 
update estoque_total set total = total - 3 where medicamento_id = 462; 

insert into venda values (2148, '2023-09-21 11:49:55', 240.32, 15, null); 
insert into itens_venda values (default, 2148, 241, 241, 2, 0.70, 78.04); 
update estoque set quant_venda = quant_venda + 2, quant_atual = quant_atual - 2 where id = 241; 
update estoque_total set total = total - 2 where medicamento_id = 241; 
insert into itens_venda values (default, 2148, 456, 456, 2, 0.70, 76.22); 
update estoque set quant_venda = quant_venda + 2, quant_atual = quant_atual - 2 where id = 456; 
update estoque_total set total = total - 2 where medicamento_id = 456; 
insert into itens_venda values (default, 2148, 492, 492, 2, 2.60, 86.06); 
update estoque set quant_venda = quant_venda + 2, quant_atual = quant_atual - 2 where id = 492; 
update estoque_total set total = total - 2 where medicamento_id = 492; 

insert into venda values (2149, '2023-09-22 07:21:38', 165.18, 15, 23); 
insert into itens_venda values (default, 2149, 500, 500, 3, 2.80, 45.11); 
update estoque set quant_venda = quant_venda + 3, quant_atual = quant_atual - 3 where id = 500; 
update estoque_total set total = total - 3 where medicamento_id = 500; 
insert into itens_venda values (default, 2149, 366, 366, 2, 0.00, 99.06); 
update estoque set quant_venda = quant_venda + 2, quant_atual = quant_atual - 2 where id = 366; 
update estoque_total set total = total - 2 where medicamento_id = 366; 
insert into itens_venda values (default, 2149, 502, 502, 1, 0.80, 21.01); 
update estoque set quant_venda = quant_venda + 1, quant_atual = quant_atual - 1 where id = 502; 
update estoque_total set total = total - 1 where medicamento_id = 502; 

insert into venda values (2150, '2023-09-23 08:36:08', 246.61, 5, null); 
insert into itens_venda values (default, 2150, 421, 421, 2, 1.60, 16.78); 
update estoque set quant_venda = quant_venda + 2, quant_atual = quant_atual - 2 where id = 421; 
update estoque_total set total = total - 2 where medicamento_id = 421; 
insert into itens_venda values (default, 2150, 307, 307, 1, 12.00, 229.83); 
update estoque set quant_venda = quant_venda + 1, quant_atual = quant_atual - 1 where id = 307; 
update estoque_total set total = total - 1 where medicamento_id = 307; 

insert into venda values (2151, '2023-09-23 08:46:04', 16.37, null, null); 
insert into itens_venda values (default, 2151, 482, 482, 1, 0.00, 16.37); 
update estoque set quant_venda = quant_venda + 1, quant_atual = quant_atual - 1 where id = 482; 
update estoque_total set total = total - 1 where medicamento_id = 482; 

insert into venda values (2152, '2023-09-23 08:59:37', 54.69, 14, null); 
insert into itens_venda values (default, 2152, 183, 183, 1, 0.00, 33.61); 
update estoque set quant_venda = quant_venda + 1, quant_atual = quant_atual - 1 where id = 183; 
update estoque_total set total = total - 1 where medicamento_id = 183; 
insert into itens_venda values (default, 2152, 486, 486, 2, 0.80, 21.08); 
update estoque set quant_venda = quant_venda + 2, quant_atual = quant_atual - 2 where id = 486; 
update estoque_total set total = total - 2 where medicamento_id = 486; 

insert into venda values (2153, '2023-09-23 10:08:01', 109.32, 19, null); 
insert into itens_venda values (default, 2153, 394, 394, 1, 0.20, 28.43); 
update estoque set quant_venda = quant_venda + 1, quant_atual = quant_atual - 1 where id = 394; 
update estoque_total set total = total - 1 where medicamento_id = 394; 
insert into itens_venda values (default, 2153, 386, 386, 2, 0.00, 36.72); 
update estoque set quant_venda = quant_venda + 2, quant_atual = quant_atual - 2 where id = 386; 
update estoque_total set total = total - 2 where medicamento_id = 386; 
insert into itens_venda values (default, 2153, 423, 423, 3, 3.80, 44.17); 
update estoque set quant_venda = quant_venda + 3, quant_atual = quant_atual - 3 where id = 423; 
update estoque_total set total = total - 3 where medicamento_id = 423; 

insert into venda values (2154, '2023-09-23 10:47:12', 66.22, null, null); 
insert into itens_venda values (default, 2154, 395, 395, 1, 1.20, 40.07); 
update estoque set quant_venda = quant_venda + 1, quant_atual = quant_atual - 1 where id = 395; 
update estoque_total set total = total - 1 where medicamento_id = 395; 
insert into itens_venda values (default, 2154, 433, 433, 1, 1.00, 26.15); 
update estoque set quant_venda = quant_venda + 1, quant_atual = quant_atual - 1 where id = 433; 
update estoque_total set total = total - 1 where medicamento_id = 433; 

insert into venda values (2155, '2023-09-24 06:48:38', 84.32, 1, null); 
insert into itens_venda values (default, 2155, 505, 505, 2, 1.30, 66.38); 
update estoque set quant_venda = quant_venda + 2, quant_atual = quant_atual - 2 where id = 505; 
update estoque_total set total = total - 2 where medicamento_id = 505; 
insert into itens_venda values (default, 2155, 449, 449, 1, 1.70, 17.94); 
update estoque set quant_venda = quant_venda + 1, quant_atual = quant_atual - 1 where id = 449; 
update estoque_total set total = total - 1 where medicamento_id = 449; 

insert into venda values (2156, '2023-09-24 07:30:26', 192.70, null, null); 
insert into itens_venda values (default, 2156, 278, 278, 1, 0.30, 34.74); 
update estoque set quant_venda = quant_venda + 1, quant_atual = quant_atual - 1 where id = 278; 
update estoque_total set total = total - 1 where medicamento_id = 278; 
insert into itens_venda values (default, 2156, 352, 352, 1, 0.80, 26.14); 
update estoque set quant_venda = quant_venda + 1, quant_atual = quant_atual - 1 where id = 352; 
update estoque_total set total = total - 1 where medicamento_id = 352; 
insert into itens_venda values (default, 2156, 446, 446, 1, 0.00, 131.82); 
update estoque set quant_venda = quant_venda + 1, quant_atual = quant_atual - 1 where id = 446; 
update estoque_total set total = total - 1 where medicamento_id = 446; 

insert into venda values (2157, '2023-09-24 09:44:55', 18.99, 10, null); 
insert into itens_venda values (default, 2157, 151, 151, 1, 0.00, 18.99); 
update estoque set quant_venda = quant_venda + 1, quant_atual = quant_atual - 1 where id = 151; 
update estoque_total set total = total - 1 where medicamento_id = 151; 

insert into venda values (2158, '2023-09-24 11:45:55', 30.92, 8, null); 
insert into itens_venda values (default, 2158, 486, 486, 3, 1.90, 30.92); 
update estoque set quant_venda = quant_venda + 3, quant_atual = quant_atual - 3 where id = 486; 
update estoque_total set total = total - 3 where medicamento_id = 486; 

insert into venda values (2159, '2023-09-24 14:14:46', 33.00, null, null); 
insert into itens_venda values (default, 2159, 424, 424, 3, 0.00, 33.00); 
update estoque set quant_venda = quant_venda + 3, quant_atual = quant_atual - 3 where id = 424; 
update estoque_total set total = total - 3 where medicamento_id = 424; 

insert into venda values (2160, '2023-09-24 15:16:16', 98.10, 7, 21); 
insert into itens_venda values (default, 2160, 426, 426, 2, 5.00, 67.52); 
update estoque set quant_venda = quant_venda + 2, quant_atual = quant_atual - 2 where id = 426; 
update estoque_total set total = total - 2 where medicamento_id = 426; 
insert into itens_venda values (default, 2160, 339, 339, 1, 1.60, 30.58); 
update estoque set quant_venda = quant_venda + 1, quant_atual = quant_atual - 1 where id = 339; 
update estoque_total set total = total - 1 where medicamento_id = 339; 

insert into venda values (2161, '2023-09-24 17:39:13', 62.83, 15, null); 
insert into itens_venda values (default, 2161, 502, 502, 3, 2.60, 62.83); 
update estoque set quant_venda = quant_venda + 3, quant_atual = quant_atual - 3 where id = 502; 
update estoque_total set total = total - 3 where medicamento_id = 502; 

insert into venda values (2162, '2023-09-25 06:55:49', 154.39, null, null); 
insert into itens_venda values (default, 2162, 418, 418, 3, 0.00, 82.95); 
update estoque set quant_venda = quant_venda + 3, quant_atual = quant_atual - 3 where id = 418; 
update estoque_total set total = total - 3 where medicamento_id = 418; 
insert into itens_venda values (default, 2162, 289, 289, 1, 0.00, 71.44); 
update estoque set quant_venda = quant_venda + 1, quant_atual = quant_atual - 1 where id = 289; 
update estoque_total set total = total - 1 where medicamento_id = 289; 

insert into venda values (2163, '2023-09-25 08:18:16', 207.77, null, null); 
insert into itens_venda values (default, 2163, 472, 472, 3, 1.70, 86.26); 
update estoque set quant_venda = quant_venda + 3, quant_atual = quant_atual - 3 where id = 472; 
update estoque_total set total = total - 3 where medicamento_id = 472; 
insert into itens_venda values (default, 2163, 93, 93, 1, 5.00, 121.51); 
update estoque set quant_venda = quant_venda + 1, quant_atual = quant_atual - 1 where id = 93; 
update estoque_total set total = total - 1 where medicamento_id = 93; 

insert into venda values (2164, '2023-09-25 09:26:08', 118.58, 2, 21); 
insert into itens_venda values (default, 2164, 285, 285, 1, 3.60, 118.58); 
update estoque set quant_venda = quant_venda + 1, quant_atual = quant_atual - 1 where id = 285; 
update estoque_total set total = total - 1 where medicamento_id = 285; 

insert into venda values (2165, '2023-09-25 09:43:22', 140.92, null, 22); 
insert into itens_venda values (default, 2165, 382, 382, 2, 2.70, 66.34); 
update estoque set quant_venda = quant_venda + 2, quant_atual = quant_atual - 2 where id = 382; 
update estoque_total set total = total - 2 where medicamento_id = 382; 
insert into itens_venda values (default, 2165, 336, 336, 2, 1.50, 74.58); 
update estoque set quant_venda = quant_venda + 2, quant_atual = quant_atual - 2 where id = 336; 
update estoque_total set total = total - 2 where medicamento_id = 336; 

insert into venda values (2166, '2023-09-25 10:19:56', 313.34, null, 21); 
insert into itens_venda values (default, 2166, 415, 415, 1, 4.60, 149.02); 
update estoque set quant_venda = quant_venda + 1, quant_atual = quant_atual - 1 where id = 415; 
update estoque_total set total = total - 1 where medicamento_id = 415; 
insert into itens_venda values (default, 2166, 338, 338, 1, 0.90, 95.79); 
update estoque set quant_venda = quant_venda + 1, quant_atual = quant_atual - 1 where id = 338; 
update estoque_total set total = total - 1 where medicamento_id = 338; 
insert into itens_venda values (default, 2166, 407, 407, 1, 1.30, 68.53); 
update estoque set quant_venda = quant_venda + 1, quant_atual = quant_atual - 1 where id = 407; 
update estoque_total set total = total - 1 where medicamento_id = 407; 

insert into venda values (2167, '2023-09-25 10:48:44', 110.46, null, 21); 
insert into itens_venda values (default, 2167, 356, 356, 1, 4.60, 110.46); 
update estoque set quant_venda = quant_venda + 1, quant_atual = quant_atual - 1 where id = 356; 
update estoque_total set total = total - 1 where medicamento_id = 356; 

insert into venda values (2168, '2023-09-25 11:44:59', 72.83, null, null); 
insert into itens_venda values (default, 2168, 486, 486, 2, 0.40, 21.48); 
update estoque set quant_venda = quant_venda + 2, quant_atual = quant_atual - 2 where id = 486; 
update estoque_total set total = total - 2 where medicamento_id = 486; 
insert into itens_venda values (default, 2168, 399, 399, 1, 0.50, 51.35); 
update estoque set quant_venda = quant_venda + 1, quant_atual = quant_atual - 1 where id = 399; 
update estoque_total set total = total - 1 where medicamento_id = 399; 

insert into venda values (2169, '2023-09-25 12:36:03', 45.54, null, null); 
insert into itens_venda values (default, 2169, 368, 368, 3, 1.80, 45.54); 
update estoque set quant_venda = quant_venda + 3, quant_atual = quant_atual - 3 where id = 368; 
update estoque_total set total = total - 3 where medicamento_id = 368; 

insert into venda values (2170, '2023-09-25 13:58:04', 21.36, null, null); 
insert into itens_venda values (default, 2170, 495, 495, 2, 0.00, 21.36); 
update estoque set quant_venda = quant_venda + 2, quant_atual = quant_atual - 2 where id = 495; 
update estoque_total set total = total - 2 where medicamento_id = 495; 

insert into venda values (2171, '2023-09-25 15:20:14', 97.04, null, null); 
insert into itens_venda values (default, 2171, 462, 462, 3, 0.00, 56.79); 
update estoque set quant_venda = quant_venda + 3, quant_atual = quant_atual - 3 where id = 462; 
update estoque_total set total = total - 3 where medicamento_id = 462; 
insert into itens_venda values (default, 2171, 398, 398, 1, 0.00, 15.54); 
update estoque set quant_venda = quant_venda + 1, quant_atual = quant_atual - 1 where id = 398; 
update estoque_total set total = total - 1 where medicamento_id = 398; 
insert into itens_venda values (default, 2171, 429, 429, 1, 0.00, 24.71); 
update estoque set quant_venda = quant_venda + 1, quant_atual = quant_atual - 1 where id = 429; 
update estoque_total set total = total - 1 where medicamento_id = 429; 

insert into venda values (2172, '2023-09-25 16:00:03', 67.44, null, null); 
insert into itens_venda values (default, 2172, 247, 247, 1, 2.00, 67.44); 
update estoque set quant_venda = quant_venda + 1, quant_atual = quant_atual - 1 where id = 247; 
update estoque_total set total = total - 1 where medicamento_id = 247; 

insert into venda values (2173, '2023-09-25 16:48:37', 263.31, 18, null); 
insert into itens_venda values (default, 2173, 318, 318, 2, 1.10, 110.68); 
update estoque set quant_venda = quant_venda + 2, quant_atual = quant_atual - 2 where id = 318; 
update estoque_total set total = total - 2 where medicamento_id = 318; 
insert into itens_venda values (default, 2173, 174, 174, 1, 2.40, 118.47); 
update estoque set quant_venda = quant_venda + 1, quant_atual = quant_atual - 1 where id = 174; 
update estoque_total set total = total - 1 where medicamento_id = 174; 
insert into itens_venda values (default, 2173, 426, 426, 1, 2.10, 34.16); 
update estoque set quant_venda = quant_venda + 1, quant_atual = quant_atual - 1 where id = 426; 
update estoque_total set total = total - 1 where medicamento_id = 426; 

insert into venda values (2174, '2023-09-26 08:24:21', 233.92, 5, 25); 
insert into itens_venda values (default, 2174, 502, 502, 3, 0.00, 65.43); 
update estoque set quant_venda = quant_venda + 3, quant_atual = quant_atual - 3 where id = 502; 
update estoque_total set total = total - 3 where medicamento_id = 502; 
insert into itens_venda values (default, 2174, 150, 150, 1, 12.60, 168.49); 
update estoque set quant_venda = quant_venda + 1, quant_atual = quant_atual - 1 where id = 150; 
update estoque_total set total = total - 1 where medicamento_id = 150; 

insert into venda values (2175, '2023-09-26 10:30:18', 13.40, null, null); 
insert into itens_venda values (default, 2175, 504, 504, 2, 0.10, 13.40); 
update estoque set quant_venda = quant_venda + 2, quant_atual = quant_atual - 2 where id = 504; 
update estoque_total set total = total - 2 where medicamento_id = 504; 

insert into venda values (2176, '2023-09-26 11:24:12', 172.72, null, null); 
insert into itens_venda values (default, 2176, 296, 296, 1, 2.10, 52.36); 
update estoque set quant_venda = quant_venda + 1, quant_atual = quant_atual - 1 where id = 296; 
update estoque_total set total = total - 1 where medicamento_id = 296; 
insert into itens_venda values (default, 2176, 436, 436, 1, 0.60, 65.14); 
update estoque set quant_venda = quant_venda + 1, quant_atual = quant_atual - 1 where id = 436; 
update estoque_total set total = total - 1 where medicamento_id = 436; 
insert into itens_venda values (default, 2176, 478, 478, 1, 2.30, 55.22); 
update estoque set quant_venda = quant_venda + 1, quant_atual = quant_atual - 1 where id = 478; 
update estoque_total set total = total - 1 where medicamento_id = 478; 

insert into venda values (2177, '2023-09-26 13:12:15', 253.46, 14, null); 
insert into itens_venda values (default, 2177, 468, 468, 2, 7.10, 111.84); 
update estoque set quant_venda = quant_venda + 2, quant_atual = quant_atual - 2 where id = 468; 
update estoque_total set total = total - 2 where medicamento_id = 468; 
insert into itens_venda values (default, 2177, 288, 288, 3, 3.90, 45.12); 
update estoque set quant_venda = quant_venda + 3, quant_atual = quant_atual - 3 where id = 288; 
update estoque_total set total = total - 3 where medicamento_id = 288; 
insert into itens_venda values (default, 2177, 399, 399, 2, 7.20, 96.50); 
update estoque set quant_venda = quant_venda + 2, quant_atual = quant_atual - 2 where id = 399; 
update estoque_total set total = total - 2 where medicamento_id = 399; 

insert into venda values (2178, '2023-09-26 13:39:59', 137.38, null, null); 
insert into itens_venda values (default, 2178, 406, 406, 1, 0.00, 7.20); 
update estoque set quant_venda = quant_venda + 1, quant_atual = quant_atual - 1 where id = 406; 
update estoque_total set total = total - 1 where medicamento_id = 406; 
insert into itens_venda values (default, 2178, 436, 436, 2, 1.30, 130.18); 
update estoque set quant_venda = quant_venda + 2, quant_atual = quant_atual - 2 where id = 436; 
update estoque_total set total = total - 2 where medicamento_id = 436; 

insert into venda values (2179, '2023-09-26 14:21:39', 173.65, null, 21); 
insert into itens_venda values (default, 2179, 448, 448, 1, 0.00, 16.49); 
update estoque set quant_venda = quant_venda + 1, quant_atual = quant_atual - 1 where id = 448; 
update estoque_total set total = total - 1 where medicamento_id = 448; 
insert into itens_venda values (default, 2179, 286, 286, 2, 0.60, 68.50); 
update estoque set quant_venda = quant_venda + 2, quant_atual = quant_atual - 2 where id = 286; 
update estoque_total set total = total - 2 where medicamento_id = 286; 
insert into itens_venda values (default, 2179, 492, 492, 2, 0.00, 88.66); 
update estoque set quant_venda = quant_venda + 2, quant_atual = quant_atual - 2 where id = 492; 
update estoque_total set total = total - 2 where medicamento_id = 492; 

insert into venda values (2180, '2023-09-26 16:28:23', 149.19, 6, null); 
insert into itens_venda values (default, 2180, 500, 500, 3, 2.30, 45.61); 
update estoque set quant_venda = quant_venda + 3, quant_atual = quant_atual - 3 where id = 500; 
update estoque_total set total = total - 3 where medicamento_id = 500; 
insert into itens_venda values (default, 2180, 438, 438, 2, 1.00, 103.58); 
update estoque set quant_venda = quant_venda + 2, quant_atual = quant_atual - 2 where id = 438; 
update estoque_total set total = total - 2 where medicamento_id = 438; 

insert into venda values (2181, '2023-09-27 06:11:01', 78.30, null, 22); 
insert into itens_venda values (default, 2181, 357, 357, 1, 2.40, 59.48); 
update estoque set quant_venda = quant_venda + 1, quant_atual = quant_atual - 1 where id = 357; 
update estoque_total set total = total - 1 where medicamento_id = 357; 
insert into itens_venda values (default, 2181, 324, 324, 1, 0.70, 18.82); 
update estoque set quant_venda = quant_venda + 1, quant_atual = quant_atual - 1 where id = 324; 
update estoque_total set total = total - 1 where medicamento_id = 324; 

insert into venda values (2182, '2023-09-27 06:48:36', 160.79, 18, null); 
insert into itens_venda values (default, 2182, 44, 44, 1, 11.70, 119.02); 
update estoque set quant_venda = quant_venda + 1, quant_atual = quant_atual - 1 where id = 44; 
update estoque_total set total = total - 1 where medicamento_id = 44; 
insert into itens_venda values (default, 2182, 493, 493, 2, 0.00, 15.12); 
update estoque set quant_venda = quant_venda + 2, quant_atual = quant_atual - 2 where id = 493; 
update estoque_total set total = total - 2 where medicamento_id = 493; 
insert into itens_venda values (default, 2182, 433, 433, 1, 0.50, 26.65); 
update estoque set quant_venda = quant_venda + 1, quant_atual = quant_atual - 1 where id = 433; 
update estoque_total set total = total - 1 where medicamento_id = 433; 
insert into estoque values (default, 433, 'lote 678622', '2023-09-27', '2026-03-15', 20.38, 70, 0, 70); 
update estoque_total set total = total + 70 where medicamento_id = 433; 

insert into venda values (2183, '2023-09-27 07:30:26', 184.90, 10, null); 
insert into itens_venda values (default, 2183, 416, 416, 1, 1.50, 21.26); 
update estoque set quant_venda = quant_venda + 1, quant_atual = quant_atual - 1 where id = 416; 
update estoque_total set total = total - 1 where medicamento_id = 416; 
insert into itens_venda values (default, 2183, 468, 468, 2, 0.00, 118.94); 
update estoque set quant_venda = quant_venda + 2, quant_atual = quant_atual - 2 where id = 468; 
update estoque_total set total = total - 2 where medicamento_id = 468; 
insert into itens_venda values (default, 2183, 376, 376, 3, 0.00, 44.70); 
update estoque set quant_venda = quant_venda + 3, quant_atual = quant_atual - 3 where id = 376; 
update estoque_total set total = total - 3 where medicamento_id = 376; 

insert into venda values (2184, '2023-09-27 07:48:19', 340.17, null, 23); 
insert into itens_venda values (default, 2184, 89, 89, 1, 4.80, 235.91); 
update estoque set quant_venda = quant_venda + 1, quant_atual = quant_atual - 1 where id = 89; 
update estoque_total set total = total - 1 where medicamento_id = 89; 
insert into itens_venda values (default, 2184, 482, 482, 1, 0.10, 16.27); 
update estoque set quant_venda = quant_venda + 1, quant_atual = quant_atual - 1 where id = 482; 
update estoque_total set total = total - 1 where medicamento_id = 482; 
insert into itens_venda values (default, 2184, 369, 369, 1, 1.70, 87.99); 
update estoque set quant_venda = quant_venda + 1, quant_atual = quant_atual - 1 where id = 369; 
update estoque_total set total = total - 1 where medicamento_id = 369; 

insert into venda values (2185, '2023-09-27 08:41:58', 382.64, null, 23); 
insert into itens_venda values (default, 2185, 106, 106, 1, 11.80, 382.64); 
update estoque set quant_venda = quant_venda + 1, quant_atual = quant_atual - 1 where id = 106; 
update estoque_total set total = total - 1 where medicamento_id = 106; 

insert into venda values (2186, '2023-09-27 09:39:29', 224.75, 3, null); 
insert into itens_venda values (default, 2186, 320, 320, 1, 0.00, 208.76); 
update estoque set quant_venda = quant_venda + 1, quant_atual = quant_atual - 1 where id = 320; 
update estoque_total set total = total - 1 where medicamento_id = 320; 
insert into itens_venda values (default, 2186, 422, 422, 1, 0.00, 15.99); 
update estoque set quant_venda = quant_venda + 1, quant_atual = quant_atual - 1 where id = 422; 
update estoque_total set total = total - 1 where medicamento_id = 422; 

insert into venda values (2187, '2023-09-27 10:17:08', 19.25, null, null); 
insert into itens_venda values (default, 2187, 451, 451, 1, 0.00, 19.25); 
update estoque set quant_venda = quant_venda + 1, quant_atual = quant_atual - 1 where id = 451; 
update estoque_total set total = total - 1 where medicamento_id = 451; 

insert into venda values (2188, '2023-09-27 10:32:52', 193.70, 7, null); 
insert into itens_venda values (default, 2188, 443, 443, 1, 0.90, 22.50); 
update estoque set quant_venda = quant_venda + 1, quant_atual = quant_atual - 1 where id = 443; 
update estoque_total set total = total - 1 where medicamento_id = 443; 
insert into itens_venda values (default, 2188, 490, 490, 2, 5.20, 98.86); 
update estoque set quant_venda = quant_venda + 2, quant_atual = quant_atual - 2 where id = 490; 
update estoque_total set total = total - 2 where medicamento_id = 490; 
insert into itens_venda values (default, 2188, 437, 437, 3, 6.20, 72.34); 
update estoque set quant_venda = quant_venda + 3, quant_atual = quant_atual - 3 where id = 437; 
update estoque_total set total = total - 3 where medicamento_id = 437; 

insert into venda values (2189, '2023-09-27 10:38:16', 96.56, null, null); 
insert into itens_venda values (default, 2189, 488, 488, 2, 1.90, 96.56); 
update estoque set quant_venda = quant_venda + 2, quant_atual = quant_atual - 2 where id = 488; 
update estoque_total set total = total - 2 where medicamento_id = 488; 

insert into venda values (2190, '2023-09-27 11:02:01', 52.29, 3, null); 
insert into itens_venda values (default, 2190, 438, 438, 1, 0.00, 52.29); 
update estoque set quant_venda = quant_venda + 1, quant_atual = quant_atual - 1 where id = 438; 
update estoque_total set total = total - 1 where medicamento_id = 438; 

insert into venda values (2191, '2023-09-27 11:25:47', 415.47, 15, 21); 
insert into itens_venda values (default, 2191, 211, 211, 1, 17.00, 226.49); 
update estoque set quant_venda = quant_venda + 1, quant_atual = quant_atual - 1 where id = 211; 
update estoque_total set total = total - 1 where medicamento_id = 211; 
insert into itens_venda values (default, 2191, 172, 172, 1, 10.90, 125.44); 
update estoque set quant_venda = quant_venda + 1, quant_atual = quant_atual - 1 where id = 172; 
update estoque_total set total = total - 1 where medicamento_id = 172; 
insert into itens_venda values (default, 2191, 382, 382, 2, 5.50, 63.54); 
update estoque set quant_venda = quant_venda + 2, quant_atual = quant_atual - 2 where id = 382; 
update estoque_total set total = total - 2 where medicamento_id = 382; 

insert into venda values (2192, '2023-09-28 07:05:51', 337.93, null, 21); 
insert into itens_venda values (default, 2192, 278, 278, 1, 0.70, 34.34); 
update estoque set quant_venda = quant_venda + 1, quant_atual = quant_atual - 1 where id = 278; 
update estoque_total set total = total - 1 where medicamento_id = 278; 
insert into itens_venda values (default, 2192, 91, 91, 1, 2.50, 251.63); 
update estoque set quant_venda = quant_venda + 1, quant_atual = quant_atual - 1 where id = 91; 
update estoque_total set total = total - 1 where medicamento_id = 91; 
insert into itens_venda values (default, 2192, 233, 233, 2, 0.00, 51.96); 
update estoque set quant_venda = quant_venda + 2, quant_atual = quant_atual - 2 where id = 233; 
update estoque_total set total = total - 2 where medicamento_id = 233; 

insert into venda values (2193, '2023-09-28 07:53:58', 167.88, 16, 23); 
insert into itens_venda values (default, 2193, 493, 493, 1, 0.10, 7.46); 
update estoque set quant_venda = quant_venda + 1, quant_atual = quant_atual - 1 where id = 493; 
update estoque_total set total = total - 1 where medicamento_id = 493; 
insert into itens_venda values (default, 2193, 330, 330, 2, 4.90, 160.42); 
update estoque set quant_venda = quant_venda + 2, quant_atual = quant_atual - 2 where id = 330; 
update estoque_total set total = total - 2 where medicamento_id = 330; 

insert into venda values (2194, '2023-09-28 08:54:43', 10.20, 4, null); 
insert into itens_venda values (default, 2194, 424, 424, 1, 0.80, 10.20); 
update estoque set quant_venda = quant_venda + 1, quant_atual = quant_atual - 1 where id = 424; 
update estoque_total set total = total - 1 where medicamento_id = 424; 

insert into venda values (2195, '2023-09-29 06:00:44', 26.43, 12, null); 
insert into itens_venda values (default, 2195, 394, 394, 1, 2.20, 26.43); 
update estoque set quant_venda = quant_venda + 1, quant_atual = quant_atual - 1 where id = 394; 
update estoque_total set total = total - 1 where medicamento_id = 394; 

insert into venda values (2196, '2023-09-29 07:28:31', 124.81, null, null); 
insert into itens_venda values (default, 2196, 79, 79, 1, 1.20, 124.81); 
update estoque set quant_venda = quant_venda + 1, quant_atual = quant_atual - 1 where id = 79; 
update estoque_total set total = total - 1 where medicamento_id = 79; 

insert into venda values (2197, '2023-09-29 07:58:29', 70.96, 20, 22); 
insert into itens_venda values (default, 2197, 354, 354, 1, 2.10, 70.96); 
update estoque set quant_venda = quant_venda + 1, quant_atual = quant_atual - 1 where id = 354; 
update estoque_total set total = total - 1 where medicamento_id = 354; 

insert into venda values (2198, '2023-09-29 09:26:12', 271.51, null, null); 
insert into itens_venda values (default, 2198, 300, 300, 1, 0.00, 250.00); 
update estoque set quant_venda = quant_venda + 1, quant_atual = quant_atual - 1 where id = 300; 
update estoque_total set total = total - 1 where medicamento_id = 300; 
insert into itens_venda values (default, 2198, 496, 496, 3, 0.60, 21.51); 
update estoque set quant_venda = quant_venda + 3, quant_atual = quant_atual - 3 where id = 496; 
update estoque_total set total = total - 3 where medicamento_id = 496; 

insert into venda values (2199, '2023-09-29 11:08:34', 76.78, null, null); 
insert into itens_venda values (default, 2199, 498, 498, 1, 0.70, 34.73); 
update estoque set quant_venda = quant_venda + 1, quant_atual = quant_atual - 1 where id = 498; 
update estoque_total set total = total - 1 where medicamento_id = 498; 
insert into itens_venda values (default, 2199, 424, 424, 2, 0.20, 21.80); 
update estoque set quant_venda = quant_venda + 2, quant_atual = quant_atual - 2 where id = 424; 
update estoque_total set total = total - 2 where medicamento_id = 424; 
insert into itens_venda values (default, 2199, 504, 504, 3, 0.00, 20.25); 
update estoque set quant_venda = quant_venda + 3, quant_atual = quant_atual - 3 where id = 504; 
update estoque_total set total = total - 3 where medicamento_id = 504; 

insert into venda values (2200, '2023-09-29 11:49:05', 60.64, null, null); 
insert into itens_venda values (default, 2200, 392, 392, 2, 0.80, 27.12); 
update estoque set quant_venda = quant_venda + 2, quant_atual = quant_atual - 2 where id = 392; 
update estoque_total set total = total - 2 where medicamento_id = 392; 
insert into itens_venda values (default, 2200, 382, 382, 1, 1.00, 33.52); 
update estoque set quant_venda = quant_venda + 1, quant_atual = quant_atual - 1 where id = 382; 
update estoque_total set total = total - 1 where medicamento_id = 382; 

insert into venda values (2201, '2023-09-30 06:05:58', 165.24, null, null); 
insert into itens_venda values (default, 2201, 177, 177, 1, 1.60, 79.74); 
update estoque set quant_venda = quant_venda + 1, quant_atual = quant_atual - 1 where id = 177; 
update estoque_total set total = total - 1 where medicamento_id = 177; 
insert into itens_venda values (default, 2201, 391, 391, 1, 3.50, 85.50); 
update estoque set quant_venda = quant_venda + 1, quant_atual = quant_atual - 1 where id = 391; 
update estoque_total set total = total - 1 where medicamento_id = 391; 

insert into venda values (2202, '2023-09-30 07:01:55', 72.86, 7, null); 
insert into itens_venda values (default, 2202, 393, 393, 3, 0.70, 72.86); 
update estoque set quant_venda = quant_venda + 3, quant_atual = quant_atual - 3 where id = 393; 
update estoque_total set total = total - 3 where medicamento_id = 393; 

insert into venda values (2203, '2023-09-30 09:20:25', 147.12, null, null); 
insert into itens_venda values (default, 2203, 372, 372, 1, 3.20, 104.30); 
update estoque set quant_venda = quant_venda + 1, quant_atual = quant_atual - 1 where id = 372; 
update estoque_total set total = total - 1 where medicamento_id = 372; 
insert into itens_venda values (default, 2203, 502, 502, 2, 0.80, 42.82); 
update estoque set quant_venda = quant_venda + 2, quant_atual = quant_atual - 2 where id = 502; 
update estoque_total set total = total - 2 where medicamento_id = 502; 

insert into venda values (2204, '2023-09-30 11:31:15', 303.82, null, null); 
insert into itens_venda values (default, 2204, 470, 470, 2, 1.70, 173.10); 
update estoque set quant_venda = quant_venda + 2, quant_atual = quant_atual - 2 where id = 470; 
update estoque_total set total = total - 2 where medicamento_id = 470; 
insert into itens_venda values (default, 2204, 44, 44, 1, 0.00, 130.72); 
update estoque set quant_venda = quant_venda + 1, quant_atual = quant_atual - 1 where id = 44; 
update estoque_total set total = total - 1 where medicamento_id = 44; 

insert into venda values (2205, '2023-09-30 12:16:43', 15.22, 10, null); 
insert into itens_venda values (default, 2205, 484, 484, 1, 1.30, 15.22); 
update estoque set quant_venda = quant_venda + 1, quant_atual = quant_atual - 1 where id = 484; 
update estoque_total set total = total - 1 where medicamento_id = 484; 

insert into venda values (2206, '2023-09-30 14:23:59', 181.90, 12, null); 
insert into itens_venda values (default, 2206, 438, 438, 2, 7.30, 97.28); 
update estoque set quant_venda = quant_venda + 2, quant_atual = quant_atual - 2 where id = 438; 
update estoque_total set total = total - 2 where medicamento_id = 438; 
insert into itens_venda values (default, 2206, 199, 199, 2, 1.70, 84.62); 
update estoque set quant_venda = quant_venda + 2, quant_atual = quant_atual - 2 where id = 199; 
update estoque_total set total = total - 2 where medicamento_id = 199; 

insert into venda values (2207, '2023-10-01 07:03:09', 103.69, null, 23); 
insert into itens_venda values (default, 2207, 485, 485, 3, 1.40, 46.87); 
update estoque set quant_venda = quant_venda + 3, quant_atual = quant_atual - 3 where id = 485; 
update estoque_total set total = total - 3 where medicamento_id = 485; 
insert into itens_venda values (default, 2207, 184, 184, 1, 0.40, 20.75); 
update estoque set quant_venda = quant_venda + 1, quant_atual = quant_atual - 1 where id = 184; 
update estoque_total set total = total - 1 where medicamento_id = 184; 
insert into itens_venda values (default, 2207, 378, 378, 1, 1.50, 36.07); 
update estoque set quant_venda = quant_venda + 1, quant_atual = quant_atual - 1 where id = 378; 
update estoque_total set total = total - 1 where medicamento_id = 378; 

insert into venda values (2208, '2023-10-01 09:23:22', 203.42, null, null); 
insert into itens_venda values (default, 2208, 419, 419, 3, 0.00, 82.14); 
update estoque set quant_venda = quant_venda + 3, quant_atual = quant_atual - 3 where id = 419; 
update estoque_total set total = total - 3 where medicamento_id = 419; 
insert into itens_venda values (default, 2208, 427, 427, 3, 0.00, 38.94); 
update estoque set quant_venda = quant_venda + 3, quant_atual = quant_atual - 3 where id = 427; 
update estoque_total set total = total - 3 where medicamento_id = 427; 
insert into itens_venda values (default, 2208, 306, 306, 1, 0.80, 82.34); 
update estoque set quant_venda = quant_venda + 1, quant_atual = quant_atual - 1 where id = 306; 
update estoque_total set total = total - 1 where medicamento_id = 306; 

insert into venda values (2209, '2023-10-01 11:50:12', 505.29, 3, null); 
insert into itens_venda values (default, 2209, 259, 259, 1, 11.80, 382.44); 
update estoque set quant_venda = quant_venda + 1, quant_atual = quant_atual - 1 where id = 259; 
update estoque_total set total = total - 1 where medicamento_id = 259; 
insert into itens_venda values (default, 2209, 444, 444, 1, 1.50, 74.09); 
update estoque set quant_venda = quant_venda + 1, quant_atual = quant_atual - 1 where id = 444; 
update estoque_total set total = total - 1 where medicamento_id = 444; 
insert into itens_venda values (default, 2209, 437, 437, 2, 3.60, 48.76); 
update estoque set quant_venda = quant_venda + 2, quant_atual = quant_atual - 2 where id = 437; 
update estoque_total set total = total - 2 where medicamento_id = 437; 

insert into venda values (2210, '2023-10-02 06:39:15', 69.58, 15, null); 
insert into itens_venda values (default, 2210, 390, 390, 1, 2.60, 35.71); 
update estoque set quant_venda = quant_venda + 1, quant_atual = quant_atual - 1 where id = 390; 
update estoque_total set total = total - 1 where medicamento_id = 390; 
insert into itens_venda values (default, 2210, 457, 457, 1, 0.30, 33.87); 
update estoque set quant_venda = quant_venda + 1, quant_atual = quant_atual - 1 where id = 457; 
update estoque_total set total = total - 1 where medicamento_id = 457; 

insert into venda values (2211, '2023-10-02 06:46:51', 96.44, null, null); 
insert into itens_venda values (default, 2211, 66, 66, 2, 4.00, 96.44); 
update estoque set quant_venda = quant_venda + 2, quant_atual = quant_atual - 2 where id = 66; 
update estoque_total set total = total - 2 where medicamento_id = 66; 

insert into venda values (2212, '2023-10-02 06:49:39', 97.00, null, 21); 
insert into itens_venda values (default, 2212, 427, 427, 1, 0.10, 12.88); 
update estoque set quant_venda = quant_venda + 1, quant_atual = quant_atual - 1 where id = 427; 
update estoque_total set total = total - 1 where medicamento_id = 427; 
insert into itens_venda values (default, 2212, 274, 274, 1, 1.40, 34.70); 
update estoque set quant_venda = quant_venda + 1, quant_atual = quant_atual - 1 where id = 274; 
update estoque_total set total = total - 1 where medicamento_id = 274; 
insert into itens_venda values (default, 2212, 430, 430, 2, 0.00, 49.42); 
update estoque set quant_venda = quant_venda + 2, quant_atual = quant_atual - 2 where id = 430; 
update estoque_total set total = total - 2 where medicamento_id = 430; 

insert into venda values (2213, '2023-10-02 06:52:47', 131.48, null, null); 
insert into itens_venda values (default, 2213, 436, 436, 2, 0.00, 131.48); 
update estoque set quant_venda = quant_venda + 2, quant_atual = quant_atual - 2 where id = 436; 
update estoque_total set total = total - 2 where medicamento_id = 436; 

insert into venda values (2214, '2023-10-02 08:07:12', 386.55, 20, 24); 
insert into itens_venda values (default, 2214, 35, 35, 1, 0.00, 244.48); 
update estoque set quant_venda = quant_venda + 1, quant_atual = quant_atual - 1 where id = 35; 
update estoque_total set total = total - 1 where medicamento_id = 35; 
insert into itens_venda values (default, 2214, 13, 13, 1, 14.00, 142.07); 
update estoque set quant_venda = quant_venda + 1, quant_atual = quant_atual - 1 where id = 13; 
update estoque_total set total = total - 1 where medicamento_id = 13; 

insert into venda values (2215, '2023-10-02 08:42:42', 185.78, null, 22); 
insert into itens_venda values (default, 2215, 260, 260, 1, 1.50, 74.57); 
update estoque set quant_venda = quant_venda + 1, quant_atual = quant_atual - 1 where id = 260; 
update estoque_total set total = total - 1 where medicamento_id = 260; 
insert into itens_venda values (default, 2215, 281, 281, 1, 1.70, 55.39); 
update estoque set quant_venda = quant_venda + 1, quant_atual = quant_atual - 1 where id = 281; 
update estoque_total set total = total - 1 where medicamento_id = 281; 
insert into itens_venda values (default, 2215, 478, 478, 1, 1.70, 55.82); 
update estoque set quant_venda = quant_venda + 1, quant_atual = quant_atual - 1 where id = 478; 
update estoque_total set total = total - 1 where medicamento_id = 478; 

insert into venda values (2216, '2023-10-02 09:05:58', 40.68, null, null); 
insert into itens_venda values (default, 2216, 392, 392, 3, 1.20, 40.68); 
update estoque set quant_venda = quant_venda + 3, quant_atual = quant_atual - 3 where id = 392; 
update estoque_total set total = total - 3 where medicamento_id = 392; 

insert into venda values (2217, '2023-10-02 09:13:06', 376.70, null, null); 
insert into itens_venda values (default, 2217, 132, 132, 2, 0.90, 97.78); 
update estoque set quant_venda = quant_venda + 2, quant_atual = quant_atual - 2 where id = 132; 
update estoque_total set total = total - 2 where medicamento_id = 132; 
insert into itens_venda values (default, 2217, 272, 272, 1, 8.20, 268.11); 
update estoque set quant_venda = quant_venda + 1, quant_atual = quant_atual - 1 where id = 272; 
update estoque_total set total = total - 1 where medicamento_id = 272; 
insert into itens_venda values (default, 2217, 503, 503, 3, 0.20, 10.81); 
update estoque set quant_venda = quant_venda + 3, quant_atual = quant_atual - 3 where id = 503; 
update estoque_total set total = total - 3 where medicamento_id = 503; 

insert into venda values (2218, '2023-10-02 10:15:31', 47.85, 10, null); 
insert into itens_venda values (default, 2218, 249, 249, 1, 3.00, 47.85); 
update estoque set quant_venda = quant_venda + 1, quant_atual = quant_atual - 1 where id = 249; 
update estoque_total set total = total - 1 where medicamento_id = 249; 

insert into venda values (2219, '2023-10-02 10:57:02', 121.05, null, null); 
insert into itens_venda values (default, 2219, 482, 482, 1, 0.60, 15.77); 
update estoque set quant_venda = quant_venda + 1, quant_atual = quant_atual - 1 where id = 482; 
update estoque_total set total = total - 1 where medicamento_id = 482; 
insert into itens_venda values (default, 2219, 322, 322, 2, 0.50, 55.74); 
update estoque set quant_venda = quant_venda + 2, quant_atual = quant_atual - 2 where id = 322; 
update estoque_total set total = total - 2 where medicamento_id = 322; 
insert into itens_venda values (default, 2219, 335, 335, 2, 1.50, 49.54); 
update estoque set quant_venda = quant_venda + 2, quant_atual = quant_atual - 2 where id = 335; 
update estoque_total set total = total - 2 where medicamento_id = 335; 

insert into venda values (2220, '2023-10-02 12:07:08', 39.15, 9, null); 
insert into itens_venda values (default, 2220, 451, 451, 1, 0.90, 18.35); 
update estoque set quant_venda = quant_venda + 1, quant_atual = quant_atual - 1 where id = 451; 
update estoque_total set total = total - 1 where medicamento_id = 451; 
insert into itens_venda values (default, 2220, 406, 406, 3, 0.80, 20.80); 
update estoque set quant_venda = quant_venda + 3, quant_atual = quant_atual - 3 where id = 406; 
update estoque_total set total = total - 3 where medicamento_id = 406; 

insert into venda values (2221, '2023-10-02 12:18:39', 139.87, null, null); 
insert into itens_venda values (default, 2221, 341, 341, 1, 0.20, 14.32); 
update estoque set quant_venda = quant_venda + 1, quant_atual = quant_atual - 1 where id = 341; 
update estoque_total set total = total - 1 where medicamento_id = 341; 
insert into itens_venda values (default, 2221, 500, 500, 3, 0.40, 47.51); 
update estoque set quant_venda = quant_venda + 3, quant_atual = quant_atual - 3 where id = 500; 
update estoque_total set total = total - 3 where medicamento_id = 500; 
insert into itens_venda values (default, 2221, 241, 241, 2, 0.70, 78.04); 
update estoque set quant_venda = quant_venda + 2, quant_atual = quant_atual - 2 where id = 241; 
update estoque_total set total = total - 2 where medicamento_id = 241; 

insert into venda values (2222, '2023-10-03 07:18:10', 456.97, null, null); 
insert into itens_venda values (default, 2222, 491, 491, 1, 0.00, 56.45); 
update estoque set quant_venda = quant_venda + 1, quant_atual = quant_atual - 1 where id = 491; 
update estoque_total set total = total - 1 where medicamento_id = 491; 
insert into itens_venda values (default, 2222, 394, 394, 3, 3.40, 82.49); 
update estoque set quant_venda = quant_venda + 3, quant_atual = quant_atual - 3 where id = 394; 
update estoque_total set total = total - 3 where medicamento_id = 394; 
insert into itens_venda values (default, 2222, 100, 100, 1, 13.20, 318.03); 
update estoque set quant_venda = quant_venda + 1, quant_atual = quant_atual - 1 where id = 100; 
update estoque_total set total = total - 1 where medicamento_id = 100; 

insert into venda values (2223, '2023-10-04 07:21:13', 170.36, 1, null); 
insert into itens_venda values (default, 2223, 418, 418, 1, 0.80, 26.85); 
update estoque set quant_venda = quant_venda + 1, quant_atual = quant_atual - 1 where id = 418; 
update estoque_total set total = total - 1 where medicamento_id = 418; 
insert into itens_venda values (default, 2223, 410, 410, 1, 5.30, 101.48); 
update estoque set quant_venda = quant_venda + 1, quant_atual = quant_atual - 1 where id = 410; 
update estoque_total set total = total - 1 where medicamento_id = 410; 
insert into itens_venda values (default, 2223, 234, 234, 1, 2.60, 42.03); 
update estoque set quant_venda = quant_venda + 1, quant_atual = quant_atual - 1 where id = 234; 
update estoque_total set total = total - 1 where medicamento_id = 234; 

insert into venda values (2224, '2023-10-04 07:36:05', 119.80, null, null); 
insert into itens_venda values (default, 2224, 246, 246, 2, 3.70, 119.80); 
update estoque set quant_venda = quant_venda + 2, quant_atual = quant_atual - 2 where id = 246; 
update estoque_total set total = total - 2 where medicamento_id = 246; 

insert into venda values (2225, '2023-10-04 08:56:35', 166.68, null, null); 
insert into itens_venda values (default, 2225, 498, 498, 1, 1.00, 34.43); 
update estoque set quant_venda = quant_venda + 1, quant_atual = quant_atual - 1 where id = 498; 
update estoque_total set total = total - 1 where medicamento_id = 498; 
insert into itens_venda values (default, 2225, 419, 419, 3, 0.80, 81.34); 
update estoque set quant_venda = quant_venda + 3, quant_atual = quant_atual - 3 where id = 419; 
update estoque_total set total = total - 3 where medicamento_id = 419; 
insert into itens_venda values (default, 2225, 323, 323, 3, 2.10, 50.91); 
update estoque set quant_venda = quant_venda + 3, quant_atual = quant_atual - 3 where id = 323; 
update estoque_total set total = total - 3 where medicamento_id = 323; 

insert into venda values (2226, '2023-10-04 09:33:02', 316.87, 7, 23); 
insert into itens_venda values (default, 2226, 467, 467, 1, 1.20, 61.13); 
update estoque set quant_venda = quant_venda + 1, quant_atual = quant_atual - 1 where id = 467; 
update estoque_total set total = total - 1 where medicamento_id = 467; 
insert into itens_venda values (default, 2226, 102, 102, 1, 0.00, 188.50); 
update estoque set quant_venda = quant_venda + 1, quant_atual = quant_atual - 1 where id = 102; 
update estoque_total set total = total - 1 where medicamento_id = 102; 
insert into itens_venda values (default, 2226, 289, 289, 1, 4.20, 67.24); 
update estoque set quant_venda = quant_venda + 1, quant_atual = quant_atual - 1 where id = 289; 
update estoque_total set total = total - 1 where medicamento_id = 289; 

insert into venda values (2227, '2023-10-04 10:15:14', 246.44, 6, 23); 
insert into itens_venda values (default, 2227, 185, 185, 3, 0.00, 74.70); 
update estoque set quant_venda = quant_venda + 3, quant_atual = quant_atual - 3 where id = 185; 
update estoque_total set total = total - 3 where medicamento_id = 185; 
insert into itens_venda values (default, 2227, 205, 205, 1, 14.90, 171.74); 
update estoque set quant_venda = quant_venda + 1, quant_atual = quant_atual - 1 where id = 205; 
update estoque_total set total = total - 1 where medicamento_id = 205; 

insert into venda values (2228, '2023-10-04 11:34:31', 33.55, null, 21); 
insert into itens_venda values (default, 2228, 286, 286, 1, 1.00, 33.55); 
update estoque set quant_venda = quant_venda + 1, quant_atual = quant_atual - 1 where id = 286; 
update estoque_total set total = total - 1 where medicamento_id = 286; 

insert into venda values (2229, '2023-10-04 11:34:38', 73.96, 9, null); 
insert into itens_venda values (default, 2229, 243, 243, 2, 3.00, 73.96); 
update estoque set quant_venda = quant_venda + 2, quant_atual = quant_atual - 2 where id = 243; 
update estoque_total set total = total - 2 where medicamento_id = 243; 

insert into venda values (2230, '2023-10-04 11:53:24', 273.74, null, null); 
insert into itens_venda values (default, 2230, 416, 416, 3, 1.30, 66.98); 
update estoque set quant_venda = quant_venda + 3, quant_atual = quant_atual - 3 where id = 416; 
update estoque_total set total = total - 3 where medicamento_id = 416; 
insert into itens_venda values (default, 2230, 320, 320, 1, 2.00, 206.76); 
update estoque set quant_venda = quant_venda + 1, quant_atual = quant_atual - 1 where id = 320; 
update estoque_total set total = total - 1 where medicamento_id = 320; 

insert into venda values (2231, '2023-10-04 12:57:06', 29.44, 5, null); 
insert into itens_venda values (default, 2231, 500, 500, 2, 2.50, 29.44); 
update estoque set quant_venda = quant_venda + 2, quant_atual = quant_atual - 2 where id = 500; 
update estoque_total set total = total - 2 where medicamento_id = 500; 

insert into venda values (2232, '2023-10-05 06:19:09', 299.32, null, null); 
insert into itens_venda values (default, 2232, 454, 454, 2, 5.30, 172.66); 
update estoque set quant_venda = quant_venda + 2, quant_atual = quant_atual - 2 where id = 454; 
update estoque_total set total = total - 2 where medicamento_id = 454; 
insert into itens_venda values (default, 2232, 478, 478, 2, 3.40, 111.64); 
update estoque set quant_venda = quant_venda + 2, quant_atual = quant_atual - 2 where id = 478; 
update estoque_total set total = total - 2 where medicamento_id = 478; 
insert into itens_venda values (default, 2232, 493, 493, 2, 0.10, 15.02); 
update estoque set quant_venda = quant_venda + 2, quant_atual = quant_atual - 2 where id = 493; 
update estoque_total set total = total - 2 where medicamento_id = 493; 

insert into venda values (2233, '2023-10-05 07:37:09', 119.74, null, 25); 
insert into itens_venda values (default, 2233, 310, 310, 1, 3.70, 119.74); 
update estoque set quant_venda = quant_venda + 1, quant_atual = quant_atual - 1 where id = 310; 
update estoque_total set total = total - 1 where medicamento_id = 310; 

insert into venda values (2234, '2023-10-05 07:52:33', 91.57, null, null); 
insert into itens_venda values (default, 2234, 495, 495, 3, 0.60, 31.44); 
update estoque set quant_venda = quant_venda + 3, quant_atual = quant_atual - 3 where id = 495; 
update estoque_total set total = total - 3 where medicamento_id = 495; 
insert into itens_venda values (default, 2234, 492, 492, 1, 0.00, 44.33); 
update estoque set quant_venda = quant_venda + 1, quant_atual = quant_atual - 1 where id = 492; 
update estoque_total set total = total - 1 where medicamento_id = 492; 
insert into itens_venda values (default, 2234, 404, 404, 1, 0.40, 15.80); 
update estoque set quant_venda = quant_venda + 1, quant_atual = quant_atual - 1 where id = 404; 
update estoque_total set total = total - 1 where medicamento_id = 404; 

insert into venda values (2235, '2023-10-05 09:00:31', 64.92, 2, 21); 
insert into itens_venda values (default, 2235, 121, 121, 1, 2.00, 64.92); 
update estoque set quant_venda = quant_venda + 1, quant_atual = quant_atual - 1 where id = 121; 
update estoque_total set total = total - 1 where medicamento_id = 121; 

insert into venda values (2236, '2023-10-05 09:48:52', 15.62, 8, null); 
insert into itens_venda values (default, 2236, 484, 484, 1, 0.90, 15.62); 
update estoque set quant_venda = quant_venda + 1, quant_atual = quant_atual - 1 where id = 484; 
update estoque_total set total = total - 1 where medicamento_id = 484; 

insert into venda values (2237, '2023-10-05 10:11:34', 124.78, 15, null); 
insert into itens_venda values (default, 2237, 418, 418, 1, 0.80, 26.85); 
update estoque set quant_venda = quant_venda + 1, quant_atual = quant_atual - 1 where id = 418; 
update estoque_total set total = total - 1 where medicamento_id = 418; 
insert into itens_venda values (default, 2237, 341, 341, 3, 1.30, 42.26); 
update estoque set quant_venda = quant_venda + 3, quant_atual = quant_atual - 3 where id = 341; 
update estoque_total set total = total - 3 where medicamento_id = 341; 
insert into itens_venda values (default, 2237, 319, 319, 1, 3.50, 55.67); 
update estoque set quant_venda = quant_venda + 1, quant_atual = quant_atual - 1 where id = 319; 
update estoque_total set total = total - 1 where medicamento_id = 319; 

insert into venda values (2238, '2023-10-05 11:27:27', 54.48, 20, null); 
insert into itens_venda values (default, 2238, 377, 377, 2, 0.60, 32.86); 
update estoque set quant_venda = quant_venda + 2, quant_atual = quant_atual - 2 where id = 377; 
update estoque_total set total = total - 2 where medicamento_id = 377; 
insert into itens_venda values (default, 2238, 450, 450, 1, 0.40, 21.62); 
update estoque set quant_venda = quant_venda + 1, quant_atual = quant_atual - 1 where id = 450; 
update estoque_total set total = total - 1 where medicamento_id = 450; 

insert into venda values (2239, '2023-10-05 12:41:17', 269.72, 8, 22); 
insert into itens_venda values (default, 2239, 497, 497, 1, 1.10, 36.50); 
update estoque set quant_venda = quant_venda + 1, quant_atual = quant_atual - 1 where id = 497; 
update estoque_total set total = total - 1 where medicamento_id = 497; 
insert into itens_venda values (default, 2239, 387, 387, 1, 2.60, 62.50); 
update estoque set quant_venda = quant_venda + 1, quant_atual = quant_atual - 1 where id = 387; 
update estoque_total set total = total - 1 where medicamento_id = 387; 
insert into itens_venda values (default, 2239, 219, 219, 2, 14.80, 170.72); 
update estoque set quant_venda = quant_venda + 2, quant_atual = quant_atual - 2 where id = 219; 
update estoque_total set total = total - 2 where medicamento_id = 219; 

insert into venda values (2240, '2023-10-05 13:17:08', 244.83, 10, 22); 
insert into itens_venda values (default, 2240, 465, 465, 1, 0.00, 122.22); 
update estoque set quant_venda = quant_venda + 1, quant_atual = quant_atual - 1 where id = 465; 
update estoque_total set total = total - 1 where medicamento_id = 465; 
insert into itens_venda values (default, 2240, 469, 469, 2, 5.70, 90.06); 
update estoque set quant_venda = quant_venda + 2, quant_atual = quant_atual - 2 where id = 469; 
update estoque_total set total = total - 2 where medicamento_id = 469; 
insert into itens_venda values (default, 2240, 217, 217, 3, 0.60, 32.55); 
update estoque set quant_venda = quant_venda + 3, quant_atual = quant_atual - 3 where id = 217; 
update estoque_total set total = total - 3 where medicamento_id = 217; 
insert into estoque values (default, 217, 'lote 952722', '2023-10-05', '2025-09-24', 7.99, 20, 0, 20); 
update estoque_total set total = total + 20 where medicamento_id = 217; 

insert into venda values (2241, '2023-10-05 14:19:41', 289.36, null, 22); 
insert into itens_venda values (default, 2241, 354, 354, 1, 2.10, 70.96); 
update estoque set quant_venda = quant_venda + 1, quant_atual = quant_atual - 1 where id = 354; 
update estoque_total set total = total - 1 where medicamento_id = 354; 
insert into itens_venda values (default, 2241, 483, 483, 2, 3.00, 97.42); 
update estoque set quant_venda = quant_venda + 2, quant_atual = quant_atual - 2 where id = 483; 
update estoque_total set total = total - 2 where medicamento_id = 483; 
insert into itens_venda values (default, 2241, 285, 285, 1, 1.20, 120.98); 
update estoque set quant_venda = quant_venda + 1, quant_atual = quant_atual - 1 where id = 285; 
update estoque_total set total = total - 1 where medicamento_id = 285; 

insert into venda values (2242, '2023-10-05 14:51:49', 343.07, 16, null); 
insert into itens_venda values (default, 2242, 363, 363, 2, 12.90, 131.18); 
update estoque set quant_venda = quant_venda + 2, quant_atual = quant_atual - 2 where id = 363; 
update estoque_total set total = total - 2 where medicamento_id = 363; 
insert into itens_venda values (default, 2242, 408, 408, 1, 4.60, 111.93); 
update estoque set quant_venda = quant_venda + 1, quant_atual = quant_atual - 1 where id = 408; 
update estoque_total set total = total - 1 where medicamento_id = 408; 
insert into itens_venda values (default, 2242, 490, 490, 2, 4.10, 99.96); 
update estoque set quant_venda = quant_venda + 2, quant_atual = quant_atual - 2 where id = 490; 
update estoque_total set total = total - 2 where medicamento_id = 490; 

insert into venda values (2243, '2023-10-05 15:41:42', 95.58, null, 24); 
insert into itens_venda values (default, 2243, 472, 472, 2, 1.10, 57.54); 
update estoque set quant_venda = quant_venda + 2, quant_atual = quant_atual - 2 where id = 472; 
update estoque_total set total = total - 2 where medicamento_id = 472; 
insert into itens_venda values (default, 2243, 336, 336, 1, 0.00, 38.04); 
update estoque set quant_venda = quant_venda + 1, quant_atual = quant_atual - 1 where id = 336; 
update estoque_total set total = total - 1 where medicamento_id = 336; 

insert into venda values (2244, '2023-10-05 16:30:57', 477.30, 8, 22); 
insert into itens_venda values (default, 2244, 194, 194, 1, 19.90, 379.98); 
update estoque set quant_venda = quant_venda + 1, quant_atual = quant_atual - 1 where id = 194; 
update estoque_total set total = total - 1 where medicamento_id = 194; 
insert into itens_venda values (default, 2244, 501, 501, 3, 4.80, 64.47); 
update estoque set quant_venda = quant_venda + 3, quant_atual = quant_atual - 3 where id = 501; 
update estoque_total set total = total - 3 where medicamento_id = 501; 
insert into itens_venda values (default, 2244, 286, 286, 1, 1.70, 32.85); 
update estoque set quant_venda = quant_venda + 1, quant_atual = quant_atual - 1 where id = 286; 
update estoque_total set total = total - 1 where medicamento_id = 286; 

insert into venda values (2245, '2023-10-06 07:49:10', 408.18, null, 21); 
insert into itens_venda values (default, 2245, 310, 310, 1, 2.40, 121.04); 
update estoque set quant_venda = quant_venda + 1, quant_atual = quant_atual - 1 where id = 310; 
update estoque_total set total = total - 1 where medicamento_id = 310; 
insert into itens_venda values (default, 2245, 301, 301, 1, 2.80, 287.14); 
update estoque set quant_venda = quant_venda + 1, quant_atual = quant_atual - 1 where id = 301; 
update estoque_total set total = total - 1 where medicamento_id = 301; 

insert into venda values (2246, '2023-10-06 08:50:40', 155.17, null, 25); 
insert into itens_venda values (default, 2246, 351, 351, 3, 1.90, 63.50); 
update estoque set quant_venda = quant_venda + 3, quant_atual = quant_atual - 3 where id = 351; 
update estoque_total set total = total - 3 where medicamento_id = 351; 
insert into itens_venda values (default, 2246, 155, 155, 3, 0.20, 14.65); 
update estoque set quant_venda = quant_venda + 3, quant_atual = quant_atual - 3 where id = 155; 
update estoque_total set total = total - 3 where medicamento_id = 155; 
insert into itens_venda values (default, 2246, 253, 253, 1, 0.00, 77.02); 
update estoque set quant_venda = quant_venda + 1, quant_atual = quant_atual - 1 where id = 253; 
update estoque_total set total = total - 1 where medicamento_id = 253; 

insert into venda values (2247, '2023-10-07 07:19:21', 34.74, null, null); 
insert into itens_venda values (default, 2247, 278, 278, 1, 0.30, 34.74); 
update estoque set quant_venda = quant_venda + 1, quant_atual = quant_atual - 1 where id = 278; 
update estoque_total set total = total - 1 where medicamento_id = 278; 

insert into venda values (2248, '2023-10-07 08:00:10', 153.62, null, null); 
insert into itens_venda values (default, 2248, 415, 415, 1, 0.00, 153.62); 
update estoque set quant_venda = quant_venda + 1, quant_atual = quant_atual - 1 where id = 415; 
update estoque_total set total = total - 1 where medicamento_id = 415; 

insert into venda values (2249, '2023-10-07 09:16:13', 48.16, null, null); 
insert into itens_venda values (default, 2249, 365, 365, 3, 1.40, 48.16); 
update estoque set quant_venda = quant_venda + 3, quant_atual = quant_atual - 3 where id = 365; 
update estoque_total set total = total - 3 where medicamento_id = 365; 

insert into venda values (2250, '2023-10-07 10:25:45', 85.89, null, null); 
insert into itens_venda values (default, 2250, 394, 394, 3, 0.00, 85.89); 
update estoque set quant_venda = quant_venda + 3, quant_atual = quant_atual - 3 where id = 394; 
update estoque_total set total = total - 3 where medicamento_id = 394; 

insert into venda values (2251, '2023-10-07 10:42:59', 204.79, null, null); 
insert into itens_venda values (default, 2251, 461, 461, 3, 0.00, 55.77); 
update estoque set quant_venda = quant_venda + 3, quant_atual = quant_atual - 3 where id = 461; 
update estoque_total set total = total - 3 where medicamento_id = 461; 
insert into itens_venda values (default, 2251, 415, 415, 1, 4.60, 149.02); 
update estoque set quant_venda = quant_venda + 1, quant_atual = quant_atual - 1 where id = 415; 
update estoque_total set total = total - 1 where medicamento_id = 415; 

insert into venda values (2252, '2023-10-07 11:14:02', 129.22, null, null); 
insert into itens_venda values (default, 2252, 446, 446, 1, 2.60, 129.22); 
update estoque set quant_venda = quant_venda + 1, quant_atual = quant_atual - 1 where id = 446; 
update estoque_total set total = total - 1 where medicamento_id = 446; 

insert into venda values (2253, '2023-10-07 11:25:47', 51.79, 4, null); 
insert into itens_venda values (default, 2253, 438, 438, 1, 0.50, 51.79); 
update estoque set quant_venda = quant_venda + 1, quant_atual = quant_atual - 1 where id = 438; 
update estoque_total set total = total - 1 where medicamento_id = 438; 

insert into venda values (2254, '2023-10-07 12:45:34', 215.82, 10, null); 
insert into itens_venda values (default, 2254, 410, 410, 1, 6.40, 100.38); 
update estoque set quant_venda = quant_venda + 1, quant_atual = quant_atual - 1 where id = 410; 
update estoque_total set total = total - 1 where medicamento_id = 410; 
insert into itens_venda values (default, 2254, 468, 468, 2, 3.50, 115.44); 
update estoque set quant_venda = quant_venda + 2, quant_atual = quant_atual - 2 where id = 468; 
update estoque_total set total = total - 2 where medicamento_id = 468; 

insert into venda values (2255, '2023-10-07 12:58:38', 163.10, 11, null); 
insert into itens_venda values (default, 2255, 393, 393, 3, 6.60, 66.96); 
update estoque set quant_venda = quant_venda + 3, quant_atual = quant_atual - 3 where id = 393; 
update estoque_total set total = total - 3 where medicamento_id = 393; 
insert into itens_venda values (default, 2255, 156, 156, 1, 4.00, 96.14); 
update estoque set quant_venda = quant_venda + 1, quant_atual = quant_atual - 1 where id = 156; 
update estoque_total set total = total - 1 where medicamento_id = 156; 

insert into venda values (2256, '2023-10-07 13:30:29', 101.30, 5, null); 
insert into itens_venda values (default, 2256, 488, 488, 1, 3.90, 45.33); 
update estoque set quant_venda = quant_venda + 1, quant_atual = quant_atual - 1 where id = 488; 
update estoque_total set total = total - 1 where medicamento_id = 488; 
insert into itens_venda values (default, 2256, 331, 331, 1, 2.10, 21.89); 
update estoque set quant_venda = quant_venda + 1, quant_atual = quant_atual - 1 where id = 331; 
update estoque_total set total = total - 1 where medicamento_id = 331; 
insert into itens_venda values (default, 2256, 471, 471, 2, 1.70, 34.08); 
update estoque set quant_venda = quant_venda + 2, quant_atual = quant_atual - 2 where id = 471; 
update estoque_total set total = total - 2 where medicamento_id = 471; 

insert into venda values (2257, '2023-10-07 13:38:35', 84.00, null, null); 
insert into itens_venda values (default, 2257, 470, 470, 1, 3.40, 84.00); 
update estoque set quant_venda = quant_venda + 1, quant_atual = quant_atual - 1 where id = 470; 
update estoque_total set total = total - 1 where medicamento_id = 470; 

insert into venda values (2258, '2023-10-07 13:54:12', 27.62, null, null); 
insert into itens_venda values (default, 2258, 238, 238, 2, 0.80, 27.62); 
update estoque set quant_venda = quant_venda + 2, quant_atual = quant_atual - 2 where id = 238; 
update estoque_total set total = total - 2 where medicamento_id = 238; 

insert into venda values (2259, '2023-10-07 14:31:35', 104.56, 2, 22); 
insert into itens_venda values (default, 2259, 340, 340, 2, 2.10, 40.26); 
update estoque set quant_venda = quant_venda + 2, quant_atual = quant_atual - 2 where id = 340; 
update estoque_total set total = total - 2 where medicamento_id = 340; 
insert into itens_venda values (default, 2259, 286, 286, 2, 4.80, 64.30); 
update estoque set quant_venda = quant_venda + 2, quant_atual = quant_atual - 2 where id = 286; 
update estoque_total set total = total - 2 where medicamento_id = 286; 

insert into venda values (2260, '2023-10-08 06:07:09', 452.47, null, 24); 
insert into itens_venda values (default, 2260, 314, 314, 1, 0.80, 20.19); 
update estoque set quant_venda = quant_venda + 1, quant_atual = quant_atual - 1 where id = 314; 
update estoque_total set total = total - 1 where medicamento_id = 314; 
insert into itens_venda values (default, 2260, 194, 194, 1, 0.00, 399.88); 
update estoque set quant_venda = quant_venda + 1, quant_atual = quant_atual - 1 where id = 194; 
update estoque_total set total = total - 1 where medicamento_id = 194; 
insert into itens_venda values (default, 2260, 389, 389, 1, 0.00, 32.40); 
update estoque set quant_venda = quant_venda + 1, quant_atual = quant_atual - 1 where id = 389; 
update estoque_total set total = total - 1 where medicamento_id = 389; 

insert into venda values (2261, '2023-10-08 08:37:13', 188.81, null, null); 
insert into itens_venda values (default, 2261, 266, 266, 1, 4.70, 115.17); 
update estoque set quant_venda = quant_venda + 1, quant_atual = quant_atual - 1 where id = 266; 
update estoque_total set total = total - 1 where medicamento_id = 266; 
insert into itens_venda values (default, 2261, 378, 378, 2, 1.50, 73.64); 
update estoque set quant_venda = quant_venda + 2, quant_atual = quant_atual - 2 where id = 378; 
update estoque_total set total = total - 2 where medicamento_id = 378; 

insert into venda values (2262, '2023-10-08 10:29:16', 65.14, null, null); 
insert into itens_venda values (default, 2262, 182, 182, 1, 0.50, 51.41); 
update estoque set quant_venda = quant_venda + 1, quant_atual = quant_atual - 1 where id = 182; 
update estoque_total set total = total - 1 where medicamento_id = 182; 
insert into itens_venda values (default, 2262, 302, 302, 1, 0.00, 13.73); 
update estoque set quant_venda = quant_venda + 1, quant_atual = quant_atual - 1 where id = 302; 
update estoque_total set total = total - 1 where medicamento_id = 302; 

insert into venda values (2263, '2023-10-09 06:12:39', 338.11, 20, 21); 
insert into itens_venda values (default, 2263, 202, 202, 1, 11.20, 269.13); 
update estoque set quant_venda = quant_venda + 1, quant_atual = quant_atual - 1 where id = 202; 
update estoque_total set total = total - 1 where medicamento_id = 202; 
insert into itens_venda values (default, 2263, 479, 479, 2, 4.40, 68.98); 
update estoque set quant_venda = quant_venda + 2, quant_atual = quant_atual - 2 where id = 479; 
update estoque_total set total = total - 2 where medicamento_id = 479; 

insert into venda values (2264, '2023-10-09 07:02:05', 59.35, null, null); 
insert into itens_venda values (default, 2264, 246, 246, 1, 2.40, 59.35); 
update estoque set quant_venda = quant_venda + 1, quant_atual = quant_atual - 1 where id = 246; 
update estoque_total set total = total - 1 where medicamento_id = 246; 

insert into venda values (2265, '2023-10-09 07:13:46', 115.20, 7, null); 
insert into itens_venda values (default, 2265, 476, 476, 2, 1.90, 46.44); 
update estoque set quant_venda = quant_venda + 2, quant_atual = quant_atual - 2 where id = 476; 
update estoque_total set total = total - 2 where medicamento_id = 476; 
insert into itens_venda values (default, 2265, 498, 498, 2, 2.10, 68.76); 
update estoque set quant_venda = quant_venda + 2, quant_atual = quant_atual - 2 where id = 498; 
update estoque_total set total = total - 2 where medicamento_id = 498; 

insert into venda values (2266, '2023-10-09 07:24:53', 64.22, null, null); 
insert into itens_venda values (default, 2266, 406, 406, 3, 0.00, 21.60); 
update estoque set quant_venda = quant_venda + 3, quant_atual = quant_atual - 3 where id = 406; 
update estoque_total set total = total - 3 where medicamento_id = 406; 
insert into itens_venda values (default, 2266, 262, 262, 2, 0.40, 42.62); 
update estoque set quant_venda = quant_venda + 2, quant_atual = quant_atual - 2 where id = 262; 
update estoque_total set total = total - 2 where medicamento_id = 262; 

insert into venda values (2267, '2023-10-09 08:17:49', 28.06, 16, 25); 
insert into itens_venda values (default, 2267, 113, 113, 1, 1.10, 28.06); 
update estoque set quant_venda = quant_venda + 1, quant_atual = quant_atual - 1 where id = 113; 
update estoque_total set total = total - 1 where medicamento_id = 113; 

insert into venda values (2268, '2023-10-09 09:40:28', 454.63, 8, null); 
insert into itens_venda values (default, 2268, 396, 396, 1, 0.00, 341.30); 
update estoque set quant_venda = quant_venda + 1, quant_atual = quant_atual - 1 where id = 396; 
update estoque_total set total = total - 1 where medicamento_id = 396; 
insert into itens_venda values (default, 2268, 411, 411, 1, 0.00, 72.17); 
update estoque set quant_venda = quant_venda + 1, quant_atual = quant_atual - 1 where id = 411; 
update estoque_total set total = total - 1 where medicamento_id = 411; 
insert into itens_venda values (default, 2268, 340, 340, 2, 1.20, 41.16); 
update estoque set quant_venda = quant_venda + 2, quant_atual = quant_atual - 2 where id = 340; 
update estoque_total set total = total - 2 where medicamento_id = 340; 

insert into venda values (2269, '2023-10-09 10:17:38', 163.84, null, null); 
insert into itens_venda values (default, 2269, 443, 443, 2, 0.90, 45.90); 
update estoque set quant_venda = quant_venda + 2, quant_atual = quant_atual - 2 where id = 443; 
update estoque_total set total = total - 2 where medicamento_id = 443; 
insert into itens_venda values (default, 2269, 418, 418, 2, 0.50, 54.80); 
update estoque set quant_venda = quant_venda + 2, quant_atual = quant_atual - 2 where id = 418; 
update estoque_total set total = total - 2 where medicamento_id = 418; 
insert into itens_venda values (default, 2269, 436, 436, 1, 2.60, 63.14); 
update estoque set quant_venda = quant_venda + 1, quant_atual = quant_atual - 1 where id = 436; 
update estoque_total set total = total - 1 where medicamento_id = 436; 

insert into venda values (2270, '2023-10-09 10:19:30', 66.06, 12, null); 
insert into itens_venda values (default, 2270, 450, 450, 3, 0.00, 66.06); 
update estoque set quant_venda = quant_venda + 3, quant_atual = quant_atual - 3 where id = 450; 
update estoque_total set total = total - 3 where medicamento_id = 450; 

insert into venda values (2271, '2023-10-09 11:14:48', 84.09, 19, null); 
insert into itens_venda values (default, 2271, 474, 474, 3, 2.20, 42.38); 
update estoque set quant_venda = quant_venda + 3, quant_atual = quant_atual - 3 where id = 474; 
update estoque_total set total = total - 3 where medicamento_id = 474; 
insert into itens_venda values (default, 2271, 342, 342, 1, 1.20, 41.71); 
update estoque set quant_venda = quant_venda + 1, quant_atual = quant_atual - 1 where id = 342; 
update estoque_total set total = total - 1 where medicamento_id = 342; 

insert into venda values (2272, '2023-10-09 11:19:10', 156.32, 16, null); 
insert into itens_venda values (default, 2272, 303, 303, 2, 0.60, 61.04); 
update estoque set quant_venda = quant_venda + 2, quant_atual = quant_atual - 2 where id = 303; 
update estoque_total set total = total - 2 where medicamento_id = 303; 
insert into itens_venda values (default, 2272, 442, 442, 2, 2.30, 43.78); 
update estoque set quant_venda = quant_venda + 2, quant_atual = quant_atual - 2 where id = 442; 
update estoque_total set total = total - 2 where medicamento_id = 442; 
insert into itens_venda values (default, 2272, 418, 418, 2, 3.80, 51.50); 
update estoque set quant_venda = quant_venda + 2, quant_atual = quant_atual - 2 where id = 418; 
update estoque_total set total = total - 2 where medicamento_id = 418; 

insert into venda values (2273, '2023-10-10 06:25:49', 30.42, null, null); 
insert into itens_venda values (default, 2273, 327, 327, 1, 1.20, 30.42); 
update estoque set quant_venda = quant_venda + 1, quant_atual = quant_atual - 1 where id = 327; 
update estoque_total set total = total - 1 where medicamento_id = 327; 

insert into venda values (2274, '2023-10-10 07:16:13', 173.52, null, null); 
insert into itens_venda values (default, 2274, 483, 483, 1, 2.00, 48.21); 
update estoque set quant_venda = quant_venda + 1, quant_atual = quant_atual - 1 where id = 483; 
update estoque_total set total = total - 1 where medicamento_id = 483; 
insert into itens_venda values (default, 2274, 502, 502, 2, 1.70, 41.92); 
update estoque set quant_venda = quant_venda + 2, quant_atual = quant_atual - 2 where id = 502; 
update estoque_total set total = total - 2 where medicamento_id = 502; 
insert into itens_venda values (default, 2274, 394, 394, 3, 2.50, 83.39); 
update estoque set quant_venda = quant_venda + 3, quant_atual = quant_atual - 3 where id = 394; 
update estoque_total set total = total - 3 where medicamento_id = 394; 

insert into venda values (2275, '2023-10-10 08:00:44', 241.51, null, 24); 
insert into itens_venda values (default, 2275, 133, 133, 2, 0.00, 139.52); 
update estoque set quant_venda = quant_venda + 2, quant_atual = quant_atual - 2 where id = 133; 
update estoque_total set total = total - 2 where medicamento_id = 133; 
insert into itens_venda values (default, 2275, 503, 503, 1, 0.00, 3.67); 
update estoque set quant_venda = quant_venda + 1, quant_atual = quant_atual - 1 where id = 503; 
update estoque_total set total = total - 1 where medicamento_id = 503; 
insert into itens_venda values (default, 2275, 264, 264, 2, 0.00, 98.32); 
update estoque set quant_venda = quant_venda + 2, quant_atual = quant_atual - 2 where id = 264; 
update estoque_total set total = total - 2 where medicamento_id = 264; 

insert into venda values (2276, '2023-10-10 08:18:25', 35.50, null, null); 
insert into itens_venda values (default, 2276, 458, 458, 1, 0.70, 35.50); 
update estoque set quant_venda = quant_venda + 1, quant_atual = quant_atual - 1 where id = 458; 
update estoque_total set total = total - 1 where medicamento_id = 458; 

insert into venda values (2277, '2023-10-10 08:25:55', 246.15, null, null); 
insert into itens_venda values (default, 2277, 435, 435, 1, 0.00, 98.02); 
update estoque set quant_venda = quant_venda + 1, quant_atual = quant_atual - 1 where id = 435; 
update estoque_total set total = total - 1 where medicamento_id = 435; 
insert into itens_venda values (default, 2277, 458, 458, 1, 0.00, 36.20); 
update estoque set quant_venda = quant_venda + 1, quant_atual = quant_atual - 1 where id = 458; 
update estoque_total set total = total - 1 where medicamento_id = 458; 
insert into itens_venda values (default, 2277, 408, 408, 1, 4.60, 111.93); 
update estoque set quant_venda = quant_venda + 1, quant_atual = quant_atual - 1 where id = 408; 
update estoque_total set total = total - 1 where medicamento_id = 408; 

insert into venda values (2278, '2023-10-10 09:38:13', 104.58, null, null); 
insert into itens_venda values (default, 2278, 438, 438, 2, 0.00, 104.58); 
update estoque set quant_venda = quant_venda + 2, quant_atual = quant_atual - 2 where id = 438; 
update estoque_total set total = total - 2 where medicamento_id = 438; 

insert into venda values (2279, '2023-10-10 10:09:50', 107.42, null, null); 
insert into itens_venda values (default, 2279, 481, 481, 2, 0.00, 26.68); 
update estoque set quant_venda = quant_venda + 2, quant_atual = quant_atual - 2 where id = 481; 
update estoque_total set total = total - 2 where medicamento_id = 481; 
insert into itens_venda values (default, 2279, 306, 306, 1, 2.40, 80.74); 
update estoque set quant_venda = quant_venda + 1, quant_atual = quant_atual - 1 where id = 306; 
update estoque_total set total = total - 1 where medicamento_id = 306; 

insert into venda values (2280, '2023-10-10 10:22:59', 38.78, 4, null); 
insert into itens_venda values (default, 2280, 402, 402, 2, 2.30, 31.44); 
update estoque set quant_venda = quant_venda + 2, quant_atual = quant_atual - 2 where id = 402; 
update estoque_total set total = total - 2 where medicamento_id = 402; 
insert into itens_venda values (default, 2280, 503, 503, 2, 0.00, 7.34); 
update estoque set quant_venda = quant_venda + 2, quant_atual = quant_atual - 2 where id = 503; 
update estoque_total set total = total - 2 where medicamento_id = 503; 

insert into venda values (2281, '2023-10-10 11:41:41', 176.01, 11, null); 
insert into itens_venda values (default, 2281, 382, 382, 2, 3.40, 65.64); 
update estoque set quant_venda = quant_venda + 2, quant_atual = quant_atual - 2 where id = 382; 
update estoque_total set total = total - 2 where medicamento_id = 382; 
insert into itens_venda values (default, 2281, 70, 70, 1, 8.30, 110.37); 
update estoque set quant_venda = quant_venda + 1, quant_atual = quant_atual - 1 where id = 70; 
update estoque_total set total = total - 1 where medicamento_id = 70; 

insert into venda values (2282, '2023-10-10 12:59:54', 463.07, 20, 22); 
insert into itens_venda values (default, 2282, 367, 367, 2, 3.90, 191.14); 
update estoque set quant_venda = quant_venda + 2, quant_atual = quant_atual - 2 where id = 367; 
update estoque_total set total = total - 2 where medicamento_id = 367; 
insert into itens_venda values (default, 2282, 202, 202, 1, 8.40, 271.93); 
update estoque set quant_venda = quant_venda + 1, quant_atual = quant_atual - 1 where id = 202; 
update estoque_total set total = total - 1 where medicamento_id = 202; 

insert into venda values (2283, '2023-10-10 13:42:51', 393.18, 19, 21); 
insert into itens_venda values (default, 2283, 189, 189, 1, 16.60, 191.39); 
update estoque set quant_venda = quant_venda + 1, quant_atual = quant_atual - 1 where id = 189; 
update estoque_total set total = total - 1 where medicamento_id = 189; 
insert into itens_venda values (default, 2283, 189, 189, 1, 6.20, 201.79); 
update estoque set quant_venda = quant_venda + 1, quant_atual = quant_atual - 1 where id = 189; 
update estoque_total set total = total - 1 where medicamento_id = 189; 

insert into venda values (2284, '2023-10-11 06:18:19', 181.37, 2, null); 
insert into itens_venda values (default, 2284, 441, 441, 3, 3.40, 82.10); 
update estoque set quant_venda = quant_venda + 3, quant_atual = quant_atual - 3 where id = 441; 
update estoque_total set total = total - 3 where medicamento_id = 441; 
insert into itens_venda values (default, 2284, 461, 461, 1, 0.10, 18.49); 
update estoque set quant_venda = quant_venda + 1, quant_atual = quant_atual - 1 where id = 461; 
update estoque_total set total = total - 1 where medicamento_id = 461; 
insert into itens_venda values (default, 2284, 304, 304, 3, 1.60, 80.78); 
update estoque set quant_venda = quant_venda + 3, quant_atual = quant_atual - 3 where id = 304; 
update estoque_total set total = total - 3 where medicamento_id = 304; 

insert into venda values (2285, '2023-10-11 06:27:50', 62.80, 16, null); 
insert into itens_venda values (default, 2285, 329, 329, 2, 5.40, 62.80); 
update estoque set quant_venda = quant_venda + 2, quant_atual = quant_atual - 2 where id = 329; 
update estoque_total set total = total - 2 where medicamento_id = 329; 

insert into venda values (2286, '2023-10-11 06:51:07', 137.58, null, null); 
insert into itens_venda values (default, 2286, 247, 247, 2, 1.30, 137.58); 
update estoque set quant_venda = quant_venda + 2, quant_atual = quant_atual - 2 where id = 247; 
update estoque_total set total = total - 2 where medicamento_id = 247; 

insert into venda values (2287, '2023-10-11 08:29:49', 322.22, 14, 22); 
insert into itens_venda values (default, 2287, 457, 457, 2, 3.40, 64.94); 
update estoque set quant_venda = quant_venda + 2, quant_atual = quant_atual - 2 where id = 457; 
update estoque_total set total = total - 2 where medicamento_id = 457; 
insert into itens_venda values (default, 2287, 189, 189, 1, 4.10, 203.89); 
update estoque set quant_venda = quant_venda + 1, quant_atual = quant_atual - 1 where id = 189; 
update estoque_total set total = total - 1 where medicamento_id = 189; 
insert into itens_venda values (default, 2287, 462, 462, 3, 3.40, 53.39); 
update estoque set quant_venda = quant_venda + 3, quant_atual = quant_atual - 3 where id = 462; 
update estoque_total set total = total - 3 where medicamento_id = 462; 

insert into venda values (2288, '2023-10-12 07:56:27', 96.09, null, null); 
insert into itens_venda values (default, 2288, 484, 484, 1, 0.00, 16.52); 
update estoque set quant_venda = quant_venda + 1, quant_atual = quant_atual - 1 where id = 484; 
update estoque_total set total = total - 1 where medicamento_id = 484; 
insert into itens_venda values (default, 2288, 464, 464, 1, 0.00, 32.45); 
update estoque set quant_venda = quant_venda + 1, quant_atual = quant_atual - 1 where id = 464; 
update estoque_total set total = total - 1 where medicamento_id = 464; 
insert into itens_venda values (default, 2288, 284, 284, 3, 1.90, 47.12); 
update estoque set quant_venda = quant_venda + 3, quant_atual = quant_atual - 3 where id = 284; 
update estoque_total set total = total - 3 where medicamento_id = 284; 

insert into venda values (2289, '2023-10-12 08:23:57', 271.19, 18, 23); 
insert into itens_venda values (default, 2289, 86, 86, 1, 5.70, 138.60); 
update estoque set quant_venda = quant_venda + 1, quant_atual = quant_atual - 1 where id = 86; 
update estoque_total set total = total - 1 where medicamento_id = 86; 
insert into itens_venda values (default, 2289, 256, 256, 1, 1.50, 78.39); 
update estoque set quant_venda = quant_venda + 1, quant_atual = quant_atual - 1 where id = 256; 
update estoque_total set total = total - 1 where medicamento_id = 256; 
insert into itens_venda values (default, 2289, 441, 441, 2, 2.80, 54.20); 
update estoque set quant_venda = quant_venda + 2, quant_atual = quant_atual - 2 where id = 441; 
update estoque_total set total = total - 2 where medicamento_id = 441; 

insert into venda values (2290, '2023-10-13 08:32:59', 161.93, null, null); 
insert into itens_venda values (default, 2290, 467, 467, 2, 3.70, 120.96); 
update estoque set quant_venda = quant_venda + 2, quant_atual = quant_atual - 2 where id = 467; 
update estoque_total set total = total - 2 where medicamento_id = 467; 
insert into itens_venda values (default, 2290, 439, 439, 1, 0.00, 40.97); 
update estoque set quant_venda = quant_venda + 1, quant_atual = quant_atual - 1 where id = 439; 
update estoque_total set total = total - 1 where medicamento_id = 439; 

insert into venda values (2291, '2023-10-13 10:31:31', 58.57, null, null); 
insert into itens_venda values (default, 2291, 452, 452, 1, 1.10, 58.57); 
update estoque set quant_venda = quant_venda + 1, quant_atual = quant_atual - 1 where id = 452; 
update estoque_total set total = total - 1 where medicamento_id = 452; 

insert into venda values (2292, '2023-10-13 11:07:21', 191.28, 2, 22); 
insert into itens_venda values (default, 2292, 131, 131, 1, 4.00, 96.85); 
update estoque set quant_venda = quant_venda + 1, quant_atual = quant_atual - 1 where id = 131; 
update estoque_total set total = total - 1 where medicamento_id = 131; 
insert into itens_venda values (default, 2292, 462, 462, 2, 1.50, 36.36); 
update estoque set quant_venda = quant_venda + 2, quant_atual = quant_atual - 2 where id = 462; 
update estoque_total set total = total - 2 where medicamento_id = 462; 
insert into itens_venda values (default, 2292, 319, 319, 1, 1.10, 58.07); 
update estoque set quant_venda = quant_venda + 1, quant_atual = quant_atual - 1 where id = 319; 
update estoque_total set total = total - 1 where medicamento_id = 319; 

insert into venda values (2293, '2023-10-13 13:35:05', 166.28, 10, 23); 
insert into itens_venda values (default, 2293, 145, 145, 1, 6.30, 120.97); 
update estoque set quant_venda = quant_venda + 1, quant_atual = quant_atual - 1 where id = 145; 
update estoque_total set total = total - 1 where medicamento_id = 145; 
insert into itens_venda values (default, 2293, 344, 344, 1, 2.10, 33.15); 
update estoque set quant_venda = quant_venda + 1, quant_atual = quant_atual - 1 where id = 344; 
update estoque_total set total = total - 1 where medicamento_id = 344; 
insert into itens_venda values (default, 2293, 220, 220, 1, 0.10, 12.16); 
update estoque set quant_venda = quant_venda + 1, quant_atual = quant_atual - 1 where id = 220; 
update estoque_total set total = total - 1 where medicamento_id = 220; 

insert into venda values (2294, '2023-10-13 15:55:47', 282.35, null, null); 
insert into itens_venda values (default, 2294, 243, 243, 2, 3.00, 73.96); 
update estoque set quant_venda = quant_venda + 2, quant_atual = quant_atual - 2 where id = 243; 
update estoque_total set total = total - 2 where medicamento_id = 243; 
insert into itens_venda values (default, 2294, 371, 371, 1, 0.00, 137.53); 
update estoque set quant_venda = quant_venda + 1, quant_atual = quant_atual - 1 where id = 371; 
update estoque_total set total = total - 1 where medicamento_id = 371; 
insert into itens_venda values (default, 2294, 498, 498, 2, 0.00, 70.86); 
update estoque set quant_venda = quant_venda + 2, quant_atual = quant_atual - 2 where id = 498; 
update estoque_total set total = total - 2 where medicamento_id = 498; 

insert into venda values (2295, '2023-10-13 17:30:08', 54.08, null, 23); 
insert into itens_venda values (default, 2295, 149, 149, 2, 1.10, 54.08); 
update estoque set quant_venda = quant_venda + 2, quant_atual = quant_atual - 2 where id = 149; 
update estoque_total set total = total - 2 where medicamento_id = 149; 

insert into venda values (2296, '2023-10-14 07:12:09', 45.12, null, null); 
insert into itens_venda values (default, 2296, 209, 209, 1, 0.90, 45.12); 
update estoque set quant_venda = quant_venda + 1, quant_atual = quant_atual - 1 where id = 209; 
update estoque_total set total = total - 1 where medicamento_id = 209; 

insert into venda values (2297, '2023-10-14 07:56:11', 203.23, 6, null); 
insert into itens_venda values (default, 2297, 468, 468, 2, 8.30, 110.64); 
update estoque set quant_venda = quant_venda + 2, quant_atual = quant_atual - 2 where id = 468; 
update estoque_total set total = total - 2 where medicamento_id = 468; 
insert into itens_venda values (default, 2297, 384, 384, 1, 0.00, 43.84); 
update estoque set quant_venda = quant_venda + 1, quant_atual = quant_atual - 1 where id = 384; 
update estoque_total set total = total - 1 where medicamento_id = 384; 
insert into itens_venda values (default, 2297, 399, 399, 1, 3.10, 48.75); 
update estoque set quant_venda = quant_venda + 1, quant_atual = quant_atual - 1 where id = 399; 
update estoque_total set total = total - 1 where medicamento_id = 399; 

insert into venda values (2298, '2023-10-14 08:46:23', 75.14, 12, null); 
insert into itens_venda values (default, 2298, 378, 378, 2, 0.00, 75.14); 
update estoque set quant_venda = quant_venda + 2, quant_atual = quant_atual - 2 where id = 378; 
update estoque_total set total = total - 2 where medicamento_id = 378; 

insert into venda values (2299, '2023-10-14 10:07:13', 403.18, null, null); 
insert into itens_venda values (default, 2299, 103, 103, 1, 0.00, 118.82); 
update estoque set quant_venda = quant_venda + 1, quant_atual = quant_atual - 1 where id = 103; 
update estoque_total set total = total - 1 where medicamento_id = 103; 
insert into itens_venda values (default, 2299, 253, 253, 2, 1.50, 152.54); 
update estoque set quant_venda = quant_venda + 2, quant_atual = quant_atual - 2 where id = 253; 
update estoque_total set total = total - 2 where medicamento_id = 253; 
insert into itens_venda values (default, 2299, 446, 446, 1, 0.00, 131.82); 
update estoque set quant_venda = quant_venda + 1, quant_atual = quant_atual - 1 where id = 446; 
update estoque_total set total = total - 1 where medicamento_id = 446; 

insert into venda values (2300, '2023-10-14 10:17:57', 32.10, null, null); 
insert into itens_venda values (default, 2300, 292, 292, 3, 0.00, 32.10); 
update estoque set quant_venda = quant_venda + 3, quant_atual = quant_atual - 3 where id = 292; 
update estoque_total set total = total - 3 where medicamento_id = 292; 

insert into venda values (2301, '2023-10-14 11:00:15', 228.60, null, 21); 
insert into itens_venda values (default, 2301, 306, 306, 2, 3.30, 162.98); 
update estoque set quant_venda = quant_venda + 2, quant_atual = quant_atual - 2 where id = 306; 
update estoque_total set total = total - 2 where medicamento_id = 306; 
insert into itens_venda values (default, 2301, 121, 121, 1, 1.30, 65.62); 
update estoque set quant_venda = quant_venda + 1, quant_atual = quant_atual - 1 where id = 121; 
update estoque_total set total = total - 1 where medicamento_id = 121; 

insert into venda values (2302, '2023-10-14 11:07:35', 222.67, 13, null); 
insert into itens_venda values (default, 2302, 269, 269, 2, 5.30, 71.62); 
update estoque set quant_venda = quant_venda + 2, quant_atual = quant_atual - 2 where id = 269; 
update estoque_total set total = total - 2 where medicamento_id = 269; 
insert into itens_venda values (default, 2302, 93, 93, 1, 6.30, 120.21); 
update estoque set quant_venda = quant_venda + 1, quant_atual = quant_atual - 1 where id = 93; 
update estoque_total set total = total - 1 where medicamento_id = 93; 
insert into itens_venda values (default, 2302, 495, 495, 3, 1.20, 30.84); 
update estoque set quant_venda = quant_venda + 3, quant_atual = quant_atual - 3 where id = 495; 
update estoque_total set total = total - 3 where medicamento_id = 495; 

insert into venda values (2303, '2023-10-14 12:28:14', 98.02, null, null); 
insert into itens_venda values (default, 2303, 435, 435, 1, 0.00, 98.02); 
update estoque set quant_venda = quant_venda + 1, quant_atual = quant_atual - 1 where id = 435; 
update estoque_total set total = total - 1 where medicamento_id = 435; 

insert into venda values (2304, '2023-10-14 13:39:57', 55.87, 15, null); 
insert into itens_venda values (default, 2304, 151, 151, 3, 1.10, 55.87); 
update estoque set quant_venda = quant_venda + 3, quant_atual = quant_atual - 3 where id = 151; 
update estoque_total set total = total - 3 where medicamento_id = 151; 

insert into venda values (2305, '2023-10-14 14:16:33', 482.58, null, null); 
insert into itens_venda values (default, 2305, 230, 230, 1, 15.80, 380.78); 
update estoque set quant_venda = quant_venda + 1, quant_atual = quant_atual - 1 where id = 230; 
update estoque_total set total = total - 1 where medicamento_id = 230; 
insert into itens_venda values (default, 2305, 283, 283, 2, 2.00, 101.80); 
update estoque set quant_venda = quant_venda + 2, quant_atual = quant_atual - 2 where id = 283; 
update estoque_total set total = total - 2 where medicamento_id = 283; 

insert into venda values (2306, '2023-10-15 08:05:26', 168.90, 2, null); 
insert into itens_venda values (default, 2306, 432, 432, 3, 0.20, 13.90); 
update estoque set quant_venda = quant_venda + 3, quant_atual = quant_atual - 3 where id = 432; 
update estoque_total set total = total - 3 where medicamento_id = 432; 
insert into itens_venda values (default, 2306, 364, 364, 1, 0.60, 32.52); 
update estoque set quant_venda = quant_venda + 1, quant_atual = quant_atual - 1 where id = 364; 
update estoque_total set total = total - 1 where medicamento_id = 364; 
insert into itens_venda values (default, 2306, 466, 466, 1, 2.40, 122.48); 
update estoque set quant_venda = quant_venda + 1, quant_atual = quant_atual - 1 where id = 466; 
update estoque_total set total = total - 1 where medicamento_id = 466; 

insert into venda values (2307, '2023-10-15 08:27:29', 78.94, 20, null); 
insert into itens_venda values (default, 2307, 177, 177, 1, 2.40, 78.94); 
update estoque set quant_venda = quant_venda + 1, quant_atual = quant_atual - 1 where id = 177; 
update estoque_total set total = total - 1 where medicamento_id = 177; 

insert into venda values (2308, '2023-10-15 08:34:41', 201.32, 18, null); 
insert into itens_venda values (default, 2308, 454, 454, 1, 6.20, 82.78); 
update estoque set quant_venda = quant_venda + 1, quant_atual = quant_atual - 1 where id = 454; 
update estoque_total set total = total - 1 where medicamento_id = 454; 
insert into itens_venda values (default, 2308, 477, 477, 1, 2.60, 62.44); 
update estoque set quant_venda = quant_venda + 1, quant_atual = quant_atual - 1 where id = 477; 
update estoque_total set total = total - 1 where medicamento_id = 477; 
insert into itens_venda values (default, 2308, 321, 321, 2, 0.00, 56.10); 
update estoque set quant_venda = quant_venda + 2, quant_atual = quant_atual - 2 where id = 321; 
update estoque_total set total = total - 2 where medicamento_id = 321; 

insert into venda values (2309, '2023-10-16 07:43:16', 214.26, 1, null); 
insert into itens_venda values (default, 2309, 468, 468, 1, 5.30, 54.17); 
update estoque set quant_venda = quant_venda + 1, quant_atual = quant_atual - 1 where id = 468; 
update estoque_total set total = total - 1 where medicamento_id = 468; 
insert into itens_venda values (default, 2309, 252, 252, 1, 0.00, 28.06); 
update estoque set quant_venda = quant_venda + 1, quant_atual = quant_atual - 1 where id = 252; 
update estoque_total set total = total - 1 where medicamento_id = 252; 
insert into itens_venda values (default, 2309, 371, 371, 1, 5.50, 132.03); 
update estoque set quant_venda = quant_venda + 1, quant_atual = quant_atual - 1 where id = 371; 
update estoque_total set total = total - 1 where medicamento_id = 371; 

insert into venda values (2310, '2023-10-16 09:43:11', 295.52, null, null); 
insert into itens_venda values (default, 2310, 432, 432, 1, 0.00, 4.70); 
update estoque set quant_venda = quant_venda + 1, quant_atual = quant_atual - 1 where id = 432; 
update estoque_total set total = total - 1 where medicamento_id = 432; 
insert into itens_venda values (default, 2310, 295, 295, 2, 1.90, 193.26); 
update estoque set quant_venda = quant_venda + 2, quant_atual = quant_atual - 2 where id = 295; 
update estoque_total set total = total - 2 where medicamento_id = 295; 
insert into itens_venda values (default, 2310, 488, 488, 2, 0.90, 97.56); 
update estoque set quant_venda = quant_venda + 2, quant_atual = quant_atual - 2 where id = 488; 
update estoque_total set total = total - 2 where medicamento_id = 488; 

insert into venda values (2311, '2023-10-16 11:29:39', 69.62, null, null); 
insert into itens_venda values (default, 2311, 426, 426, 2, 2.90, 69.62); 
update estoque set quant_venda = quant_venda + 2, quant_atual = quant_atual - 2 where id = 426; 
update estoque_total set total = total - 2 where medicamento_id = 426; 

insert into venda values (2312, '2023-10-16 11:53:05', 212.20, null, null); 
insert into itens_venda values (default, 2312, 425, 425, 1, 0.00, 36.20); 
update estoque set quant_venda = quant_venda + 1, quant_atual = quant_atual - 1 where id = 425; 
update estoque_total set total = total - 1 where medicamento_id = 425; 
insert into itens_venda values (default, 2312, 316, 316, 1, 3.50, 176.00); 
update estoque set quant_venda = quant_venda + 1, quant_atual = quant_atual - 1 where id = 316; 
update estoque_total set total = total - 1 where medicamento_id = 316; 

insert into venda values (2313, '2023-10-16 13:03:49', 80.77, 6, null); 
insert into itens_venda values (default, 2313, 503, 503, 2, 0.40, 6.94); 
update estoque set quant_venda = quant_venda + 2, quant_atual = quant_atual - 2 where id = 503; 
update estoque_total set total = total - 2 where medicamento_id = 503; 
insert into itens_venda values (default, 2313, 469, 469, 1, 4.30, 43.58); 
update estoque set quant_venda = quant_venda + 1, quant_atual = quant_atual - 1 where id = 469; 
update estoque_total set total = total - 1 where medicamento_id = 469; 
insert into itens_venda values (default, 2313, 464, 464, 1, 2.20, 30.25); 
update estoque set quant_venda = quant_venda + 1, quant_atual = quant_atual - 1 where id = 464; 
update estoque_total set total = total - 1 where medicamento_id = 464; 

insert into venda values (2314, '2023-10-16 15:34:40', 73.17, 6, null); 
insert into itens_venda values (default, 2314, 157, 157, 1, 0.00, 73.17); 
update estoque set quant_venda = quant_venda + 1, quant_atual = quant_atual - 1 where id = 157; 
update estoque_total set total = total - 1 where medicamento_id = 157; 

insert into venda values (2315, '2023-10-17 06:29:04', 82.68, null, null); 
insert into itens_venda values (default, 2315, 453, 453, 3, 0.50, 19.00); 
update estoque set quant_venda = quant_venda + 3, quant_atual = quant_atual - 3 where id = 453; 
update estoque_total set total = total - 3 where medicamento_id = 453; 
insert into itens_venda values (default, 2315, 484, 484, 3, 0.40, 49.16); 
update estoque set quant_venda = quant_venda + 3, quant_atual = quant_atual - 3 where id = 484; 
update estoque_total set total = total - 3 where medicamento_id = 484; 
insert into itens_venda values (default, 2315, 493, 493, 2, 0.60, 14.52); 
update estoque set quant_venda = quant_venda + 2, quant_atual = quant_atual - 2 where id = 493; 
update estoque_total set total = total - 2 where medicamento_id = 493; 

insert into venda values (2316, '2023-10-18 07:25:24', 123.02, null, 22); 
insert into itens_venda values (default, 2316, 358, 358, 2, 0.00, 73.98); 
update estoque set quant_venda = quant_venda + 2, quant_atual = quant_atual - 2 where id = 358; 
update estoque_total set total = total - 2 where medicamento_id = 358; 
insert into itens_venda values (default, 2316, 393, 393, 2, 0.00, 49.04); 
update estoque set quant_venda = quant_venda + 2, quant_atual = quant_atual - 2 where id = 393; 
update estoque_total set total = total - 2 where medicamento_id = 393; 

insert into venda values (2317, '2023-10-18 08:07:27', 94.86, 7, null); 
insert into itens_venda values (default, 2317, 469, 469, 2, 0.90, 94.86); 
update estoque set quant_venda = quant_venda + 2, quant_atual = quant_atual - 2 where id = 469; 
update estoque_total set total = total - 2 where medicamento_id = 469; 

insert into venda values (2318, '2023-10-18 10:27:04', 96.84, 10, 21); 
insert into itens_venda values (default, 2318, 345, 345, 1, 1.50, 24.56); 
update estoque set quant_venda = quant_venda + 1, quant_atual = quant_atual - 1 where id = 345; 
update estoque_total set total = total - 1 where medicamento_id = 345; 
insert into itens_venda values (default, 2318, 336, 336, 2, 3.80, 72.28); 
update estoque set quant_venda = quant_venda + 2, quant_atual = quant_atual - 2 where id = 336; 
update estoque_total set total = total - 2 where medicamento_id = 336; 

insert into venda values (2319, '2023-10-18 10:39:15', 247.80, null, 23); 
insert into itens_venda values (default, 2319, 285, 285, 1, 4.80, 117.38); 
update estoque set quant_venda = quant_venda + 1, quant_atual = quant_atual - 1 where id = 285; 
update estoque_total set total = total - 1 where medicamento_id = 285; 
insert into itens_venda values (default, 2319, 474, 474, 2, 0.00, 29.72); 
update estoque set quant_venda = quant_venda + 2, quant_atual = quant_atual - 2 where id = 474; 
update estoque_total set total = total - 2 where medicamento_id = 474; 
insert into itens_venda values (default, 2319, 159, 159, 1, 0.00, 100.70); 
update estoque set quant_venda = quant_venda + 1, quant_atual = quant_atual - 1 where id = 159; 
update estoque_total set total = total - 1 where medicamento_id = 159; 

insert into venda values (2320, '2023-10-19 07:19:42', 429.19, 19, null); 
insert into itens_venda values (default, 2320, 436, 436, 2, 5.20, 126.28); 
update estoque set quant_venda = quant_venda + 2, quant_atual = quant_atual - 2 where id = 436; 
update estoque_total set total = total - 2 where medicamento_id = 436; 
insert into itens_venda values (default, 2320, 500, 500, 1, 0.60, 15.37); 
update estoque set quant_venda = quant_venda + 1, quant_atual = quant_atual - 1 where id = 500; 
update estoque_total set total = total - 1 where medicamento_id = 500; 
insert into itens_venda values (default, 2320, 29, 29, 1, 21.60, 287.54); 
update estoque set quant_venda = quant_venda + 1, quant_atual = quant_atual - 1 where id = 29; 
update estoque_total set total = total - 1 where medicamento_id = 29; 

insert into venda values (2321, '2023-10-19 09:35:54', 49.23, null, null); 
insert into itens_venda values (default, 2321, 488, 488, 1, 0.00, 49.23); 
update estoque set quant_venda = quant_venda + 1, quant_atual = quant_atual - 1 where id = 488; 
update estoque_total set total = total - 1 where medicamento_id = 488; 

insert into venda values (2322, '2023-10-21 06:35:28', 125.88, 8, null); 
insert into itens_venda values (default, 2322, 375, 375, 1, 0.10, 19.71); 
update estoque set quant_venda = quant_venda + 1, quant_atual = quant_atual - 1 where id = 375; 
update estoque_total set total = total - 1 where medicamento_id = 375; 
insert into itens_venda values (default, 2322, 452, 452, 1, 3.50, 56.17); 
update estoque set quant_venda = quant_venda + 1, quant_atual = quant_atual - 1 where id = 452; 
update estoque_total set total = total - 1 where medicamento_id = 452; 
insert into itens_venda values (default, 2322, 433, 433, 2, 4.30, 50.00); 
update estoque set quant_venda = quant_venda + 2, quant_atual = quant_atual - 2 where id = 433; 
update estoque_total set total = total - 2 where medicamento_id = 433; 

insert into venda values (2323, '2023-10-21 07:36:16', 109.63, 8, null); 
insert into itens_venda values (default, 2323, 408, 408, 1, 6.90, 109.63); 
update estoque set quant_venda = quant_venda + 1, quant_atual = quant_atual - 1 where id = 408; 
update estoque_total set total = total - 1 where medicamento_id = 408; 

insert into venda values (2324, '2023-10-21 08:24:58', 39.10, null, 25); 
insert into itens_venda values (default, 2324, 165, 165, 1, 0.30, 39.10); 
update estoque set quant_venda = quant_venda + 1, quant_atual = quant_atual - 1 where id = 165; 
update estoque_total set total = total - 1 where medicamento_id = 165; 

insert into venda values (2325, '2023-10-21 08:46:40', 12.48, null, null); 
insert into itens_venda values (default, 2325, 379, 379, 1, 0.20, 12.48); 
update estoque set quant_venda = quant_venda + 1, quant_atual = quant_atual - 1 where id = 379; 
update estoque_total set total = total - 1 where medicamento_id = 379; 

insert into venda values (2326, '2023-10-21 09:04:01', 57.97, null, null); 
insert into itens_venda values (default, 2326, 452, 452, 1, 1.70, 57.97); 
update estoque set quant_venda = quant_venda + 1, quant_atual = quant_atual - 1 where id = 452; 
update estoque_total set total = total - 1 where medicamento_id = 452; 

insert into venda values (2327, '2023-10-21 09:21:01', 36.26, 15, null); 
insert into itens_venda values (default, 2327, 426, 426, 1, 0.00, 36.26); 
update estoque set quant_venda = quant_venda + 1, quant_atual = quant_atual - 1 where id = 426; 
update estoque_total set total = total - 1 where medicamento_id = 426; 

insert into venda values (2328, '2023-10-21 10:41:53', 54.50, null, null); 
insert into itens_venda values (default, 2328, 321, 321, 2, 1.60, 54.50); 
update estoque set quant_venda = quant_venda + 2, quant_atual = quant_atual - 2 where id = 321; 
update estoque_total set total = total - 2 where medicamento_id = 321; 

insert into venda values (2329, '2023-10-21 11:23:13', 398.52, 16, 23); 
insert into itens_venda values (default, 2329, 322, 322, 3, 5.00, 79.36); 
update estoque set quant_venda = quant_venda + 3, quant_atual = quant_atual - 3 where id = 322; 
update estoque_total set total = total - 3 where medicamento_id = 322; 
insert into itens_venda values (default, 2329, 221, 221, 2, 11.50, 180.94); 
update estoque set quant_venda = quant_venda + 2, quant_atual = quant_atual - 2 where id = 221; 
update estoque_total set total = total - 2 where medicamento_id = 221; 
insert into itens_venda values (default, 2329, 133, 133, 2, 1.30, 138.22); 
update estoque set quant_venda = quant_venda + 2, quant_atual = quant_atual - 2 where id = 133; 
update estoque_total set total = total - 2 where medicamento_id = 133; 

insert into venda values (2330, '2023-10-21 11:48:45', 334.02, null, null); 
insert into itens_venda values (default, 2330, 385, 385, 3, 0.00, 64.47); 
update estoque set quant_venda = quant_venda + 3, quant_atual = quant_atual - 3 where id = 385; 
update estoque_total set total = total - 3 where medicamento_id = 385; 
insert into itens_venda values (default, 2330, 98, 98, 1, 0.00, 234.05); 
update estoque set quant_venda = quant_venda + 1, quant_atual = quant_atual - 1 where id = 98; 
update estoque_total set total = total - 1 where medicamento_id = 98; 
insert into itens_venda values (default, 2330, 458, 458, 1, 0.70, 35.50); 
update estoque set quant_venda = quant_venda + 1, quant_atual = quant_atual - 1 where id = 458; 
update estoque_total set total = total - 1 where medicamento_id = 458; 

insert into venda values (2331, '2023-10-22 06:07:57', 324.05, null, null); 
insert into itens_venda values (default, 2331, 442, 442, 1, 0.00, 23.04); 
update estoque set quant_venda = quant_venda + 1, quant_atual = quant_atual - 1 where id = 442; 
update estoque_total set total = total - 1 where medicamento_id = 442; 
insert into itens_venda values (default, 2331, 411, 411, 1, 1.40, 70.77); 
update estoque set quant_venda = quant_venda + 1, quant_atual = quant_atual - 1 where id = 411; 
update estoque_total set total = total - 1 where medicamento_id = 411; 
insert into itens_venda values (default, 2331, 370, 370, 1, 7.10, 230.24); 
update estoque set quant_venda = quant_venda + 1, quant_atual = quant_atual - 1 where id = 370; 
update estoque_total set total = total - 1 where medicamento_id = 370; 

insert into venda values (2332, '2023-10-22 06:37:19', 131.09, null, null); 
insert into itens_venda values (default, 2332, 414, 414, 1, 1.10, 37.40); 
update estoque set quant_venda = quant_venda + 1, quant_atual = quant_atual - 1 where id = 414; 
update estoque_total set total = total - 1 where medicamento_id = 414; 
insert into itens_venda values (default, 2332, 459, 459, 2, 1.30, 66.54); 
update estoque set quant_venda = quant_venda + 2, quant_atual = quant_atual - 2 where id = 459; 
update estoque_total set total = total - 2 where medicamento_id = 459; 
insert into itens_venda values (default, 2332, 418, 418, 1, 0.50, 27.15); 
update estoque set quant_venda = quant_venda + 1, quant_atual = quant_atual - 1 where id = 418; 
update estoque_total set total = total - 1 where medicamento_id = 418; 

insert into venda values (2333, '2023-10-22 06:57:49', 108.39, null, 25); 
insert into itens_venda values (default, 2333, 414, 414, 1, 1.50, 37.00); 
update estoque set quant_venda = quant_venda + 1, quant_atual = quant_atual - 1 where id = 414; 
update estoque_total set total = total - 1 where medicamento_id = 414; 
insert into itens_venda values (default, 2333, 358, 358, 1, 0.70, 36.29); 
update estoque set quant_venda = quant_venda + 1, quant_atual = quant_atual - 1 where id = 358; 
update estoque_total set total = total - 1 where medicamento_id = 358; 
insert into itens_venda values (default, 2333, 276, 276, 1, 1.00, 35.10); 
update estoque set quant_venda = quant_venda + 1, quant_atual = quant_atual - 1 where id = 276; 
update estoque_total set total = total - 1 where medicamento_id = 276; 

insert into venda values (2334, '2023-10-22 08:11:39', 191.16, null, null); 
insert into itens_venda values (default, 2334, 502, 502, 3, 0.60, 64.83); 
update estoque set quant_venda = quant_venda + 3, quant_atual = quant_atual - 3 where id = 502; 
update estoque_total set total = total - 3 where medicamento_id = 502; 
insert into itens_venda values (default, 2334, 390, 390, 2, 2.20, 74.42); 
update estoque set quant_venda = quant_venda + 2, quant_atual = quant_atual - 2 where id = 390; 
update estoque_total set total = total - 2 where medicamento_id = 390; 
insert into itens_venda values (default, 2334, 182, 182, 1, 0.00, 51.91); 
update estoque set quant_venda = quant_venda + 1, quant_atual = quant_atual - 1 where id = 182; 
update estoque_total set total = total - 1 where medicamento_id = 182; 

insert into venda values (2335, '2023-10-22 09:21:07', 49.67, null, null); 
insert into itens_venda values (default, 2335, 455, 455, 1, 0.50, 49.67); 
update estoque set quant_venda = quant_venda + 1, quant_atual = quant_atual - 1 where id = 455; 
update estoque_total set total = total - 1 where medicamento_id = 455; 

insert into venda values (2336, '2023-10-22 10:43:22', 232.97, null, null); 
insert into itens_venda values (default, 2336, 382, 382, 2, 2.00, 67.04); 
update estoque set quant_venda = quant_venda + 2, quant_atual = quant_atual - 2 where id = 382; 
update estoque_total set total = total - 2 where medicamento_id = 382; 
insert into itens_venda values (default, 2336, 433, 433, 1, 1.00, 26.15); 
update estoque set quant_venda = quant_venda + 1, quant_atual = quant_atual - 1 where id = 433; 
update estoque_total set total = total - 1 where medicamento_id = 433; 
insert into itens_venda values (default, 2336, 363, 363, 2, 4.30, 139.78); 
update estoque set quant_venda = quant_venda + 2, quant_atual = quant_atual - 2 where id = 363; 
update estoque_total set total = total - 2 where medicamento_id = 363; 

insert into venda values (2337, '2023-10-22 11:23:16', 207.41, null, null); 
insert into itens_venda values (default, 2337, 463, 463, 3, 0.00, 40.05); 
update estoque set quant_venda = quant_venda + 3, quant_atual = quant_atual - 3 where id = 463; 
update estoque_total set total = total - 3 where medicamento_id = 463; 
insert into itens_venda values (default, 2337, 473, 473, 2, 0.00, 98.32); 
update estoque set quant_venda = quant_venda + 2, quant_atual = quant_atual - 2 where id = 473; 
update estoque_total set total = total - 2 where medicamento_id = 473; 
insert into itens_venda values (default, 2337, 382, 382, 2, 0.00, 69.04); 
update estoque set quant_venda = quant_venda + 2, quant_atual = quant_atual - 2 where id = 382; 
update estoque_total set total = total - 2 where medicamento_id = 382; 

insert into venda values (2338, '2023-10-22 11:53:33', 39.40, null, null); 
insert into itens_venda values (default, 2338, 475, 475, 2, 0.80, 39.40); 
update estoque set quant_venda = quant_venda + 2, quant_atual = quant_atual - 2 where id = 475; 
update estoque_total set total = total - 2 where medicamento_id = 475; 

insert into venda values (2339, '2023-10-22 13:07:00', 67.12, 7, null); 
insert into itens_venda values (default, 2339, 243, 243, 1, 3.40, 35.08); 
update estoque set quant_venda = quant_venda + 1, quant_atual = quant_atual - 1 where id = 243; 
update estoque_total set total = total - 1 where medicamento_id = 243; 
insert into itens_venda values (default, 2339, 401, 401, 1, 1.60, 32.04); 
update estoque set quant_venda = quant_venda + 1, quant_atual = quant_atual - 1 where id = 401; 
update estoque_total set total = total - 1 where medicamento_id = 401; 

insert into venda values (2340, '2023-10-22 14:07:54', 81.18, null, null); 
insert into itens_venda values (default, 2340, 450, 450, 3, 0.00, 66.06); 
update estoque set quant_venda = quant_venda + 3, quant_atual = quant_atual - 3 where id = 450; 
update estoque_total set total = total - 3 where medicamento_id = 450; 
insert into itens_venda values (default, 2340, 493, 493, 2, 0.00, 15.12); 
update estoque set quant_venda = quant_venda + 2, quant_atual = quant_atual - 2 where id = 493; 
update estoque_total set total = total - 2 where medicamento_id = 493; 

insert into venda values (2341, '2023-10-22 15:08:22', 101.82, 1, null); 
insert into itens_venda values (default, 2341, 182, 182, 2, 2.00, 101.82); 
update estoque set quant_venda = quant_venda + 2, quant_atual = quant_atual - 2 where id = 182; 
update estoque_total set total = total - 2 where medicamento_id = 182; 

insert into venda values (2342, '2023-10-23 07:56:21', 62.80, null, null); 
insert into itens_venda values (default, 2342, 351, 351, 3, 2.60, 62.80); 
update estoque set quant_venda = quant_venda + 3, quant_atual = quant_atual - 3 where id = 351; 
update estoque_total set total = total - 3 where medicamento_id = 351; 
insert into estoque values (default, 351, 'lote 063704', '2023-10-23', '2025-10-12', 15.77, 40, 0, 40); 
update estoque_total set total = total + 40 where medicamento_id = 351; 

insert into venda values (2343, '2023-10-23 09:40:27', 130.60, 19, null); 
insert into itens_venda values (default, 2343, 298, 298, 1, 5.20, 100.78); 
update estoque set quant_venda = quant_venda + 1, quant_atual = quant_atual - 1 where id = 298; 
update estoque_total set total = total - 1 where medicamento_id = 298; 
insert into itens_venda values (default, 2343, 327, 327, 1, 1.80, 29.82); 
update estoque set quant_venda = quant_venda + 1, quant_atual = quant_atual - 1 where id = 327; 
update estoque_total set total = total - 1 where medicamento_id = 327; 

insert into venda values (2344, '2023-10-23 11:43:04', 541.37, null, null); 
insert into itens_venda values (default, 2344, 360, 360, 1, 4.40, 143.66); 
update estoque set quant_venda = quant_venda + 1, quant_atual = quant_atual - 1 where id = 360; 
update estoque_total set total = total - 1 where medicamento_id = 360; 
insert into itens_venda values (default, 2344, 348, 348, 3, 0.00, 70.47); 
update estoque set quant_venda = quant_venda + 3, quant_atual = quant_atual - 3 where id = 348; 
update estoque_total set total = total - 3 where medicamento_id = 348; 
insert into itens_venda values (default, 2344, 176, 176, 1, 13.60, 327.24); 
update estoque set quant_venda = quant_venda + 1, quant_atual = quant_atual - 1 where id = 176; 
update estoque_total set total = total - 1 where medicamento_id = 176; 

insert into venda values (2345, '2023-10-23 14:01:09', 319.25, null, 21); 
insert into itens_venda values (default, 2345, 403, 403, 3, 0.70, 74.03); 
update estoque set quant_venda = quant_venda + 3, quant_atual = quant_atual - 3 where id = 403; 
update estoque_total set total = total - 3 where medicamento_id = 403; 
insert into itens_venda values (default, 2345, 486, 486, 3, 0.00, 32.82); 
update estoque set quant_venda = quant_venda + 3, quant_atual = quant_atual - 3 where id = 486; 
update estoque_total set total = total - 3 where medicamento_id = 486; 
insert into itens_venda values (default, 2345, 215, 215, 1, 6.50, 212.40); 
update estoque set quant_venda = quant_venda + 1, quant_atual = quant_atual - 1 where id = 215; 
update estoque_total set total = total - 1 where medicamento_id = 215; 

insert into venda values (2346, '2023-10-23 16:02:16', 130.62, 17, null); 
insert into itens_venda values (default, 2346, 505, 505, 2, 1.30, 66.38); 
update estoque set quant_venda = quant_venda + 2, quant_atual = quant_atual - 2 where id = 505; 
update estoque_total set total = total - 2 where medicamento_id = 505; 
insert into itens_venda values (default, 2346, 457, 457, 2, 4.10, 64.24); 
update estoque set quant_venda = quant_venda + 2, quant_atual = quant_atual - 2 where id = 457; 
update estoque_total set total = total - 2 where medicamento_id = 457; 

insert into venda values (2347, '2023-10-25 08:18:05', 192.69, null, null); 
insert into itens_venda values (default, 2347, 408, 408, 1, 0.00, 116.53); 
update estoque set quant_venda = quant_venda + 1, quant_atual = quant_atual - 1 where id = 408; 
update estoque_total set total = total - 1 where medicamento_id = 408; 
insert into itens_venda values (default, 2347, 227, 227, 2, 0.10, 5.30); 
update estoque set quant_venda = quant_venda + 2, quant_atual = quant_atual - 2 where id = 227; 
update estoque_total set total = total - 2 where medicamento_id = 227; 
insert into itens_venda values (default, 2347, 498, 498, 2, 0.00, 70.86); 
update estoque set quant_venda = quant_venda + 2, quant_atual = quant_atual - 2 where id = 498; 
update estoque_total set total = total - 2 where medicamento_id = 498; 

insert into venda values (2348, '2023-10-25 11:04:09', 159.43, null, null); 
insert into itens_venda values (default, 2348, 346, 346, 2, 2.60, 87.26); 
update estoque set quant_venda = quant_venda + 2, quant_atual = quant_atual - 2 where id = 346; 
update estoque_total set total = total - 2 where medicamento_id = 346; 
insert into itens_venda values (default, 2348, 411, 411, 1, 0.00, 72.17); 
update estoque set quant_venda = quant_venda + 1, quant_atual = quant_atual - 1 where id = 411; 
update estoque_total set total = total - 1 where medicamento_id = 411; 

insert into venda values (2349, '2023-10-25 13:08:40', 32.75, 17, 22); 
insert into itens_venda values (default, 2349, 206, 206, 1, 1.00, 32.75); 
update estoque set quant_venda = quant_venda + 1, quant_atual = quant_atual - 1 where id = 206; 
update estoque_total set total = total - 1 where medicamento_id = 206; 

insert into venda values (2350, '2023-10-25 13:48:44', 224.38, null, 25); 
insert into itens_venda values (default, 2350, 347, 347, 2, 0.00, 124.66); 
update estoque set quant_venda = quant_venda + 2, quant_atual = quant_atual - 2 where id = 347; 
update estoque_total set total = total - 2 where medicamento_id = 347; 
insert into itens_venda values (default, 2350, 383, 383, 2, 4.10, 99.72); 
update estoque set quant_venda = quant_venda + 2, quant_atual = quant_atual - 2 where id = 383; 
update estoque_total set total = total - 2 where medicamento_id = 383; 

insert into venda values (2351, '2023-10-25 15:21:49', 345.76, null, null); 
insert into itens_venda values (default, 2351, 424, 424, 3, 0.60, 32.40); 
update estoque set quant_venda = quant_venda + 3, quant_atual = quant_atual - 3 where id = 424; 
update estoque_total set total = total - 3 where medicamento_id = 424; 
insert into itens_venda values (default, 2351, 267, 267, 1, 0.00, 177.13); 
update estoque set quant_venda = quant_venda + 1, quant_atual = quant_atual - 1 where id = 267; 
update estoque_total set total = total - 1 where medicamento_id = 267; 
insert into itens_venda values (default, 2351, 371, 371, 1, 1.30, 136.23); 
update estoque set quant_venda = quant_venda + 1, quant_atual = quant_atual - 1 where id = 371; 
update estoque_total set total = total - 1 where medicamento_id = 371; 

insert into venda values (2352, '2023-10-25 16:42:56', 429.60, null, null); 
insert into itens_venda values (default, 2352, 396, 396, 1, 3.40, 337.90); 
update estoque set quant_venda = quant_venda + 1, quant_atual = quant_atual - 1 where id = 396; 
update estoque_total set total = total - 1 where medicamento_id = 396; 
insert into itens_venda values (default, 2352, 428, 428, 3, 0.40, 49.52); 
update estoque set quant_venda = quant_venda + 3, quant_atual = quant_atual - 3 where id = 428; 
update estoque_total set total = total - 3 where medicamento_id = 428; 
insert into itens_venda values (default, 2352, 385, 385, 2, 0.80, 42.18); 
update estoque set quant_venda = quant_venda + 2, quant_atual = quant_atual - 2 where id = 385; 
update estoque_total set total = total - 2 where medicamento_id = 385; 

insert into venda values (2353, '2023-10-26 06:29:12', 217.80, 15, 22); 
insert into itens_venda values (default, 2353, 232, 232, 2, 12.40, 142.90); 
update estoque set quant_venda = quant_venda + 2, quant_atual = quant_atual - 2 where id = 232; 
update estoque_total set total = total - 2 where medicamento_id = 232; 
insert into itens_venda values (default, 2353, 165, 165, 2, 3.90, 74.90); 
update estoque set quant_venda = quant_venda + 2, quant_atual = quant_atual - 2 where id = 165; 
update estoque_total set total = total - 2 where medicamento_id = 165; 

insert into venda values (2354, '2023-10-26 07:32:32', 73.84, 3, null); 
insert into itens_venda values (default, 2354, 437, 437, 3, 4.70, 73.84); 
update estoque set quant_venda = quant_venda + 3, quant_atual = quant_atual - 3 where id = 437; 
update estoque_total set total = total - 3 where medicamento_id = 437; 

insert into venda values (2355, '2023-10-26 07:34:22', 87.09, 5, null); 
insert into itens_venda values (default, 2355, 369, 369, 1, 2.60, 87.09); 
update estoque set quant_venda = quant_venda + 1, quant_atual = quant_atual - 1 where id = 369; 
update estoque_total set total = total - 1 where medicamento_id = 369; 

insert into venda values (2356, '2023-10-26 08:55:04', 294.90, null, 24); 
insert into itens_venda values (default, 2356, 356, 356, 1, 2.30, 112.76); 
update estoque set quant_venda = quant_venda + 1, quant_atual = quant_atual - 1 where id = 356; 
update estoque_total set total = total - 1 where medicamento_id = 356; 
insert into itens_venda values (default, 2356, 253, 253, 2, 6.10, 147.94); 
update estoque set quant_venda = quant_venda + 2, quant_atual = quant_atual - 2 where id = 253; 
update estoque_total set total = total - 2 where medicamento_id = 253; 
insert into itens_venda values (default, 2356, 299, 299, 1, 0.00, 34.20); 
update estoque set quant_venda = quant_venda + 1, quant_atual = quant_atual - 1 where id = 299; 
update estoque_total set total = total - 1 where medicamento_id = 299; 

insert into venda values (2357, '2023-10-26 09:05:59', 65.28, null, null); 
insert into itens_venda values (default, 2357, 500, 500, 2, 0.30, 31.64); 
update estoque set quant_venda = quant_venda + 2, quant_atual = quant_atual - 2 where id = 500; 
update estoque_total set total = total - 2 where medicamento_id = 500; 
insert into itens_venda values (default, 2357, 401, 401, 1, 0.00, 33.64); 
update estoque set quant_venda = quant_venda + 1, quant_atual = quant_atual - 1 where id = 401; 
update estoque_total set total = total - 1 where medicamento_id = 401; 

insert into venda values (2358, '2023-10-26 10:04:13', 14.16, 16, null); 
insert into itens_venda values (default, 2358, 474, 474, 1, 0.70, 14.16); 
update estoque set quant_venda = quant_venda + 1, quant_atual = quant_atual - 1 where id = 474; 
update estoque_total set total = total - 1 where medicamento_id = 474; 

insert into venda values (2359, '2023-10-26 11:04:37', 191.87, null, null); 
insert into itens_venda values (default, 2359, 434, 434, 2, 0.00, 65.32); 
update estoque set quant_venda = quant_venda + 2, quant_atual = quant_atual - 2 where id = 434; 
update estoque_total set total = total - 2 where medicamento_id = 434; 
insert into itens_venda values (default, 2359, 499, 499, 1, 0.30, 38.47); 
update estoque set quant_venda = quant_venda + 1, quant_atual = quant_atual - 1 where id = 499; 
update estoque_total set total = total - 1 where medicamento_id = 499; 
insert into itens_venda values (default, 2359, 142, 142, 1, 3.60, 88.08); 
update estoque set quant_venda = quant_venda + 1, quant_atual = quant_atual - 1 where id = 142; 
update estoque_total set total = total - 1 where medicamento_id = 142; 

insert into venda values (2360, '2023-10-26 11:09:52', 133.19, 16, null); 
insert into itens_venda values (default, 2360, 380, 380, 1, 0.10, 8.13); 
update estoque set quant_venda = quant_venda + 1, quant_atual = quant_atual - 1 where id = 380; 
update estoque_total set total = total - 1 where medicamento_id = 380; 
insert into itens_venda values (default, 2360, 334, 334, 2, 0.00, 125.06); 
update estoque set quant_venda = quant_venda + 2, quant_atual = quant_atual - 2 where id = 334; 
update estoque_total set total = total - 2 where medicamento_id = 334; 

insert into venda values (2361, '2023-10-26 11:43:14', 102.06, 17, null); 
insert into itens_venda values (default, 2361, 445, 445, 2, 0.00, 36.42); 
update estoque set quant_venda = quant_venda + 2, quant_atual = quant_atual - 2 where id = 445; 
update estoque_total set total = total - 2 where medicamento_id = 445; 
insert into itens_venda values (default, 2361, 382, 382, 2, 3.40, 65.64); 
update estoque set quant_venda = quant_venda + 2, quant_atual = quant_atual - 2 where id = 382; 
update estoque_total set total = total - 2 where medicamento_id = 382; 

insert into venda values (2362, '2023-10-26 12:26:05', 68.25, null, null); 
insert into itens_venda values (default, 2362, 486, 486, 2, 0.20, 21.68); 
update estoque set quant_venda = quant_venda + 2, quant_atual = quant_atual - 2 where id = 486; 
update estoque_total set total = total - 2 where medicamento_id = 486; 
insert into itens_venda values (default, 2362, 423, 423, 3, 1.40, 46.57); 
update estoque set quant_venda = quant_venda + 3, quant_atual = quant_atual - 3 where id = 423; 
update estoque_total set total = total - 3 where medicamento_id = 423; 

insert into venda values (2363, '2023-10-27 07:56:17', 97.98, 2, null); 
insert into itens_venda values (default, 2363, 423, 423, 1, 0.90, 15.09); 
update estoque set quant_venda = quant_venda + 1, quant_atual = quant_atual - 1 where id = 423; 
update estoque_total set total = total - 1 where medicamento_id = 423; 
insert into itens_venda values (default, 2363, 271, 271, 1, 7.20, 82.89); 
update estoque set quant_venda = quant_venda + 1, quant_atual = quant_atual - 1 where id = 271; 
update estoque_total set total = total - 1 where medicamento_id = 271; 

insert into venda values (2364, '2023-10-27 09:36:22', 128.97, 9, null); 
insert into itens_venda values (default, 2364, 425, 425, 1, 0.70, 35.50); 
update estoque set quant_venda = quant_venda + 1, quant_atual = quant_atual - 1 where id = 425; 
update estoque_total set total = total - 1 where medicamento_id = 425; 
insert into itens_venda values (default, 2364, 452, 452, 1, 1.70, 57.97); 
update estoque set quant_venda = quant_venda + 1, quant_atual = quant_atual - 1 where id = 452; 
update estoque_total set total = total - 1 where medicamento_id = 452; 
insert into itens_venda values (default, 2364, 414, 414, 1, 3.00, 35.50); 
update estoque set quant_venda = quant_venda + 1, quant_atual = quant_atual - 1 where id = 414; 
update estoque_total set total = total - 1 where medicamento_id = 414; 

insert into venda values (2365, '2023-10-27 10:21:02', 170.60, 8, null); 
insert into itens_venda values (default, 2365, 316, 316, 1, 8.90, 170.60); 
update estoque set quant_venda = quant_venda + 1, quant_atual = quant_atual - 1 where id = 316; 
update estoque_total set total = total - 1 where medicamento_id = 316; 

insert into venda values (2366, '2023-10-27 11:22:51', 88.62, 8, 22); 
insert into itens_venda values (default, 2366, 221, 221, 1, 7.60, 88.62); 
update estoque set quant_venda = quant_venda + 1, quant_atual = quant_atual - 1 where id = 221; 
update estoque_total set total = total - 1 where medicamento_id = 221; 

insert into venda values (2367, '2023-10-27 13:39:47', 392.68, null, null); 
insert into itens_venda values (default, 2367, 230, 230, 1, 3.90, 392.68); 
update estoque set quant_venda = quant_venda + 1, quant_atual = quant_atual - 1 where id = 230; 
update estoque_total set total = total - 1 where medicamento_id = 230; 

insert into venda values (2368, '2023-10-27 14:58:33', 92.56, null, null); 
insert into itens_venda values (default, 2368, 248, 248, 1, 0.70, 24.31); 
update estoque set quant_venda = quant_venda + 1, quant_atual = quant_atual - 1 where id = 248; 
update estoque_total set total = total - 1 where medicamento_id = 248; 
insert into itens_venda values (default, 2368, 398, 398, 2, 0.90, 30.18); 
update estoque set quant_venda = quant_venda + 2, quant_atual = quant_atual - 2 where id = 398; 
update estoque_total set total = total - 2 where medicamento_id = 398; 
insert into itens_venda values (default, 2368, 499, 499, 1, 0.70, 38.07); 
update estoque set quant_venda = quant_venda + 1, quant_atual = quant_atual - 1 where id = 499; 
update estoque_total set total = total - 1 where medicamento_id = 499; 

insert into venda values (2369, '2023-10-27 15:15:46', 347.76, null, null); 
insert into itens_venda values (default, 2369, 71, 71, 1, 6.50, 212.98); 
update estoque set quant_venda = quant_venda + 1, quant_atual = quant_atual - 1 where id = 71; 
update estoque_total set total = total - 1 where medicamento_id = 71; 
insert into itens_venda values (default, 2369, 435, 435, 1, 0.90, 97.12); 
update estoque set quant_venda = quant_venda + 1, quant_atual = quant_atual - 1 where id = 435; 
update estoque_total set total = total - 1 where medicamento_id = 435; 
insert into itens_venda values (default, 2369, 460, 460, 1, 0.00, 37.66); 
update estoque set quant_venda = quant_venda + 1, quant_atual = quant_atual - 1 where id = 460; 
update estoque_total set total = total - 1 where medicamento_id = 460; 

insert into venda values (2370, '2023-10-28 08:24:36', 209.85, 12, 25); 
insert into itens_venda values (default, 2370, 485, 485, 2, 0.90, 31.28); 
update estoque set quant_venda = quant_venda + 2, quant_atual = quant_atual - 2 where id = 485; 
update estoque_total set total = total - 2 where medicamento_id = 485; 
insert into itens_venda values (default, 2370, 453, 453, 1, 0.50, 6.00); 
update estoque set quant_venda = quant_venda + 1, quant_atual = quant_atual - 1 where id = 453; 
update estoque_total set total = total - 1 where medicamento_id = 453; 
insert into itens_venda values (default, 2370, 78, 78, 1, 15.00, 172.57); 
update estoque set quant_venda = quant_venda + 1, quant_atual = quant_atual - 1 where id = 78; 
update estoque_total set total = total - 1 where medicamento_id = 78; 

insert into venda values (2371, '2023-10-28 10:55:17', 252.94, null, null); 
insert into itens_venda values (default, 2371, 175, 175, 2, 1.30, 66.46); 
update estoque set quant_venda = quant_venda + 2, quant_atual = quant_atual - 2 where id = 175; 
update estoque_total set total = total - 2 where medicamento_id = 175; 
insert into itens_venda values (default, 2371, 446, 446, 1, 3.90, 127.92); 
update estoque set quant_venda = quant_venda + 1, quant_atual = quant_atual - 1 where id = 446; 
update estoque_total set total = total - 1 where medicamento_id = 446; 
insert into itens_venda values (default, 2371, 324, 324, 3, 0.00, 58.56); 
update estoque set quant_venda = quant_venda + 3, quant_atual = quant_atual - 3 where id = 324; 
update estoque_total set total = total - 3 where medicamento_id = 324; 

insert into venda values (2372, '2023-10-28 13:30:03', 43.99, null, null); 
insert into itens_venda values (default, 2372, 489, 489, 1, 0.00, 43.99); 
update estoque set quant_venda = quant_venda + 1, quant_atual = quant_atual - 1 where id = 489; 
update estoque_total set total = total - 1 where medicamento_id = 489; 

insert into venda values (2373, '2023-10-28 13:32:55', 174.66, 6, null); 
insert into itens_venda values (default, 2373, 369, 369, 1, 3.50, 86.19); 
update estoque set quant_venda = quant_venda + 1, quant_atual = quant_atual - 1 where id = 369; 
update estoque_total set total = total - 1 where medicamento_id = 369; 
insert into itens_venda values (default, 2373, 412, 412, 1, 0.00, 88.47); 
update estoque set quant_venda = quant_venda + 1, quant_atual = quant_atual - 1 where id = 412; 
update estoque_total set total = total - 1 where medicamento_id = 412; 

insert into venda values (2374, '2023-10-29 06:25:21', 242.07, null, null); 
insert into itens_venda values (default, 2374, 408, 408, 1, 2.30, 114.23); 
update estoque set quant_venda = quant_venda + 1, quant_atual = quant_atual - 1 where id = 408; 
update estoque_total set total = total - 1 where medicamento_id = 408; 
insert into itens_venda values (default, 2374, 428, 428, 2, 0.00, 33.28); 
update estoque set quant_venda = quant_venda + 2, quant_atual = quant_atual - 2 where id = 428; 
update estoque_total set total = total - 2 where medicamento_id = 428; 
insert into itens_venda values (default, 2374, 488, 488, 2, 3.90, 94.56); 
update estoque set quant_venda = quant_venda + 2, quant_atual = quant_atual - 2 where id = 488; 
update estoque_total set total = total - 2 where medicamento_id = 488; 

insert into venda values (2375, '2023-10-29 06:28:04', 188.11, null, null); 
insert into itens_venda values (default, 2375, 247, 247, 2, 0.00, 138.88); 
update estoque set quant_venda = quant_venda + 2, quant_atual = quant_atual - 2 where id = 247; 
update estoque_total set total = total - 2 where medicamento_id = 247; 
insert into itens_venda values (default, 2375, 488, 488, 1, 0.00, 49.23); 
update estoque set quant_venda = quant_venda + 1, quant_atual = quant_atual - 1 where id = 488; 
update estoque_total set total = total - 1 where medicamento_id = 488; 

insert into venda values (2376, '2023-10-29 06:42:36', 79.01, 10, null); 
insert into itens_venda values (default, 2376, 445, 445, 1, 0.90, 17.31); 
update estoque set quant_venda = quant_venda + 1, quant_atual = quant_atual - 1 where id = 445; 
update estoque_total set total = total - 1 where medicamento_id = 445; 
insert into itens_venda values (default, 2376, 422, 422, 2, 1.90, 30.08); 
update estoque set quant_venda = quant_venda + 2, quant_atual = quant_atual - 2 where id = 422; 
update estoque_total set total = total - 2 where medicamento_id = 422; 
insert into itens_venda values (default, 2376, 459, 459, 1, 2.30, 31.62); 
update estoque set quant_venda = quant_venda + 1, quant_atual = quant_atual - 1 where id = 459; 
update estoque_total set total = total - 1 where medicamento_id = 459; 

insert into venda values (2377, '2023-10-29 07:47:29', 167.77, 1, null); 
insert into itens_venda values (default, 2377, 319, 319, 1, 5.30, 53.87); 
update estoque set quant_venda = quant_venda + 1, quant_atual = quant_atual - 1 where id = 319; 
update estoque_total set total = total - 1 where medicamento_id = 319; 
insert into itens_venda values (default, 2377, 454, 454, 1, 4.40, 84.58); 
update estoque set quant_venda = quant_venda + 1, quant_atual = quant_atual - 1 where id = 454; 
update estoque_total set total = total - 1 where medicamento_id = 454; 
insert into itens_venda values (default, 2377, 472, 472, 1, 0.00, 29.32); 
update estoque set quant_venda = quant_venda + 1, quant_atual = quant_atual - 1 where id = 472; 
update estoque_total set total = total - 1 where medicamento_id = 472; 

insert into venda values (2378, '2023-10-29 07:53:34', 177.13, null, null); 
insert into itens_venda values (default, 2378, 267, 267, 1, 0.00, 177.13); 
update estoque set quant_venda = quant_venda + 1, quant_atual = quant_atual - 1 where id = 267; 
update estoque_total set total = total - 1 where medicamento_id = 267; 

insert into venda values (2379, '2023-10-29 07:55:51', 40.66, null, null); 
insert into itens_venda values (default, 2379, 380, 380, 3, 0.40, 24.29); 
update estoque set quant_venda = quant_venda + 3, quant_atual = quant_atual - 3 where id = 380; 
update estoque_total set total = total - 3 where medicamento_id = 380; 
insert into itens_venda values (default, 2379, 402, 402, 1, 0.50, 16.37); 
update estoque set quant_venda = quant_venda + 1, quant_atual = quant_atual - 1 where id = 402; 
update estoque_total set total = total - 1 where medicamento_id = 402; 

insert into venda values (2380, '2023-10-29 08:07:23', 123.76, null, 22); 
insert into itens_venda values (default, 2380, 357, 357, 2, 0.00, 123.76); 
update estoque set quant_venda = quant_venda + 2, quant_atual = quant_atual - 2 where id = 357; 
update estoque_total set total = total - 2 where medicamento_id = 357; 

insert into venda values (2381, '2023-10-29 08:11:50', 18.14, 4, null); 
insert into itens_venda values (default, 2381, 449, 449, 1, 1.50, 18.14); 
update estoque set quant_venda = quant_venda + 1, quant_atual = quant_atual - 1 where id = 449; 
update estoque_total set total = total - 1 where medicamento_id = 449; 

insert into venda values (2382, '2023-10-29 09:24:17', 76.61, null, null); 
insert into itens_venda values (default, 2382, 341, 341, 2, 0.00, 29.04); 
update estoque set quant_venda = quant_venda + 2, quant_atual = quant_atual - 2 where id = 341; 
update estoque_total set total = total - 2 where medicamento_id = 341; 
insert into itens_venda values (default, 2382, 422, 422, 3, 0.40, 47.57); 
update estoque set quant_venda = quant_venda + 3, quant_atual = quant_atual - 3 where id = 422; 
update estoque_total set total = total - 3 where medicamento_id = 422; 

insert into venda values (2383, '2023-10-29 09:25:52', 43.22, null, null); 
insert into itens_venda values (default, 2383, 502, 502, 2, 0.40, 43.22); 
update estoque set quant_venda = quant_venda + 2, quant_atual = quant_atual - 2 where id = 502; 
update estoque_total set total = total - 2 where medicamento_id = 502; 

insert into venda values (2384, '2023-10-29 10:37:32', 35.29, null, null); 
insert into itens_venda values (default, 2384, 479, 479, 1, 1.40, 35.29); 
update estoque set quant_venda = quant_venda + 1, quant_atual = quant_atual - 1 where id = 479; 
update estoque_total set total = total - 1 where medicamento_id = 479; 

insert into venda values (2385, '2023-10-29 11:20:07', 71.32, 5, null); 
insert into itens_venda values (default, 2385, 405, 405, 2, 0.70, 71.32); 
update estoque set quant_venda = quant_venda + 2, quant_atual = quant_atual - 2 where id = 405; 
update estoque_total set total = total - 2 where medicamento_id = 405; 

insert into venda values (2386, '2023-10-30 07:06:22', 49.23, null, null); 
insert into itens_venda values (default, 2386, 488, 488, 1, 0.00, 49.23); 
update estoque set quant_venda = quant_venda + 1, quant_atual = quant_atual - 1 where id = 488; 
update estoque_total set total = total - 1 where medicamento_id = 488; 

insert into venda values (2387, '2023-10-30 09:21:59', 273.29, null, null); 
insert into itens_venda values (default, 2387, 469, 469, 2, 0.90, 94.86); 
update estoque set quant_venda = quant_venda + 2, quant_atual = quant_atual - 2 where id = 469; 
update estoque_total set total = total - 2 where medicamento_id = 469; 
insert into itens_venda values (default, 2387, 497, 497, 2, 0.00, 75.20); 
update estoque set quant_venda = quant_venda + 2, quant_atual = quant_atual - 2 where id = 497; 
update estoque_total set total = total - 2 where medicamento_id = 497; 
insert into itens_venda values (default, 2387, 280, 280, 1, 1.00, 103.23); 
update estoque set quant_venda = quant_venda + 1, quant_atual = quant_atual - 1 where id = 280; 
update estoque_total set total = total - 1 where medicamento_id = 280; 

insert into venda values (2388, '2023-10-30 11:17:12', 153.87, 1, null); 
insert into itens_venda values (default, 2388, 246, 246, 2, 9.80, 113.70); 
update estoque set quant_venda = quant_venda + 2, quant_atual = quant_atual - 2 where id = 246; 
update estoque_total set total = total - 2 where medicamento_id = 246; 
insert into itens_venda values (default, 2388, 398, 398, 1, 1.20, 14.34); 
update estoque set quant_venda = quant_venda + 1, quant_atual = quant_atual - 1 where id = 398; 
update estoque_total set total = total - 1 where medicamento_id = 398; 
insert into itens_venda values (default, 2388, 447, 447, 1, 0.70, 25.83); 
update estoque set quant_venda = quant_venda + 1, quant_atual = quant_atual - 1 where id = 447; 
update estoque_total set total = total - 1 where medicamento_id = 447; 

insert into venda values (2389, '2023-10-30 12:47:09', 168.82, null, 23); 
insert into itens_venda values (default, 2389, 436, 436, 2, 0.00, 131.48); 
update estoque set quant_venda = quant_venda + 2, quant_atual = quant_atual - 2 where id = 436; 
update estoque_total set total = total - 2 where medicamento_id = 436; 
insert into itens_venda values (default, 2389, 116, 116, 1, 0.20, 7.54); 
update estoque set quant_venda = quant_venda + 1, quant_atual = quant_atual - 1 where id = 116; 
update estoque_total set total = total - 1 where medicamento_id = 116; 
insert into itens_venda values (default, 2389, 376, 376, 2, 0.00, 29.80); 
update estoque set quant_venda = quant_venda + 2, quant_atual = quant_atual - 2 where id = 376; 
update estoque_total set total = total - 2 where medicamento_id = 376; 

insert into venda values (2390, '2023-10-30 15:25:52', 185.68, null, 23); 
insert into itens_venda values (default, 2390, 338, 338, 2, 7.70, 185.68); 
update estoque set quant_venda = quant_venda + 2, quant_atual = quant_atual - 2 where id = 338; 
update estoque_total set total = total - 2 where medicamento_id = 338; 

insert into venda values (2391, '2023-10-30 15:39:24', 62.11, 3, null); 
insert into itens_venda values (default, 2391, 162, 162, 1, 5.30, 62.11); 
update estoque set quant_venda = quant_venda + 1, quant_atual = quant_atual - 1 where id = 162; 
update estoque_total set total = total - 1 where medicamento_id = 162; 

insert into venda values (2392, '2023-10-31 07:57:28', 103.84, null, null); 
insert into itens_venda values (default, 2392, 284, 284, 2, 1.30, 31.38); 
update estoque set quant_venda = quant_venda + 2, quant_atual = quant_atual - 2 where id = 284; 
update estoque_total set total = total - 2 where medicamento_id = 284; 
insert into itens_venda values (default, 2392, 223, 223, 1, 0.00, 72.46); 
update estoque set quant_venda = quant_venda + 1, quant_atual = quant_atual - 1 where id = 223; 
update estoque_total set total = total - 1 where medicamento_id = 223; 

insert into venda values (2393, '2023-10-31 09:40:02', 85.50, null, null); 
insert into itens_venda values (default, 2393, 441, 441, 3, 0.00, 85.50); 
update estoque set quant_venda = quant_venda + 3, quant_atual = quant_atual - 3 where id = 441; 
update estoque_total set total = total - 3 where medicamento_id = 441; 

insert into venda values (2394, '2023-10-31 09:47:42', 84.27, 10, 23); 
insert into itens_venda values (default, 2394, 502, 502, 1, 1.50, 20.31); 
update estoque set quant_venda = quant_venda + 1, quant_atual = quant_atual - 1 where id = 502; 
update estoque_total set total = total - 1 where medicamento_id = 502; 
insert into itens_venda values (default, 2394, 110, 110, 2, 1.30, 63.96); 
update estoque set quant_venda = quant_venda + 2, quant_atual = quant_atual - 2 where id = 110; 
update estoque_total set total = total - 2 where medicamento_id = 110; 

insert into venda values (2395, '2023-10-31 10:38:41', 172.46, null, null); 
insert into itens_venda values (default, 2395, 373, 373, 2, 1.30, 68.16); 
update estoque set quant_venda = quant_venda + 2, quant_atual = quant_atual - 2 where id = 373; 
update estoque_total set total = total - 2 where medicamento_id = 373; 
insert into itens_venda values (default, 2395, 372, 372, 1, 3.20, 104.30); 
update estoque set quant_venda = quant_venda + 1, quant_atual = quant_atual - 1 where id = 372; 
update estoque_total set total = total - 1 where medicamento_id = 372; 

insert into venda values (2396, '2023-10-31 12:37:46', 76.29, 17, null); 
insert into itens_venda values (default, 2396, 476, 476, 1, 0.70, 23.47); 
update estoque set quant_venda = quant_venda + 1, quant_atual = quant_atual - 1 where id = 476; 
update estoque_total set total = total - 1 where medicamento_id = 476; 
insert into itens_venda values (default, 2396, 252, 252, 2, 3.30, 52.82); 
update estoque set quant_venda = quant_venda + 2, quant_atual = quant_atual - 2 where id = 252; 
update estoque_total set total = total - 2 where medicamento_id = 252; 

insert into venda values (2397, '2023-10-31 13:24:07', 124.90, 4, null); 
insert into itens_venda values (default, 2397, 440, 440, 1, 1.10, 38.31); 
update estoque set quant_venda = quant_venda + 1, quant_atual = quant_atual - 1 where id = 440; 
update estoque_total set total = total - 1 where medicamento_id = 440; 
insert into itens_venda values (default, 2397, 293, 293, 3, 0.80, 86.59); 
update estoque set quant_venda = quant_venda + 3, quant_atual = quant_atual - 3 where id = 293; 
update estoque_total set total = total - 3 where medicamento_id = 293; 

insert into venda values (2398, '2023-10-31 13:45:43', 148.60, 20, 23); 
insert into itens_venda values (default, 2398, 389, 389, 2, 1.20, 63.60); 
update estoque set quant_venda = quant_venda + 2, quant_atual = quant_atual - 2 where id = 389; 
update estoque_total set total = total - 2 where medicamento_id = 389; 
insert into itens_venda values (default, 2398, 317, 317, 1, 5.40, 85.00); 
update estoque set quant_venda = quant_venda + 1, quant_atual = quant_atual - 1 where id = 317; 
update estoque_total set total = total - 1 where medicamento_id = 317; 

insert into venda values (2399, '2023-11-01 08:40:59', 59.31, null, null); 
insert into itens_venda values (default, 2399, 501, 501, 1, 0.20, 22.89); 
update estoque set quant_venda = quant_venda + 1, quant_atual = quant_atual - 1 where id = 501; 
update estoque_total set total = total - 1 where medicamento_id = 501; 
insert into itens_venda values (default, 2399, 445, 445, 2, 0.00, 36.42); 
update estoque set quant_venda = quant_venda + 2, quant_atual = quant_atual - 2 where id = 445; 
update estoque_total set total = total - 2 where medicamento_id = 445; 

insert into venda values (2400, '2023-11-01 10:34:40', 279.90, 20, null); 
insert into itens_venda values (default, 2400, 305, 305, 2, 0.80, 86.12); 
update estoque set quant_venda = quant_venda + 2, quant_atual = quant_atual - 2 where id = 305; 
update estoque_total set total = total - 2 where medicamento_id = 305; 
insert into itens_venda values (default, 2400, 485, 485, 2, 2.80, 29.38); 
update estoque set quant_venda = quant_venda + 2, quant_atual = quant_atual - 2 where id = 485; 
update estoque_total set total = total - 2 where medicamento_id = 485; 
insert into itens_venda values (default, 2400, 470, 470, 2, 10.40, 164.40); 
update estoque set quant_venda = quant_venda + 2, quant_atual = quant_atual - 2 where id = 470; 
update estoque_total set total = total - 2 where medicamento_id = 470; 

insert into venda values (2401, '2023-11-02 07:16:52', 231.66, null, null); 
insert into itens_venda values (default, 2401, 483, 483, 2, 1.00, 99.42); 
update estoque set quant_venda = quant_venda + 2, quant_atual = quant_atual - 2 where id = 483; 
update estoque_total set total = total - 2 where medicamento_id = 483; 
insert into itens_venda values (default, 2401, 478, 478, 2, 2.30, 112.74); 
update estoque set quant_venda = quant_venda + 2, quant_atual = quant_atual - 2 where id = 478; 
update estoque_total set total = total - 2 where medicamento_id = 478; 
insert into itens_venda values (default, 2401, 453, 453, 3, 0.00, 19.50); 
update estoque set quant_venda = quant_venda + 3, quant_atual = quant_atual - 3 where id = 453; 
update estoque_total set total = total - 3 where medicamento_id = 453; 

insert into venda values (2402, '2023-11-02 08:14:54', 255.75, null, null); 
insert into itens_venda values (default, 2402, 284, 284, 3, 0.40, 48.62); 
update estoque set quant_venda = quant_venda + 3, quant_atual = quant_atual - 3 where id = 284; 
update estoque_total set total = total - 3 where medicamento_id = 284; 
insert into itens_venda values (default, 2402, 316, 316, 1, 7.10, 172.40); 
update estoque set quant_venda = quant_venda + 1, quant_atual = quant_atual - 1 where id = 316; 
update estoque_total set total = total - 1 where medicamento_id = 316; 
insert into itens_venda values (default, 2402, 373, 373, 1, 0.00, 34.73); 
update estoque set quant_venda = quant_venda + 1, quant_atual = quant_atual - 1 where id = 373; 
update estoque_total set total = total - 1 where medicamento_id = 373; 

insert into venda values (2403, '2023-11-02 09:28:35', 135.36, null, null); 
insert into itens_venda values (default, 2403, 402, 402, 1, 0.00, 16.87); 
update estoque set quant_venda = quant_venda + 1, quant_atual = quant_atual - 1 where id = 402; 
update estoque_total set total = total - 1 where medicamento_id = 402; 
insert into itens_venda values (default, 2403, 469, 469, 2, 3.80, 91.96); 
update estoque set quant_venda = quant_venda + 2, quant_atual = quant_atual - 2 where id = 469; 
update estoque_total set total = total - 2 where medicamento_id = 469; 
insert into itens_venda values (default, 2403, 447, 447, 1, 0.00, 26.53); 
update estoque set quant_venda = quant_venda + 1, quant_atual = quant_atual - 1 where id = 447; 
update estoque_total set total = total - 1 where medicamento_id = 447; 

insert into venda values (2404, '2023-11-02 10:42:53', 34.43, null, null); 
insert into itens_venda values (default, 2404, 373, 373, 1, 0.30, 34.43); 
update estoque set quant_venda = quant_venda + 1, quant_atual = quant_atual - 1 where id = 373; 
update estoque_total set total = total - 1 where medicamento_id = 373; 

insert into venda values (2405, '2023-11-02 11:59:24', 142.41, null, 22); 
insert into itens_venda values (default, 2405, 424, 424, 3, 1.30, 31.70); 
update estoque set quant_venda = quant_venda + 3, quant_atual = quant_atual - 3 where id = 424; 
update estoque_total set total = total - 3 where medicamento_id = 424; 
insert into itens_venda values (default, 2405, 148, 148, 1, 4.60, 110.71); 
update estoque set quant_venda = quant_venda + 1, quant_atual = quant_atual - 1 where id = 148; 
update estoque_total set total = total - 1 where medicamento_id = 148; 

insert into venda values (2406, '2023-11-02 12:07:15', 3.57, null, null); 
insert into itens_venda values (default, 2406, 503, 503, 1, 0.10, 3.57); 
update estoque set quant_venda = quant_venda + 1, quant_atual = quant_atual - 1 where id = 503; 
update estoque_total set total = total - 1 where medicamento_id = 503; 

insert into venda values (2407, '2023-11-02 12:54:48', 77.85, null, null); 
insert into itens_venda values (default, 2407, 312, 312, 3, 1.50, 77.85); 
update estoque set quant_venda = quant_venda + 3, quant_atual = quant_atual - 3 where id = 312; 
update estoque_total set total = total - 3 where medicamento_id = 312; 

insert into venda values (2408, '2023-11-02 13:51:43', 196.84, null, 21); 
insert into itens_venda values (default, 2408, 336, 336, 1, 1.10, 36.94); 
update estoque set quant_venda = quant_venda + 1, quant_atual = quant_atual - 1 where id = 336; 
update estoque_total set total = total - 1 where medicamento_id = 336; 
insert into itens_venda values (default, 2408, 428, 428, 1, 0.40, 16.24); 
update estoque set quant_venda = quant_venda + 1, quant_atual = quant_atual - 1 where id = 428; 
update estoque_total set total = total - 1 where medicamento_id = 428; 
insert into itens_venda values (default, 2408, 360, 360, 1, 4.40, 143.66); 
update estoque set quant_venda = quant_venda + 1, quant_atual = quant_atual - 1 where id = 360; 
update estoque_total set total = total - 1 where medicamento_id = 360; 

insert into venda values (2409, '2023-11-03 07:06:43', 650.61, null, 25); 
insert into itens_venda values (default, 2409, 254, 254, 1, 0.00, 242.69); 
update estoque set quant_venda = quant_venda + 1, quant_atual = quant_atual - 1 where id = 254; 
update estoque_total set total = total - 1 where medicamento_id = 254; 
insert into itens_venda values (default, 2409, 471, 471, 3, 1.00, 52.67); 
update estoque set quant_venda = quant_venda + 3, quant_atual = quant_atual - 3 where id = 471; 
update estoque_total set total = total - 3 where medicamento_id = 471; 
insert into itens_venda values (default, 2409, 191, 191, 1, 7.20, 355.25); 
update estoque set quant_venda = quant_venda + 1, quant_atual = quant_atual - 1 where id = 191; 
update estoque_total set total = total - 1 where medicamento_id = 191; 

insert into venda values (2410, '2023-11-03 08:07:24', 81.92, null, null); 
insert into itens_venda values (default, 2410, 453, 453, 1, 0.00, 6.50); 
update estoque set quant_venda = quant_venda + 1, quant_atual = quant_atual - 1 where id = 453; 
update estoque_total set total = total - 1 where medicamento_id = 453; 
insert into itens_venda values (default, 2410, 269, 269, 2, 1.50, 75.42); 
update estoque set quant_venda = quant_venda + 2, quant_atual = quant_atual - 2 where id = 269; 
update estoque_total set total = total - 2 where medicamento_id = 269; 

insert into venda values (2411, '2023-11-03 08:53:09', 357.32, 4, null); 
insert into itens_venda values (default, 2411, 361, 361, 1, 7.50, 182.28); 
update estoque set quant_venda = quant_venda + 1, quant_atual = quant_atual - 1 where id = 361; 
update estoque_total set total = total - 1 where medicamento_id = 361; 
insert into itens_venda values (default, 2411, 413, 413, 2, 5.40, 175.04); 
update estoque set quant_venda = quant_venda + 2, quant_atual = quant_atual - 2 where id = 413; 
update estoque_total set total = total - 2 where medicamento_id = 413; 

insert into venda values (2412, '2023-11-03 10:17:44', 131.49, null, 21); 
insert into itens_venda values (default, 2412, 494, 494, 2, 0.30, 32.64); 
update estoque set quant_venda = quant_venda + 2, quant_atual = quant_atual - 2 where id = 494; 
update estoque_total set total = total - 2 where medicamento_id = 494; 
insert into itens_venda values (default, 2412, 131, 131, 1, 2.00, 98.85); 
update estoque set quant_venda = quant_venda + 1, quant_atual = quant_atual - 1 where id = 131; 
update estoque_total set total = total - 1 where medicamento_id = 131; 

insert into venda values (2413, '2023-11-03 11:49:18', 116.04, 5, null); 
insert into itens_venda values (default, 2413, 350, 350, 1, 7.40, 116.04); 
update estoque set quant_venda = quant_venda + 1, quant_atual = quant_atual - 1 where id = 350; 
update estoque_total set total = total - 1 where medicamento_id = 350; 

insert into venda values (2414, '2023-11-03 14:21:11', 215.18, 18, null); 
insert into itens_venda values (default, 2414, 71, 71, 1, 4.30, 215.18); 
update estoque set quant_venda = quant_venda + 1, quant_atual = quant_atual - 1 where id = 71; 
update estoque_total set total = total - 1 where medicamento_id = 71; 

insert into venda values (2415, '2023-11-03 16:50:43', 536.52, null, 24); 
insert into itens_venda values (default, 2415, 106, 106, 1, 15.70, 378.74); 
update estoque set quant_venda = quant_venda + 1, quant_atual = quant_atual - 1 where id = 106; 
update estoque_total set total = total - 1 where medicamento_id = 106; 
insert into itens_venda values (default, 2415, 147, 147, 1, 4.80, 157.78); 
update estoque set quant_venda = quant_venda + 1, quant_atual = quant_atual - 1 where id = 147; 
update estoque_total set total = total - 1 where medicamento_id = 147; 

insert into venda values (2416, '2023-11-04 06:12:48', 62.44, null, null); 
insert into itens_venda values (default, 2416, 332, 332, 1, 0.60, 62.44); 
update estoque set quant_venda = quant_venda + 1, quant_atual = quant_atual - 1 where id = 332; 
update estoque_total set total = total - 1 where medicamento_id = 332; 

insert into venda values (2417, '2023-11-04 07:23:35', 203.28, 1, null); 
insert into itens_venda values (default, 2417, 446, 446, 1, 2.60, 129.22); 
update estoque set quant_venda = quant_venda + 1, quant_atual = quant_atual - 1 where id = 446; 
update estoque_total set total = total - 1 where medicamento_id = 446; 
insert into itens_venda values (default, 2417, 468, 468, 1, 0.50, 58.97); 
update estoque set quant_venda = quant_venda + 1, quant_atual = quant_atual - 1 where id = 468; 
update estoque_total set total = total - 1 where medicamento_id = 468; 
insert into itens_venda values (default, 2417, 422, 422, 1, 0.90, 15.09); 
update estoque set quant_venda = quant_venda + 1, quant_atual = quant_atual - 1 where id = 422; 
update estoque_total set total = total - 1 where medicamento_id = 422; 

insert into venda values (2418, '2023-11-04 07:26:34', 189.28, 3, null); 
insert into itens_venda values (default, 2418, 452, 452, 2, 5.90, 113.44); 
update estoque set quant_venda = quant_venda + 2, quant_atual = quant_atual - 2 where id = 452; 
update estoque_total set total = total - 2 where medicamento_id = 452; 
insert into itens_venda values (default, 2418, 128, 128, 1, 3.10, 75.84); 
update estoque set quant_venda = quant_venda + 1, quant_atual = quant_atual - 1 where id = 128; 
update estoque_total set total = total - 1 where medicamento_id = 128; 

insert into venda values (2419, '2023-11-04 07:53:17', 209.82, null, null); 
insert into itens_venda values (default, 2419, 407, 407, 2, 2.70, 136.96); 
update estoque set quant_venda = quant_venda + 2, quant_atual = quant_atual - 2 where id = 407; 
update estoque_total set total = total - 2 where medicamento_id = 407; 
insert into itens_venda values (default, 2419, 353, 353, 1, 0.80, 40.88); 
update estoque set quant_venda = quant_venda + 1, quant_atual = quant_atual - 1 where id = 353; 
update estoque_total set total = total - 1 where medicamento_id = 353; 
insert into itens_venda values (default, 2419, 422, 422, 2, 0.00, 31.98); 
update estoque set quant_venda = quant_venda + 2, quant_atual = quant_atual - 2 where id = 422; 
update estoque_total set total = total - 2 where medicamento_id = 422; 
insert into estoque values (default, 422, 'lote 391871', '2023-11-04', '2025-10-24', 12.0, 60, 0, 60); 
update estoque_total set total = total + 60 where medicamento_id = 422; 

insert into venda values (2420, '2023-11-04 07:56:07', 346.77, 1, null); 
insert into itens_venda values (default, 2420, 389, 389, 2, 5.10, 59.70); 
update estoque set quant_venda = quant_venda + 2, quant_atual = quant_atual - 2 where id = 389; 
update estoque_total set total = total - 2 where medicamento_id = 389; 
insert into itens_venda values (default, 2420, 74, 74, 1, 2.00, 100.43); 
update estoque set quant_venda = quant_venda + 1, quant_atual = quant_atual - 1 where id = 74; 
update estoque_total set total = total - 1 where medicamento_id = 74; 
insert into itens_venda values (default, 2420, 205, 205, 1, 0.00, 186.64); 
update estoque set quant_venda = quant_venda + 1, quant_atual = quant_atual - 1 where id = 205; 
update estoque_total set total = total - 1 where medicamento_id = 205; 

insert into venda values (2421, '2023-11-04 09:03:46', 45.37, 16, null); 
insert into itens_venda values (default, 2421, 471, 471, 1, 0.00, 17.89); 
update estoque set quant_venda = quant_venda + 1, quant_atual = quant_atual - 1 where id = 471; 
update estoque_total set total = total - 1 where medicamento_id = 471; 
insert into itens_venda values (default, 2421, 417, 417, 2, 2.00, 27.48); 
update estoque set quant_venda = quant_venda + 2, quant_atual = quant_atual - 2 where id = 417; 
update estoque_total set total = total - 2 where medicamento_id = 417; 

insert into venda values (2422, '2023-11-04 09:12:45', 162.60, 18, null); 
insert into itens_venda values (default, 2422, 397, 397, 1, 0.70, 17.42); 
update estoque set quant_venda = quant_venda + 1, quant_atual = quant_atual - 1 where id = 397; 
update estoque_total set total = total - 1 where medicamento_id = 397; 
insert into itens_venda values (default, 2422, 444, 444, 2, 6.00, 145.18); 
update estoque set quant_venda = quant_venda + 2, quant_atual = quant_atual - 2 where id = 444; 
update estoque_total set total = total - 2 where medicamento_id = 444; 

insert into venda values (2423, '2023-11-04 10:19:01', 446.65, 18, 21); 
insert into itens_venda values (default, 2423, 470, 470, 2, 12.20, 162.60); 
update estoque set quant_venda = quant_venda + 2, quant_atual = quant_atual - 2 where id = 470; 
update estoque_total set total = total - 2 where medicamento_id = 470; 
insert into itens_venda values (default, 2423, 483, 483, 2, 2.00, 98.42); 
update estoque set quant_venda = quant_venda + 2, quant_atual = quant_atual - 2 where id = 483; 
update estoque_total set total = total - 2 where medicamento_id = 483; 
insert into itens_venda values (default, 2423, 48, 48, 1, 5.70, 185.63); 
update estoque set quant_venda = quant_venda + 1, quant_atual = quant_atual - 1 where id = 48; 
update estoque_total set total = total - 1 where medicamento_id = 48; 

insert into venda values (2424, '2023-11-04 10:21:04', 217.89, 8, null); 
insert into itens_venda values (default, 2424, 464, 464, 2, 1.90, 63.00); 
update estoque set quant_venda = quant_venda + 2, quant_atual = quant_atual - 2 where id = 464; 
update estoque_total set total = total - 2 where medicamento_id = 464; 
insert into itens_venda values (default, 2424, 408, 408, 1, 8.10, 108.43); 
update estoque set quant_venda = quant_venda + 1, quant_atual = quant_atual - 1 where id = 408; 
update estoque_total set total = total - 1 where medicamento_id = 408; 
insert into itens_venda values (default, 2424, 294, 294, 3, 3.40, 46.46); 
update estoque set quant_venda = quant_venda + 3, quant_atual = quant_atual - 3 where id = 294; 
update estoque_total set total = total - 3 where medicamento_id = 294; 

insert into venda values (2425, '2023-11-04 10:54:32', 170.36, null, 23); 
insert into itens_venda values (default, 2425, 181, 181, 2, 0.00, 71.92); 
update estoque set quant_venda = quant_venda + 2, quant_atual = quant_atual - 2 where id = 181; 
update estoque_total set total = total - 2 where medicamento_id = 181; 
insert into itens_venda values (default, 2425, 457, 457, 2, 2.00, 66.34); 
update estoque set quant_venda = quant_venda + 2, quant_atual = quant_atual - 2 where id = 457; 
update estoque_total set total = total - 2 where medicamento_id = 457; 
insert into itens_venda values (default, 2425, 389, 389, 1, 0.30, 32.10); 
update estoque set quant_venda = quant_venda + 1, quant_atual = quant_atual - 1 where id = 389; 
update estoque_total set total = total - 1 where medicamento_id = 389; 

insert into venda values (2426, '2023-11-04 11:45:53', 342.29, null, null); 
insert into itens_venda values (default, 2426, 301, 301, 1, 8.60, 281.34); 
update estoque set quant_venda = quant_venda + 1, quant_atual = quant_atual - 1 where id = 301; 
update estoque_total set total = total - 1 where medicamento_id = 301; 
insert into itens_venda values (default, 2426, 258, 258, 1, 2.50, 60.95); 
update estoque set quant_venda = quant_venda + 1, quant_atual = quant_atual - 1 where id = 258; 
update estoque_total set total = total - 1 where medicamento_id = 258; 

insert into venda values (2427, '2023-11-04 12:48:13', 189.29, 17, 21); 
insert into itens_venda values (default, 2427, 189, 189, 1, 18.70, 189.29); 
update estoque set quant_venda = quant_venda + 1, quant_atual = quant_atual - 1 where id = 189; 
update estoque_total set total = total - 1 where medicamento_id = 189; 

insert into venda values (2428, '2023-11-04 13:10:56', 187.53, null, null); 
insert into itens_venda values (default, 2428, 491, 491, 2, 2.20, 110.70); 
update estoque set quant_venda = quant_venda + 2, quant_atual = quant_atual - 2 where id = 491; 
update estoque_total set total = total - 2 where medicamento_id = 491; 
insert into itens_venda values (default, 2428, 355, 355, 3, 1.50, 76.83); 
update estoque set quant_venda = quant_venda + 3, quant_atual = quant_atual - 3 where id = 355; 
update estoque_total set total = total - 3 where medicamento_id = 355; 

insert into venda values (2429, '2023-11-06 07:05:07', 123.58, 3, null); 
insert into itens_venda values (default, 2429, 477, 477, 2, 6.50, 123.58); 
update estoque set quant_venda = quant_venda + 2, quant_atual = quant_atual - 2 where id = 477; 
update estoque_total set total = total - 2 where medicamento_id = 477; 

insert into venda values (2430, '2023-11-06 07:49:44', 77.05, null, null); 
insert into itens_venda values (default, 2430, 495, 495, 1, 0.40, 10.28); 
update estoque set quant_venda = quant_venda + 1, quant_atual = quant_atual - 1 where id = 495; 
update estoque_total set total = total - 1 where medicamento_id = 495; 
insert into itens_venda values (default, 2430, 500, 500, 1, 0.60, 15.37); 
update estoque set quant_venda = quant_venda + 1, quant_atual = quant_atual - 1 where id = 500; 
update estoque_total set total = total - 1 where medicamento_id = 500; 
insert into itens_venda values (default, 2430, 312, 312, 2, 1.50, 51.40); 
update estoque set quant_venda = quant_venda + 2, quant_atual = quant_atual - 2 where id = 312; 
update estoque_total set total = total - 2 where medicamento_id = 312; 

insert into venda values (2431, '2023-11-06 08:50:33', 133.57, 11, 21); 
insert into itens_venda values (default, 2431, 274, 274, 2, 2.80, 69.40); 
update estoque set quant_venda = quant_venda + 2, quant_atual = quant_atual - 2 where id = 274; 
update estoque_total set total = total - 2 where medicamento_id = 274; 
insert into itens_venda values (default, 2431, 420, 420, 1, 2.60, 64.17); 
update estoque set quant_venda = quant_venda + 1, quant_atual = quant_atual - 1 where id = 420; 
update estoque_total set total = total - 1 where medicamento_id = 420; 

insert into venda values (2432, '2023-11-06 09:33:02', 165.20, 15, null); 
insert into itens_venda values (default, 2432, 229, 229, 1, 8.60, 165.20); 
update estoque set quant_venda = quant_venda + 1, quant_atual = quant_atual - 1 where id = 229; 
update estoque_total set total = total - 1 where medicamento_id = 229; 

insert into venda values (2433, '2023-11-06 09:35:41', 220.40, null, null); 
insert into itens_venda values (default, 2433, 67, 67, 1, 4.90, 119.70); 
update estoque set quant_venda = quant_venda + 1, quant_atual = quant_atual - 1 where id = 67; 
update estoque_total set total = total - 1 where medicamento_id = 67; 
insert into itens_venda values (default, 2433, 249, 249, 2, 1.00, 100.70); 
update estoque set quant_venda = quant_venda + 2, quant_atual = quant_atual - 2 where id = 249; 
update estoque_total set total = total - 2 where medicamento_id = 249; 

insert into venda values (2434, '2023-11-06 10:41:15', 236.42, 5, 24); 
insert into itens_venda values (default, 2434, 134, 134, 1, 4.00, 131.00); 
update estoque set quant_venda = quant_venda + 1, quant_atual = quant_atual - 1 where id = 134; 
update estoque_total set total = total - 1 where medicamento_id = 134; 
insert into itens_venda values (default, 2434, 495, 495, 2, 1.70, 19.66); 
update estoque set quant_venda = quant_venda + 2, quant_atual = quant_atual - 2 where id = 495; 
update estoque_total set total = total - 2 where medicamento_id = 495; 
insert into itens_venda values (default, 2434, 136, 136, 2, 6.40, 85.76); 
update estoque set quant_venda = quant_venda + 2, quant_atual = quant_atual - 2 where id = 136; 
update estoque_total set total = total - 2 where medicamento_id = 136; 

insert into venda values (2435, '2023-11-06 11:47:20', 109.40, 11, null); 
insert into itens_venda values (default, 2435, 496, 496, 2, 0.10, 14.64); 
update estoque set quant_venda = quant_venda + 2, quant_atual = quant_atual - 2 where id = 496; 
update estoque_total set total = total - 2 where medicamento_id = 496; 
insert into itens_venda values (default, 2435, 503, 503, 1, 0.10, 3.57); 
update estoque set quant_venda = quant_venda + 1, quant_atual = quant_atual - 1 where id = 503; 
update estoque_total set total = total - 1 where medicamento_id = 503; 
insert into itens_venda values (default, 2435, 126, 126, 1, 2.80, 91.19); 
update estoque set quant_venda = quant_venda + 1, quant_atual = quant_atual - 1 where id = 126; 
update estoque_total set total = total - 1 where medicamento_id = 126; 

insert into venda values (2436, '2023-11-06 13:07:35', 50.03, null, null); 
insert into itens_venda values (default, 2436, 490, 490, 1, 2.00, 50.03); 
update estoque set quant_venda = quant_venda + 1, quant_atual = quant_atual - 1 where id = 490; 
update estoque_total set total = total - 1 where medicamento_id = 490; 

insert into venda values (2437, '2023-11-06 14:16:30', 33.12, 2, null); 
insert into itens_venda values (default, 2437, 364, 364, 1, 0.00, 33.12); 
update estoque set quant_venda = quant_venda + 1, quant_atual = quant_atual - 1 where id = 364; 
update estoque_total set total = total - 1 where medicamento_id = 364; 

insert into venda values (2438, '2023-11-06 14:26:18', 126.04, null, null); 
insert into itens_venda values (default, 2438, 312, 312, 1, 0.00, 26.45); 
update estoque set quant_venda = quant_venda + 1, quant_atual = quant_atual - 1 where id = 312; 
update estoque_total set total = total - 1 where medicamento_id = 312; 
insert into itens_venda values (default, 2438, 432, 432, 3, 0.40, 13.70); 
update estoque set quant_venda = quant_venda + 3, quant_atual = quant_atual - 3 where id = 432; 
update estoque_total set total = total - 3 where medicamento_id = 432; 
insert into itens_venda values (default, 2438, 394, 394, 3, 0.00, 85.89); 
update estoque set quant_venda = quant_venda + 3, quant_atual = quant_atual - 3 where id = 394; 
update estoque_total set total = total - 3 where medicamento_id = 394; 

insert into venda values (2439, '2023-11-07 08:19:59', 31.94, null, null); 
insert into itens_venda values (default, 2439, 294, 294, 2, 1.30, 31.94); 
update estoque set quant_venda = quant_venda + 2, quant_atual = quant_atual - 2 where id = 294; 
update estoque_total set total = total - 2 where medicamento_id = 294; 

insert into venda values (2440, '2023-11-08 07:10:31', 121.96, null, null); 
insert into itens_venda values (default, 2440, 161, 161, 1, 0.00, 56.94); 
update estoque set quant_venda = quant_venda + 1, quant_atual = quant_atual - 1 where id = 161; 
update estoque_total set total = total - 1 where medicamento_id = 161; 
insert into itens_venda values (default, 2440, 428, 428, 2, 1.30, 31.98); 
update estoque set quant_venda = quant_venda + 2, quant_atual = quant_atual - 2 where id = 428; 
update estoque_total set total = total - 2 where medicamento_id = 428; 
insert into itens_venda values (default, 2440, 484, 484, 2, 0.00, 33.04); 
update estoque set quant_venda = quant_venda + 2, quant_atual = quant_atual - 2 where id = 484; 
update estoque_total set total = total - 2 where medicamento_id = 484; 

insert into venda values (2441, '2023-11-08 07:47:27', 247.06, 8, null); 
insert into itens_venda values (default, 2441, 237, 237, 1, 1.30, 133.93); 
update estoque set quant_venda = quant_venda + 1, quant_atual = quant_atual - 1 where id = 237; 
update estoque_total set total = total - 1 where medicamento_id = 237; 
insert into itens_venda values (default, 2441, 408, 408, 1, 3.40, 113.13); 
update estoque set quant_venda = quant_venda + 1, quant_atual = quant_atual - 1 where id = 408; 
update estoque_total set total = total - 1 where medicamento_id = 408; 

