-- Active: 1698656816356@@127.0.0.1@5432@drogasystem@public

-------------------------------------------------------------------------------
-- CRIAÇÃO DA TABELAS
-------------------------------------------------------------------------------

drop table if exists laboratorio cascade;
drop table if exists medicamento cascade;
drop table if exists estoque cascade;
drop table if exists estoque_total cascade;
drop table if exists pessoa cascade;
drop table if exists cliente cascade;
drop table if exists profissional cascade;
drop table if exists venda cascade;
drop table if exists itens_venda cascade;

create table laboratorio (
  id              serial primary key, 
  nome            varchar(255) not null, 
  razao           varchar(255) not null, 
  cnpj            varchar(255) not null
);

create table medicamento (
  id              serial primary key, 
  laboratorio_id  int not null references laboratorio(id), 
  nome            varchar(255) not null, 
  substancia      varchar(255) not null, 
  dosagem         varchar(255), 
  apresentacao    varchar(255) not null check (apresentacao in ('Sólido', 'Líquido', 'Semissólido')), 
  tipo            varchar(255) not null check (tipo in ('Biológico', 'Específico', 'Fitoterápico', 'Genérico', 'Novo', 'Outros', 'Produto de Terapia Avançada', 'Radiofármaco', 'Similar')), 
  controle        varchar(255) not null check (controle in ('Liberado', 'A2', 'A3', 'B1', 'B2', 'C1', 'C2', 'AM')), 
  quantidade      varchar(255), 
  ggrem           numeric(15) not null unique,
  classe          varchar(255) not null,
  preco           numeric(10, 2) not null
);

create table estoque (
  id              serial primary key, 
  medicamento_id  int not null references medicamento(id), 
  lote            varchar(255) not null, 
  data            date not null default current_date, 
  validade        date not null, 
  custo           numeric(10, 2) not null,
  quant_inicial   int not null, 
  quant_venda     int not null default 0, 
  quant_atual     int not null default 0
);

create table estoque_total (
  id              serial primary key, 
  medicamento_id  int not null unique references medicamento(id), 
  total           int not null, 
  minimo          int not null default 0, 
  maximo          int not null default 9999
);

create table pessoa (
  id              serial primary key, 
  nome            varchar(255) not null, 
  logradouro      varchar(255), 
  numero          varchar(255), 
  complemento     varchar(255), 
  bairro          varchar(255), 
  cep             numeric(8), 
  cidade          varchar(255), 
  estado          char(2), 
  telefone        numeric(11)
);

create table cliente (
  id              int primary key references pessoa(id), 
  cpf             numeric(11) not null unique, 
  data_nasc       date not null, 
  sexo            char(1) not null check (sexo in ('F', 'M'))
);

create table profissional (
  id              int primary key references pessoa(id), 
  registro        varchar(255) not null unique, 
  tipo            varchar(255) not null check (tipo in ('Médico', 'Dentista', 'Veterinário'))
);

create table venda (
  id              serial primary key, 
  time_stamp      timestamp not null default cast(to_char(current_timestamp, 'YYYY-MM-DD HH:MI:SS') as timestamp), 
  total           numeric(10, 2) not null, 
  cliente_id      int references cliente(id), 
  profissional_id int references profissional(id)
);

create table itens_venda (
  id              serial primary key, 
  venda_id        int not null references venda(id), 
  medicamento_id  int not null references medicamento(id), 
  estoque_id      int not null references estoque(id), 
  quantidade      int not null, 
  desconto        numeric(10, 2) not null default 0, 
  total           numeric(10, 2) not null
);



-------------------------------------------------------------------------------
-- POPULAR TABELAS
-------------------------------------------------------------------------------

-- Laboratório: 
insert into laboratorio values 
  (default, 'EMS', 'EMS S/A', '57.507.378/0003-65'), 
  (default, 'TAKEDA', 'TAKEDA PHARMA LTDA.', '60.397.775/0001-74'), 
  (default, 'NOVARTIS', 'NOVARTIS BIOCIENCIAS S.A', '56.994.502/0001-30'), 
  (default, 'PRATI', 'PRATI DONADUZZI & CIA LTDA', '73.856.593/0001-66'), 
  (default, 'ALTHAIA', 'ALTHAIA S.A INDÚSTRIA FARMACÊUTICA', '48.344.725/0007-19'), 
  (default, 'PFIZER', 'LABORATÓRIOS PFIZER LTDA', '46.070.868/0036-99'), 
  (default, 'ACHÉ', 'ACHÉ LABORATÓRIOS FARMACÊUTICOS S.A', '60.659.463/0029-92'), 
  (default, 'ASTRAZENECA', 'ASTRAZENECA DO BRASIL LTDA', '60.318.797/0001-00'), 
  (default, 'BOEHRINGER', 'BOEHRINGER INGELHEIM DO BRASIL QUÍMICA E FARMACÊUTICA LTDA.', '60.831.658/0001-77'), 
  (default, 'EUROFARMA', 'EUROFARMA LABORATÓRIOS S.A.', '61.190.096/0001-92'), 
  (default, 'GLAXOSMITHKLINE', 'GLAXOSMITHKLINE BRASIL LTDA', '33.247.743/0001-10'), 
  (default, 'SANDOZ', 'SANDOZ DO BRASIL INDÚSTRIA FARMACÊUTICA LTDA', '61.286.647/0001-16'), 
  (default, 'TEUTO', 'LABORATÓRIO TEUTO BRASILEIRO S/A', '17.159.229/0001-76'), 
  (default, 'LIBBS', 'LIBBS FARMACÊUTICA LTDA', '61.230.314/0001-75'), 
  (default, 'MERCK', 'MERCK S/A', '33.069.212/0001-84'), 
  (default, 'ORGANON', 'ORGANON FARMACÊUTICA LTDA.', '45.987.013/0001-34'), 
  (default, 'GERMED', 'GERMED FARMACEUTICA LTDA', '45.992.062/0001-65'), 
  (default, 'EMS', 'EMS SIGMA PHARMA LTDA', '00.923.140/0001-31'), 
  (default, 'ABBOTT', 'ABBOTT LABORATÓRIOS DO BRASIL LTDA', '56.998.701/0001-16'), 
  (default, 'PFIZER', 'PFIZER BRASIL LTDA', '61.072.393/0001-33'), 
  (default, 'BLAU', 'BLAU FARMACÊUTICA S.A.', '58.430.828/0001-60'), 
  (default, 'ZYDUS', 'ZYDUS NIKKHO FARMACÊUTICA LTDA', '05.254.971/0001-81'), 
  (default, 'ALLERGAN', 'ALLERGAN PRODUTOS FARMACÊUTICOS LTDA', '43.426.626/0001-77'), 
  (default, 'SANOFI', 'SANOFI MEDLEY FARMACÊUTICA LTDA.', '10.588.595/0010-92'), 
  (default, 'BAYER', 'BAYER S.A.', '18.459.628/0001-15'), 
  (default, 'ROCHE', 'PRODUTOS ROCHE QUÍMICOS E FARMACÊUTICOS S.A.', '33.009.945/0001-23'), 
  (default, 'JANSSEN-CILAG', 'JANSSEN-CILAG FARMACÊUTICA LTDA', '51.780.468/0001-87'), 
  (default, 'BIOLAB', 'BIOLAB SANUS FARMACÊUTICA LTDA', '49.475.833/0001-06'), 
  (default, 'BAGÓ', 'LABORATÓRIOS BAGÓ DO BRASIL S/A', '04.748.181/0009-47'), 
  (default, 'APSEN', 'APSEN FARMACEUTICA S/A', '62.462.015/0001-29'), 
  (default, 'RANBAXY', 'RANBAXY FARMACÊUTICA LTDA', '73.663.650/0001-90'), 
  (default, 'GLENMARK', 'GLENMARK FARMACÊUTICA LTDA', '44.363.661/0001-57'), 
  (default, 'NOVA', 'NOVA QUIMICA FARMACÊUTICA S/A', '72.593.791/0001-11'), 
  (default, 'UNIÃO', 'UNIÃO QUÍMICA FARMACÊUTICA NACIONAL S/A', '60.665.981/0001-18'), 
  (default, 'LEGRAND', 'LEGRAND PHARMA INDÚSTRIA FARMACÊUTICA LTDA', '05.044.984/0001-26'), 
  (default, 'BRAINFARMA', 'BRAINFARMA INDÚSTRIA QUÍMICA E FARMACÊUTICA S.A', '05.161.069/0001-10'), 
  (default, 'NOVO', 'NOVO NORDISK FARMACÊUTICA DO BRASIL LTDA', '82.277.955/0001-55'), 
  (default, 'CHIESI', 'CHIESI FARMACÊUTICA LTDA', '61.363.032/0001-46'), 
  (default, 'MYRALIS', 'MYRALIS INDÚSTRIA FARMACÊUTICA LTDA', '17.440.261/0001-25'), 
  (default, 'ZAMBON', 'ZAMBON LABORATÓRIOS FARMACÊUTICOS LTDA.', '61.100.004/0001-36'), 
  (default, 'GRÜNENTHAL', 'GRÜNENTHAL DO BRASIL FARMACÊUTICA LTDA.', '10.555.143/0001-13'), 
  (default, 'THERASKIN', 'THERASKIN FARMACEUTICA LTDA.', '61.517.397/0001-88'), 
  (default, 'FARMOQUÍMICA', 'FARMOQUÍMICA S/A', '33.349.473/0001-58'), 
  (default, 'CIFARMA', 'CIFARMA CIENTÍFICA FARMACÊUTICA LTDA', '17.562.075/0001-69'), 
  (default, 'MERCK', 'MERCK SHARP & DOHME FARMACEUTICA LTDA.', '03.560.974/0001-18'), 
  (default, 'AUROBINDO', 'AUROBINDO PHARMA INDÚSTRIA FARMACÊUTICA LIMITADA', '04.301.884/0001-75'), 
  (default, 'CAZI', 'CAZI QUIMICA FARMACEUTICA INDUSTRIA E COMERCIO LTDA', '44.010.437/0001-81'), 
  (default, 'ARESE', 'ARESE PHARMA LTDA', '07.670.111/0001-54'), 
  (default, 'MARJAN', 'MARJAN INDÚSTRIA E COMÉRCIO LTDA', '60.726.692/0001-81'), 
  (default, 'CIMED', 'CIMED INDUSTRIA S.A', '02.814.497/0001-07'), 
  (default, 'RECKITT', 'RECKITT BENCKISER (BRASIL) LTDA', '59.557.124/0001-15'), 
  (default, 'ASPEN', 'ASPEN PHARMA INDÚSTRIA FARMACÊUTICA LTDA', '02.433.631/0001-20'), 
  (default, 'PROCTER', 'PROCTER & GAMBLE DO BRASIL LTDA', '59.476.770/0001-58'), 
  (default, 'KLEY', 'KLEY HERTZ FARMACEUTICA S.A', '92.695.691/0001-03');

-- medicamento
insert into medicamento values 
  (default, '1', 'AMPICILINA', 'AMPICILINA', '50 MG/ML', 'Líquido', 'Genérico', 'AM', '150 ML', '507701907133117', 'PENICILINAS ORAIS DE AMPLO ESPECTRO', '74.11'), 
  (default, '2', 'NESINA MET', 'BENZOATO DE ALOGLIPTINA;CLORIDRATO DE METFORMINA', '(12,5 + 1000,0) MG', 'Sólido', 'Novo', 'Liberado', '60', '501115110025705', 'ASSOCIAÇÕES DE INIBIDORES DPP-IV COM BIGUANIDAS', '303.77'), 
  (default, '3', 'TEGRETOL', 'CARBAMAZEPINA', '200 MG', 'Sólido', 'Novo', 'C1', '60', '526515003110311', 'ANTIEPILÉPTICOS', '89.22'), 
  (default, '4', 'TRELIM', 'CLORIDRATO DE SERTRALINA', '100 MG', 'Sólido', 'Similar', 'C1', '60', '528519120163307', 'ANTIDEPRESSIVOS SSRI', '401.24'), 
  (default, '5', 'ZETERINA', 'EZETIMIBA', '10 MG', 'Sólido', 'Similar', 'Liberado', '60', '543817070024603', 'TODOS OUTROS REGULADORES DE COLESTEROL E TRIGLICERÍDEOS', '277.35'), 
  (default, '6', 'CITALOR', 'ATORVASTATINA CÁLCICA', '10 MG', 'Sólido', 'Novo', 'Liberado', '60', '552820050068217', 'ESTATINAS, INIBIDORES DA REDUTASE HMG-CoA', '275.35'), 
  (default, '7', 'TREZOR', 'ROSUVASTATINA CÁLCICA', '20 MG', 'Sólido', 'Similar', 'Liberado', '30', '500512070043204', 'ESTATINAS, INIBIDORES DA REDUTASE HMG-CoA', '395.31'), 
  (default, '2', 'NESINA', 'BENZOATO DE ALOGLIPTINA', '12,5 MG', 'Sólido', 'Novo', 'Liberado', '30', '501114030022102', 'ANTIDIABÉTICOS INIBIDORES DPP-IV  PUROS', '153.93'), 
  (default, '2', 'NESINA PIO', 'BENZOATO DE ALOGLIPTINA;CLORIDRATO DE PIOGLITAZONA', '(25,0 + 15,0) MG', 'Sólido', 'Novo', 'Liberado', '30', '501116070027205', 'OUTRAS ASSOCIAÇÕES DE ANTIDIABÉTICOS COM INIBIDORES DPP-IV', '301.63'), 
  (default, '8', 'ATACAND', 'CANDESARTANA CILEXETILA', '8 MG', 'Sólido', 'Novo', 'Liberado', '30', '502300304119219', 'ANTAGONISTAS DA ANGIOTENSINA II PUROS', '198.28'), 
  (default, '8', 'SELOZOK', 'SUCCINATO DE METOPROLOL', '100 MG', 'Sólido', 'Novo', 'Liberado', '30', '502303604113318', 'BETABLOQUEADORES PUROS', '126.96'), 
  (default, '9', 'MICARDIS ANLO', 'BESILATO DE ANLODIPINO;TELMISARTANA', '80MG', 'Sólido', 'Novo', 'Liberado', '30', '504505606113315', 'ANTAGONISTAS DA ANGIOTENSINA II ASSOCIADOS A ANTAGONISTAS DO CÁLCIO', '161.56'), 
  (default, '10', 'DUOMO HP', 'MESILATO DE DOXAZOSINA;FINASTERIDA', '(2,0 + 5,0) MG', 'Sólido', 'Novo', 'Liberado', '30', '508013050096805', 'BPH COMBINAÇÕES DE ALFA-ANTAGONISTAS E INIBIDORES DA 5-ALFA TESTOSTERONA REDUTASE', '156.07'), 
  (default, '10', 'HOMINUS', 'MESILATO DE DOXAZOSINA;FINASTERIDA', '(2,0 + 5,0) MG', 'Sólido', 'Similar', 'Liberado', '30', '508022050161517', 'BPH COMBINAÇÕES DE ALFA-ANTAGONISTAS E INIBIDORES DA 5-ALFA TESTOSTERONA REDUTASE', '156.07'), 
  (default, '11', 'WELLBUTRIN', 'CLORIDRATO DE BUPROPIONA', '150 MG', 'Sólido', 'Novo', 'C1', '30', '510608601119319', 'ANTIDEPRESSIVOS TODOS OS OUTROS', '238.46'), 
  (default, '12', 'AMOXICILINA + CLAVULANATO DE POTÁSSIO', 'CLAVULANATO DE POTÁSSIO;AMOXICILINA TRI-HIDRATADA', '(500+125) MG', 'Sólido', 'Genérico', 'AM', '30', '511519040070506', 'PENICILINAS ORAIS DE AMPLO ESPECTRO', '185.69'), 
  (default, '13', 'CARBIDOL', 'CARBIDOPA (PORT. 344/98 LISTA C 1);LEVODOPA', '25 MG', 'Sólido', 'Similar', 'C1', '30', '520715080095203', 'ANTIPARKINSONIANOS', '83.39'), 
  (default, '14', 'CEBRALAT', 'CILOSTAZOL', '100 MG', 'Sólido', 'Novo', 'Liberado', '30', '523700901117313', 'INIBIDORES DA AGREGAÇÃO PLAQUETÁRIA, REALÇADORES DO AMP CÍCLICO', '71.42'), 
  (default, '15', 'CONCOR ANLO', 'BESILATO DE ANLODIPINO;HEMIFUMARATO DE BISOPROLOL', '(5,0 + 10,0) MG', 'Sólido', 'Novo', 'Liberado', '30', '525421020052205', 'ANTAGONISTAS DO CÁLCIO ASSOCIADOS A BETABLOQUEADORES', '104.81'), 
  (default, '16', 'EZETROL', 'EZETIMIBA', '10 MG', 'Sólido', 'Novo', 'Liberado', '30', '525500902116319', 'TODOS OUTROS REGULADORES DE COLESTEROL E TRIGLICERÍDEOS', '217.98'), 
  (default, '17', 'ACICLOVIR', 'ACICLOVIR', '200 MG', 'Sólido', 'Genérico', 'Liberado', '30', '526120040110107', 'ANTIVIRAIS PARA HERPES', '314.75'), 
  (default, '4', 'MYLETIN', 'CLORIDRATO DE VENLAFAXINA', '75 MG', 'Sólido', 'Similar', 'C1', '30', '528521030180203', 'ANTIDEPRESSIVOS SNRI', '299.98'), 
  (default, '18', 'PATZ SL', 'HEMITARTARATO DE ZOLPIDEM', '10 MG', 'Sólido', 'Novo', 'C1', '30', '531621110094703', 'HIPNÓTICOS E SEDATIVOS NÃO BARBITÚRICOS PUROS', '319.97'), 
  (default, '1', 'ANTIVIRAX', 'ACICLOVIR', '400 MG', 'Sólido', 'Similar', 'Liberado', '30', '541820110152707', 'ANTIVIRAIS PARA HERPES', '289.33'), 
  (default, '10', 'ÉSIO', 'ESOMEPRAZOL MAGNÉSICO', '40 MG', 'Sólido', 'Similar', 'Liberado', '28', '508017100120204', 'INIBIDORES DA BOMBA DE PRÓTONS', '309.14'), 
  (default, '10', 'CLORIDRATO DE VENLAFAXINA', 'CLORIDRATO DE VENLAFAXINA', '150 MG', 'Sólido', 'Genérico', 'C1', '28', '508020604111114', 'ANTIDEPRESSIVOS SNRI', '321.4'), 
  (default, '13', 'PYLORITRAT', 'LANSOPRAZOL;AMOXICILINA TRI-HIDRATADA;CLARITROMICINA', '30 MG', 'Sólido', 'Similar', 'AM', '14 + 14 + 28', '520721702119411', 'INIBIDORES DA BOMBA DE PRÓTONS', '341.32'), 
  (default, '15', 'CONCOR', 'HEMIFUMARATO DE BISOPROLOL', '5 MG', 'Sólido', 'Novo', 'Liberado', '28', '525403008112414', 'BETABLOQUEADORES PUROS', '159.4'), 
  (default, '17', 'ESOMEPRAZOL MAGNÉSICO TRI-HIDRATADO', 'ESOMEPRAZOL MAGNÉSICO', '40 MG', 'Sólido', 'Genérico', 'Liberado', '28', '526113010088506', 'INIBIDORES DA BOMBA DE PRÓTONS', '309.14'), 
  (default, '3', 'DIOVAN', 'VALSARTANA', '160 MG', 'Sólido', 'Novo', 'Liberado', '28', '526504804117319', 'ANTAGONISTAS DA ANGIOTENSINA II PUROS', '137.68'), 
  (default, '1', 'GAUDY', 'BROMIDRATO DE GALANTAMINA', '8 MG', 'Sólido', 'Similar', 'C1', '28', '541819110111507', 'PRODUTOS ANTIALZHEIMER, INIBIDORES DA COLINESTERASE', '394.44'), 
  (default, '1', 'CLABAT', 'CLARITROMICINA', '500 MG', 'Sólido', 'Similar', 'AM', '28', '541820030123307', 'MACROLIDEOS E SIMILARES', '304.43'), 
  (default, '7', 'CADENZA', 'CANDESARTANA CILEXETILA', '32 MG', 'Sólido', 'Similar', 'Liberado', '20', '500516020062804', 'ANTAGONISTAS DA ANGIOTENSINA II PUROS', '234.81'), 
  (default, '17', 'EUTYMIA XL', 'CLORIDRATO DE BUPROPIONA', '300 MG', 'Sólido', 'Similar', 'C1', '20', '526121010132207', 'ANTIDEPRESSIVOS TODOS OS OUTROS', '328.45'), 
  (default, '7', 'NOVAMOX', 'AMOXICILINA TRIHIDRATADA;CLAVULANATO DE POTÁSSIO', '875 MG', 'Sólido', 'Similar', 'AM', '14', '500505705119417', 'PENICILINAS ORAIS DE AMPLO ESPECTRO', '244.48'), 
  (default, '12', 'ZINNAT', 'AXETIL CEFUROXIMA', '500 MG', 'Sólido', 'Novo', 'AM', '14', '511522100077417', 'CEFALOSPORINAS ORAIS', '326.44'), 
  (default, '6', 'EFEXOR', 'CLORIDRATO DE VENLAFAXINA', '150 MG', 'Sólido', 'Novo', 'C1', '14', '552820050064917', 'ANTIDEPRESSIVOS SNRI', '274.47'), 
  (default, '7', 'MEFEX', 'AXETILCEFUROXIMA', '250 MG', 'Sólido', 'Similar', 'AM', '14', '552919120097907', 'CEFALOSPORINAS ORAIS', '218.67'), 
  (default, '1', 'POLICLAVUMOXIL BD', 'CLAVULANATO DE POTÁSSIO;AMOXICILINA TRI-HIDRATADA', '875 MG', 'Sólido', 'Similar', 'AM', '12', '507720303116418', 'PENICILINAS ORAIS DE AMPLO ESPECTRO', '240.88'), 
  (default, '10', 'AMPICILINA', 'AMPICILINA ANIDRA', '500 MG', 'Sólido', 'Genérico', 'AM', '12', '508017801114116', 'PENICILINAS ORAIS DE AMPLO ESPECTRO', '35.49'), 
  (default, '19', 'KLARICID', 'CLARITROMICINA', '500 MG', 'Sólido', 'Novo', 'AM', '10', '500204501115319', 'MACROLIDEOS E SIMILARES', '260.02'), 
  (default, '20', 'ZITROMAX', 'AZITROMICINA DI-HIDRATADA', '500 MG', 'Sólido', 'Novo', 'AM', '9', '522717080057017', 'MACROLIDEOS E SIMILARES', '159.99'), 
  (default, '21', 'CILINON', 'AMPICILINA SÓDICA', '500MG', 'Líquido', 'Similar', 'AM', '5 ML', '504414010047318', 'PENICILINAS INJETAVEIS DE AMPLO ESPECTRO', '6.9'), 
  (default, '11', 'ZOVIRAX', 'ACICLOVIR', '0,03 G/G', 'Semissólido', 'Novo', 'Liberado', '4,5 G', '510609305165318', 'ANTIVIRAIS OFTALMOLÓGICOS', '130.72'), 
  (default, '22', 'TRANSAMIN', 'ÁCIDO TRANEXÂMICO', '50 MG/ML', 'Líquido', 'Novo', 'Liberado', '5 ML', '536214070005414', 'ANTIFIBRINOLÍTICOS SINTÉTICOS', '68.01'), 
  (default, '23', 'GANFORT', 'MALEATO ÁCIDO DE TIMOLOL;BIMATOPROSTA', '(0,3 + 5,0) MG/ML', 'Líquido', 'Novo', 'Liberado', '0,4 ML', '501018100013703', 'PREPARAÇÕES ANTIGLAUCOMAS E MIÓTICAS TÓPICAS', '207.42'), 
  (default, '24', 'PYLORIPAC', 'LANSOPRAZOL;AMOXICILINA TRI-HIDRATADA;CLARITROMICINA', '30 MG', 'Sólido', 'Novo', 'AM', '2+2+4', '525010901113419', 'INIBIDORES DA BOMBA DE PRÓTONS', '247.47'), 
  (default, '25', 'CIPRO', 'CIPROFLOXACINO;CLORIDRATO DE CIPROFLOXACINO', '1000 MG', 'Sólido', 'Novo', 'AM', '3', '538915100024517', 'FLUORQUINOLONAS ORAIS', '191.33'), 
  (default, '26', 'ROCEFIN', 'CEFTRIAXONA DISSÓDICA HEMIEPTAIDRATADA', '500 MG', 'Líquido', 'Novo', 'AM', '2 ML', '529205103154310', 'CEFALOSPORINAS INJETÁVEIS', '141.42'), 
  (default, '11', 'CLAVULIN', 'CLAVULANATO DE POTÁSSIO;AMOXICILINA TRI-HIDRATADA', '(120 + 8,58) MG/ML', 'Líquido', 'Novo', 'AM', '100 ML+ SER DOS', '510602006138311', 'PENICILINAS ORAIS DE AMPLO ESPECTRO', '297.97'), 
  (default, '11', 'AMOXIL', 'AMOXICILINA', '125 MG', 'Líquido', 'Novo', 'AM', '150 ML', '510613020049703', 'PENICILINAS ORAIS DE AMPLO ESPECTRO', '71.53'), 
  (default, '27', 'MOTILIUM', 'DOMPERIDONA', '10 MG', 'Sólido', 'Novo', 'Liberado', '90', '514512020024803', 'GASTROPROCINÉTICOS', '85.75'), 
  (default, '19', 'BETASERC', 'CLORIDRATO DE BETAISTINA', '24 MG', 'Sólido', 'Novo', 'Liberado', '60', '500214100032717', 'ANTIVERTIGINOSOS', '118.51'), 
  (default, '28', 'LIPLESS', 'CIPROFIBRATO', '100 MG', 'Sólido', 'Similar', 'Liberado', '60', '504112070050503', 'FIBRATOS', '249.92'), 
  (default, '28', 'ABLOK PLUS', 'ATENOLOL;CLORTALIDONA', '100 MG', 'Sólido', 'Similar', 'Liberado', '60', '504114020051403', 'BETABLOQUEADORES ASSOCIADOS COM ANTIHIPERTENSIVOS E/OU DIURÉTICOS', '145.7'), 
  (default, '1', 'RESTITUE', 'PANTOPRAZOL MAGNÉSICO DI-HIDRATADO', '40 MG', 'Sólido', 'Similar', 'Liberado', '60', '541820020117807', 'INIBIDORES DA BOMBA DE PRÓTONS', '427.8'), 
  (default, '6', 'NORVASC', 'BESILATO DE ANLODIPINO', '5 MG', 'Sólido', 'Novo', 'Liberado', '60', '552820020063317', 'ANTAGONISTAS DA ANGIOTENSINA II PUROS', '146.03'), 
  (default, '19', 'LIPIDIL', 'FENOFIBRATO', '200 MG', 'Semissólido', 'Novo', 'Liberado', '30', '500214090032217', 'FIBRATOS', '184.42'), 
  (default, '7', 'BETALOR', 'ATENOLOL;BESILATO DE ANLODIPINO', '5 MG', 'Sólido', 'Novo', 'Liberado', '30', '552919120092317', 'ANTAGONISTAS DO CÁLCIO ASSOCIADOS A BETABLOQUEADORES', '94.97'), 
  (default, '7', 'LOTAR', 'LOSARTANA POTÁSSICA;BESILATO DE ANLODIPINO', '5,0 MG', 'Sólido', 'Novo', 'Liberado', '30', '552919120100717', 'ANTAGONISTAS DA ANGIOTENSINA II ASSOCIADOS A ANTAGONISTAS DO CÁLCIO', '168.15'), 
  (default, '24', 'AMARYL', 'GLIMEPIRIDA', '4 MG', 'Sólido', 'Novo', 'Liberado', '30', '576720060073817', 'ANTIDIABÉTICOS SULFONILOURÉIAS PUROS', '126.91'), 
  (default, '1', 'ESOGASTRO IBP', 'AMOXICILINA TRIHIDRATADA;ESOMEPRAZOL MAGNÉSICO TRI-HIDRATADO;CLARITROMICINA', '500 MG', 'Sólido', 'Novo', 'AM', '28 +14 + 28', '541821070163303', 'INIBIDORES DA BOMBA DE PRÓTONS', '289.26'), 
  (default, '11', 'AMOXIL', 'AMOXICILINA TRIHIDRATADA', '500 MG', 'Semissólido', 'Novo', 'AM', '21', '510600606111310', 'PENICILINAS ORAIS DE AMPLO ESPECTRO', '113.07'), 
  (default, '27', 'ULTRACET', 'CLORIDRATO DE TRAMADOL;PARACETAMOL', '37,5 MG', 'Sólido', 'Novo', 'A2', '20', '514505502110314', 'ANALGÉSICOS NARCÓTICOS', '127.62'), 
  (default, '24', 'PROFENID', 'CETOPROFENO', '100 MG', 'Sólido', 'Novo', 'Liberado', '20', '576720050065917', 'ANTIRREUMÁTICOS NÃO ESTEROIDAIS PUROS', '77.21'), 
  (default, '20', 'ALDACTONE', 'ESPIRONOLACTONA', '100 MG', 'Sólido', 'Novo', 'Liberado', '16', '522717110064717', 'AGENTES DIURÉTICOS POUPADORES POTÁSSIO PUROS', '50.22'), 
  (default, '6', 'CARDURAN', 'MESILATO DE DOXAZOSINA', '4 MG', 'Sólido', 'Novo', 'Liberado', '10', '552820060069417', 'ANTI-HIPERTENSIVOS PURO-AÇÃO PERIFÉRICA', '124.6'), 
  (default, '29', 'KEFLEX', 'CEFALEXINA MONOIDRATADA', '1 G', 'Sólido', 'Novo', 'AM', '8', '536501506112319', 'CEFALOSPORINAS ORAIS', '148.74'), 
  (default, '10', 'TAMIRAM', 'LEVOFLOXACINO HEMI-HIDRATADO', '750 MG', 'Sólido', 'Novo', 'AM', '7', '508016100113003', 'FLUORQUINOLONAS ORAIS', '170.61'), 
  (default, '14', 'SUMAX', 'SUCCINATO DE SUMATRIPTANA', '50 MG', 'Sólido', 'Similar', 'Liberado', '6', '523723050050203', 'ANTIENXAQUECOSOS TRIPTÂNICOS', '118.67'), 
  (default, '8', 'PULMICORT', 'BUDESONIDA', '0,25 MG/ML', 'Líquido', 'Novo', 'Liberado', '2 ML', '502303101170311', 'ANTIASMÁTICOS/DPOC CORTICOSTERÓIDES INALANTES', '219.48'), 
  (default, '11', 'ZENTEL', 'ALBENDAZOL', '400 MG', 'Sólido', 'Novo', 'Liberado', '1', '510608803110312', 'ANTI-HELMÍNTICOS EXCETO ESQUISTOSSOMICIDAS (P1C)', '18.25'), 
  (default, '24', 'DIGESAN', 'BROMOPRIDA', '1 MG/ML', 'Líquido', 'Novo', 'Liberado', '120 ML + COP', '576720060073017', 'GASTROPROCINÉTICOS', '50.33'), 
  (default, '28', 'FLUX SR', 'INDAPAMIDA', '1,5 MG', 'Sólido', 'Similar', 'Liberado', '90', '504123050084503', 'DIURÉTICOS TIAZIDAS E ANÁLOGOS PUROS', '102.43'), 
  (default, '30', 'DUEPOLI', 'DIVALPROATO DE SÓDIO', '500 MG', 'Sólido', 'Similar', 'C1', '60', '501623090045104', 'ANTIEPILÉPTICOS', '277.84'), 
  (default, '12', 'CANDESARTANA CILEXETILA', 'CANDESARTANA CILEXETILA', '16 MG', 'Sólido', 'Genérico', 'Liberado', '60', '511518010065506', 'ANTAGONISTAS DA ANGIOTENSINA II PUROS', '148.74'), 
  (default, '24', 'VALSARTANA', 'VALSARTANA', '160 MG', 'Sólido', 'Genérico', 'Liberado', '60', '525073104113111', 'ANTAGONISTAS DA ANGIOTENSINA II PUROS', '237.17'), 
  (default, '17', 'DIVALPROATO DE SÓDIO', 'DIVALPROATO DE SÓDIO', '500 MG', 'Sólido', 'Genérico', 'C1', '60', '526120020106407', 'ANTIEPILÉPTICOS', '187.57'), 
  (default, '17', 'OLMESARTANA MEDOXOMILA+BESILATO DE ANLODIPINO', 'BESILATO DE ANLODIPINO;OLMESARTANA MEDOXOMILA', '40 MG', 'Sólido', 'Genérico', 'Liberado', '60', '526122100166306', 'ANTAGONISTAS DA ANGIOTENSINA II ASSOCIADOS A ANTAGONISTAS DO CÁLCIO', '126.01'), 
  (default, '4', 'CLORIDRATO DE SERTRALINA', 'CLORIDRATO DE SERTRALINA', '50 MG', 'Sólido', 'Genérico', 'C1', '60', '528518110142706', 'ANTIDEPRESSIVOS SSRI', '237.07'), 
  (default, '18', 'OLMY ANLO', 'BESILATO DE ANLODIPINO;OLMESARTANA MEDOXOMILA', '40 MG', 'Sólido', 'Similar', 'Liberado', '60', '531623100099103', 'ANTAGONISTAS DA ANGIOTENSINA II ASSOCIADOS A ANTAGONISTAS DO CÁLCIO', '193.75'), 
  (default, '5', 'EZETIMIBA', 'EZETIMIBA', '10 MG', 'Sólido', 'Genérico', 'Liberado', '60', '543815120014606', 'TODOS OUTROS REGULADORES DE COLESTEROL E TRIGLICERÍDEOS', '283.15'), 
  (default, '19', 'VODSSO', 'VALPROATO DE SÓDIO', '500 MG', 'Sólido', 'Similar', 'C1', '50', '500217030036203', 'ANTIEPILÉPTICOS', '93.62'), 
  (default, '9', 'CARDIZEM', 'CLORIDRATO DE DILTIAZEM', '60 MG', 'Sólido', 'Novo', 'Liberado', '50', '504501203111311', 'ANTAGONISTAS DO CÁLCIO PUROS', '74.38'), 
  (default, '31', 'CLORIDRATO DE DILTIAZEM', 'CLORIDRATO DE DILTIAZEM', '60 MG', 'Sólido', 'Genérico', 'Liberado', '50', '529921110076806', 'ANTAGONISTAS DO CÁLCIO PUROS', '48.33'), 
  (default, '19', 'DEPAKOTE', 'DIVALPROATO DE SÓDIO', '500 MG', 'Sólido', 'Novo', 'C1', '30', '500202504117316', 'ANTIEPILÉPTICOS', '144.3'), 
  (default, '7', 'EXODUS', 'OXALATO DE ESCITALOPRAM', '10 MG', 'Sólido', 'Similar', 'C1', '30', '500513202112413', 'ANTIDEPRESSIVOS SSRI', '390.48'), 
  (default, '8', 'VIVACOR', 'ROSUVASTATINA', '20 MG', 'Sólido', 'Novo', 'Liberado', '30', '502305404111210', 'ESTATINAS, INIBIDORES DA REDUTASE HMG-CoA', '165.06'), 
  (default, '10', 'ESC ODT', 'OXALATO DE ESCITALOPRAM', '20 MG', 'Sólido', 'Novo', 'C1', '30', '508021080141803', 'ANTIDEPRESSIVOS SSRI', '240.71'), 
  (default, '27', 'HALDOL', 'HALOPERIDOL', '2 MG/ML', 'Líquido', 'Novo', 'C1', '30 ML', '514501206134317', 'ANTIPSICÓTICOS CONVENCIONAIS', '18.72'), 
  (default, '13', 'BROMIDRATO DE CITALOPRAM', 'BROMIDRATO DE CITALOPRAM', '20 MG', 'Sólido', 'Genérico', 'C1', '30', '520715090095906', 'ANTIDEPRESSIVOS SSRI', '254.13'), 
  (default, '32', 'DERIVA C MICRO', 'ADAPALENO;FOSFATO DE CLINDAMICINA', '(1,00 + 10,00) MG/G', 'Semissólido', 'Novo', 'Liberado', '30 G', '521905701172313', 'ANTIACNEICOS TÓPICOS', '48.24'), 
  (default, '15', 'HEMIFUMARATO DE BISOPROLOL', 'HEMIFUMARATO DE BISOPROLOL', '2,5 MG', 'Sólido', 'Genérico', 'Liberado', '30', '525417090048906', 'BETABLOQUEADORES PUROS', '126.51'), 
  (default, '17', 'ZOLREM SL', 'HEMITARTARATO DE ZOLPIDEM', '10 MG', 'Sólido', 'Similar', 'C1', '30', '526122010146903', 'HIPNÓTICOS E SEDATIVOS NÃO BARBITÚRICOS PUROS', '319.97'), 
  (default, '17', 'CLORIDRATO DE BUPROPIONA', 'CLORIDRATO DE BUPROPIONA', '300 MG', 'Sólido', 'Genérico', 'C1', '30', '526123070170106', 'ANTIDEPRESSIVOS TODOS OS OUTROS', '320.28'), 
  (default, '4', 'NYPRAM', 'BROMIDRATO DE CITALOPRAM', '20 MG', 'Sólido', 'Similar', 'C1', '30', '528520050171907', 'ANTIDEPRESSIVOS SSRI', '254.04'), 
  (default, '31', 'HEMITARTARATO DE RIVASTIGMINA', 'HEMITARTARATO DE RIVASTIGMINA', '6 MG', 'Sólido', 'Genérico', 'C1', '30', '529920110069507', 'PRODUTOS ANTIALZHEIMER, INIBIDORES DA COLINESTERASE', '285.35'), 
  (default, '18', 'BRASART BCC', 'VALSARTANA', '320 MG', 'Sólido', 'Similar', 'Liberado', '30', '531614040073704', 'ANTAGONISTAS DA ANGIOTENSINA II ASSOCIADOS A ANTAGONISTAS DO CÁLCIO', '234.05'), 
  (default, '1', 'OXALATO DE ESCITALOPRAM', 'OXALATO DE ESCITALOPRAM', '15 MG', 'Sólido', 'Genérico', 'C1', '30', '541814050007906', 'ANTIDEPRESSIVOS SSRI', '304.54'), 
  (default, '1', 'ESOMEPRAZOL MAGNÉSICO TRI-HIDRATADO', 'ESOMEPRAZOL MAGNÉSICO TRI-HIDRATADO', '40 MG', 'Sólido', 'Genérico', 'Liberado', '30', '541822030178606', 'INIBIDORES DA BOMBA DE PRÓTONS', '331.23'), 
  (default, '1', 'ESMOG', 'ESOMEPRAZOL MAGNÉSICO TRI-HIDRATADO', '40 MG', 'Sólido', 'Similar', 'Liberado', '30', '541822030180003', 'INIBIDORES DA BOMBA DE PRÓTONS', '331.25'), 
  (default, '7', 'TOLREST', 'CLORIDRATO DE SERTRALINA', '25 MG', 'Sólido', 'Novo', 'C1', '30', '552919120096717', 'ANTIDEPRESSIVOS SSRI', '188.5'), 
  (default, '7', 'VASOGARD', 'CILOSTAZOL', '100 MG', 'Sólido', 'Similar', 'Liberado', '30', '552920020118817', 'INIBIDORES DA AGREGAÇÃO PLAQUETÁRIA, REALÇADORES DO AMP CÍCLICO', '118.82'), 
  (default, '7', 'FORMOCAPS', 'FUMARATO DE FORMOTEROL', '12 MCG', 'Sólido', 'Similar', 'Liberado', '30', '552920110134317', 'ANTIASMÁTICOS/DPOC AGONISTAS B2 LONGA AÇÃO INALANTE', '65.87'), 
  (default, '8', 'NEXIUM', 'ESOMEPRAZOL MAGNÉSICO TRI-HIDRATADO', '20 MG', 'Sólido', 'Novo', 'Liberado', '28', '502302705110219', 'INIBIDORES DA BOMBA DE PRÓTONS', '227.58'), 
  (default, '33', 'BROMIDRATO DE GALANTAMINA', 'BROMIDRATO DE GALANTAMINA', '8 MG', 'Sólido', 'Genérico', 'C1', '28', '525317060047906', 'PRODUTOS ANTIALZHEIMER, INIBIDORES DA COLINESTERASE', '394.44'), 
  (default, '33', 'LAFLUGI', 'LANSOPRAZOL', '15 MG', 'Semissólido', 'Similar', 'Liberado', '28', '525319030058703', 'INIBIDORES DA BOMBA DE PRÓTONS', '136.56'), 
  (default, '7', 'MAXAPRAN', 'CITALOPRAM', '20 MG', 'Sólido', 'Similar', 'C1', '28', '552919120089617', 'ANTIDEPRESSIVOS SSRI', '210.88'), 
  (default, '7', 'CITALOPRAM', 'CITALOPRAM', '20 MG', 'Sólido', 'Genérico', 'C1', '28', '552919120093017', 'ANTIDEPRESSIVOS SSRI', '160.05'), 
  (default, '19', 'DEPAKENE', 'ÁCIDO VALPRÓICO', '250 MG', 'Semissólido', 'Novo', 'C1', '25', '500202401113318', 'ANTIEPILÉPTICOS', '32.63'), 
  (default, '19', 'DEPAKENE', 'VALPROATO DE SÓDIO', '300 MG', 'Sólido', 'Novo', 'C1', '25', '500202402111319', 'ANTIEPILÉPTICOS', '39.57'), 
  (default, '19', 'VALPROATO DE SÓDIO', 'ÁCIDO VALPRÓICO;VALPROATO DE SÓDIO', '250 MG', 'Semissólido', 'Genérico', 'C1', '25', '500218040040206', 'ANTIEPILÉPTICOS', '19.53'), 
  (default, '28', 'EPILENIL', 'ÁCIDO VALPRÓICO', '250 MG', 'Semissólido', 'Similar', 'C1', '25', '504102601113414', 'ANTIEPILÉPTICOS', '29.16'), 
  (default, '13', 'ASMOFEN', 'FUMARATO DE CETOTIFENO', '0,2MG/ML', 'Líquido', 'Similar', 'Liberado', '120ML + COP', '520712090083703', 'ANTIASMÁTICOS/DPOC ANTIINFLAMATORIOS NÃO ESTEROIDAIS RESPIRATÓRIOS SISTÊMICOS', '44.64'), 
  (default, '31', 'AXETILCEFUROXIMA', 'AXETILCEFUROXIMA', '500 MG', 'Sólido', 'Genérico', 'AM', '20', '529920080067207', 'CEFALOSPORINAS ORAIS', '272.98'), 
  (default, '34', 'HALOPERIDOL', 'HALOPERIDOL', '2 MG/ML', 'Líquido', 'Genérico', 'C1', '20 ML', '533006801135114', 'ANTIPSICÓTICOS CONVENCIONAIS', '7.74'), 
  (default, '34', 'UNI HALOPER', 'HALOPERIDOL', '2 MG/ML', 'Líquido', 'Similar', 'C1', '20 ML', '533015110062303', 'ANTIPSICÓTICOS CONVENCIONAIS', '7.74'), 
  (default, '1', 'CARBAMAZEPINA', 'CARBAMAZEPINA', '400 MG', 'Sólido', 'Genérico', 'C1', '20', '541815030010406', 'ANTIEPILÉPTICOS', '40.57'), 
  (default, '1', 'BEXAI', 'DICLOFENACO', '35 MG', 'Sólido', 'Novo', 'Liberado', '20', '541820030123707', 'ANTIRREUMÁTICOS NÃO ESTEROIDAIS PUROS', '154.97'), 
  (default, '24', 'URBANIL', 'CLOBAZAM', '20 MG', 'Sólido', 'Novo', 'B1', '20', '576720070080817', 'TRANQUILIZANTES', '33.3'), 
  (default, '1', 'CLORIDRATO DE DOXICICLINA', 'CLORIDRATO DE DOXICICLINA', '100 MG', 'Sólido', 'Genérico', 'AM', '15', '507707301113112', 'TETRACICLINAS E ASSOCIAÇÕES', '66.92'), 
  (default, '18', 'OSKIN', 'FLUOCINOLONA ACETONIDA', '40 MG/G', 'Semissólido', 'Similar', 'Liberado', '15 G', '531614100076803', 'OUTRAS PREPARAÇÕES DERMATOLOGICAS', '140.71'), 
  (default, '24', 'LOPROX', 'CICLOPIROX OLAMINA', '10 MG/ML', 'Líquido', 'Novo', 'Liberado', '15 ML', '576720080082317', 'ANTIFÚNGICOS DERMATOLÓGICOS TÓPICOS', '51.72'), 
  (default, '26', 'COREG', 'CARVEDILOL', '12,5 MG', 'Sólido', 'Novo', 'Liberado', '14', '529201201119312', 'BETABLOQUEADORES PUROS', '92.79'), 
  (default, '18', 'AZI', 'AZITROMICINA DI-HIDRATADA;AZITROMICINA', '40 MG/ML', 'Líquido', 'Similar', 'AM', '12 ML', '531600408134416', 'MACROLIDEOS E SIMILARES', '66.14'), 
  (default, '8', 'CRESTOR', 'ROSUVASTATINA CÁLCICA', '10 MG', 'Sólido', 'Novo', 'Liberado', '10', '502305301118212', 'ESTATINAS, INIBIDORES DA REDUTASE HMG-CoA', '93.99'), 
  (default, '28', 'VONAU', 'CLORIDRATO DE ONDANSETRONA', '4 MG', 'Sólido', 'Novo', 'Liberado', '10', '504118050063203', 'ANTIEMÉTICOS E ANTINAUSEANTES, ANTAGONISTAS DA SEROTONINA', '45.57'), 
  (default, '28', 'LISTO', 'CLORIDRATO DE ONDANSETRONA', '8 MG', 'Sólido', 'Similar', 'Liberado', '10', '504119010066217', 'ANTIEMÉTICOS E ANTINAUSEANTES, ANTAGONISTAS DA SEROTONINA', '78.94'), 
  (default, '21', 'CLORIDRATO DE ONDANSETRONA', 'CLORIDRATO DE ONDANSETRONA', '8,0 MG', 'Sólido', 'Genérico', 'Liberado', '10', '504417110065306', 'ANTIEMÉTICOS E ANTINAUSEANTES, ANTAGONISTAS DA SEROTONINA', '57.3'), 
  (default, '17', 'CEFACLOR', 'CEFACLOR MONOIDRATADO', '500 MG', 'Sólido', 'Genérico', 'AM', '10', '526120302115111', 'CEFALOSPORINAS ORAIS', '100.99'), 
  (default, '18', 'CECLOR', 'CEFACLOR MONOIDRATADO', '500 MG', 'Sólido', 'Similar', 'AM', '10', '531600804110412', 'CEFALOSPORINAS ORAIS', '100.85'), 
  (default, '24', 'MUCOSOLVAN', 'CLORIDRATO DE AMBROXOL', '75 MG', 'Sólido', 'Novo', 'Liberado', '10', '576720050069217', 'EXPECTORANTES', '49.34'), 
  (default, '35', 'CEDROXIL', 'CEFADROXILA', '500 MG', 'Sólido', 'Similar', 'AM', '8', '538818401116416', 'CEFALOSPORINAS ORAIS', '69.76'), 
  (default, '21', 'CEFTRIAXONA DISSÓDICA HEMIEPTAIDRATADA', 'CEFTRIAXONA DISSÓDICA HEMIEPTAIDRATADA', '1000 MG', 'Líquido', 'Genérico', 'AM', '3,5 ML', '504422080073306', 'CEFALOSPORINAS INJETÁVEIS', '135.0'), 
  (default, '13', 'TEUTRAZI', 'AZITROMICINA', '500 MG', 'Sólido', 'Similar', 'AM', '5', '520716040101403', 'MACROLIDEOS E SIMILARES', '62.67'), 
  (default, '13', 'TEUCEF', 'CEFTRIAXONA DISSÓDICA HEMIEPTAIDRATADA', '1G IM PO SOL INJ', 'Líquido', 'Similar', 'AM', '3,5 ML', '520720004159418', 'CEFALOSPORINAS INJETÁVEIS', '46.08'), 
  (default, '18', 'AZI', 'AZITROMICINA DI-HIDRATADA', '500 MG', 'Sólido', 'Similar', 'AM', '5', '531600405119416', 'MACROLIDEOS E SIMILARES', '78.14'), 
  (default, '24', 'NOOTROPIL', 'PIRACETAM', '200 MG/ML', 'Líquido', 'Novo', 'Liberado', '5 ML', '576720090087017', 'NOOTRÓPICOS', '44.27'), 
  (default, '28', 'SINTEZYS', 'IBANDRONATO DE SÓDIO', '150 MG', 'Sólido', 'Similar', 'Liberado', '3', '504121120071817', 'BISFOSFONATOS PARA OSTEOPOROSE E ALTERAÇÕES RELACIONADAS', '307.34'), 
  (default, '17', 'GLAMIGAN MT', 'MALEATO DE TIMOLOL;BIMATOPROSTA', '(0,3 + 5,0) MG/ML', 'Líquido', 'Similar', 'Liberado', '3 ML', '526121070143004', 'PREPARAÇÕES ANTIGLAUCOMAS E MIÓTICAS TÓPICAS', '155.59'), 
  (default, '18', 'ANAEROCID', 'FOSFATO DE CLINDAMICINA', '20 MG', 'Semissólido', 'Similar', 'AM', '20 G + 3 APLIC', '531613801166419', 'ANTIBIOTICOS GINECOLÓGICOS', '49.92'), 
  (default, '21', 'FUROSETRON', 'FUROSEMIDA', '10 MG/ML', 'Líquido', 'Similar', 'Liberado', '2 ML', '504422080071104', 'DIURÉTICOS DE ALÇA PUROS', '91.68'), 
  (default, '28', 'IBANDRONATO DE SÓDIO', 'IBANDRONATO DE SÓDIO', '150 MG', 'Sólido', 'Genérico', 'Liberado', '1', '504122050077517', 'BISFOSFONATOS PARA OSTEOPOROSE E ALTERAÇÕES RELACIONADAS', '194.36'), 
  (default, '36', 'CLARITROMICINA', 'CLARITROMICINA', '500 MG', 'Líquido', 'Genérico', 'AM', '500 MG PO LIOF SOL INFUS IV CT FA VD TRANS', '504622090089406', 'MACROLIDEOS E SIMILARES', '235.25'), 
  (default, '17', 'CEFACLOR', 'CEFACLOR', '75 MG/ML', 'Líquido', 'Genérico', 'AM', '100 ML + SER DOS', '526125702138111', 'CEFALOSPORINAS ORAIS', '127.27'), 
  (default, '37', 'NOVOLIN N', 'INSULINA HUMANA', '100 UI/ML', 'Líquido', 'Novo', 'Liberado', '5 SIST APLIC PLAS (FLEXPEN)', '526618040009207', 'INSULINA HUMANA + ANÁLOGOS DE AÇÃO NORMAL', '162.58'), 
  (default, '37', 'NOVOLIN R', 'INSULINA HUMANA', '100 UI/ML', 'Líquido', 'Similar', 'Liberado', '5 SIST APLIC PLAS (FLEXPEN)', '526618040009307', 'INSULINA HUMANA E ANÁLOGOS, DE AÇÃO RÁPIDA', '162.58'), 
  (default, '18', 'CECLOR', 'CEFACLOR', '50 MG/ML', 'Líquido', 'Similar', 'AM', '100 ML + SER DOS + COL', '531600707131419', 'CEFALOSPORINAS ORAIS', '115.31'), 
  (default, '34', 'UNI-CARBAMAZ', 'CARBAMAZEPINA', '20 MG/ML', 'Líquido', 'Similar', 'C1', '100 ML + COP', '533011902130416', 'ANTIEPILÉPTICOS', '27.59'), 
  (default, '1', 'CEFADROXILA', 'CEFADROXILA', '100 MG/ML', 'Líquido', 'Genérico', 'AM', '100 ML + DOSAD', '541819120114707', 'CEFALOSPORINAS ORAIS', '181.09'), 
  (default, '7', 'NOOTRON', 'PIRACETAM', '60 MG/ML', 'Líquido', 'Similar', 'Liberado', '110 ML + COP', '552919060079017', 'NOOTRÓPICOS', '18.99'), 
  (default, '7', 'FUMARATO DE CETOTIFENO', 'FUMARATO DE CETOTIFENO', '1 MG/ML', 'Líquido', 'Genérico', 'Liberado', '30 ML + CGT', '552920070127217', 'ANTIASMÁTICOS/DPOC ANTIINFLAMATORIOS NÃO ESTEROIDAIS RESPIRATÓRIOS SISTÊMICOS', '67.45'), 
  (default, '38', 'CLENIL HFA', 'DIPROPIONATO DE BECLOMETASONA', '200 MCG', 'Líquido', 'Novo', 'Liberado', '200 DOSES', '508503806177312', 'ANTIASMÁTICOS/DPOC CORTICOSTERÓIDES INALANTES', '81.81'), 
  (default, '38', 'DIPROPIONATO DE BECLOMETASONA', 'DIPROPIONATO DE BECLOMETASONA', '200 MCG', 'Líquido', 'Genérico', 'Liberado', '200 DOSES', '508518030011806', 'ANTIASMÁTICOS/DPOC CORTICOSTERÓIDES INALANTES', '68.65'), 
  (default, '39', 'MITRIP', 'CLORIDRATO DE AMITRIPTILINA', '10 MG', 'Sólido', 'Similar', 'C1', '10', '575222050009004', 'ANTIDEPRESSIVOS TODOS OS OUTROS', '4.95'), 
  (default, '38', 'ALERFIN', 'DIPROPIONATO DE BECLOMETASONA', '100 MCG', 'Líquido', 'Similar', 'Liberado', '120 DOS', '508500301171411', 'CORTICOSTERÓIDES NASAIS SEM ANTIINFECCIOSOS', '100.14'), 
  (default, '11', 'ZYRTEC', 'DICLORIDRATO DE CETIRIZINA', '1,0 MG/ML', 'Líquido', 'Novo', 'Liberado', '120 ML', '510609603131314', 'ANTI-HISTAMÍNICOS SISTÊMICOS', '73.17'), 
  (default, '7', 'BETADINE', 'CLORIDRATO DE BETAISTINA', '24 MG', 'Sólido', 'Similar', 'Liberado', '60', '500512030040704', 'ANTIVERTIGINOSOS', '118.6'), 
  (default, '8', 'SUCCINATO DE METOPROLOL', 'SUCCINATO DE METOPROLOL', '50 MG', 'Sólido', 'Genérico', 'Liberado', '60', '502315040026906', 'BETABLOQUEADORES PUROS', '100.7'), 
  (default, '28', 'PRESSAT', 'BESILATO DE ANLODIPINO', '10 MG', 'Sólido', 'Similar', 'Liberado', '60', '504118050062503', 'ANTAGONISTAS DO CÁLCIO PUROS', '297.2'), 
  (default, '1', 'DOMPLIV', 'DOMPERIDONA', '10 MG', 'Sólido', 'Similar', 'Liberado', '60', '507742602116410', 'GASTROPROCINÉTICOS', '56.94'), 
  (default, '10', 'INDAPAMIDA', 'INDAPAMIDA', '1,5 MG', 'Sólido', 'Genérico', 'Liberado', '60', '508019120125407', 'DIURÉTICOS TIAZIDAS E ANÁLOGOS PUROS', '67.41'), 
  (default, '33', 'GLIMEPIRIDA', 'GLIMEPIRIDA', '4 MG', 'Sólido', 'Genérico', 'Liberado', '60', '525315080045406', 'ANTIDIABÉTICOS SULFONILOURÉIAS PUROS', '165.02'), 
  (default, '33', 'LORAZEPAM', 'LORAZEPAM', '2 MG', 'Sólido', 'Genérico', 'B1', '60', '525319040060606', 'TRANQUILIZANTES', '66.21'), 
  (default, '17', 'CLONAZEPAM', 'CLONAZEPAM', '2 MG', 'Sólido', 'Genérico', 'B1', '60', '526118080099806', 'ANTIEPILÉPTICOS', '39.4'), 
  (default, '17', 'BESILATO DE ANLODIPINO + LOSARTANA POTÁSSICA', 'LOSARTANA POTÁSSICA;BESILATO DE ANLODIPINO', '5 MG', 'Sólido', 'Genérico', 'Liberado', '60', '526120050113107', 'ANTAGONISTAS DA ANGIOTENSINA II ASSOCIADOS A ANTAGONISTAS DO CÁLCIO', '246.78'), 
  (default, '35', 'GLIANSOR', 'GLIMEPIRIDA', '4MG', 'Sólido', 'Similar', 'Liberado', '60', '538820050074607', 'ANTIDIABÉTICOS SULFONILOURÉIAS PUROS', '219.12'), 
  (default, '5', 'ROSUVASTATINA CÁLCICA', 'ROSUVASTATINA CÁLCICA', '10 MG', 'Sólido', 'Genérico', 'Liberado', '60', '543819050036306', 'ESTATINAS, INIBIDORES DA REDUTASE HMG-CoA', '343.09'), 
  (default, '1', 'PROPIONATO DE CLOBETASOL', 'PROPIONATO DE CLOBETASOL', '0,5 MG/G', 'Líquido', 'Genérico', 'Liberado', '50 G', '507728603178112', 'CORTICOESTERÓIDES TÓPICOS PUROS', '38.27'), 
  (default, '35', 'BENECTRIN', 'TRIMETOPRIMA;SULFAMETOXAZOL', '400 MG', 'Sólido', 'Similar', 'AM', '50', '538822120116203', 'ASSOCIAÇÕES DE TRIMETOPRIMA E SIMILARES', '76.7'), 
  (default, '19', 'SYNTHROID', 'LEVOTIROXINA SÓDICA', '200 MCG', 'Sólido', 'Novo', 'Liberado', '30', '500207409112419', 'PREPARAÇÕES PARA TIREOIDE', '71.29'), 
  (default, '19', 'LANPEXIO', 'FENOFIBRATO', '160 MG', 'Sólido', 'Similar', 'Liberado', '30', '500218040041703', 'FIBRATOS', '136.34'), 
  (default, '36', 'ATORVASTEROL', 'ATORVASTATINA CÁLCICA', '80 MG', 'Sólido', 'Similar', 'Liberado', '30', '504614030020804', 'ESTATINAS, INIBIDORES DA REDUTASE HMG-CoA', '290.8'), 
  (default, '36', 'CIPROFIBRATO', 'CIPROFIBRATO', '100 MG', 'Sólido', 'Genérico', 'Liberado', '30', '504617090065117', 'FIBRATOS', '120.87'), 
  (default, '1', 'DIPROPIONATO DE BETAMETASONA', 'DIPROPIONATO DE BETAMETASONA', '0,5 MG/G', 'Semissólido', 'Genérico', 'Liberado', '30 G', '507727301161111', 'CORTICOESTERÓIDES TÓPICOS PUROS', '33.88'), 
  (default, '1', 'ATORVASTATINA CÁLCICA', 'ATORVASTATINA CÁLCICA', '40 MG', 'Sólido', 'Genérico', 'Liberado', '30', '507743404113111', 'ESTATINAS, INIBIDORES DA REDUTASE HMG-CoA', '340.84'), 
  (default, '10', 'CILOSTAZOL', 'CILOSTAZOL', '100 MG', 'Sólido', 'Genérico', 'Liberado', '30', '508024801116111', 'INIBIDORES DA AGREGAÇÃO PLAQUETÁRIA, REALÇADORES DO AMP CÍCLICO', '81.34'), 
  (default, '10', 'SIBUS', 'CLORIDRATO DE SIBUTRAMINA MONOIDRATADO', '15 MG', 'Sólido', 'Similar', 'B1', '30', '508027301114416', 'PREPARAÇÕES ANTIOBESIDADE, EXCETO OS DIETÉTICOS', '66.78'), 
  (default, '11', 'PSOREX', 'PROPIONATO DE CLOBETASOL', '0,5 MG/G', 'Semissólido', 'Novo', 'Liberado', '30 G', '510606003168311', 'CORTICOESTERÓIDES TÓPICOS PUROS', '49.13'), 
  (default, '13', 'FINARID', 'FINASTERIDA', '5MG', 'Sólido', 'Similar', 'Liberado', '30', '520715120098703', 'BPH INIBIDORES DA 5-ALFA TESTOSTERONA REDUTASE (5-ARI) PUROS', '172.24'), 
  (default, '20', 'LORAX', 'LORAZEPAM', '1 MG', 'Sólido', 'Novo', 'B1', '30', '522701603111417', 'TRANQUILIZANTES', '35.96'), 
  (default, '20', 'TROFODERMIN', 'SULFATO DE NEOMICINA;ACETATO DE CLOSTEBOL', '5 MG/G', 'Semissólido', 'Novo', 'Liberado', '30 G', '522718040079717', 'TODOS OUTROS PRODUTOS PARA TRATAMENTO DE FERIDAS', '51.91'), 
  (default, '24', 'ACETATO DE CLOSTEBOL + SULFATO DE NEOMICINA', 'SULFATO DE NEOMICINA;ACETATO DE CLOSTEBOL', '5 MG/G', 'Semissólido', 'Genérico', 'Liberado', '30 G', '525069602163112', 'TODOS OUTROS PRODUTOS PARA TRATAMENTO DE FERIDAS', '33.61'), 
  (default, '4', 'CLONETRIL', 'CLONAZEPAM', '2 MG', 'Sólido', 'Similar', 'B1', '30', '528520060173607', 'ANTIEPILÉPTICOS', '21.15'), 
  (default, '26', 'VALIUM', 'DIAZEPAM', '5 MG', 'Sólido', 'Novo', 'B1', '30', '529206105118311', 'TRANQUILIZANTES', '24.9'), 
  (default, '31', 'CLORIDRATO DE NORTRIPTILINA', 'CLORIDRATO DE NORTRIPTILINA', '50 MG', 'Sólido', 'Genérico', 'C1', '30', '529914403117112', 'ANTIDEPRESSIVOS TODOS OS OUTROS', '57.62'), 
  (default, '40', 'NOVADERM', 'SULFATO DE NEOMICINA;ACETATO DE CLOSTEBOL', '5 MG/G', 'Semissólido', 'Similar', 'Liberado', '30 G', '533802702161417', 'TODOS OUTROS PRODUTOS PARA TRATAMENTO DE FERIDAS', '37.01'), 
  (default, '35', 'DIAZEPAM', 'DIAZEPAM', '10 MG', 'Sólido', 'Genérico', 'B1', '30', '538812040040706', 'TRANQUILIZANTES', '21.61'), 
  (default, '1', 'HEMITARTARATO DE ZOLPIDEM', 'HEMITARTARATO DE ZOLPIDEM', '10 MG', 'Sólido', 'Genérico', 'C1', '30', '541822090185306', 'HIPNÓTICOS E SEDATIVOS NÃO BARBITÚRICOS PUROS', '207.99'), 
  (default, '41', 'TRAMAL RETARD', 'CLORIDRATO DE TRAMADOL', '50 MG', 'Sólido', 'Novo', 'A2', '30', '542820020006007', 'ANALGÉSICOS NARCÓTICOS', '223.93'), 
  (default, '7', 'CLORIDRATO DE SIBUTRAMINA MONOIDRATADO', 'CLORIDRATO DE SIBUTRAMINA MONOIDRATADO', '15 MG', 'Sólido', 'Genérico', 'B2', '30', '552919070080417', 'PREPARAÇÕES ANTIOBESIDADE, EXCETO OS DIETÉTICOS', '362.45'), 
  (default, '7', 'REVANGE', 'CLORIDRATO DE TRAMADOL;PARACETAMOL', '(37,5 + 325,0) MG', 'Sólido', 'Similar', 'A2', '30', '552919120092707', 'ANALGÉSICOS NARCÓTICOS', '137.68'), 
  (default, '7', 'EUPRESSIN H', 'HIDROCLOROTIAZIDA;MALEATO DE ENALAPRIL', '20 MG', 'Sólido', 'Similar', 'Liberado', '30', '552920020117417', 'INIBIDORES DA ECA ASSOCIADOS A ANTI-HIPERTERSIVOS (C2) E/OU DIURÉTICOS (C3)', '168.67'), 
  (default, '7', 'OMEPRAMIX', 'AMOXICILINA TRIHIDRATADA;OMEPRAZOL;CLARITROMICINA', '20 MG', 'Sólido', 'Similar', 'AM', '28', '500506103112412', 'INIBIDORES DA BOMBA DE PRÓTONS', '399.88'), 
  (default, '7', 'ADIPEPT', 'PANTOPRAZOL', '40 MG', 'Sólido', 'Similar', 'Liberado', '28', '500514030055803', 'INIBIDORES DA BOMBA DE PRÓTONS', '258.45'), 
  (default, '17', 'LANSOPRAZOL', 'LANSOPRAZOL', '30 MG', 'Semissólido', 'Genérico', 'Liberado', '28', '526119110093607', 'INIBIDORES DA BOMBA DE PRÓTONS', '189.26'), 
  (default, '4', 'LANZOPRAZOL + CLARITROMICINA + AMOXICILINA', 'AMOXICILINA TRIHIDRATADA;LANSOPRAZOL;CLARITROMICINA', '30 MG', 'Sólido', 'Genérico', 'AM', '28', '528531704116114', 'INIBIDORES DA BOMBA DE PRÓTONS', '273.56'), 
  (default, '42', 'THERAPSOR', 'PROPIONATO DE CLOBETASOL', '0,5 MG/ML', 'Líquido', 'Similar', 'Liberado', '25 ML', '512120020006807', 'CORTICOESTERÓIDES TÓPICOS PUROS', '40.91'), 
  (default, '20', 'PONSTAN', 'ÁCIDO MEFENÂMICO', '500 MG', 'Sólido', 'Novo', 'Liberado', '24', '522718010069917', 'ANTIRREUMÁTICOS NÃO ESTEROIDAIS PUROS', '43.16'), 
  (default, '18', 'HEMOBLOCK', 'ÁCIDO TRANEXÂMICO', '250 MG', 'Sólido', 'Similar', 'Liberado', '24', '531615060078417', 'ANTIFIBRINOLÍTICOS SINTÉTICOS', '122.33'), 
  (default, '43', 'BACTRIM', 'TRIMETOPRIMA;SULFAMETOXAZOL', '400 MG', 'Sólido', 'Novo', 'AM', '20', '509020090023517', 'ASSOCIAÇÕES DE TRIMETOPRIMA E SIMILARES', '35.74'), 
  (default, '31', 'AMOXICILINA + CLAVULANATO DE POTÁSSIO', 'AMOXICILINA TRIHIDRATADA;CLAVULANATO DE POTÁSSIO', '(875,0 + 125,0) MG', 'Sólido', 'Genérico', 'AM', '20', '529920110068907', 'PENICILINAS ORAIS DE AMPLO ESPECTRO', '280.33'), 
  (default, '1', 'AMOXICILINA + CLAVULANATO DE POTÁSSIO', 'CLAVULANATO DE POTÁSSIO;AMOXICILINA', '875 MG', 'Sólido', 'Genérico', 'AM', '20', '541817080020506', 'PENICILINAS ORAIS DE AMPLO ESPECTRO', '280.35'), 
  (default, '24', 'GARDENAL', 'FENOBARBITAL', '100 MG', 'Sólido', 'Novo', 'C1', '20', '576720040061917', 'ANTIEPILÉPTICOS', '12.46'), 
  (default, '30', 'UNOPROST', 'MESILATO DE DOXAZOSINA', '4 MG', 'Sólido', 'Similar', 'Liberado', '15', '501603104118411', 'ANTI-HIPERTENSIVOS PURO-AÇÃO PERIFÉRICA', '186.64'), 
  (default, '29', 'TRANQUINAL SLG', 'ALPRAZOLAM', '0.5 MG', 'Sólido', 'Novo', 'B1', '15', '536502101116317', 'TRANQUILIZANTES', '33.75'), 
  (default, '7', 'FAMOX', 'FAMOTIDINA', '20 MG', 'Sólido', 'Similar', 'Liberado', '15', '552920080131607', 'ANTAGONISTAS RECEPTORES H2', '97.92'), 
  (default, '35', 'ACIDO TRANEXAMICO', 'ÁCIDO TRANEXÂMICO', '250 MG', 'Sólido', 'Genérico', 'Liberado', '12', '538805701116118', 'ANTIFIBRINOLÍTICOS SINTÉTICOS', '53.48'), 
  (default, '44', 'ASPARGIL C', 'ASPARTATO DE ARGININA;ÁCIDO ASCÓRBICO', '1G + 1G', 'Sólido', 'Específico', 'Liberado', '10', '506320050033307', 'TODOS OS OUTROS TÔNICOS', '46.02'), 
  (default, '13', 'LEVOFLOXACINO', 'LEVOFLOXACINO HEMI-HIDRATADO', '500 MG', 'Sólido', 'Genérico', 'AM', '10', '520716030100606', 'FLUORQUINOLONAS ORAIS', '254.08'), 
  (default, '7', 'LEVOFLOXACINO', 'LEVOFLOXACINO', '500 MG', 'Sólido', 'Genérico', 'AM', '10', '552920020111817', 'FLUORQUINOLONAS ORAIS', '243.49'), 
  (default, '8', 'NEXIUM', 'ESOMEPRAZOL MAGNÉSICO', '20 MG', 'Sólido', 'Novo', 'Liberado', '7', '502302702111214', 'INIBIDORES DA BOMBA DE PRÓTONS', '62.27'), 
  (default, '7', 'LIVEPAX', 'LEVOFLOXACINO', '750 MG', 'Sólido', 'Similar', 'AM', '7', '552919120098407', 'FLUORQUINOLONAS ORAIS', '170.61'), 
  (default, '44', 'CYPCINO', 'CLORIDRATO DE CIPROFLOXACINO', '500 MG', 'Sólido', 'Similar', 'AM', '6', '506321010037007', 'FLUORQUINOLONAS ORAIS', '68.42'), 
  (default, '25', 'CIPRO', 'CLORIDRATO DE CIPROFLOXACINO', '500 MG', 'Sólido', 'Novo', 'AM', '6', '538921110033603', 'FLUORQUINOLONAS ORAIS', '218.9'), 
  (default, '23', 'BIAMOTIL D', 'CLORIDRATO DE CIPROFLOXACINO ;DEXAMETASONA', '3,5 MG/ML', 'Líquido', 'Similar', 'AM', '5 ML', '501001102176312', 'ASSOCIAÇÕES OFTALMOLÓGICAS CORTICOSTERÓIDES COM ANTIINFECCIOSOS', '49.48'), 
  (default, '1', 'OTOMIXYN', 'FLUOCINOLONA ACETONIDA;CLORIDRATO DE LIDOCAINA;SULFATO DE NEOMICINA;SULFATO DE POLIMIXINA B', '0,250 MG', 'Líquido', 'Genérico', 'AM', '5 ML', '507719602172413', 'ASSOCIAÇÕES OTOLÓGICAS CORTICOSTERÓIDES COM ANTIINFECCIOSOS', '11.05'), 
  (default, '43', 'INICOX DP', 'MELOXICAM', '15 MG', 'Sólido', 'Novo', 'Liberado', '5', '509021110027004', 'ANTIRREUMÁTICOS NÃO ESTEROIDAIS PUROS', '23.38'), 
  (default, '1', 'POLICLAVUMOXIL', 'CLAVULANATO DE POTÁSSIO;AMOXICILINA', '50 MG/ML', 'Líquido', 'Similar', 'AM', '75 ML + COL', '541817070020203', 'PENICILINAS ORAIS DE AMPLO ESPECTRO', '92.76'), 
  (default, '7', 'MALEATO DE TIMOLOL', 'MALEATO DE TIMOLOL', '2,5 MG/ML', 'Líquido', 'Genérico', 'Liberado', '5 ML', '552919110081117', 'PREPARAÇÕES ANTIGLAUCOMAS E MIÓTICAS TÓPICAS', '12.26'), 
  (default, '1', 'AZITROMICINA', 'AZITROMICINA', '500 MG', 'Sólido', 'Genérico', 'AM', '3', '541819020102606', 'MACROLIDEOS E SIMILARES', '96.22'), 
  (default, '13', 'CETOFENID', 'CETOPROFENO', '50 MG/ML', 'Líquido', 'Similar', 'Liberado', '2 ML', '520723040117704', 'ANTIRREUMÁTICOS NÃO ESTEROIDAIS PUROS', '258.34'), 
  (default, '14', 'PLAMET', 'BROMOPRIDA', '5 MG/ML', 'Líquido', 'Similar', 'Liberado', '2 ML', '523703704150411', 'GASTROPROCINÉTICOS', '72.46'), 
  (default, '14', 'SUMAX', 'SUCCINATO DE SUMATRIPTANA', '100 MG/ML', 'Líquido', 'Novo', 'Liberado', '0,2 ML', '523705006175413', 'ANTIENXAQUECOSOS TRIPTÂNICOS', '79.77'), 
  (default, '10', 'AZITROMICINA', 'AZITROMICINA DI-HIDRATADA', '1500 MG', 'Líquido', 'Genérico', 'AM', '22 ML + SER DOS', '508014050104406', 'MACROLIDEOS E SIMILARES', '134.47'), 
  (default, '16', 'DESALEX', 'DESLORATADINA', '0,5 MG/ML', 'Líquido', 'Novo', 'Liberado', '100 ML + SER DOS', '525515090017317', 'ANTI-HISTAMÍNICOS SISTÊMICOS', '89.92'), 
  (default, '17', 'NAPROXENO SÓDICO', 'NAPROXENO SÓDICO', '275 MG', 'Sólido', 'Genérico', 'Liberado', '4', '526120110127307', 'ANTIRREUMÁTICOS NÃO ESTEROIDAIS PUROS', '2.7'), 
  (default, '28', 'ICTUS', 'CARVEDILOL', '12,5 MG', 'Sólido', 'Similar', 'Liberado', '90', '504116030055003', 'BETABLOQUEADORES PUROS', '188.68'), 
  (default, '7', 'FEMINA', 'DESOGESTREL;ETINILESTRADIOL', '(0,15 + 0,02) MG', 'Sólido', 'Similar', 'Liberado', '63', '552921080139117', 'HORMÔNIOS CONTRACEPTIVOS MONOFÁSICOS COM ESTROGÊNIOS <50MCG', '173.8'), 
  (default, '18', 'BRASART BCC', 'VALSARTANA;BESILATO DE ANLODIPINO', '160 MG', 'Sólido', 'Similar', 'Liberado', '60', '531614040073404', 'ANTAGONISTAS DA ANGIOTENSINA II ASSOCIADOS A ANTAGONISTAS DO CÁLCIO', '396.58'), 
  (default, '30', 'MIOSAN', 'CLORIDRATO DE CICLOBENZAPRINA', '5 MG', 'Sólido', 'Novo', 'Liberado', '30', '501601802111319', 'RELAXANTE MUSCULAR DE AÇÃO CENTRAL', '60.53'), 
  (default, '8', 'ATENOL', 'ATENOLOL', '50 MG', 'Sólido', 'Novo', 'Liberado', '30', '502315030024103', 'BETABLOQUEADORES PUROS', '77.65'), 
  (default, '27', 'STUGERON', 'CINARIZINA', '25 MG', 'Sólido', 'Novo', 'Liberado', '30', '514504601115316', 'ANTAGONISTAS DO CÁLCIO COM AÇÃO CEREBRAL', '25.98'), 
  (default, '13', 'TEUSIL', 'CAPTOPRIL', '50 MG', 'Sólido', 'Similar', 'Liberado', '30', '520716050102108', 'INIBIDORES DA ECA PUROS', '44.63'), 
  (default, '15', 'GLIFAGE XR', 'CLORIDRATO DE METFORMINA', '1 G', 'Sólido', 'Novo', 'Liberado', '30', '525420304115317', 'ANTIDIABÉTICOS BIGUANIDAS PUROS', '53.62'), 
  (default, '1', 'CETOCONAZOL', 'CETOCONAZOL', '200 MG', 'Sólido', 'Genérico', 'Liberado', '30', '541819080111003', 'AGENTES SISTÊMICOS PARA INFECÇÕES FÚNGICAS', '132.81'), 
  (default, '7', 'VALSARTANA + ANLODIPINO', 'VALSARTANA;BESILATO DE ANLODIPINO', '(320,0+10,0) MG', 'Sólido', 'Genérico', 'Liberado', '30', '552920100134007', 'ANTAGONISTAS DA ANGIOTENSINA II ASSOCIADOS A ANTAGONISTAS DO CÁLCIO', '135.23'), 
  (default, '24', 'CLORANA', 'HIDROCLOROTIAZIDA', '25 MG', 'Sólido', 'Novo', 'Liberado', '30', '576720090086417', 'DIURÉTICOS TIAZIDAS E ANÁLOGOS PUROS', '14.21'), 
  (default, '3', 'DIOVAN AMLO FIX', 'VALSARTANA;BESILATO DE ANLODIPINO', '(160,00+10,00) MG', 'Sólido', 'Novo', 'Liberado', '28', '526528604118319', 'ANTAGONISTAS DA ANGIOTENSINA II ASSOCIADOS A ANTAGONISTAS DO CÁLCIO', '194.15'), 
  (default, '2', 'MUCOLITIC', 'CARBOCISTEÍNA', '50 MG/ML', 'Líquido', 'Novo', 'Liberado', '20 ML', '501101903138423', 'EXPECTORANTES', '30.68'), 
  (default, '1', 'BEZAFIBRATO', 'BEZAFIBRATO', '200 MG', 'Sólido', 'Genérico', 'Liberado', '20', '507726801118111', 'FIBRATOS', '39.37'), 
  (default, '13', 'AMINOFILINA', 'AMINOFILINA', '100 MG', 'Sólido', 'Genérico', 'Liberado', '20', '520701002111111', 'ANTIASMÁTICOS/DPOC XANTÍNICOS SISTÊMICOS', '6.15'), 
  (default, '13', 'NAPROX', 'NAPROXENO', '500 MG', 'Sólido', 'Similar', 'Liberado', '20', '520715102113416', 'ANTIRREUMÁTICOS NÃO ESTEROIDAIS PUROS', '38.48'), 
  (default, '30', 'MIOSAN CAF', 'CLORIDRATO DE CICLOBENZAPRINA;CAFEÍNA', '5 MG', 'Sólido', 'Novo', 'Liberado', '15', '501605004110318', 'RELAXANTE MUSCULAR DE AÇÃO CENTRAL', '30.14'), 
  (default, '18', 'HIDROQUINONA + TRETINOINA + FLUOCINOLONA ACETONIDA', 'FLUOCINOLONA ACETONIDA', '40 MG/G', 'Semissólido', 'Genérico', 'Liberado', '15 G', '531613070069606', 'OUTRAS PREPARAÇÕES DERMATOLOGICAS', '147.75'), 
  (default, '7', 'NISULID', 'NIMESULIDA', '100 MG', 'Sólido', 'Novo', 'Liberado', '12', '500509304119311', 'ANTIRREUMÁTICOS NÃO ESTEROIDAIS PUROS', '61.75'), 
  (default, '24', 'ALLEGRA D', 'CLORIDRATO DE FEXOFENADINA;CLORIDRATO DE PSEUDOEFEDRINA', '(60,0 + 120,0) MG', 'Sólido', 'Novo', 'Liberado', '10', '576720070075617', 'PREPARAÇÕES SISTÊMICAS NASAIS', '69.44'), 
  (default, '19', 'VIBRAL', 'DROPROPIZINA', '1,5 MG/ML', 'Líquido', 'Novo', 'Liberado', '120 ML + COP', '500214110033717', 'ANTITUSSÍGENOS PUROS', '25.01'), 
  (default, '38', 'FLUIBRON', 'CLORIDRATO DE AMBROXOL', '6 MG/ML', 'Líquido', 'Similar', 'Liberado', '100 ML + COP', '508501602132421', 'EXPECTORANTES', '50.85'), 
  (default, '45', 'SANDRENA', 'ESTRADIOL', '0,1 PCC', 'Semissólido', 'Novo', 'Liberado', '1,0 G', '527303502162316', 'HORMÔNIOS SEXUAIS TÓPICOS', '88.35'), 
  (default, '10', 'NOEX', 'BUDESONIDA', '50 MCG', 'Líquido', 'Similar', 'Liberado', '200 DOSES', '508020205179416', 'CORTICOSTERÓIDES NASAIS SEM ANTIINFECCIOSOS', '74.53'), 
  (default, '1', 'BUDESONIDA', 'BUDESONIDA', '32 MCG', 'Líquido', 'Genérico', 'Liberado', '120 ACION', '541817020018806', 'CORTICOSTERÓIDES NASAIS SEM ANTIINFECCIOSOS', '28.06'), 
  (default, '46', 'DICLORIDRATO DE BETAISTINA', 'CLORIDRATO DE BETAISTINA', '24 MG', 'Sólido', 'Genérico', 'Liberado', '60', '500118060026306', 'ANTIVERTIGINOSOS', '77.02'), 
  (default, '17', 'CLORIDRATO DE TRAMADOL + PARACETAMOL', 'CLORIDRATO DE TRAMADOL;PARACETAMOL', '(37,5 + 325) MG', 'Sólido', 'Genérico', 'A2', '60', '526123030169206', 'ANALGÉSICOS NARCÓTICOS', '242.69'), 
  (default, '34', 'VODOL', 'NITRATO DE MICONAZOL', '20 MG/ML', 'Líquido', 'Novo', 'Liberado', '60 ML', '533015405166415', 'ANTIFÚNGICOS DERMATOLÓGICOS TÓPICOS', '50.72'), 
  (default, '1', 'ATENOLOL + CLORTALIDONA', 'ATENOLOL;CLORTALIDONA', '50 MG', 'Sólido', 'Genérico', 'Liberado', '60', '541817090022006', 'BETABLOQUEADORES ASSOCIADOS COM ANTIHIPERTENSIVOS E/OU DIURÉTICOS', '79.89'), 
  (default, '4', 'PANTOPRAZOL', 'PANTOPRAZOL SÓDICO SESQUI-HIDRATADO', '20 MG', 'Sólido', 'Genérico', 'Liberado', '56', '528517110132206', 'INIBIDORES DA BOMBA DE PRÓTONS', '343.9'), 
  (default, '15', 'EUTHYROX', 'LEVOTIROXINA SÓDICA', '175 MCG', 'Sólido', 'Similar', 'Liberado', '50', '525404128111413', 'PREPARAÇÕES PARA TIREOIDE', '63.45'), 
  (default, '7', 'PANTOMIX', 'PANTOPRAZOL SÓDICO SESQUI-HIDRATADO', '40 MG', 'Sólido', 'Similar', 'Liberado', '42', '552922080148603', 'INIBIDORES DA BOMBA DE PRÓTONS', '394.24'), 
  (default, '10', 'PARACETAMOL + FOSFATO DE CODEÍNA', 'PARACETAMOL;FOSFATO DE CODEÍNA', '500MG', 'Sólido', 'Genérico', 'A2', '36', '508016100113406', 'ANALGÉSICOS NARCÓTICOS', '76.07'), 
  (default, '10', 'PACO', 'PARACETAMOL;FOSFATO DE CODEÍNA', '500MG', 'Sólido', 'Similar', 'A2', '36', '508016100113703', 'ANALGÉSICOS NARCÓTICOS', '74.88'), 
  (default, '36', 'NEO FEDIPINA', 'NIFEDIPINO', '10 MG', 'Sólido', 'Similar', 'Liberado', '30', '504614120026917', 'ANTAGONISTAS DO CÁLCIO PUROS', '21.51'), 
  (default, '36', 'MESILATO DE DOXAZOSINA', 'MESILATO DE DOXAZOSINA', '4 MG', 'Sólido', 'Genérico', 'Liberado', '30', '504616120048406', 'ANTI-HIPERTENSIVOS PURO-AÇÃO PERIFÉRICA', '211.51'), 
  (default, '1', 'ESPIRONOLACTONA', 'ESPIRONOLACTONA', '100 MG', 'Sólido', 'Genérico', 'Liberado', '30', '507725003110113', 'AGENTES DIURÉTICOS POUPADORES POTÁSSIO PUROS', '49.16'), 
  (default, '1', 'CLORIDRATO DE AMITRIPTILINA', 'CLORIDRATO DE AMITRIPTILINA', '75 MG', 'Sólido', 'Genérico', 'C1', '30', '507738802114111', 'ANTIDEPRESSIVOS TODOS OS OUTROS', '69.4'), 
  (default, '1', 'FENOFIBRATO', 'FENOFIBRATO', '200MG', 'Sólido', 'Genérico', 'Liberado', '30', '507740501118111', 'FIBRATOS', '119.87'), 
  (default, '17', 'FINASTERIDA', 'FINASTERIDA', '5 MG', 'Sólido', 'Genérico', 'Liberado', '30', '526105302118117', 'BPH INIBIDORES DA 5-ALFA TESTOSTERONA REDUTASE (5-ARI) PUROS', '177.13'), 
  (default, '17', 'CLORIDRATO DE TRAMADOL', 'CLORIDRATO DE TRAMADOL', '100 MG', 'Sólido', 'Genérico', 'A2', '30', '526123030168906', 'ANALGÉSICOS NARCÓTICOS', '291.07'), 
  (default, '25', 'BERLISON', 'ACETATO DE HIDROCORTISONA', '10 MG/G', 'Semissólido', 'Novo', 'Liberado', '30 G', '538912050014013', 'CORTICOESTERÓIDES TÓPICOS PUROS', '38.46'), 
  (default, '1', 'PANTOPRAZOL MAGNÉSICO DI-HIDRATADO', 'PANTOPRAZOL MAGNÉSICO DI-HIDRATADO', '40 MG', 'Sólido', 'Genérico', 'Liberado', '30', '541821060160206', 'INIBIDORES DA BOMBA DE PRÓTONS', '330.31'), 
  (default, '7', 'MALEATO DE ENALAPRIL + HIDROCLOROTIAZIDA', 'HIDROCLOROTIAZIDA;MALEATO DE ENALAPRIL', '20 MG', 'Sólido', 'Genérico', 'Liberado', '30', '552920060125917', 'INIBIDORES DA ECA ASSOCIADOS A ANTI-HIPERTERSIVOS (C2) E/OU DIURÉTICOS (C3)', '90.09'), 
  (default, '36', 'PANTOPRAZOL', 'PANTOPRAZOL', '40 MG', 'Sólido', 'Genérico', 'Liberado', '28', '504615030028406', 'INIBIDORES DA BOMBA DE PRÓTONS', '276.31'), 
  (default, '47', 'VOLNAC', 'NITRATO DE MICONAZOL', '20 MG/G', 'Semissólido', 'Similar', 'Liberado', '28G', '505515701168418', 'ANTIFÚNGICOS DERMATOLÓGICOS TÓPICOS', '33.16'), 
  (default, '13', 'HELMIZOL', 'METRONIDAZOL', '400 MG', 'Sólido', 'Similar', 'AM', '24', '520711808119416', 'TRICOMONICIDAS SISTÊMICOS', '36.1'), 
  (default, '31', 'ACECLOFENACO', 'ACECLOFENACO', '100 MG', 'Sólido', 'Genérico', 'Liberado', '24', '529900102111115', 'ANTIRREUMÁTICOS NÃO ESTEROIDAIS PUROS', '83.72'), 
  (default, '24', 'FLAGYL', 'METRONIDAZOL', '400 MG', 'Sólido', 'Novo', 'AM', '24', '576720050067317', 'TRICOMONICIDAS SISTÊMICOS', '36.1'), 
  (default, '7', 'SOMALIUM', 'BROMAZEPAM', '6 MG', 'Sólido', 'Similar', 'B1', '20', '500506602119412', 'TRANQUILIZANTES', '35.38'), 
  (default, '13', 'BACLOFENO', 'BACLOFENO', '10 MG', 'Sólido', 'Genérico', 'Liberado', '20', '520715060094306', 'RELAXANTE MUSCULAR DE AÇÃO CENTRAL', '35.04'), 
  (default, '34', 'BACLON', 'BACLOFENO', '10 MG', 'Sólido', 'Similar', 'Liberado', '20', '533000901111412', 'RELAXANTE MUSCULAR DE AÇÃO CENTRAL', '29.52'), 
  (default, '25', 'ADVANTAN', 'ACEPONATO DE METILPREDNISOLONA', '1 MG/G', 'Semissólido', 'Novo', 'Liberado', '20 G', '538912050012713', 'CORTICOESTERÓIDES TÓPICOS PUROS', '104.23'), 
  (default, '35', 'ACECLO-GRAN', 'ACECLOFENACO', '100 MG', 'Sólido', 'Similar', 'Liberado', '12', '538813080046904', 'ANTIRREUMÁTICOS NÃO ESTEROIDAIS PUROS', '57.09'), 
  (default, '36', 'TILOXINEO', 'TENOXICAM', '20 MG', 'Sólido', 'Similar', 'Liberado', '10', '504617080064717', 'ANTIRREUMÁTICOS NÃO ESTEROIDAIS PUROS', '53.64'), 
  (default, '1', 'TENOXICAM', 'TENOXICAM', '20 MG', 'Sólido', 'Genérico', 'Liberado', '10', '507723602114111', 'ANTIRREUMÁTICOS NÃO ESTEROIDAIS PUROS', '51.9'), 
  (default, '1', 'ACETONIDA DE TRIANCINOLONA', 'TRIANCINOLONA ACETONIDA', '1 MG/G', 'Semissólido', 'Genérico', 'Liberado', '10 G', '507727701168113', 'ANALGÉSICOS E ANTIINFLAMATÓRIOS BUCAIS DE USO TÓPICO', '16.34'), 
  (default, '10', 'GÉSICO', 'CLORIDRATO DE TRAMADOL', '100 MG', 'Sólido', 'Similar', 'A2', '10', '508018110123904', 'ANALGÉSICOS NARCÓTICOS', '122.18'), 
  (default, '4', 'METRONIDAZOL', 'METRONIDAZOL', '100 MG/G', 'Semissólido', 'Genérico', 'AM', '50 G + 10 APLIC', '528503907164118', 'TRICOMONICIDAS TÓPICOS', '34.55'), 
  (default, '1', 'MELOVAC', 'MELOXICAM', '15 MG', 'Sólido', 'Similar', 'Liberado', '10', '541817080020603', 'ANTIRREUMÁTICOS NÃO ESTEROIDAIS PUROS', '62.96'), 
  (default, '1', 'COLIAFT', 'TRIANCINOLONA ACETONIDA', '1 MG/G', 'Semissólido', 'Similar', 'Liberado', '10 G', '541818060085904', 'ANALGÉSICOS E ANTIINFLAMATÓRIOS BUCAIS DE USO TÓPICO', '16.34'), 
  (default, '1', 'TIOCONAZOL + TINIDAZOL', 'TINIDAZOL;TIOCONAZOL', '20 MG/G', 'Semissólido', 'Genérico', 'Liberado', '35 G + 7 APLIC', '507723901162116', 'TRICOMONICIDAS TÓPICOS', '71.44'), 
  (default, '17', 'OFLOXACINO', 'OFLOXACINO', '3 MG/ML', 'Líquido', 'Genérico', 'AM', '5 ML', '526123401173114', 'ANTIINFECCIOS OFTALMOLÓGICOS', '31.02'), 
  (default, '35', 'NEOCORTIN', 'FOSFATO DISSÓDICO DE DEXAMETASONA;SULFATO DE NEOMICINA', '1,0 MG+5,0 MG/ML', 'Líquido', 'Similar', 'Liberado', '5 ML', '538817501176412', 'ASSOCIAÇÕES OFTALMOLÓGICAS CORTICOSTERÓIDES COM ANTIINFECCIOSOS', '12.86'), 
  (default, '48', 'FOLIFER', 'ÁCIDO FÓLICO', '150 MG', 'Sólido', 'Específico', 'Liberado', '4', '560818020002708', 'ASSOCIAÇÕES DE FERRO', '10.7'), 
  (default, '28', 'SUCCINATO DE SUMATRIPTANA', 'SUCCINATO DE SUMATRIPTANA', '50 MG', 'Sólido', 'Genérico', 'Liberado', '2', '504122060078417', 'ANTIENXAQUECOSOS TRIPTÂNICOS', '29.13'), 
  (default, '7', 'DUO-DECADRON', 'FOSFATO DISSÓDICO DE DEXAMETASONA;ACETATO DE DEXAMETASONA', '8 MG/ML', 'Líquido', 'Similar', 'Liberado', '1 ML + SER DOS', '500508002151419', 'CORTICOSTERÓIDES INJETÁVEIS PUROS', '16.62'), 
  (default, '49', 'TAKIL', 'TINIDAZOL;TIOCONAZOL', '20 MG', 'Semissólido', 'Similar', 'Liberado', '35 G + 7 APLIC DESC', '524802201163418', 'TRICOMONICIDAS TÓPICOS', '97.58'), 
  (default, '23', 'PRED', 'ACETATO DE PREDNISOLONA', '10 MG/ML', 'Líquido', 'Novo', 'Liberado', '5 ML', '501004601173313', 'CORTICOSTERÓIDES OFTALMOLÓGICOS', '54.46'), 
  (default, '50', 'DOMPERIDONA', 'DOMPERIDONA', '10 MG', 'Sólido', 'Genérico', 'Liberado', '90', '506423070052606', 'GASTROPROCINÉTICOS', '58.51'), 
  (default, '10', 'DESOGESTREL + ETINILESTRADIOL', 'DESOGESTREL;ETINILESTRADIOL', '0,150 MG', 'Sólido', 'Genérico', 'Liberado', '63', '508021090142806', 'HORMÔNIOS CONTRACEPTIVOS MONOFÁSICOS COM ESTROGÊNIOS <50MCG', '105.98'), 
  (default, '7', 'FLUNARIN', 'DICLORIDRATO DE FLUNARIZINA', '10MG', 'Sólido', 'Similar', 'Liberado', '60', '500508102113411', 'ANTAGONISTAS DO CÁLCIO COM AÇÃO CEREBRAL', '34.2'), 
  (default, '33', 'CETOPROFENO', 'CETOPROFENO', '150 MG', 'Sólido', 'Genérico', 'Liberado', '60', '525319010054606', 'ANTIRREUMÁTICOS NÃO ESTEROIDAIS PUROS', '250.0'), 
  (default, '17', 'CARVEDILOL', 'CARVEDILOL', '25 MG', 'Sólido', 'Genérico', 'Liberado', '60', '526112070086006', 'BETABLOQUEADORES PUROS', '289.94'), 
  (default, '25', 'FLANAX', 'NAPROXENO SÓDICO', '550 MG', 'Sólido', 'Novo', 'Liberado', '4', '538919060029703', 'ANTIRREUMÁTICOS NÃO ESTEROIDAIS PUROS', '13.73'), 
  (default, '1', 'POMAGLÓS TRATAMENTO', 'NISTATINA;OXIDO DE ZINCO', '100.000 UI/G + 200 MG/G', 'Semissólido', 'Similar', 'Liberado', '60 G', '541820120155207', 'ANTIFÚNGICOS DERMATOLÓGICOS TÓPICOS', '30.82'), 
  (default, '34', 'FOLDAN', 'TIABENDAZOL', '50 MG/ML', 'Semissólido', 'Similar', 'Liberado', '50 ML', '533006103179418', 'ANTI-HELMÍNTICOS EXCETO ESQUISTOSSOMICIDAS (P1C)', '27.46'), 
  (default, '35', 'NEOTRICIN', 'SULFATO DE NEOMICINA;BACITRACINA ZÍNCICA', '5 MG', 'Semissólido', 'Similar', 'Liberado', '50G', '538812090044403', 'ANTIBIÓTICOS TÓPICOS', '43.46'), 
  (default, '35', 'MIOFIBRAX', 'CLORIDRATO DE CICLOBENZAPRINA', '10MG', 'Sólido', 'Similar', 'Liberado', '50', '538822030111703', 'RELAXANTE MUSCULAR DE AÇÃO CENTRAL', '83.14'), 
  (default, '5', 'PREDNISOLONA', 'PREDNISOLONA', '40 MG', 'Sólido', 'Genérico', 'Liberado', '40', '543819120047807', 'CORTICOSTERÓIDES ORAIS PUROS', '241.83'), 
  (default, '36', 'BROMAZEPAM (PORTARIA 344/98 - LISTA B1)', 'BROMAZEPAM', '6 MG', 'Sólido', 'Genérico', 'B1', '30', '504616020033817', 'TRANQUILIZANTES', '53.17'), 
  (default, '36', 'GLIONIL', 'GLIBENCLAMIDA', '5 MG', 'Sólido', 'Similar', 'Liberado', '30', '504617040060517', 'ANTIDIABÉTICOS SULFONILOURÉIAS PUROS', '14.0'), 
  (default, '13', 'ALPRAZOLAM', 'ALPRAZOLAM', '2,0 MG', 'Sólido', 'Genérico', 'B1', '30', '520731801111112', 'TRANQUILIZANTES', '123.44'), 
  (default, '24', 'GLIBENCLAMIDA', 'GLIBENCLAMIDA', '5 MG', 'Sólido', 'Genérico', 'Liberado', '30', '525072903111111', 'ANTIDIABÉTICOS SULFONILOURÉIAS PUROS', '15.21'), 
  (default, '33', 'CLORIDRATO DE METFORMINA +GLIBENCLAMIDA', 'GLIBENCLAMIDA;CLORIDRATO DE METFORMINA', '(500,0 + 2,5) MG', 'Sólido', 'Genérico', 'Liberado', '30', '525318050050106', 'ASSOCIAÇÕES DE ANTIDIABÉTICOS SULFONILOURÉIA COM BIGUANIDAS', '26.45'), 
  (default, '15', 'GLUCOVANCE', 'GLIBENCLAMIDA;CLORIDRATO DE METFORMINA', '500 MG', 'Sólido', 'Novo', 'Liberado', '30', '525405203117418', 'ASSOCIAÇÕES DE ANTIDIABÉTICOS SULFONILOURÉIA COM BIGUANIDAS', '41.54'), 
  (default, '15', 'LEVOTIROXINA SÓDICA', 'LEVOTIROXINA SÓDICA', '175 MCG', 'Sólido', 'Genérico', 'Liberado', '30', '525420605115111', 'PREPARAÇÕES PARA TIREOIDE', '20.99'), 
  (default, '4', 'DIPROPIONATO DE BETAMETASONA + ÁCIDO SALICÍLICO', 'ÁCIDO SALICÍLICO;DIPROPIONATO DE BETAMETASONA', '0, 64 MG/ML', 'Líquido', 'Genérico', 'Liberado', '30 ML', '528522901133111', 'ANTIPSORÍASE TÓPICOS', '33.88'), 
  (default, '22', 'DESLIN', 'DESLORATADINA', '5 MG', 'Sólido', 'Similar', 'Liberado', '30', '536217070008003', 'ANTI-HISTAMÍNICOS SISTÊMICOS', '179.5'), 
  (default, '29', 'TRANQUINAL', 'ALPRAZOLAM', '1 MG', 'Sólido', 'Similar', 'B1', '30', '536512010007103', 'TRANQUILIZANTES', '90.4'), 
  (default, '51', 'LUFTAL', 'SIMETICONA', '75 MG', 'Semissólido', 'Novo', 'Liberado', '30 ML', '540117100004117', 'Antiflatulentos Puros e Carminativos', '55.89'), 
  (default, '1', 'ENERGIL ZINCO', 'ÁCIDO ASCÓRBICO;CITRATO DE ZINCO', '1 G + 10 MG', 'Sólido', 'Específico', 'Liberado', '30', '541819120114507', 'ASSOCIAÇÕES COM VITAMINA C', '59.17'), 
  (default, '7', 'BESILATO DE ANLODIPINO', 'BESILATO DE ANLODIPINO', '10 MG', 'Sólido', 'Genérico', 'Liberado', '30', '552920040122417', 'ANTAGONISTAS DO CÁLCIO PUROS', '208.76'), 
  (default, '17', 'ÁCIDO MEFENÂMICO', 'ÁCIDO MEFENÂMICO', '500 MG', 'Sólido', 'Genérico', 'Liberado', '24', '526128701116117', 'ANTIRREUMÁTICOS NÃO ESTEROIDAIS PUROS', '28.05'), 
  (default, '34', 'MIRANOVA', 'LEVONORGESTREL MICRONIZADO;ETINILESTRADIOL', '(0,10 + 0,02 )MG', 'Sólido', 'Novo', 'Liberado', '21', '533022100081017', 'HORMÔNIOS CONTRACEPTIVOS MONOFÁSICOS COM ESTROGÊNIOS <50MCG', '28.12'), 
  (default, '13', 'DICLOFENACO RESINATO', 'DICLOFENACO DE POTÁSSIO', '15 MG/ML', 'Líquido', 'Genérico', 'Liberado', '20 ML', '520709101135111', 'ANTIRREUMÁTICOS NÃO ESTEROIDAIS PUROS', '17.67'), 
  (default, '33', 'DICLOFENACO RESINATO', 'DICLOFENACO', '15 MG/ML', 'Líquido', 'Genérico', 'Liberado', '20 ML', '525305901130111', 'ANTIRREUMÁTICOS NÃO ESTEROIDAIS PUROS', '19.52'), 
  (default, '3', 'VOLTAREN', 'DICLOFENACO SÓDICO', '75 MG', 'Sólido', 'Novo', 'Liberado', '20', '526516509115312', 'ANTIRREUMÁTICOS NÃO ESTEROIDAIS PUROS', '56.98'), 
  (default, '13', 'CIMETIDINA', 'CIMETIDINA', '400 MG', 'Sólido', 'Genérico', 'Liberado', '16', '520706104117118', 'ANTAGONISTAS RECEPTORES H2', '45.72'), 
  (default, '1', 'MUPIROX', 'CICLOPIROX OLAMINA', '10 MG/ML', 'Líquido', 'Similar', 'Liberado', '15 ML', '507741701171411', 'ANTIFÚNGICOS DERMATOLÓGICOS TÓPICOS', '31.62'), 
  (default, '2', 'MICOSTATIN', 'NISTATINA', '25.000 UI/G', 'Semissólido', 'Novo', 'Liberado', '60 G + 14 APLIC', '501113090020914', 'ANTIFÚNGICOS GINECOLÓGICOS', '30.14'), 
  (default, '4', 'NITRATO DE MICONAZOL', 'NITRATO DE MICONAZOL', '20 MG/G', 'Semissólido', 'Genérico', 'Liberado', '80 G + 14 APLIC', '528504311168111', 'ANTIFÚNGICOS GINECOLÓGICOS', '34.1'), 
  (default, '7', 'NOVOCILIN', 'AMOXICILINA TRI-HIDRATADA', '80 MG/ML', 'Líquido', 'Similar', 'AM', '10 ML', '500505902135415', 'PENICILINAS ORAIS DE AMPLO ESPECTRO', '82.66'), 
  (default, '7', 'DECADRON', 'DEXAMETASONA', '4 MG', 'Sólido', 'Similar', 'Liberado', '10', '500510404113416', 'CORTICOSTERÓIDES ORAIS PUROS', '23.99'), 
  (default, '1', 'MELOXICAM', 'MELOXICAM', '15 MG', 'Sólido', 'Genérico', 'Liberado', '10', '507717302112117', 'ANTIRREUMÁTICOS NÃO ESTEROIDAIS PUROS', '63.04'), 
  (default, '12', 'CLORIDRATO DE CIPROFLOXACINO', 'CLORIDRATO DE CIPROFLOXACINO', '500 MG', 'Sólido', 'Genérico', 'AM', '10', '511502005111117', 'FLUORQUINOLONAS ORAIS', '121.05'), 
  (default, '16', 'AVIANT EFE', 'DESLORATADINA;SULFATO DE PSEUDOEFEDRINA', '2,5 MG', 'Sólido', 'Similar', 'Liberado', '10', '525522040022017', 'PREPARAÇÕES SISTÊMICAS NASAIS', '62.53'), 
  (default, '3', 'CATAFLAM', 'DICLOFENACO POTÁSSICO', '50 MG', 'Sólido', 'Novo', 'Liberado', '10', '526502713114310', 'ANTIRREUMÁTICOS NÃO ESTEROIDAIS PUROS', '25.52'), 
  (default, '34', 'CEF', 'CEFALEXINA MONOIDRATADA', '500 MG', 'Sólido', 'Similar', 'AM', '10', '533020090071807', 'CEFALOSPORINAS ORAIS', '38.04'), 
  (default, '1', 'CLORIDRATO DE FEXOFENADINA + CLORIDRATO DE PSEUDOEFEDRINA', 'CLORIDRATO DE FEXOFENADINA;CLORIDRATO DE PSEUDOEFEDRINA', '60 MG', 'Sólido', 'Similar', 'Liberado', '10', '541821010156206', 'PREPARAÇÕES SISTÊMICAS NASAIS', '45.11'), 
  (default, '17', 'CEFALEXINA', 'CEFALEXINA MONOIDRATADA', '1G', 'Sólido', 'Genérico', 'AM', '8', '526120050113207', 'CEFALOSPORINAS ORAIS', '96.69'), 
  (default, '17', 'CLORIDRATO DE CIPROFLOXACINO MONOIDRATADO + DEXAMETASONA', 'CLORIDRATO DE CIPROFLOXACINO ;DEXAMETASONA', '3,5 MG/ML', 'Líquido', 'Genérico', 'AM', '5 ML', '526128801171111', 'ASSOCIAÇÕES OFTALMOLÓGICAS CORTICOSTERÓIDES COM ANTIINFECCIOSOS', '32.18'), 
  (default, '20', 'PLETIL', 'TINIDAZOL', '500 MG', 'Sólido', 'Novo', 'Liberado', '4', '522718050081317', 'TRICOMONICIDAS SISTÊMICOS', '21.18'), 
  (default, '17', 'TINIDAZOL', 'TINIDAZOL', '500 MG', 'Sólido', 'Genérico', 'Liberado', '4', '526128301118112', 'TRICOMONICIDAS SISTÊMICOS', '14.52'), 
  (default, '1', 'LEVERCTIN', 'IVERMECTINA', '6 MG', 'Sólido', 'Similar', 'Liberado', '4', '541814120009303', 'ANTI-HELMÍNTICOS EXCETO ESQUISTOSSOMICIDAS (P1C)', '42.91'), 
  (default, '24', 'TADALAFILA', 'TADALAFILA', '20 MG', 'Sólido', 'Genérico', 'Liberado', '2', '525014110106306', 'PRODUTOS PARA DISFUNÇÃO ERÉTIL, INIBIDORES DA PDE5', '31.44'), 
  (default, '36', 'NEODIA', 'LEVONORGESTREL', '1,5 MG', 'Sólido', 'Similar', 'Liberado', '1', '504616050040218', 'CONTRACEPTIVO SISTÊMICO DE EMERGÊNCIA', '35.25'), 
  (default, '7', 'NOTUSS TSS', 'DROPROPIZINA', '3 MG/ML', 'Líquido', 'Similar', 'Liberado', '120 ML + COP', '500513080052004', 'ANTITUSSÍGENOS PUROS', '26.06'), 
  (default, '13', 'DICLORIDRATO DE CETIRIZINA', 'DICLORIDRATO DE CETIRIZINA', '1 MG/ML', 'Líquido', 'Genérico', 'Liberado', '120 ML + COP', '520729101130112', 'ANTI-HISTAMÍNICOS SISTÊMICOS', '44.93'), 
  (default, '24', 'CEFALEXINA', 'CEFALEXINA', '50 MG/ML', 'Líquido', 'Genérico', 'AM', '100ML + SER DOSAD', '525064301130117', 'CEFALOSPORINAS ORAIS', '62.33'), 
  (default, '4', 'DOPROPIZINA', 'DROPROPIZINA', '3 MG/ML', 'Líquido', 'Genérico', 'Liberado', '120 ML + COP', '528502606136117', 'ANTITUSSÍGENOS PUROS', '23.49'), 
  (default, '34', 'STER', 'ACETATO DE PREDNISOLONA', '10 MG/ML', 'Líquido', 'Similar', 'Liberado', '5 ML', '533022902171411', 'CORTICOSTERÓIDES OFTALMOLÓGICOS', '31.14'), 
  (default, '1', 'BESILATO DE ANLODIPINO+ATENOLOL', 'ATENOLOL;BESILATO DE ANLODIPINO', '(5,0  + 25,0) MG', 'Sólido', 'Genérico', 'Liberado', '60', '541818110093406', 'ANTAGONISTAS DO CÁLCIO ASSOCIADOS A BETABLOQUEADORES', '123.44'), 
  (default, '52', 'ZYLORIC', 'ALOPURINOL', '100 MG', 'Sólido', 'Novo', 'Liberado', '30', '505609601116310', 'ANTIGOTOSOS', '21.8'), 
  (default, '1', 'CLORTALIDONA', 'CLORTALIDONA', '50 MG', 'Sólido', 'Genérico', 'Liberado', '30', '507708303111115', 'DIURÉTICOS TIAZIDAS E ANÁLOGOS PUROS', '26.94'), 
  (default, '3', 'ALOPURINOL', 'ALOPURINOL', '300 MG', 'Sólido', 'Genérico', 'Liberado', '30', '526518070093406', 'ANTIGOTOSOS', '41.68'), 
  (default, '31', 'AMOXICILINA', 'AMOXICILINA', '500 MG', 'Sólido', 'Genérico', 'AM', '21', '529921080073706', 'PENICILINAS ORAIS DE AMPLO ESPECTRO', '73.06'), 
  (default, '34', 'TANDRIFLAN', 'CARISOPRODOL', '300 MG', 'Sólido', 'Similar', 'Liberado', '15', '533012120058603', 'RELAXANTE MUSCULAR DE AÇÃO CENTRAL', '26.11'), 
  (default, '7', 'NOVOCILIN', 'AMOXICILINA TRIHIDRATADA', '875 MG', 'Sólido', 'Similar', 'AM', '14', '500505905118414', 'PENICILINAS ORAIS DE AMPLO ESPECTRO', '115.06'), 
  (default, '33', 'NORFLOXACINO', 'NORFLOXACINO', '400 MG', 'Sólido', 'Genérico', 'AM', '14', '525317080049006', 'FLUORQUINOLONAS ORAIS', '61.88'), 
  (default, '18', 'NORF', 'NORFLOXACINO', '400 MG', 'Sólido', 'Similar', 'AM', '14', '531615040077603', 'FLUORQUINOLONAS ORAIS', '36.99'), 
  (default, '7', 'AMOXICILINA TRI-HIDRATADA', 'AMOXICILINA TRIHIDRATADA', '875 MG', 'Sólido', 'Genérico', 'AM', '14', '552919060078817', 'PENICILINAS ORAIS DE AMPLO ESPECTRO', '90.58'), 
  (default, '18', 'OSTEOFORM', 'ALENDRONATO DE SÓDIO TRI-HIDRATADO', '70 MG', 'Sólido', 'Similar', 'Liberado', '8', '531602806110416', 'BISFOSFONATOS PARA OSTEOPOROSE E ALTERAÇÕES RELACIONADAS', '148.06'), 
  (default, '1', 'ALENDRONATO DE SÓDIO', 'ALENDRONATO DE SÓDIO TRI-HIDRATADO', '70 MG', 'Sólido', 'Genérico', 'Liberado', '4', '507731502115115', 'BISFOSFONATOS PARA OSTEOPOROSE E ALTERAÇÕES RELACIONADAS', '189.78'), 
  (default, '43', 'ALENDIL', 'ALENDRONATO SÓDICO TRIHIDRATADO', '70 MG', 'Sólido', 'Similar', 'Liberado', '4', '509000406118415', 'BISFOSFONATOS PARA OSTEOPOROSE E ALTERAÇÕES RELACIONADAS', '188.88'), 
  (default, '12', 'ALENDRONATO DE SÓDIO', 'ALENDRONATO DE SÓDIO', '70 MG', 'Sólido', 'Genérico', 'Liberado', '4', '511516202119110', 'BISFOSFONATOS PARA OSTEOPOROSE E ALTERAÇÕES RELACIONADAS', '72.04'), 
  (default, '13', 'ALBENDAZOL', 'ALBENDAZOL', '400 MG', 'Sólido', 'Genérico', 'Liberado', '3', '520717070108106', 'ANTI-HELMÍNTICOS EXCETO ESQUISTOSSOMICIDAS (P1C)', '33.12'), 
  (default, '35', 'MONOZOL', 'ALBENDAZOL', '400 MG', 'Sólido', 'Similar', 'Liberado', '1', '538818002114411', 'ANTI-HELMÍNTICOS EXCETO ESQUISTOSSOMICIDAS (P1C)', '16.52'), 
  (default, '10', 'AMOXICILINA', 'AMOXICILINA;AMOXICILINA TRI-HIDRATADA', '80 MG/ML', 'Líquido', 'Genérico', 'AM', '100 ML + SER DOS', '508000307138110', 'PENICILINAS ORAIS DE AMPLO ESPECTRO', '49.53'), 
  (default, '1', 'AMOXICILINA', 'AMOXICILINA TRI-HIDRATADA', '100 MG/ML', 'Líquido', 'Genérico', 'AM', '150 ML  + COP', '541818100091506', 'PENICILINAS ORAIS DE AMPLO ESPECTRO', '97.52'), 
  (default, '24', 'NOVALGINA', 'DIPIRONA MONOIDRATADA', '500 MG', 'Sólido', 'Novo', 'Liberado', '10', '576720070077517', 'ANALGÉSICOS NÃO NARCÓTICOS E ANTIPIRÉTICOS ISENTOS DE PRESCRIÇÃO', '15.78'), 
  (default, '47', 'CETOZOL', 'CETOCONAZOL', '20 MG/ML', 'Semissólido', 'Similar', 'Liberado', '100 ML', '505502702179411', 'ANTIFÚNGICOS TÓPICOS DO COURO CABELUDO', '89.69'), 
  (default, '33', 'BEZIANY', 'ACETATO DE CLORMADINONA;ETINILESTRADIOL', '(2 + 0,03) MG', 'Sólido', 'Similar', 'Liberado', '84', '525322030106604', 'HORMÔNIOS CONTRACEPTIVOS MONOFÁSICOS COM ESTROGÊNIOS <50MCG', '237.34'), 
  (default, '34', 'MYLUS', 'DESOGESTREL', '0,075 MG', 'Sólido', 'Similar', 'Liberado', '84', '533019120068107', 'PREPARAÇÕES ORAIS COM PROGESTAGÊNIOS SOMENTE', '137.53'), 
  (default, '5', 'DESOGESTREL', 'DESOGESTREL', '0,075 MG', 'Sólido', 'Genérico', 'Liberado', '84', '543820080057307', 'PREPARAÇÕES ORAIS COM PROGESTAGÊNIOS SOMENTE', '107.5'), 
  (default, '44', 'LINOFEME', 'LEVONORGESTREL;ETINILESTRADIOL', '(0,15 + 0,03) MG', 'Sólido', 'Similar', 'Liberado', '63', '506320110036317', 'HORMÔNIOS CONTRACEPTIVOS MONOFÁSICOS COM ESTROGÊNIOS <50MCG', '34.73'), 
  (default, '36', 'PEPSAMAR', 'HIDRÓXIDO DE ALUMÍNIO', '230 MG', 'Sólido', 'Específico', 'Liberado', '50', '504623020091417', 'ANTIÁCIDOS PUROS', '34.11'), 
  (default, '36', 'FLUXON', 'CINARIZINA', '75 MG', 'Sólido', 'Similar', 'Liberado', '30', '504620110079207', 'ANTAGONISTAS DO CÁLCIO COM AÇÃO CEREBRAL', '19.81'), 
  (default, '47', 'DIUREZIN', 'HIDROCLOROTIAZIDA', '50 MG', 'Sólido', 'Similar', 'Liberado', '30', '505521040022003', 'DIURÉTICOS TIAZIDAS E ANÁLOGOS PUROS', '14.9'), 
  (default, '31', 'CINARIZINA', 'CINARIZINA', '25 MG', 'Sólido', 'Genérico', 'Liberado', '30', '529912302119113', 'ANTAGONISTAS DO CÁLCIO COM AÇÃO CEREBRAL', '16.73'), 
  (default, '34', 'TRIQUILAR', 'LEVONORGESTREL;ETINILESTRADIOL', '(0,05 MG + 0,03 MG)', 'Sólido', 'Novo', 'Liberado', '(18 + 15 +30)', '533023050085403', 'PREPARAÇÕES CONTRACEPTIVAS TRIFÁSICAS', '37.57'), 
  (default, '28', 'GESTRELAN', 'LEVONORGESTREL MICRONIZADO;ETINILESTRADIOL', '(0,15 + 0,03) MG', 'Sólido', 'Similar', 'Liberado', '21', '504121010070503', 'HORMÔNIOS CONTRACEPTIVOS MONOFÁSICOS COM ESTROGÊNIOS <50MCG', '12.68'), 
  (default, '28', 'LEVONORGESTREL + ETINILESTRADIOL', 'LEVONORGESTREL MICRONIZADO;ETINILESTRADIOL', '(0,15 + 0,03) MG', 'Sólido', 'Genérico', 'Liberado', '21', '504121070071306', 'HORMÔNIOS CONTRACEPTIVOS MONOFÁSICOS COM ESTROGÊNIOS <50MCG', '8.23'), 
  (default, '16', 'MERCILON', 'DESOGESTREL;ETINILESTRADIOL', '0,15 MG', 'Sólido', 'Novo', 'Liberado', '21', '525522080025217', 'HORMÔNIOS CONTRACEPTIVOS MONOFÁSICOS COM ESTROGÊNIOS <50MCG', '60.39'), 
  (default, '24', 'CICLOPIROX OLAMINA', 'CICLOPIROX OLAMINA', '10 MG/G', 'Semissólido', 'Genérico', 'Liberado', '20G', '525066701160117', 'ANTIFÚNGICOS DERMATOLÓGICOS TÓPICOS', '34.52'), 
  (default, '47', 'ALBISTIN', 'NISTATINA', '25.000 UI/G', 'Semissólido', 'Similar', 'Liberado', '60 G +  14 APLIC', '505515080021403', 'ANTIFÚNGICOS GINECOLÓGICOS', '51.91'), 
  (default, '44', 'PREXULID', 'NIMESULIDA', '100 MG', 'Líquido', 'Similar', 'Liberado', '12', '506320120036907', 'ANALGÉSICOS NÃO NARCÓTICOS E ANTIPIRÉTICOS SOB PRESCRIÇÃO', '43.84'), 
  (default, '25', 'CLARITIN', 'LORATADINA', '10 MG', 'Sólido', 'Novo', 'Liberado', '12', '538917110028317', 'ANTI-HISTAMÍNICOS SISTÊMICOS', '21.49'), 
  (default, '13', 'NAPROXENO', 'NAPROXENO', '500 MG', 'Sólido', 'Genérico', 'Liberado', '10', '520716090105206', 'ANTIRREUMÁTICOS NÃO ESTEROIDAIS PUROS', '18.36'), 
  (default, '10', 'PERCOIDE', 'PREDNISOLONA', '40 MG', 'Sólido', 'Similar', 'Liberado', '7', '508022050161117', 'CORTICOSTERÓIDES ORAIS PUROS', '65.1'), 
  (default, '35', 'IVERMECTINA', 'IVERMECTINA', '6 MG', 'Sólido', 'Genérico', 'Liberado', '4', '538821020101006', 'ANTI-HELMÍNTICOS EXCETO ESQUISTOSSOMICIDAS (P1C)', '39.61'), 
  (default, '19', 'REVECTINA', 'IVERMECTINA', '6 MG', 'Sólido', 'Novo', 'Liberado', '2', '500214100032917', 'ANTI-HELMÍNTICOS EXCETO ESQUISTOSSOMICIDAS (P1C)', '32.4'), 
  (default, '50', 'TADALAFILA', 'TADALAFILA', '20 MG', 'Sólido', 'Genérico', 'Liberado', '2', '506421020046706', 'PRODUTOS PARA DISFUNÇÃO ERÉTIL, INIBIDORES DA PDE5', '38.31'), 
  (default, '13', 'FUROSEMIDA', 'FUROSEMIDA', '10 MG/ML', 'Líquido', 'Genérico', 'Liberado', '2 ML', '520711306156110', 'DIURÉTICOS DE ALÇA PUROS', '89.0'), 
  (default, '24', 'LASIX', 'FUROSEMIDA', '10 MG/ML', 'Líquido', 'Novo', 'Liberado', '2 ML', '576720040061617', 'DIURÉTICOS DE ALÇA PUROS', '13.96'), 
  (default, '24', 'TADALAFILA', 'TADALAFILA', '20 MG', 'Sólido', 'Genérico', 'Liberado', '1', '525014110106206', 'PRODUTOS PARA DISFUNÇÃO ERÉTIL, INIBIDORES DA PDE5', '24.52'), 
  (default, '7', 'LEVONORGESTREL', 'LEVONORGESTREL', '1,5 MG', 'Sólido', 'Genérico', 'Liberado', '1', '552922020142617', 'CONTRACEPTIVO SISTÊMICO DE EMERGÊNCIA', '28.63'), 
  (default, '7', 'ACEBROFILINA', 'ACEBROFILINA', '10 MG/ML', 'Líquido', 'Genérico', 'Liberado', '120 ML + CP MED', '552920020116617', 'EXPECTORANTES', '41.27'), 
  (default, '33', 'OMEPRAZOL', 'OMEPRAZOL', '40 MG', 'Sólido', 'Genérico', 'Liberado', '56', '525322010104606', 'INIBIDORES DA BOMBA DE PRÓTONS', '341.3'), 
  (default, '47', 'PRANOLAL', 'CLORIDRATO DE PROPRANOLOL', '40 MG', 'Sólido', 'Similar', 'Liberado', '50', '505508002111414', 'BETABLOQUEADORES PUROS', '18.12'), 
  (default, '36', 'CLORIDRATO DE PROPRANOLOL', 'CLORIDRATO DE PROPRANOLOL', '80 MG', 'Sólido', 'Genérico', 'Liberado', '30', '504616090044717', 'BETABLOQUEADORES PUROS', '15.54'), 
  (default, '13', 'CETOCORT', 'BETAMETASONA;CETOCONAZOL', '20 MG + 0,5 MG/G', 'Semissólido', 'Similar', 'Liberado', '30 G', '520705902168412', 'CORTICOESTERÓIDES ASSOCIADOS A ANTIMICOTICOS', '51.85'), 
  (default, '33', 'DESLORATADINA', 'DESLORATADINA', '5 MG', 'Sólido', 'Genérico', 'Liberado', '30', '525312050035106', 'ANTI-HISTAMÍNICOS SISTÊMICOS', '136.2'), 
  (default, '1', 'BROMOPRIDA', 'BROMOPRIDA', '10 MG', 'Sólido', 'Genérico', 'Liberado', '20', '507733103110116', 'GASTROPROCINÉTICOS', '33.64'), 
  (default, '13', 'ACETATO DE HIDROCORTISONA', 'ACETATO DE HIDROCORTISONA', '10 MG/G', 'Semissólido', 'Genérico', 'Liberado', '20 G', '520717040107406', 'CORTICOESTERÓIDES TÓPICOS PUROS', '16.87'), 
  (default, '34', 'UNIDEXA', 'FOSFATO DISSÓDICO DE DEXAMETASONA', '2 MG', 'Líquido', 'Similar', 'Liberado', '1 ML', '533012202159411', 'CORTICOSTERÓIDES INJETÁVEIS PUROS', '24.91'), 
  (default, '44', 'IBUCAPS', 'IBUPROFENO', '600 MG', 'Semissólido', 'Similar', 'Liberado', '10', '506321100039404', 'ANTIRREUMÁTICOS NÃO ESTEROIDAIS PUROS', '16.2'), 
  (default, '53', 'XAROPE 44 E', 'BROMIDRATO DE DEXTROMETORFANO;GUAIFENESINA', '1,30 MG/ML', 'Líquido', 'Similar', 'Liberado', '120 ML', '528700801131419', 'ANTITUSSÍGENOS ASSOCIADOS', '36.01'), 
  (default, '24', 'AAS', 'ACIDO ACETILSALICILICO', '100 MG', 'Sólido', 'Similar', 'Liberado', '10', '576720070076217', 'ANALGÉSICOS NÃO NARCÓTICOS E ANTIPIRÉTICOS ISENTOS DE PRESCRIÇÃO', '7.2'), 
  (default, '25', 'ASPIRINA PREVENT', 'ÁCIDO ACETILSALICÍLICO', '100 MG', 'Sólido', 'Novo', 'Liberado', '90', '538916010026303', 'INIBIDORES DA AGREGAÇÃO PLAQUETÁRIA, CICLO-OXIGENASE INIBIDORES ', '69.83'), 
  (default, '28', 'ABLOK', 'ATENOLOL', '100 MG', 'Sólido', 'Similar', 'Liberado', '60', '504114100052603', 'BETABLOQUEADORES PUROS', '116.53'), 
  (default, '54', 'BACTODERM', 'BACITRACINA;SULFATO DE NEOMICINA', '5,0 MG/G', 'Semissólido', 'Similar', 'Liberado', '50 G', '515114040011103', 'ANTIBIÓTICOS TÓPICOS', '24.45'), 
  (default, '20', 'MOTRIN', 'IBUPROFENO', '600 MG', 'Sólido', 'Novo', 'Liberado', '50', '522718030077417', 'ANTIRREUMÁTICOS NÃO ESTEROIDAIS PUROS', '106.78'), 
  (default, '35', 'CLORIDRATO DE CICLOBENZAPRINA', 'CLORIDRATO DE CICLOBENZAPRINA', '10MG', 'Sólido', 'Genérico', 'Liberado', '50', '538822070113006', 'RELAXANTE MUSCULAR DE AÇÃO CENTRAL', '72.17'), 
  (default, '5', 'IBUPROFENO', 'IBUPROFENO', '400 MG', 'Semissólido', 'Genérico', 'Liberado', '48', '543822080065707', 'ANALGÉSICOS NÃO NARCÓTICOS E ANTIPIRÉTICOS ISENTOS DE PRESCRIÇÃO', '88.47'), 
  (default, '1', 'MALEATO DE ENALAPRIL', 'MALEATO DE ENALAPRIL', '20 MG', 'Sólido', 'Genérico', 'Liberado', '30', '507717102113111', 'INIBIDORES DA ECA PUROS', '90.22'), 
  (default, '16', 'RENITEC', 'MALEATO DE ENALAPRIL', '5 MG', 'Sólido', 'Novo', 'Liberado', '30', '525501904112319', 'INIBIDORES DA ECA PUROS', '38.5'), 
  (default, '7', 'SINERGEN', 'MALEATO DE ENALAPRIL;BESILATO DE ANLODIPINO', '(5+20) MG', 'Sólido', 'Novo', 'Liberado', '30', '552920030120217', 'INIBIDORES DA ECA ASSOCIADOS A ANTAGONISTAS DO CÁLCIO (C8)', '153.62'), 
  (default, '27', 'TYLENOL SINUS', 'PARACETAMOL;CLORIDRATO DE PSEUDOEFEDRINA', '500 MG', 'Sólido', 'Novo', 'Liberado', '24', '514520050037417', 'ANTIGRIPAIS SEM ANTIINFECCIOSOS', '22.76'), 
  (default, '1', 'EMSFEB EFE', 'PARACETAMOL;CLORIDRATO DE PSEUDOEFEDRINA', '500 MG', 'Sólido', 'Genérico', 'Liberado', '24', '541818100090703', 'ANTIGRIPAIS SEM ANTIINFECCIOSOS', '14.74'), 
  (default, '44', 'DEXTAMINE', 'BETAMETASONA', '2 MG', 'Sólido', 'Similar', 'Liberado', '20', '506314070028604', 'ASSOCIAÇÕES DE CORTICOSTERÓIDES SISTÊMICOS', '27.65'), 
  (default, '33', 'PARACETAMOL + CAFEÍNA', 'PARACETAMOL;CAFEÍNA', '500 MG', 'Sólido', 'Genérico', 'Liberado', '20', '525320060076207', 'ANALGÉSICOS NÃO NARCÓTICOS E ANTIPIRÉTICOS ISENTOS DE PRESCRIÇÃO', '27.38'), 
  (default, '4', 'NIMESULIDA', 'NIMESULIDA', '100 MG', 'Sólido', 'Genérico', 'Liberado', '20', '528518070135206', 'ANTIRREUMÁTICOS NÃO ESTEROIDAIS PUROS', '66.77'), 
  (default, '7', 'DORILAX DT', 'PARACETAMOL;CAFEÍNA ANIDRA;CITRATO DE ORFENADRINA', '(450,0 + 50,0 + 35,0) MG', 'Sólido', 'Similar', 'Liberado', '12', '552920010102107', 'RELAXANTE MUSCULAR DE AÇÃO CENTRAL', '9.19'), 
  (default, '51', 'LUFTAFEM', 'IBUPROFENO;PARACETAMOL', '(200,0 + 500,0) MG', 'Sólido', 'Similar', 'Liberado', '6', '540121020004907', 'ANALGÉSICOS NÃO NARCÓTICOS E ANTIPIRÉTICOS ISENTOS DE PRESCRIÇÃO', '15.99'), 
  (default, '51', 'NUROMOL', 'IBUPROFENO;PARACETAMOL', '(200,0 + 500,0) MG', 'Sólido', 'Novo', 'Liberado', '6', '540121020005207', 'ANALGÉSICOS NÃO NARCÓTICOS E ANTIPIRÉTICOS ISENTOS DE PRESCRIÇÃO', '15.99'), 
  (default, '53', 'ALGINAC', 'DICLOFENACO DE SÓDIO;CLORIDRATO DE TIAMINA;CLORIDRATO DE PIRIDOXINA;CIANOCOBALAMINA', '(50,0 + 50,0) MG/ML', 'Líquido', 'Novo', 'Liberado', '1 ML', '528720070003317', 'ANTIRREUMÁTICOS NÃO ESTEROIDAIS ASSOCIADOS', '11.0'), 
  (default, '13', 'MALEATO DE DEXCLORFENIRAMINA + BETAMETASONA', 'BETAMETASONA', '0,4 MG/ML', 'Líquido', 'Genérico', 'Liberado', '120 ML + COP', '520721202132115', 'ASSOCIAÇÕES DE CORTICOSTERÓIDES SISTÊMICOS', '36.2'), 
  (default, '35', 'NISTATINA', 'NISTATINA', '100 000 UI/ML', 'Líquido', 'Genérico', 'Liberado', '50 ML+ CGT', '538816201136115', 'ANTIFÚNGICOS ORAIS TÓPICOS', '36.26'), 
  (default, '1', 'ACETATO DE DEXAMETASONA', 'ACETATO DE DEXAMETASONA', '1 MG/G', 'Semissólido', 'Genérico', 'Liberado', '10 G', '507739001166111', 'CORTICOESTERÓIDES TÓPICOS PUROS', '12.98'), 
  (default, '35', 'DEXADERMIL', 'ACETATO DE DEXAMETASONA', '1MG/G', 'Semissólido', 'Similar', 'Liberado', '10 G', '538811101168413', 'CORTICOESTERÓIDES TÓPICOS PUROS', '16.64'), 
  (default, '10', 'DIPROPIONATO DE BETAMETASONA + FOSFATO DISSÓDICO DE BETAMETASONA', 'FOSFATO DISSÓDICO DE BETAMETASONA;DIPROPIONATO DE BETAMETASONA', '5 MG/ML', 'Líquido', 'Genérico', 'Liberado', '1 ML', '508017040116406', 'CORTICOSTERÓIDES INJETÁVEIS PUROS', '24.71'), 
  (default, '10', 'BETATRINTA', 'FOSFATO DISSÓDICO DE BETAMETASONA;DIPROPIONATO DE BETAMETASONA', '5 MG/ML', 'Líquido', 'Similar', 'Liberado', '1 ML', '508021030138403', 'CORTICOSTERÓIDES INJETÁVEIS PUROS', '24.71'), 
  (default, '1', 'GRIPEN F', 'MALEATO DE CLORFENIRAMINA;PARACETAMOL;CLORIDRATO DE FENILEFRINA', '(400 + 4 + 4) MG', 'Sólido', 'Similar', 'Liberado', '10', '541820030122507', 'ANTIGRIPAIS SEM ANTIINFECCIOSOS', '11.26'), 
  (default, '54', 'RESFENOL', 'MALEATO DE CLORFENIRAMINA;PARACETAMOL;CLORIDRATO DE FENILEFRINA', '(400 + 4 + 4)MG', 'Sólido', 'Novo', 'Liberado', '4', '515102405115418', 'ANTIGRIPAIS SEM ANTIINFECCIOSOS', '4.7'), 
  (default, '50', 'CARBOCIN', 'CARBOCISTEÍNA', '50 MG/ML', 'Líquido', 'Similar', 'Liberado', '100 ML', '506401402135428', 'EXPECTORANTES', '27.15'), 
  (default, '24', 'DORFLEX UNO', 'DIPIRONA MONOIDRATADA', '1G', 'Sólido', 'Similar', 'Liberado', '10', '576723070102207', 'ANALGÉSICOS NÃO NARCÓTICOS E ANTIPIRÉTICOS ISENTOS DE PRESCRIÇÃO', '32.66'), 
  (default, '35', 'REPOPIL 35', 'ACETATO DE CIPROTERONA;ETINILESTRADIOL', '2,00 MG', 'Sólido', 'Similar', 'Liberado', '63', '538808402111410', 'HORMÔNIOS CONTRACEPTIVOS MONOFÁSICOS COM ESTROGÊNIOS <50MCG', '98.02'), 
  (default, '1', 'ACETATO DE CIPROTERONA+ETINILESTRADIOL', 'ACETATO DE CIPROTERONA;ETINILESTRADIOL', '2,00 MG', 'Sólido', 'Genérico', 'Liberado', '63', '541822120190006', 'HORMÔNIOS CONTRACEPTIVOS MONOFÁSICOS COM ESTROGÊNIOS <50MCG', '65.74'), 
  (default, '4', 'SULFATO DE NEOMICINA + BACITRACINA ZÍNCICA', 'SULFATO DE NEOMICINA;BACITRACINA ZÍNCICA', '5 MG/G', 'Semissólido', 'Genérico', 'Liberado', '50 G', '528524402169115', 'ANTIBIÓTICOS TÓPICOS', '26.18'), 
  (default, '34', 'TANDRIFLAN', 'CARISOPRODOL;PARACETAMOL;CAFEÍNA;DICLOFENACO SÓDICO', '300 MG', 'Sólido', 'Similar', 'Liberado', '30', '533010401111410', 'RELAXANTE MUSCULAR DE AÇÃO CENTRAL', '52.29'), 
  (default, '34', 'PARACETAMOL + CARISOPRODOL + DICLOFENACO SÓDICO + CAFEÍNA', 'CARISOPRODOL;PARACETAMOL;CAFEÍNA;DICLOFENACO SÓDICO', '(300 + 125 + 50 + 30) MG', 'Sólido', 'Genérico', 'Liberado', '30', '533023070086406', 'RELAXANTE MUSCULAR DE AÇÃO CENTRAL', '40.97'), 
  (default, '25', 'DIANE 35', 'ACETATO DE CIPROTERONA;ETINILESTRADIOL', '(2,000+ 0,035) MG', 'Sólido', 'Novo', 'Liberado', '21', '538912080018214', 'HORMÔNIOS CONTRACEPTIVOS MONOFÁSICOS COM ESTROGÊNIOS <50MCG', '39.41'), 
  (default, '36', 'DORALGINA', 'DIPIRONA MONOIDRATADA;CAFEÍNA ANIDRA;MUCATO DE ISOMETEPTENO', '30 MG', 'Sólido', 'Similar', 'Liberado', '20', '504614110026017', 'ASSOCIAÇÕES DE ANTIESPASMÓDICOS COM ANALGÉSICOS', '28.5'), 
  (default, '47', 'SEDOL', 'CAFEÍNA ANIDRA;MUCATO DE ISOMETEPTENO;DIPIRONA', '(300,0 + 30,0 +30,0) MG', 'Sólido', 'Similar', 'Liberado', '20', '505509302117416', 'ASSOCIAÇÕES DE ANTIESPASMÓDICOS COM ANALGÉSICOS', '23.04'), 
  (default, '54', 'RESFENOL', 'MALEATO DE CLORFENAMINA;PARACETAMOL;CLORIDRATO DE FENILEFRINA', '(400 + 4 + 4)MG', 'Sólido', 'Novo', 'Liberado', '20', '515102409110313', 'ANTIGRIPAIS SEM ANTIINFECCIOSOS', '23.4'), 
  (default, '13', 'ANTIDIN', 'CLORIDRATO DE RANITIDINA', '300 MG', 'Sólido', 'Similar', 'Liberado', '20', '520720020109807', 'ANTAGONISTAS RECEPTORES H2', '75.59'), 
  (default, '34', 'NEOCOPAN COMPOSTO', 'DIPIRONA MONOIDRATADA;BUTILBROMETO DE ESCOPOLAMINA', '(10,0 + 250,0) MG', 'Sólido', 'Similar', 'Liberado', '20', '533021020073517', 'ASSOCIAÇÕES DE ANTIESPASMÓDICOS COM ANALGÉSICOS', '18.21'), 
  (default, '7', 'CLORIDRATO DE RANITIDINA', 'CLORIDRATO DE RANITIDINA', '300 MG', 'Sólido', 'Genérico', 'Liberado', '20', '552920010101117', 'ANTAGONISTAS RECEPTORES H2', '131.82'), 
  (default, '10', 'TRIMUSK', 'DICLOFENACO DE SÓDIO;CARISOPRODOL;PARACETAMOL;CAFEÍNA', '(125,0 + 50,0 + 300,0 + 30,0) MG', 'Sólido', 'Similar', 'Liberado', '15', '508020010127107', 'RELAXANTE MUSCULAR DE AÇÃO CENTRAL', '26.53'), 
  (default, '10', 'CARISOPRODOL + DICLOFENACO DE SÓDIO + PARACETAMOL+ CAFEÍNA', 'DICLOFENACO DE SÓDIO;CARISOPRODOL;PARACETAMOL;CAFEÍNA', '(125,0 + 50,0 + 300,0 + 30,0) MG', 'Sólido', 'Genérico', 'Liberado', '15', '508020070132807', 'RELAXANTE MUSCULAR DE AÇÃO CENTRAL', '16.49'), 
  (default, '7', 'DORILAX', 'CARISOPRODOL;PARACETAMOL;CAFEÍNA', '350 MG', 'Sólido', 'Similar', 'Liberado', '12', '500503001114411', 'RELAXANTE MUSCULAR DE AÇÃO CENTRAL', '19.64'), 
  (default, '35', 'DORILEN', 'DIPIRONA MONOIDRATADA;CLORIDRATO DE PROMETAZINA;CLORIDRATO DE ADIFENINA', '500 MG', 'Sólido', 'Similar', 'Liberado', '12', '538816901111417', 'ANALGÉSICOS NÃO NARCÓTICOS E ANTIPIRÉTICOS ISENTOS DE PRESCRIÇÃO', '22.02'), 
  (default, '54', 'STILGRIP', 'MALEATO DE CLORFENAMINA;PARACETAMOL;CLORIDRATO DE FENILEFRINA', '400 MG', 'Líquido', 'Similar', 'Liberado', '5 G', '515123020013607', 'ANALGÉSICOS NÃO NARCÓTICOS E ANTIPIRÉTICOS ISENTOS DE PRESCRIÇÃO', '19.25'), 
  (default, '20', 'DEPO-PROVERA', 'ACETATO DE MEDROXIPROGESTERONA', '160 MG/ML', 'Líquido', 'Novo', 'Liberado', '0,65 ML + AGU', '522718030075303', 'OUTROS HORMÔNIOS CONTRACEPTIVOS SISTÊMICOS', '59.67'), 
  (default, '11', 'CATAFLAMPRO', 'DICLOFENACO DE POTÁSSIO;DICLOFENACO DIETILAMÔNIO', '25 MG', 'Sólido', 'Novo', 'Liberado', '4', '510617110059117', 'ANTIRREUMÁTICOS NÃO ESTEROIDAIS PUROS', '6.5'), 
  (default, '11', 'SONRIDOR', 'PARACETAMOL', '500 MG', 'Sólido', 'Novo', 'Liberado', '2', '510607201133421', 'ANALGÉSICOS NÃO NARCÓTICOS E ANTIPIRÉTICOS ISENTOS DE PRESCRIÇÃO', '88.98'), 
  (default, '34', 'DEMEDROX', 'ACETATO DE MEDROXIPROGESTERONA', '150 MG/ML', 'Líquido', 'Similar', 'Liberado', '1 ML', '533026207158411', 'OUTROS HORMÔNIOS CONTRACEPTIVOS SISTÊMICOS', '50.17'), 
  (default, '7', 'LABEL GOTAS', 'CLORIDRATO DE RANITIDINA', '40 MG/ML', 'Líquido', 'Novo', 'Liberado', '30 ML + CGT', '500513050048904', 'ANTAGONISTAS RECEPTORES H2', '38.46'), 
  (default, '1', 'CARBOCISTEÍNA', 'CARBOCISTEÍNA', '50 MG/ML', 'Líquido', 'Genérico', 'Liberado', '100 ML + CP MED', '507704101131120', 'EXPECTORANTES', '34.17'), 
  (default, '24', 'CLORIDRATO DE AMBROXOL', 'CLORIDRATO DE AMBROXOL', '6 MG/ML', 'Líquido', 'Genérico', 'Liberado', '120 ML + COP', '525003302137121', 'EXPECTORANTES', '36.2'), 
  (default, '1', 'CLORATADD D', 'LORATADINA;SULFATO DE PSEUDOEFEDRINA', '1 MG/ML', 'Líquido', 'Similar', 'Liberado', '60 ML + COP', '541818080088103', 'PREPARAÇÕES SISTÊMICAS NASAIS', '33.92'), 
  (default, '1', 'LORATADINA + SULFATO DE PSEUDOEFEDRINA', 'LORATADINA;SULFATO DE PSEUDOEFEDRINA', '1 MG/ML', 'Líquido', 'Genérico', 'Liberado', '60 ML + COP', '541820060130007', 'PREPARAÇÕES SISTÊMICAS NASAIS', '37.66'), 
  (default, '50', 'CITRATO DE SILDENAFILA', 'CITRATO DE SILDENAFILA', '50 MG', 'Sólido', 'Genérico', 'Liberado', '4', '506421030047006', 'PRODUTOS PARA DISFUNÇÃO ERÉTIL, INIBIDORES DA PDE5', '18.59'), 
  (default, '24', 'CITRATO DE SILDENAFILA', 'CITRATO DE SILDENAFILA', '50 MG', 'Sólido', 'Genérico', 'Liberado', '4', '525074113116118', 'PRODUTOS PARA DISFUNÇÃO ERÉTIL, INIBIDORES DA PDE5', '18.93'), 
  (default, '5', 'CITRATO DE SILDENAFILA', 'CITRATO DE SILDENAFILA', '50 MG', 'Sólido', 'Genérico', 'Liberado', '1', '542113040000406', 'PRODUTOS PARA DISFUNÇÃO ERÉTIL, INIBIDORES DA PDE5', '13.35'), 
  (default, '50', 'PROBENXIL', 'DICLOFENACO DE POTÁSSIO', '50 MG', 'Sólido', 'Similar', 'Liberado', '30', '506414010028103', 'ANTIRREUMÁTICOS NÃO ESTEROIDAIS PUROS', '32.45'), 
  (default, '17', 'ACETATO DE CLORMADINONA + ETINILESTRADIOL', 'ACETATO DE CLORMADINONA;ETINILESTRADIOL', '(2 + 0,03) MG', 'Sólido', 'Genérico', 'Liberado', '63', '526122080160206', 'HORMÔNIOS CONTRACEPTIVOS MONOFÁSICOS COM ESTROGÊNIOS <50MCG', '122.22'), 
  (default, '35', 'LOSARTANA POTÁSSICA', 'LOSARTANA POTÁSSICA', '50 MG', 'Sólido', 'Genérico', 'Liberado', '60', '538812030040006', 'ANTAGONISTAS DA ANGIOTENSINA II PUROS', '124.88'), 
  (default, '1', 'DEXAMETASONA', 'DEXAMETASONA', '4 MG', 'Sólido', 'Genérico', 'Liberado', '40', '541820100148707', 'CORTICOSTERÓIDES ORAIS PUROS', '62.33'), 
  (default, '7', 'CANDICORT', 'CETOCONAZOL;DIPROPIONATO DE BETAMETASONA', '(20,0 + 0,64) MG/G', 'Semissólido', 'Similar', 'Liberado', '30 G', '500501302168311', 'CORTICOESTERÓIDES ASSOCIADOS A ANTIMICOTICOS', '59.47'), 
  (default, '36', 'TORSILAX', 'CARISOPRODOL;PARACETAMOL;CAFEÍNA ANIDRA;DICLOFENACO SÓDICO', '(125 + 50 + 300 + 30) MG', 'Sólido', 'Similar', 'Liberado', '30', '504615010027917', 'RELAXANTE MUSCULAR DE AÇÃO CENTRAL', '47.88'), 
  (default, '36', 'ATENOLOL', 'ATENOLOL', '100MG', 'Sólido', 'Genérico', 'Liberado', '30', '504616030037406', 'BETABLOQUEADORES PUROS', '87.4'), 
  (default, '13', 'TEUTOFORMIN', 'CLORIDRATO DE METFORMINA', '500 MG', 'Sólido', 'Similar', 'Liberado', '30', '520719503112413', 'ANTIDIABÉTICOS BIGUANIDAS PUROS', '17.89'), 
  (default, '36', 'CORTICORTEN', 'PREDNISONA', '20 MG', 'Sólido', 'Similar', 'Liberado', '20', '504617030054117', 'CORTICOSTERÓIDES ORAIS PUROS', '29.32'), 
  (default, '36', 'PREDNISONA', 'PREDNISONA', '20 MG', 'Sólido', 'Genérico', 'Liberado', '20', '504620070077107', 'CORTICOSTERÓIDES ORAIS PUROS', '49.16'), 
  (default, '13', 'COLÍRIO TEUTO', 'CLORIDRATO DE NAFAZOLINA;SULFATO DE ZINCO', '0,15MG/ML', 'Líquido', 'Similar', 'Liberado', '20 ML', '520707801172410', 'DESCONGESTIONANTES OFTALMOLÓGICOS, SIMPATICOMIMÉTICOS', '14.86'), 
  (default, '13', 'FENAFLAN', 'DICLOFENACO', '44,3 MG', 'Sólido', 'Similar', 'Liberado', '20', '520717050107703', 'ANTIRREUMÁTICOS NÃO ESTEROIDAIS PUROS', '20.1'), 
  (default, '16', 'METICORTEN', 'PREDNISONA', '5 MG', 'Sólido', 'Novo', 'Liberado', '20', '525515100018117', 'CORTICOSTERÓIDES ORAIS PUROS', '24.17'), 
  (default, '35', 'DICLOFENACO SÓDICO', 'DICLOFENACO SÓDICO', '100MG', 'Sólido', 'Genérico', 'Liberado', '20', '538800701118111', 'ANTIRREUMÁTICOS NÃO ESTEROIDAIS PUROS', '65.04'), 
  (default, '35', 'INFLADEX', 'DICLOFENACO SÓDICO', '100MG', 'Sólido', 'Similar', 'Liberado', '20', '538803002113415', 'ANTIRREUMÁTICOS NÃO ESTEROIDAIS PUROS', '57.52'), 
  (default, '1', 'EMSGRIP CAF', 'PARACETAMOL;CAFEÍNA', '500 MG', 'Sólido', 'Similar', 'Liberado', '20', '541820070132507', 'ANALGÉSICOS NÃO NARCÓTICOS E ANTIPIRÉTICOS ISENTOS DE PRESCRIÇÃO', '36.69'), 
  (default, '7', 'TANDRILAX', 'CARISOPRODOL;PARACETAMOL;CAFEÍNA ANIDRA;DICLOFENACO SÓDICO', '(300,0 + 125,0 + 50,0 +30,0) MG', 'Sólido', 'Novo', 'Liberado', '15', '500506901116318', 'RELAXANTE MUSCULAR DE AÇÃO CENTRAL', '31.54'), 
  (default, '24', 'SULFATO DE NEOMICINA + BACITRACINA', 'BACITRACINA;SULFATO DE NEOMICINA', '5 MG/G', 'Semissólido', 'Genérico', 'Liberado', '15 G', '525011801163110', 'ANTIBIÓTICOS TÓPICOS', '13.34'), 
  (default, '36', 'CARISOPRODOL + DICLOFENACO SÓDICO + PARACETAMOL + CAFEÍNA', 'CARISOPRODOL;PARACETAMOL;CAFEÍNA ANIDRA;DICLOFENACO SÓDICO', '(125 + 50 + 300 + 30) MG', 'Sólido', 'Genérico', 'Liberado', '12', '504616080041606', 'RELAXANTE MUSCULAR DE AÇÃO CENTRAL', '16.37'), 
  (default, '36', 'LORATADINA', 'LORATADINA', '10 MG', 'Sólido', 'Genérico', 'Liberado', '12', '538512120020806', 'ANTI-HISTAMÍNICOS SISTÊMICOS', '50.21'), 
  (default, '1', 'DICLOFENACO POTÁSSICO', 'DICLOFENACO POTÁSSICO', '50 MG', 'Sólido', 'Genérico', 'Liberado', '10', '507710102118114', 'ANTIRREUMÁTICOS NÃO ESTEROIDAIS PUROS', '16.52'), 
  (default, '24', 'ANADOR', 'DIPIRONA', '500MG/ML', 'Líquido', 'Similar', 'Liberado', '10ML', '576720070078717', 'ANALGÉSICOS NÃO NARCÓTICOS E ANTIPIRÉTICOS ISENTOS DE PRESCRIÇÃO', '16.09'), 
  (default, '3', 'MAXIDEX', 'DEXAMETASONA', '1,0 MG/ML', 'Líquido', 'Novo', 'Liberado', '5 ML', '500902502176311', 'CORTICOSTERÓIDES OFTALMOLÓGICOS', '10.94'), 
  (default, '41', 'BELARA', 'ACETATO DE CLORMADINONA;ETINILESTRADIOL', '2 MG', 'Sólido', 'Novo', 'Liberado', '63 + 21 PLACEBOS', '542820050007107', 'HORMÔNIOS CONTRACEPTIVOS MONOFÁSICOS COM ESTROGÊNIOS <50MCG', '188.03'), 
  (default, '44', 'DEXTAMINE', 'BETAMETASONA;MALEATO DE DEXCLORFENIRAMINA', '(0,4 + 0,05) MG/ML', 'Líquido', 'Similar', 'Liberado', '120 ML+ COP', '506302902131415', 'ASSOCIAÇÕES DE CORTICOSTERÓIDES SISTÊMICOS', '49.23'), 
  (default, '1', 'MALEATO DE DEXCLORFENIRAMINA + BETAMETASONA', 'BETAMETASONA;MALEATO DE DEXCLORFENIRAMINA', '0,4 MG/ML', 'Líquido', 'Genérico', 'Liberado', '120 ML + COP', '507716901136112', 'ASSOCIAÇÕES DE CORTICOSTERÓIDES SISTÊMICOS', '43.99'), 
  (default, '35', 'ALERGALIV', 'LORATADINA', '1 MG/ML', 'Líquido', 'Similar', 'Liberado', '100 ML + DOSADOR', '538818902131418', 'ANTI-HISTAMÍNICOS SISTÊMICOS', '52.03'), 
  (default, '1', 'EMS-PRED', 'FOSFATO SÓDICO DE PREDNISOLONA', '3 MG/ML', 'Líquido', 'Similar', 'Liberado', '120 ML + SER DOS', '541815070013204', 'CORTICOSTERÓIDES ORAIS PUROS', '56.45'), 
  (default, '7', 'FOSFATO SÓDICO DE PREDNISOLONA', 'FOSFATO SÓDICO DE PREDNISOLONA', '3 MG/ML', 'Líquido', 'Genérico', 'Liberado', '120 ML + PIPETA DOSADORA', '552920110135117', 'CORTICOSTERÓIDES ORAIS PUROS', '44.33'), 
  (default, '24', 'DORFLEX', 'DIPIRONA MONOIDRATADA;CAFEÍNA ANIDRA;CITRATO DE ORFENADRINA', '300 MG', 'Sólido', 'Novo', 'Liberado', '10', '576720030059517', 'RELAXANTE MUSCULAR DE AÇÃO CENTRAL', '7.56'), 
  (default, '34', 'TERMOL', 'PARACETAMOL', '750 MG', 'Sólido', 'Similar', 'Liberado', '10', '533010702111428', 'ANALGÉSICOS NÃO NARCÓTICOS E ANTIPIRÉTICOS ISENTOS DE PRESCRIÇÃO', '16.47'), 
  (default, '34', 'PARACETAMOL', 'PARACETAMOL', '750 MG', 'Sólido', 'Genérico', 'Liberado', '10', '533018102113123', 'ANALGÉSICOS NÃO NARCÓTICOS E ANTIPIRÉTICOS ISENTOS DE PRESCRIÇÃO', '10.68'), 
  (default, '50', 'NEVRALGEX', 'CAFEÍNA ANIDRA;CITRATO DE ORFENADRINA;DIPIRONA', '300 MG', 'Sólido', 'Similar', 'Liberado', '10', '506412100026403', 'RELAXANTE MUSCULAR DE AÇÃO CENTRAL', '7.37'), 
  (default, '50', 'NEVRALGEX', 'DIPIRONA MONOIDRATADA;CAFEÍNA ANIDRA;CITRATO DE ORFENADRINA', '300 MG', 'Sólido', 'Similar', 'Liberado', '60', '506417100034004', 'RELAXANTE MUSCULAR DE AÇÃO CENTRAL', '37.6'), 
  (default, '18', 'CETOCONAZOL + DIPROPIONATO DE BETAMETASONA', 'CETOCONAZOL;DIPROPIONATO DE BETAMETASONA', '20 MG/G', 'Semissólido', 'Genérico', 'Liberado', '30G', '531613902167119', 'CORTICOESTERÓIDES ASSOCIADOS A ANTIMICOTICOS', '35.43'), 
  (default, '36', 'DORONA CAFI', 'CAFEÍNA ANIDRA;DIPIRONA', '500 MG', 'Sólido', 'Similar', 'Liberado', '16', '504616020034417', 'ANALGÉSICOS NÃO NARCÓTICOS E ANTIPIRÉTICOS ISENTOS DE PRESCRIÇÃO', '38.77'), 
  (default, '35', 'ALGESTONA ACETOFENIDA + ENANTATO DE ESTRADIOL', 'ENANTATO DE ESTRADIOL;ALGESTONA ACETOFENIDA', '150 MG/ML', 'Líquido', 'Genérico', 'Liberado', '1 ML', '538801301156111', 'OUTROS HORMÔNIOS CONTRACEPTIVOS SISTÊMICOS', '15.97'), 
  (default, '24', 'DIPIRONA', 'DIPIRONA', '50 MG/ML', 'Líquido', 'Genérico', 'Liberado', '100 ML + COP', '525005401132124', 'ANALGÉSICOS NÃO NARCÓTICOS E ANTIPIRÉTICOS ISENTOS DE PRESCRIÇÃO', '23.09'), 
  (default, '34', 'CICLOVULAR', 'ENANTATO DE ESTRADIOL;ALGESTONA ACETOFENIDA', '(150 + 10) MG/ML', 'Líquido', 'Similar', 'Liberado', '1 ML + SER + AGU', '533019010068403', 'OUTROS HORMÔNIOS CONTRACEPTIVOS SISTÊMICOS', '21.81'), 
  (default, '1', 'ACIDO ACETILSALICILICO', 'ÁCIDO ACETILSALICÍLICO', '500 MG', 'Sólido', 'Genérico', 'Liberado', '10', '507700101119128', 'ANALGÉSICOS NÃO NARCÓTICOS E ANTIPIRÉTICOS ISENTOS DE PRESCRIÇÃO', '3.67'), 
  (default, '17', 'DIPIRONA MONOIDRATADA', 'DIPIRONA MONOIDRATADA', '500 MG', 'Sólido', 'Genérico', 'Liberado', '10', '526120070118307', 'ANALGÉSICOS NÃO NARCÓTICOS E ANTIPIRÉTICOS ISENTOS DE PRESCRIÇÃO', '6.75'), 
  (default, '36', 'TERMOPIRONA', 'DIPIRONA  MAGNÉSICA', '1G', 'Sólido', 'Similar', 'Liberado', '10', '504612040012814', 'ANALGÉSICOS NÃO NARCÓTICOS E ANTIPIRÉTICOS ISENTOS DE PRESCRIÇÃO', '33.84');

-- pessoa
insert into pessoa (id, nome, logradouro, numero,  bairro, cep, cidade, estado, telefone) values 
  (1, 'Adônis Daniel Aranda Sobrinho','Rua Carlos José de Castilho', 29, 'Cambuci', 06168043, 'São Paulo', 'SP', 011928368496), 
  (2, 'Aldo João Paes Rivera dos Santos','Alameda Ibiracemas', 99, 'Cidade Líder', 07615900, 'São Paulo', 'SP', 011936020385), 
  (3, 'Andrea Quitéria Assunção','Rua Carneiro Leão', 82, 'Pari', 01843906, 'São Paulo', 'SP', 011961991053), 
  (4, 'Antônio Diego Aguiar de Galvão','Avenida Onze de Junho', 12, 'Santa Cecília', 05360307, 'São Paulo', 'SP', 011932772123), 
  (5, 'Bella Priscila Colaço Gil','Rua Filadélphia', 94, 'Vila Maria', 09912424, 'São Paulo', 'SP', 011975207230), 
  (6, 'Berenice Gonçalves Leon','Rua Engenheiro Toledo Malta', 94, 'Aricanduva', 08299462, 'São Paulo', 'SP', 011947284138), 
  (7, 'Damião Benites de Junqueira','Rua Delfino Casal de Rey', 30, 'Santa Cecília', 04274254, 'São Paulo', 'SP', 011946426695), 
  (8, 'Daniela Eloá de Aragão','Rua General Costa Campos', 36, 'Cidade Líder', 06594037, 'São Paulo', 'SP', 011947819562), 
  (9, 'Danielle Fátima Pontes de Quintana','Rua Barão da Cunha de Araripe', 60, 'Santo Amaro', 07454333, 'São Paulo', 'SP', 011940753992), 
  (10, 'Danilo Juan Burgos de Fernandes','Praça José Moreno', 22, 'Campo Limpo', 08635179, 'São Paulo', 'SP', 011932735226), 
  (11, 'Edivaldo Quintana Jr.','Rua Caiabu',1,'Lapa', 06459989, 'São Paulo', 'SP', 011962352421), 
  (12, 'Edson Esteves Marés','Rua Desembargador Isnard dos Reis', 36, 'São Miguel Paulista', 08920501, 'São Paulo', 'SP', 011923734049), 
  (13, 'Eduardo Godói Jr.','Praça Argemiro Alves de Sá', 14, 'Bom Retiro', 05456620, 'São Paulo', 'SP', 011947211180), 
  (14, 'Elias Dias Souto','Rua Emílio Baumgart', 62, 'Alto de Pinheiros', 09891591, 'São Paulo', 'SP', 011915708270), 
  (15, 'Francisco Aranda','Rua Frei Galvão', 28, 'Cidade Líder', 04592864, 'São Paulo', 'SP', 011956700938), 
  (16, 'Gilson Abreu de Aguiar','Rua Dario Vilares Barbosa', 29, 'São Miguel Paulista', 01123625, 'São Paulo', 'SP', 011927174666), 
  (17, 'Joaquim Saulo Oliveira Padrão de Cardoso','Rua Aracari', 73, 'Bela Vista', 05692120, 'São Paulo', 'SP', 011950535833), 
  (18, 'Laís Maria Maldonado Quintana','Rua Benício José da Fonseca', 34, 'Cambuci', 03128340, 'São Paulo', 'SP', 011994738091), 
  (19, 'Luara Elisângela Colaço da Silva','Alameda Olga', 47, 'Cangaíba', 04452012, 'São Paulo', 'SP', 011956712681), 
  (20, 'Martinho Aranda Feliciano','Rua Eusébio da Silva', 16, 'Ponte Rasa', 06892250, 'São Paulo', 'SP', 011991592293), 
  (21, 'Martinho Colaço Jr.','Parque Luiz Carlos Prestes', 36, 'Jaraguá', 05487508, 'São Paulo', 'SP', 011933809113), 
  (22, 'Micaela Ivone Domingues de Prado','Rua Aracena', 34, 'Moema', 04721519, 'São Paulo', 'SP', 011986932061), 
  (23, 'Nicole Duarte Jangada','Avenida Doutor Vital Brasil', 3, 'Moema', 09083759, 'São Paulo', 'SP', 011997160743), 
  (24, 'Samuel Batista de Marinho','Rua Brejo Alegre', 9, 'São Miguel Paulista', 07254951, 'São Paulo', 'SP', 011971500983), 
  (25, 'Tomás Rodrigo Lozano Madeira','Praça Memória do Jaçanã', 23, 'Barra Funda', 02136420, 'São Paulo', 'SP', 011987756463);

-- cliente
insert into cliente values 
  (1, 78930017253, '1973-2-2', 'M'), 
  (2, 79298401366, '1991-5-25', 'M'), 
  (3, 51301866175, '1984-12-11', 'M'), 
  (4, 23541139515, '1990-10-13', 'F'), 
  (5, 81285894012, '1985-7-18', 'M'), 
  (6, 88687662707, '1986-5-8', 'F'), 
  (7, 27083655243, '1986-5-16', 'F'), 
  (8, 50949967968, '1972-11-12', 'M'), 
  (9, 46786757450, '1987-5-6', 'F'), 
  (10, 58823171687, '1952-9-20', 'F'), 
  (11, 61265916930, '1965-6-16', 'M'), 
  (12, 74937483659, '1953-9-13', 'M'), 
  (13, 83224514706, '1993-5-20', 'M'), 
  (14, 79223348792, '1975-1-21', 'M'), 
  (15, 69667630559, '1987-8-27', 'M'), 
  (16, 96393555783, '1950-5-19', 'M'), 
  (17, 23717077615, '1994-10-3', 'M'), 
  (18, 68435004671, '1983-4-14', 'M'), 
  (19, 20611262083, '1977-5-22', 'F'), 
  (20, 26612046766, '1983-4-21', 'F');

-- profissional
insert into profissional values
  (21, '15487', 'Veterinário'), 
  (22, '150348', 'Médico'), 
  (23, '135001', 'Médico'), 
  (24, '189654', 'Médico'), 
  (25, '2589', 'Dentista');

-- estoque inicial
insert into estoque values (default, 1, 'lote 481763', '2022-11-02', '2023-05-01', 53.61, 10, 0, 10); 
insert into estoque_total values (default, 1, 10, 5, 9999); 
insert into estoque values (default, 2, 'lote 674269', '2022-11-02', '2023-05-01', 228.0, 10, 0, 10); 
insert into estoque_total values (default, 2, 10, 5, 9999); 
insert into estoque values (default, 3, 'lote 141171', '2022-11-02', '2023-05-01', 64.54, 10, 0, 10); 
insert into estoque_total values (default, 3, 10, 5, 9999); 
insert into estoque values (default, 4, 'lote 948775', '2022-11-02', '2023-05-01', 290.24, 10, 0, 10); 
insert into estoque_total values (default, 4, 10, 5, 9999); 
insert into estoque values (default, 5, 'lote 374442', '2022-11-02', '2023-05-01', 200.62, 10, 0, 10); 
insert into estoque_total values (default, 5, 10, 5, 9999); 
insert into estoque values (default, 6, 'lote 329376', '2022-11-02', '2023-05-01', 199.18, 10, 0, 10); 
insert into estoque_total values (default, 6, 10, 5, 9999); 
insert into estoque values (default, 7, 'lote 242909', '2022-11-02', '2023-05-01', 285.95, 10, 0, 10); 
insert into estoque_total values (default, 7, 10, 5, 9999); 
insert into estoque values (default, 8, 'lote 380991', '2022-11-02', '2023-05-01', 115.54, 10, 0, 10); 
insert into estoque_total values (default, 8, 10, 5, 9999); 
insert into estoque values (default, 9, 'lote 153691', '2022-11-02', '2023-05-01', 226.4, 10, 0, 10); 
insert into estoque_total values (default, 9, 10, 5, 9999); 
insert into estoque values (default, 10, 'lote 175068', '2022-11-02', '2023-05-01', 143.43, 10, 0, 10); 
insert into estoque_total values (default, 10, 10, 5, 9999); 
insert into estoque values (default, 11, 'lote 938543', '2022-11-02', '2023-05-01', 91.84, 10, 0, 10); 
insert into estoque_total values (default, 11, 10, 5, 9999); 
insert into estoque values (default, 12, 'lote 008134', '2022-11-02', '2023-05-01', 121.26, 10, 0, 10); 
insert into estoque_total values (default, 12, 10, 5, 9999); 
insert into estoque values (default, 13, 'lote 333706', '2022-11-02', '2023-05-01', 117.14, 10, 0, 10); 
insert into estoque_total values (default, 13, 10, 5, 9999); 
insert into estoque values (default, 14, 'lote 630556', '2022-11-02', '2023-05-01', 117.14, 10, 0, 10); 
insert into estoque_total values (default, 14, 10, 5, 9999); 
insert into estoque values (default, 15, 'lote 119777', '2022-11-02', '2023-05-01', 172.49, 10, 0, 10); 
insert into estoque_total values (default, 15, 10, 5, 9999); 
insert into estoque values (default, 16, 'lote 494785', '2022-11-02', '2023-05-01', 134.32, 10, 0, 10); 
insert into estoque_total values (default, 16, 10, 5, 9999); 
insert into estoque values (default, 17, 'lote 446388', '2022-11-02', '2023-05-01', 60.32, 10, 0, 10); 
insert into estoque_total values (default, 17, 10, 5, 9999); 
insert into estoque values (default, 18, 'lote 078805', '2022-11-02', '2023-05-01', 51.66, 10, 0, 10); 
insert into estoque_total values (default, 18, 10, 5, 9999); 
insert into estoque values (default, 19, 'lote 906223', '2022-11-02', '2023-05-01', 78.67, 10, 0, 10); 
insert into estoque_total values (default, 19, 10, 5, 9999); 
insert into estoque values (default, 20, 'lote 716143', '2022-11-02', '2023-05-01', 157.68, 10, 0, 10); 
insert into estoque_total values (default, 20, 10, 5, 9999); 
insert into estoque values (default, 21, 'lote 325918', '2022-11-02', '2023-05-01', 227.68, 10, 0, 10); 
insert into estoque_total values (default, 21, 10, 5, 9999); 
insert into estoque values (default, 22, 'lote 409883', '2022-11-02', '2023-05-01', 216.99, 10, 0, 10); 
insert into estoque_total values (default, 22, 10, 5, 9999); 
insert into estoque values (default, 23, 'lote 884257', '2022-11-02', '2023-05-01', 231.45, 10, 0, 10); 
insert into estoque_total values (default, 23, 10, 5, 9999); 
insert into estoque values (default, 24, 'lote 659660', '2022-11-02', '2023-05-01', 209.29, 10, 0, 10); 
insert into estoque_total values (default, 24, 10, 5, 9999); 
insert into estoque values (default, 25, 'lote 762504', '2022-11-02', '2023-05-01', 223.62, 10, 0, 10); 
insert into estoque_total values (default, 25, 10, 5, 9999); 
insert into estoque values (default, 26, 'lote 464109', '2022-11-02', '2023-05-01', 232.49, 10, 0, 10); 
insert into estoque_total values (default, 26, 10, 5, 9999); 
insert into estoque values (default, 27, 'lote 867950', '2022-11-02', '2023-05-01', 246.9, 10, 0, 10); 
insert into estoque_total values (default, 27, 10, 5, 9999); 
insert into estoque values (default, 28, 'lote 306264', '2022-11-02', '2023-05-01', 115.3, 10, 0, 10); 
insert into estoque_total values (default, 28, 10, 5, 9999); 
insert into estoque values (default, 29, 'lote 877567', '2022-11-02', '2023-05-01', 223.62, 10, 0, 10); 
insert into estoque_total values (default, 29, 10, 5, 9999); 
insert into estoque values (default, 30, 'lote 922340', '2022-11-02', '2023-05-01', 99.59, 10, 0, 10); 
insert into estoque_total values (default, 30, 10, 5, 9999); 
insert into estoque values (default, 31, 'lote 742782', '2022-11-02', '2023-05-01', 285.32, 10, 0, 10); 
insert into estoque_total values (default, 31, 10, 5, 9999); 
insert into estoque values (default, 32, 'lote 567954', '2022-11-02', '2023-05-01', 220.21, 10, 0, 10); 
insert into estoque_total values (default, 32, 10, 5, 9999); 
insert into estoque values (default, 33, 'lote 228680', '2022-11-02', '2023-05-01', 169.85, 10, 0, 10); 
insert into estoque_total values (default, 33, 10, 5, 9999); 
insert into estoque values (default, 34, 'lote 647446', '2022-11-02', '2023-05-01', 237.59, 10, 0, 10); 
insert into estoque_total values (default, 34, 10, 5, 9999); 
insert into estoque values (default, 35, 'lote 487245', '2022-11-02', '2023-05-01', 176.85, 10, 0, 10); 
insert into estoque_total values (default, 35, 10, 5, 9999); 
insert into estoque values (default, 36, 'lote 541302', '2022-11-02', '2023-05-01', 236.13, 10, 0, 10); 
insert into estoque_total values (default, 36, 10, 5, 9999); 
insert into estoque values (default, 37, 'lote 564889', '2022-11-02', '2023-05-01', 198.54, 10, 0, 10); 
insert into estoque_total values (default, 37, 10, 5, 9999); 
insert into estoque values (default, 38, 'lote 840149', '2022-11-02', '2023-05-01', 158.18, 10, 0, 10); 
insert into estoque_total values (default, 38, 10, 5, 9999); 
insert into estoque values (default, 39, 'lote 769598', '2022-11-02', '2023-05-01', 174.24, 10, 0, 10); 
insert into estoque_total values (default, 39, 10, 5, 9999); 
insert into estoque values (default, 40, 'lote 128567', '2022-11-02', '2023-05-01', 25.67, 10, 0, 10); 
insert into estoque_total values (default, 40, 10, 5, 9999); 
insert into estoque values (default, 41, 'lote 794706', '2022-11-02', '2023-05-01', 188.09, 10, 0, 10); 
insert into estoque_total values (default, 41, 10, 5, 9999); 
insert into estoque values (default, 42, 'lote 068368', '2022-11-02', '2023-05-01', 115.73, 10, 0, 10); 
insert into estoque_total values (default, 42, 10, 5, 9999); 
insert into estoque values (default, 43, 'lote 189546', '2022-11-02', '2023-05-01', 4.99, 10, 0, 10); 
insert into estoque_total values (default, 43, 10, 5, 9999); 
insert into estoque values (default, 44, 'lote 561266', '2022-11-02', '2023-05-01', 94.56, 10, 0, 10); 
insert into estoque_total values (default, 44, 10, 5, 9999); 
insert into estoque values (default, 45, 'lote 351537', '2022-11-02', '2023-05-01', 51.05, 10, 0, 10); 
insert into estoque_total values (default, 45, 10, 5, 9999); 
insert into estoque values (default, 46, 'lote 591688', '2022-11-02', '2023-05-01', 150.04, 10, 0, 10); 
insert into estoque_total values (default, 46, 10, 5, 9999); 
insert into estoque values (default, 47, 'lote 752672', '2022-11-02', '2023-05-01', 179.01, 10, 0, 10); 
insert into estoque_total values (default, 47, 10, 5, 9999); 
insert into estoque values (default, 48, 'lote 303569', '2022-11-02', '2023-05-01', 138.4, 10, 0, 10); 
insert into estoque_total values (default, 48, 10, 5, 9999); 
insert into estoque values (default, 49, 'lote 879410', '2022-11-02', '2023-05-01', 102.3, 10, 0, 10); 
insert into estoque_total values (default, 49, 10, 5, 9999); 
insert into estoque values (default, 50, 'lote 641761', '2022-11-02', '2023-05-01', 215.54, 10, 0, 10); 
insert into estoque_total values (default, 50, 10, 5, 9999); 
insert into estoque values (default, 51, 'lote 489123', '2022-11-02', '2023-05-01', 51.74, 10, 0, 10); 
insert into estoque_total values (default, 51, 10, 5, 9999); 
insert into estoque values (default, 52, 'lote 366119', '2022-11-02', '2023-05-01', 64.36, 10, 0, 10); 
insert into estoque_total values (default, 52, 10, 5, 9999); 
insert into estoque values (default, 53, 'lote 728543', '2022-11-02', '2023-05-01', 88.95, 10, 0, 10); 
insert into estoque_total values (default, 53, 10, 5, 9999); 
insert into estoque values (default, 54, 'lote 044315', '2022-11-02', '2023-05-01', 180.78, 10, 0, 10); 
insert into estoque_total values (default, 54, 10, 5, 9999); 
insert into estoque values (default, 55, 'lote 202232', '2022-11-02', '2023-05-01', 105.39, 10, 0, 10); 
insert into estoque_total values (default, 55, 10, 5, 9999); 
insert into estoque values (default, 56, 'lote 914072', '2022-11-02', '2023-05-01', 321.1, 10, 0, 10); 
insert into estoque_total values (default, 56, 10, 5, 9999); 
insert into estoque values (default, 57, 'lote 257840', '2022-11-02', '2023-05-01', 105.63, 10, 0, 10); 
insert into estoque_total values (default, 57, 10, 5, 9999); 
insert into estoque values (default, 58, 'lote 723482', '2022-11-02', '2023-05-01', 133.4, 10, 0, 10); 
insert into estoque_total values (default, 58, 10, 5, 9999); 
insert into estoque values (default, 59, 'lote 740644', '2022-11-02', '2023-05-01', 68.7, 10, 0, 10); 
insert into estoque_total values (default, 59, 10, 5, 9999); 
insert into estoque values (default, 60, 'lote 530479', '2022-11-02', '2023-05-01', 121.63, 10, 0, 10); 
insert into estoque_total values (default, 60, 10, 5, 9999); 
insert into estoque values (default, 61, 'lote 809150', '2022-11-02', '2023-05-01', 91.8, 10, 0, 10); 
insert into estoque_total values (default, 61, 10, 5, 9999); 
insert into estoque values (default, 62, 'lote 364192', '2022-11-02', '2023-05-01', 217.11, 10, 0, 10); 
insert into estoque_total values (default, 62, 10, 5, 9999); 
insert into estoque values (default, 63, 'lote 015518', '2022-11-02', '2023-05-01', 81.79, 10, 0, 10); 
insert into estoque_total values (default, 63, 10, 5, 9999); 
insert into estoque values (default, 64, 'lote 624249', '2022-11-02', '2023-05-01', 95.79, 10, 0, 10); 
insert into estoque_total values (default, 64, 10, 5, 9999); 
insert into estoque values (default, 65, 'lote 321925', '2022-11-02', '2023-05-01', 55.85, 10, 0, 10); 
insert into estoque_total values (default, 65, 10, 5, 9999); 
insert into estoque values (default, 66, 'lote 306386', '2022-11-02', '2023-05-01', 36.33, 10, 0, 10); 
insert into estoque_total values (default, 66, 10, 5, 9999); 
insert into estoque values (default, 67, 'lote 880161', '2022-11-02', '2023-05-01', 90.13, 10, 0, 10); 
insert into estoque_total values (default, 67, 10, 5, 9999); 
insert into estoque values (default, 68, 'lote 920490', '2022-11-02', '2023-05-01', 107.59, 10, 0, 10); 
insert into estoque_total values (default, 68, 10, 5, 9999); 
insert into estoque values (default, 69, 'lote 214042', '2022-11-02', '2023-05-01', 123.41, 10, 0, 10); 
insert into estoque_total values (default, 69, 10, 5, 9999); 
insert into estoque values (default, 70, 'lote 547754', '2022-11-02', '2023-05-01', 85.84, 10, 0, 10); 
insert into estoque_total values (default, 70, 10, 5, 9999); 
insert into estoque values (default, 71, 'lote 381801', '2022-11-02', '2023-05-01', 158.76, 10, 0, 10); 
insert into estoque_total values (default, 71, 10, 5, 9999); 
insert into estoque values (default, 72, 'lote 364873', '2022-11-02', '2023-05-01', 13.2, 10, 0, 10); 
insert into estoque_total values (default, 72, 10, 5, 9999); 
insert into estoque values (default, 73, 'lote 721604', '2022-11-02', '2023-05-01', 37.78, 10, 0, 10); 
insert into estoque_total values (default, 73, 10, 5, 9999); 
insert into estoque values (default, 74, 'lote 847707', '2022-11-02', '2023-05-01', 74.09, 20, 0, 20); 
insert into estoque_total values (default, 74, 20, 5, 9999); 
insert into estoque values (default, 75, 'lote 975452', '2022-11-02', '2023-05-01', 200.98, 20, 0, 20); 
insert into estoque_total values (default, 75, 20, 5, 9999); 
insert into estoque values (default, 76, 'lote 809477', '2022-11-02', '2023-05-01', 107.59, 20, 0, 20); 
insert into estoque_total values (default, 76, 20, 5, 9999); 
insert into estoque values (default, 77, 'lote 513177', '2022-11-02', '2023-05-01', 171.56, 20, 0, 20); 
insert into estoque_total values (default, 77, 20, 5, 9999); 
insert into estoque values (default, 78, 'lote 404618', '2022-11-02', '2023-05-01', 135.68, 20, 0, 20); 
insert into estoque_total values (default, 78, 20, 5, 9999); 
insert into estoque values (default, 79, 'lote 770097', '2022-11-02', '2023-05-01', 91.15, 20, 0, 20); 
insert into estoque_total values (default, 79, 20, 5, 9999); 
insert into estoque values (default, 80, 'lote 125752', '2022-11-02', '2023-05-01', 171.49, 20, 0, 20); 
insert into estoque_total values (default, 80, 20, 5, 9999); 
insert into estoque values (default, 81, 'lote 150583', '2022-11-02', '2023-05-01', 140.15, 20, 0, 20); 
insert into estoque_total values (default, 81, 20, 5, 9999); 
insert into estoque values (default, 82, 'lote 136026', '2022-11-02', '2023-05-01', 204.82, 20, 0, 20); 
insert into estoque_total values (default, 82, 20, 5, 9999); 
insert into estoque values (default, 83, 'lote 722374', '2022-11-02', '2023-05-01', 67.72, 20, 0, 20); 
insert into estoque_total values (default, 83, 20, 5, 9999); 
insert into estoque values (default, 84, 'lote 624561', '2022-11-02', '2023-05-01', 53.8, 20, 0, 20); 
insert into estoque_total values (default, 84, 20, 5, 9999); 
insert into estoque values (default, 85, 'lote 919186', '2022-11-02', '2023-05-01', 34.96, 20, 0, 20); 
insert into estoque_total values (default, 85, 20, 5, 9999); 
insert into estoque values (default, 86, 'lote 991908', '2022-11-02', '2023-05-01', 104.38, 20, 0, 20); 
insert into estoque_total values (default, 86, 20, 5, 9999); 
insert into estoque values (default, 87, 'lote 608889', '2022-11-02', '2023-05-01', 282.46, 20, 0, 20); 
insert into estoque_total values (default, 87, 20, 5, 9999); 
insert into estoque values (default, 88, 'lote 517969', '2022-11-02', '2023-05-01', 119.4, 20, 0, 20); 
insert into estoque_total values (default, 88, 20, 5, 9999); 
insert into estoque values (default, 89, 'lote 817495', '2022-11-02', '2023-05-01', 174.12, 20, 0, 20); 
insert into estoque_total values (default, 89, 20, 5, 9999); 
insert into estoque values (default, 90, 'lote 908163', '2022-11-02', '2023-05-01', 13.54, 20, 0, 20); 
insert into estoque_total values (default, 90, 20, 5, 9999); 
insert into estoque values (default, 91, 'lote 550572', '2022-11-02', '2023-05-01', 183.83, 20, 0, 20); 
insert into estoque_total values (default, 91, 20, 5, 9999); 
insert into estoque values (default, 92, 'lote 549399', '2022-11-02', '2023-05-01', 36.21, 20, 0, 20); 
insert into estoque_total values (default, 92, 20, 5, 9999); 
insert into estoque values (default, 93, 'lote 150223', '2022-11-02', '2023-05-01', 91.51, 20, 0, 20); 
insert into estoque_total values (default, 93, 20, 5, 9999); 
insert into estoque values (default, 94, 'lote 613320', '2022-11-02', '2023-05-01', 231.45, 20, 0, 20); 
insert into estoque_total values (default, 94, 20, 5, 9999); 
insert into estoque values (default, 95, 'lote 692489', '2022-11-02', '2023-05-01', 231.68, 20, 0, 20); 
insert into estoque_total values (default, 95, 20, 5, 9999); 
insert into estoque values (default, 96, 'lote 309292', '2022-11-02', '2023-05-01', 183.76, 20, 0, 20); 
insert into estoque_total values (default, 96, 20, 5, 9999); 
insert into estoque values (default, 97, 'lote 288787', '2022-11-02', '2023-05-01', 206.41, 20, 0, 20); 
insert into estoque_total values (default, 97, 20, 5, 9999); 
insert into estoque values (default, 98, 'lote 120131', '2022-11-02', '2023-05-01', 169.3, 20, 0, 20); 
insert into estoque_total values (default, 98, 20, 5, 9999); 
insert into estoque values (default, 99, 'lote 210719', '2022-11-02', '2023-05-01', 220.29, 20, 0, 20); 
insert into estoque_total values (default, 99, 20, 5, 9999); 
insert into estoque values (default, 100, 'lote 162430', '2022-11-02', '2023-05-01', 239.6, 20, 0, 20); 
insert into estoque_total values (default, 100, 20, 5, 9999); 
insert into estoque values (default, 101, 'lote 594211', '2022-11-02', '2023-05-01', 239.61, 20, 0, 20); 
insert into estoque_total values (default, 101, 20, 5, 9999); 
insert into estoque values (default, 102, 'lote 298645', '2022-11-02', '2023-05-01', 136.35, 20, 0, 20); 
insert into estoque_total values (default, 102, 20, 5, 9999); 
insert into estoque values (default, 103, 'lote 019518', '2022-11-02', '2023-05-01', 85.95, 20, 0, 20); 
insert into estoque_total values (default, 103, 20, 5, 9999); 
insert into estoque values (default, 104, 'lote 724450', '2022-11-02', '2023-05-01', 47.65, 20, 0, 20); 
insert into estoque_total values (default, 104, 20, 5, 9999); 
insert into estoque values (default, 105, 'lote 237900', '2022-11-02', '2023-05-01', 164.62, 20, 0, 20); 
insert into estoque_total values (default, 105, 20, 5, 9999); 
insert into estoque values (default, 106, 'lote 484944', '2022-11-02', '2023-05-01', 285.32, 20, 0, 20); 
insert into estoque_total values (default, 106, 20, 5, 9999); 
insert into estoque values (default, 107, 'lote 228751', '2022-11-02', '2023-05-01', 98.78, 20, 0, 20); 
insert into estoque_total values (default, 107, 20, 5, 9999); 
insert into estoque values (default, 108, 'lote 611353', '2022-11-02', '2023-05-01', 152.54, 20, 0, 20); 
insert into estoque_total values (default, 108, 20, 5, 9999); 
insert into estoque values (default, 109, 'lote 152471', '2022-11-02', '2023-05-01', 115.77, 20, 0, 20); 
insert into estoque_total values (default, 109, 20, 5, 9999); 
insert into estoque values (default, 110, 'lote 313992', '2022-11-02', '2023-05-01', 23.6, 20, 0, 20); 
insert into estoque_total values (default, 110, 20, 5, 9999); 
insert into estoque values (default, 111, 'lote 578743', '2022-11-02', '2023-05-01', 28.62, 20, 0, 20); 
insert into estoque_total values (default, 111, 20, 5, 9999); 
insert into estoque values (default, 112, 'lote 604465', '2022-11-02', '2023-05-01', 14.13, 20, 0, 20); 
insert into estoque_total values (default, 112, 20, 5, 9999); 
insert into estoque values (default, 113, 'lote 786038', '2022-11-02', '2023-05-01', 21.09, 20, 0, 20); 
insert into estoque_total values (default, 113, 20, 5, 9999); 
insert into estoque values (default, 114, 'lote 668271', '2022-11-02', '2023-05-01', 32.29, 20, 0, 20); 
insert into estoque_total values (default, 114, 20, 5, 9999); 
insert into estoque values (default, 115, 'lote 786137', '2022-11-02', '2023-05-01', 197.46, 20, 0, 20); 
insert into estoque_total values (default, 115, 20, 5, 9999); 
insert into estoque values (default, 116, 'lote 798563', '2022-11-02', '2023-05-01', 5.6, 20, 0, 20); 
insert into estoque_total values (default, 116, 20, 5, 9999); 
insert into estoque values (default, 117, 'lote 936673', '2022-11-02', '2023-05-01', 5.6, 20, 0, 20); 
insert into estoque_total values (default, 117, 20, 5, 9999); 
insert into estoque values (default, 118, 'lote 784939', '2022-11-02', '2023-05-01', 29.35, 20, 0, 20); 
insert into estoque_total values (default, 118, 20, 5, 9999); 
insert into estoque values (default, 119, 'lote 986190', '2022-11-02', '2023-05-01', 112.1, 20, 0, 20); 
insert into estoque_total values (default, 119, 20, 5, 9999); 
insert into estoque values (default, 120, 'lote 071809', '2022-11-02', '2023-05-01', 24.09, 20, 0, 20); 
insert into estoque_total values (default, 120, 20, 5, 9999); 
insert into estoque values (default, 121, 'lote 872045', '2022-11-02', '2023-05-01', 48.41, 20, 0, 20); 
insert into estoque_total values (default, 121, 20, 5, 9999); 
insert into estoque values (default, 122, 'lote 871589', '2022-11-02', '2023-05-01', 105.61, 20, 0, 20); 
insert into estoque_total values (default, 122, 20, 5, 9999); 
insert into estoque values (default, 123, 'lote 003798', '2022-11-02', '2023-05-01', 38.82, 20, 0, 20); 
insert into estoque_total values (default, 123, 20, 5, 9999); 
insert into estoque values (default, 124, 'lote 014209', '2022-11-02', '2023-05-01', 67.12, 20, 0, 20); 
insert into estoque_total values (default, 124, 20, 5, 9999); 
insert into estoque values (default, 125, 'lote 499738', '2022-11-02', '2023-05-01', 47.84, 20, 0, 20); 
insert into estoque_total values (default, 125, 20, 5, 9999); 
insert into estoque values (default, 126, 'lote 353131', '2022-11-02', '2023-05-01', 67.99, 20, 0, 20); 
insert into estoque_total values (default, 126, 20, 5, 9999); 
insert into estoque values (default, 127, 'lote 811324', '2022-11-02', '2023-05-01', 32.96, 20, 0, 20); 
insert into estoque_total values (default, 127, 20, 5, 9999); 
insert into estoque values (default, 128, 'lote 068443', '2022-11-02', '2023-05-01', 57.1, 20, 0, 20); 
insert into estoque_total values (default, 128, 20, 5, 9999); 
insert into estoque values (default, 129, 'lote 543526', '2022-11-02', '2023-05-01', 41.45, 20, 0, 20); 
insert into estoque_total values (default, 129, 20, 5, 9999); 
insert into estoque values (default, 130, 'lote 813993', '2022-11-02', '2023-05-01', 73.05, 20, 0, 20); 
insert into estoque_total values (default, 130, 20, 5, 9999); 
insert into estoque values (default, 131, 'lote 854705', '2022-11-02', '2023-05-01', 72.95, 20, 0, 20); 
insert into estoque_total values (default, 131, 20, 5, 9999); 
insert into estoque values (default, 132, 'lote 348704', '2022-11-02', '2023-05-01', 37.03, 20, 0, 20); 
insert into estoque_total values (default, 132, 20, 5, 9999); 
insert into estoque values (default, 133, 'lote 028463', '2022-11-02', '2023-05-01', 50.46, 20, 0, 20); 
insert into estoque_total values (default, 133, 20, 5, 9999); 
insert into estoque values (default, 134, 'lote 105959', '2022-11-02', '2023-05-01', 113.9, 20, 0, 20); 
insert into estoque_total values (default, 134, 20, 5, 9999); 
insert into estoque values (default, 135, 'lote 009617', '2022-11-02', '2023-05-01', 45.33, 20, 0, 20); 
insert into estoque_total values (default, 135, 20, 5, 9999); 
insert into estoque values (default, 136, 'lote 292968', '2022-11-02', '2023-05-01', 33.33, 20, 0, 20); 
insert into estoque_total values (default, 136, 20, 5, 9999); 
insert into estoque values (default, 137, 'lote 549318', '2022-11-02', '2023-05-01', 56.52, 20, 0, 20); 
insert into estoque_total values (default, 137, 20, 5, 9999); 
insert into estoque values (default, 138, 'lote 764685', '2022-11-02', '2023-05-01', 32.02, 20, 0, 20); 
insert into estoque_total values (default, 138, 20, 5, 9999); 
insert into estoque values (default, 139, 'lote 013346', '2022-11-02', '2023-05-01', 222.32, 20, 0, 20); 
insert into estoque_total values (default, 139, 20, 5, 9999); 
insert into estoque values (default, 140, 'lote 701836', '2022-11-02', '2023-05-01', 112.55, 20, 0, 20); 
insert into estoque_total values (default, 140, 20, 5, 9999); 
insert into estoque values (default, 141, 'lote 876728', '2022-11-02', '2023-05-01', 37.47, 20, 0, 20); 
insert into estoque_total values (default, 141, 20, 5, 9999); 
insert into estoque values (default, 142, 'lote 907239', '2022-11-02', '2023-05-01', 66.32, 20, 0, 20); 
insert into estoque_total values (default, 142, 20, 5, 9999); 
insert into estoque values (default, 143, 'lote 525919', '2022-11-02', '2023-05-01', 140.59, 20, 0, 20); 
insert into estoque_total values (default, 143, 20, 5, 9999); 
insert into estoque values (default, 144, 'lote 892214', '2022-11-02', '2023-05-01', 170.17, 20, 0, 20); 
insert into estoque_total values (default, 144, 20, 5, 9999); 
insert into estoque values (default, 145, 'lote 117820', '2022-11-02', '2023-05-01', 92.06, 20, 0, 20); 
insert into estoque_total values (default, 145, 20, 5, 9999); 
insert into estoque values (default, 146, 'lote 655080', '2022-11-02', '2023-05-01', 117.6, 20, 0, 20); 
insert into estoque_total values (default, 146, 20, 5, 9999); 
insert into estoque values (default, 147, 'lote 280254', '2022-11-02', '2023-05-01', 117.6, 20, 0, 20); 
insert into estoque_total values (default, 147, 20, 5, 9999); 
insert into estoque values (default, 148, 'lote 250390', '2022-11-02', '2023-05-01', 83.41, 20, 0, 20); 
insert into estoque_total values (default, 148, 20, 5, 9999); 
insert into estoque values (default, 149, 'lote 736729', '2022-11-02', '2023-05-01', 19.96, 20, 0, 20); 
insert into estoque_total values (default, 149, 20, 5, 9999); 
insert into estoque values (default, 150, 'lote 056049', '2022-11-02', '2023-05-01', 130.99, 20, 0, 20); 
insert into estoque_total values (default, 150, 20, 5, 9999); 
insert into estoque values (default, 151, 'lote 285380', '2022-11-02', '2023-05-01', 13.74, 20, 0, 20); 
insert into estoque_total values (default, 151, 20, 5, 9999); 
insert into estoque values (default, 152, 'lote 611029', '2022-11-02', '2023-05-01', 48.79, 20, 0, 20); 
insert into estoque_total values (default, 152, 20, 5, 9999); 
insert into estoque values (default, 153, 'lote 284566', '2022-11-02', '2023-05-01', 59.18, 20, 0, 20); 
insert into estoque_total values (default, 153, 20, 5, 9999); 
insert into estoque values (default, 154, 'lote 794126', '2022-11-02', '2023-05-01', 49.66, 20, 0, 20); 
insert into estoque_total values (default, 154, 20, 5, 9999); 
insert into estoque values (default, 155, 'lote 797742', '2022-11-02', '2023-05-01', 3.59, 20, 0, 20); 
insert into estoque_total values (default, 155, 20, 5, 9999); 
insert into estoque values (default, 156, 'lote 432737', '2022-11-02', '2023-05-01', 72.44, 20, 0, 20); 
insert into estoque_total values (default, 156, 20, 5, 9999); 
insert into estoque values (default, 157, 'lote 335684', '2022-11-02', '2023-05-01', 54.92, 20, 0, 20); 
insert into estoque_total values (default, 157, 20, 5, 9999); 
insert into estoque values (default, 158, 'lote 279395', '2022-11-02', '2023-05-01', 89.02, 20, 0, 20); 
insert into estoque_total values (default, 158, 20, 5, 9999); 
insert into estoque values (default, 159, 'lote 854301', '2022-11-02', '2023-05-01', 72.84, 20, 0, 20); 
insert into estoque_total values (default, 159, 20, 5, 9999); 
insert into estoque values (default, 160, 'lote 931158', '2022-11-02', '2023-05-01', 214.98, 20, 0, 20); 
insert into estoque_total values (default, 160, 20, 5, 9999); 
insert into estoque values (default, 161, 'lote 004262', '2022-11-02', '2023-05-01', 42.74, 20, 0, 20); 
insert into estoque_total values (default, 161, 20, 5, 9999); 
insert into estoque values (default, 162, 'lote 842964', '2022-11-02', '2023-05-01', 48.76, 20, 0, 20); 
insert into estoque_total values (default, 162, 20, 5, 9999); 
insert into estoque values (default, 163, 'lote 281637', '2022-11-02', '2023-05-01', 119.37, 20, 0, 20); 
insert into estoque_total values (default, 163, 20, 5, 9999); 
insert into estoque values (default, 164, 'lote 447972', '2022-11-02', '2023-05-01', 47.89, 20, 0, 20); 
insert into estoque_total values (default, 164, 20, 5, 9999); 
insert into estoque values (default, 165, 'lote 506105', '2022-11-02', '2023-05-01', 30.44, 20, 0, 20); 
insert into estoque_total values (default, 165, 20, 5, 9999); 
insert into estoque values (default, 166, 'lote 750233', '2022-11-02', '2023-05-01', 178.51, 20, 0, 20); 
insert into estoque_total values (default, 166, 20, 5, 9999); 
insert into estoque values (default, 167, 'lote 733788', '2022-11-02', '2023-05-01', 158.5, 20, 0, 20); 
insert into estoque_total values (default, 167, 20, 5, 9999); 
insert into estoque values (default, 168, 'lote 660185', '2022-11-02', '2023-05-01', 248.18, 20, 0, 20); 
insert into estoque_total values (default, 168, 20, 5, 9999); 
insert into estoque values (default, 169, 'lote 555144', '2022-11-02', '2023-05-01', 27.68, 20, 0, 20); 
insert into estoque_total values (default, 169, 20, 5, 9999); 
insert into estoque values (default, 170, 'lote 246416', '2022-11-02', '2023-05-01', 55.48, 20, 0, 20); 
insert into estoque_total values (default, 170, 20, 5, 9999); 
insert into estoque values (default, 171, 'lote 729295', '2022-11-02', '2023-05-01', 51.57, 20, 0, 20); 
insert into estoque_total values (default, 171, 20, 5, 9999); 
insert into estoque values (default, 172, 'lote 838044', '2022-11-02', '2023-05-01', 98.62, 20, 0, 20); 
insert into estoque_total values (default, 172, 20, 5, 9999); 
insert into estoque values (default, 173, 'lote 986014', '2022-11-02', '2023-05-01', 210.35, 20, 0, 20); 
insert into estoque_total values (default, 173, 20, 5, 9999); 
insert into estoque values (default, 174, 'lote 882472', '2022-11-02', '2023-05-01', 87.43, 20, 0, 20); 
insert into estoque_total values (default, 174, 20, 5, 9999); 
insert into estoque values (default, 175, 'lote 164396', '2022-11-02', '2023-05-01', 25.43, 20, 0, 20); 
insert into estoque_total values (default, 175, 20, 5, 9999); 
insert into estoque values (default, 176, 'lote 320237', '2022-11-02', '2023-05-01', 246.55, 20, 0, 20); 
insert into estoque_total values (default, 176, 20, 5, 9999); 
insert into estoque values (default, 177, 'lote 607969', '2022-11-02', '2023-05-01', 58.84, 20, 0, 20); 
insert into estoque_total values (default, 177, 20, 5, 9999); 
insert into estoque values (default, 178, 'lote 880406', '2022-11-02', '2023-05-01', 50.12, 20, 0, 20); 
insert into estoque_total values (default, 178, 20, 5, 9999); 
insert into estoque values (default, 179, 'lote 050818', '2022-11-02', '2023-05-01', 35.54, 20, 0, 20); 
insert into estoque_total values (default, 179, 20, 5, 9999); 
insert into estoque values (default, 180, 'lote 913729', '2022-11-02', '2023-05-01', 124.59, 20, 0, 20); 
insert into estoque_total values (default, 180, 20, 5, 9999); 
insert into estoque values (default, 181, 'lote 285447', '2022-11-02', '2023-05-01', 26.01, 20, 0, 20); 
insert into estoque_total values (default, 181, 20, 5, 9999); 
insert into estoque values (default, 182, 'lote 365165', '2022-11-02', '2023-05-01', 38.96, 20, 0, 20); 
insert into estoque_total values (default, 182, 20, 5, 9999); 
insert into estoque values (default, 183, 'lote 011838', '2022-11-02', '2023-05-01', 25.23, 20, 0, 20); 
insert into estoque_total values (default, 183, 20, 5, 9999); 
insert into estoque values (default, 184, 'lote 423162', '2022-11-02', '2023-05-01', 15.3, 20, 0, 20); 
insert into estoque_total values (default, 184, 20, 5, 9999); 
insert into estoque values (default, 185, 'lote 505882', '2022-11-02', '2023-05-01', 18.01, 20, 0, 20); 
insert into estoque_total values (default, 185, 20, 5, 9999); 
insert into estoque values (default, 186, 'lote 854147', '2022-11-02', '2023-05-01', 41.68, 20, 0, 20); 
insert into estoque_total values (default, 186, 20, 5, 9999); 
insert into estoque values (default, 187, 'lote 823822', '2022-11-02', '2023-05-01', 27.78, 20, 0, 20); 
insert into estoque_total values (default, 187, 20, 5, 9999); 
insert into estoque values (default, 188, 'lote 859209', '2022-11-02', '2023-05-01', 15.63, 20, 0, 20); 
insert into estoque_total values (default, 188, 20, 5, 9999); 
insert into estoque values (default, 189, 'lote 810797', '2022-11-02', '2023-05-01', 150.45, 20, 0, 20); 
insert into estoque_total values (default, 189, 20, 5, 9999); 
insert into estoque values (default, 190, 'lote 070718', '2022-11-02', '2023-05-01', 161.98, 20, 0, 20); 
insert into estoque_total values (default, 190, 20, 5, 9999); 
insert into estoque values (default, 191, 'lote 490808', '2022-11-02', '2023-05-01', 272.05, 20, 0, 20); 
insert into estoque_total values (default, 191, 20, 5, 9999); 
insert into estoque values (default, 192, 'lote 488502', '2022-11-02', '2023-05-01', 103.34, 20, 0, 20); 
insert into estoque_total values (default, 192, 20, 5, 9999); 
insert into estoque values (default, 193, 'lote 639343', '2022-11-02', '2023-05-01', 122.01, 20, 0, 20); 
insert into estoque_total values (default, 193, 20, 5, 9999); 
insert into estoque values (default, 194, 'lote 520420', '2022-11-02', '2023-05-01', 289.26, 20, 0, 20); 
insert into estoque_total values (default, 194, 20, 5, 9999); 
insert into estoque values (default, 195, 'lote 824236', '2022-11-02', '2023-05-01', 186.95, 20, 0, 20); 
insert into estoque_total values (default, 195, 20, 5, 9999); 
insert into estoque values (default, 196, 'lote 766192', '2022-11-02', '2023-05-01', 136.9, 20, 0, 20); 
insert into estoque_total values (default, 196, 20, 5, 9999); 
insert into estoque values (default, 197, 'lote 167861', '2022-11-02', '2023-05-01', 197.88, 20, 0, 20); 
insert into estoque_total values (default, 197, 20, 5, 9999); 
insert into estoque values (default, 198, 'lote 530740', '2022-11-02', '2023-05-01', 29.59, 20, 0, 20); 
insert into estoque_total values (default, 198, 20, 5, 9999); 
insert into estoque values (default, 199, 'lote 712458', '2022-11-02', '2023-05-01', 31.22, 20, 0, 20); 
insert into estoque_total values (default, 199, 20, 5, 9999); 
insert into estoque values (default, 200, 'lote 359360', '2022-11-02', '2023-05-01', 91.82, 20, 0, 20); 
insert into estoque_total values (default, 200, 20, 5, 9999); 
insert into estoque values (default, 201, 'lote 237329', '2022-11-02', '2023-05-01', 25.85, 20, 0, 20); 
insert into estoque_total values (default, 201, 20, 5, 9999); 
insert into estoque values (default, 202, 'lote 829873', '2022-11-02', '2023-05-01', 202.78, 20, 0, 20); 
insert into estoque_total values (default, 202, 20, 5, 9999); 
insert into estoque values (default, 203, 'lote 795708', '2022-11-02', '2023-05-01', 202.79, 20, 0, 20); 
insert into estoque_total values (default, 203, 20, 5, 9999); 
insert into estoque values (default, 204, 'lote 618960', '2022-11-02', '2023-05-01', 9.01, 20, 0, 20); 
insert into estoque_total values (default, 204, 20, 5, 9999); 
insert into estoque values (default, 205, 'lote 178018', '2022-11-02', '2023-05-01', 135.01, 20, 0, 20); 
insert into estoque_total values (default, 205, 20, 5, 9999); 
insert into estoque values (default, 206, 'lote 146210', '2022-11-02', '2023-05-01', 24.41, 20, 0, 20); 
insert into estoque_total values (default, 206, 20, 5, 9999); 
insert into estoque values (default, 207, 'lote 561568', '2022-11-02', '2023-05-01', 70.83, 20, 0, 20); 
insert into estoque_total values (default, 207, 20, 5, 9999); 
insert into estoque values (default, 208, 'lote 660678', '2022-11-02', '2023-05-01', 40.14, 20, 0, 20); 
insert into estoque_total values (default, 208, 20, 5, 9999); 
insert into estoque values (default, 209, 'lote 343684', '2022-11-02', '2023-05-01', 34.54, 20, 0, 20); 
insert into estoque_total values (default, 209, 20, 5, 9999); 
insert into estoque values (default, 210, 'lote 270678', '2022-11-02', '2023-05-01', 183.79, 20, 0, 20); 
insert into estoque_total values (default, 210, 20, 5, 9999); 
insert into estoque values (default, 211, 'lote 152820', '2022-11-02', '2023-05-01', 176.13, 20, 0, 20); 
insert into estoque_total values (default, 211, 20, 5, 9999); 
insert into estoque values (default, 212, 'lote 517006', '2022-11-02', '2023-05-01', 45.04, 20, 0, 20); 
insert into estoque_total values (default, 212, 20, 5, 9999); 
insert into estoque values (default, 213, 'lote 926482', '2022-11-02', '2023-05-01', 123.41, 20, 0, 20); 
insert into estoque_total values (default, 213, 20, 5, 9999); 
insert into estoque values (default, 214, 'lote 116849', '2022-11-02', '2023-05-01', 49.49, 20, 0, 20); 
insert into estoque_total values (default, 214, 20, 5, 9999); 
insert into estoque values (default, 215, 'lote 958069', '2022-11-02', '2023-05-01', 158.34, 20, 0, 20); 
insert into estoque_total values (default, 215, 20, 5, 9999); 
insert into estoque values (default, 216, 'lote 543372', '2022-11-02', '2023-05-01', 35.79, 20, 0, 20); 
insert into estoque_total values (default, 216, 20, 5, 9999); 
insert into estoque values (default, 217, 'lote 625914', '2022-11-02', '2023-05-01', 7.99, 20, 0, 20); 
insert into estoque_total values (default, 217, 20, 5, 9999); 
insert into estoque values (default, 218, 'lote 169919', '2022-11-02', '2023-05-01', 16.91, 20, 0, 20); 
insert into estoque_total values (default, 218, 20, 5, 9999); 
insert into estoque values (default, 219, 'lote 000214', '2022-11-02', '2023-05-01', 67.1, 20, 0, 20); 
insert into estoque_total values (default, 219, 20, 5, 9999); 
insert into estoque values (default, 220, 'lote 556801', '2022-11-02', '2023-05-01', 8.87, 20, 0, 20); 
insert into estoque_total values (default, 220, 20, 5, 9999); 
insert into estoque values (default, 221, 'lote 926356', '2022-11-02', '2023-05-01', 69.6, 20, 0, 20); 
insert into estoque_total values (default, 221, 20, 5, 9999); 
insert into estoque values (default, 222, 'lote 094528', '2022-11-02', '2023-05-01', 186.87, 20, 0, 20); 
insert into estoque_total values (default, 222, 20, 5, 9999); 
insert into estoque values (default, 223, 'lote 879307', '2022-11-02', '2023-05-01', 54.39, 20, 0, 20); 
insert into estoque_total values (default, 223, 20, 5, 9999); 
insert into estoque values (default, 224, 'lote 269792', '2022-11-02', '2023-05-01', 57.7, 20, 0, 20); 
insert into estoque_total values (default, 224, 20, 5, 9999); 
insert into estoque values (default, 225, 'lote 960464', '2022-11-02', '2023-05-01', 97.27, 20, 0, 20); 
insert into estoque_total values (default, 225, 20, 5, 9999); 
insert into estoque values (default, 226, 'lote 803405', '2022-11-02', '2023-05-01', 67.49, 20, 0, 20); 
insert into estoque_total values (default, 226, 20, 5, 9999); 
insert into estoque values (default, 227, 'lote 834595', '2022-11-02', '2023-05-01', 2.03, 30, 0, 30); 
insert into estoque_total values (default, 227, 30, 5, 9999); 
insert into estoque values (default, 228, 'lote 739988', '2022-11-02', '2023-05-01', 136.48, 30, 0, 30); 
insert into estoque_total values (default, 228, 30, 5, 9999); 
insert into estoque values (default, 229, 'lote 457627', '2022-11-02', '2023-05-01', 125.72, 30, 0, 30); 
insert into estoque_total values (default, 229, 30, 5, 9999); 
insert into estoque values (default, 230, 'lote 849703', '2022-11-02', '2023-05-01', 286.87, 30, 0, 30); 
insert into estoque_total values (default, 230, 30, 5, 9999); 
insert into estoque values (default, 231, 'lote 945060', '2022-11-02', '2023-05-01', 45.43, 30, 0, 30); 
insert into estoque_total values (default, 231, 30, 5, 9999); 
insert into estoque values (default, 232, 'lote 503837', '2022-11-02', '2023-05-01', 56.17, 30, 0, 30); 
insert into estoque_total values (default, 232, 30, 5, 9999); 
insert into estoque values (default, 233, 'lote 079288', '2022-11-02', '2023-05-01', 18.79, 30, 0, 30); 
insert into estoque_total values (default, 233, 30, 5, 9999); 
insert into estoque values (default, 234, 'lote 657548', '2022-11-02', '2023-05-01', 32.28, 30, 0, 30); 
insert into estoque_total values (default, 234, 30, 5, 9999); 
insert into estoque values (default, 235, 'lote 107333', '2022-11-02', '2023-05-01', 38.79, 30, 0, 30); 
insert into estoque_total values (default, 235, 30, 5, 9999); 
insert into estoque values (default, 236, 'lote 851332', '2022-11-02', '2023-05-01', 96.07, 30, 0, 30); 
insert into estoque_total values (default, 236, 30, 5, 9999); 
insert into estoque values (default, 237, 'lote 536476', '2022-11-02', '2023-05-01', 97.82, 30, 0, 30); 
insert into estoque_total values (default, 237, 30, 5, 9999); 
insert into estoque values (default, 238, 'lote 101224', '2022-11-02', '2023-05-01', 10.28, 30, 0, 30); 
insert into estoque_total values (default, 238, 30, 5, 9999); 
insert into estoque values (default, 239, 'lote 886623', '2022-11-02', '2023-05-01', 140.44, 30, 0, 30); 
insert into estoque_total values (default, 239, 30, 5, 9999); 
insert into estoque values (default, 240, 'lote 492827', '2022-11-02', '2023-05-01', 23.03, 30, 0, 30); 
insert into estoque_total values (default, 240, 30, 5, 9999); 
insert into estoque values (default, 241, 'lote 948251', '2022-11-02', '2023-05-01', 28.48, 30, 0, 30); 
insert into estoque_total values (default, 241, 30, 5, 9999); 
insert into estoque values (default, 242, 'lote 840980', '2022-11-02', '2023-05-01', 4.45, 30, 0, 30); 
insert into estoque_total values (default, 242, 30, 5, 9999); 
insert into estoque values (default, 243, 'lote 830329', '2022-11-02', '2023-05-01', 28.88, 30, 0, 30); 
insert into estoque_total values (default, 243, 30, 5, 9999); 
insert into estoque values (default, 244, 'lote 543113', '2022-11-02', '2023-05-01', 22.62, 30, 0, 30); 
insert into estoque_total values (default, 244, 30, 5, 9999); 
insert into estoque values (default, 245, 'lote 188772', '2022-11-02', '2023-05-01', 110.9, 30, 0, 30); 
insert into estoque_total values (default, 245, 30, 5, 9999); 
insert into estoque values (default, 246, 'lote 006055', '2022-11-02', '2023-05-01', 44.67, 30, 0, 30); 
insert into estoque_total values (default, 246, 30, 5, 9999); 
insert into estoque values (default, 247, 'lote 451011', '2022-11-02', '2023-05-01', 52.12, 30, 0, 30); 
insert into estoque_total values (default, 247, 30, 5, 9999); 
insert into estoque values (default, 248, 'lote 396690', '2022-11-02', '2023-05-01', 18.77, 30, 0, 30); 
insert into estoque_total values (default, 248, 30, 5, 9999); 
insert into estoque values (default, 249, 'lote 737808', '2022-11-02', '2023-05-01', 38.17, 30, 0, 30); 
insert into estoque_total values (default, 249, 30, 5, 9999); 
insert into estoque values (default, 250, 'lote 712739', '2022-11-02', '2023-05-01', 63.91, 30, 0, 30); 
insert into estoque_total values (default, 250, 30, 5, 9999); 
insert into estoque values (default, 251, 'lote 494225', '2022-11-02', '2023-05-01', 53.91, 30, 0, 30); 
insert into estoque_total values (default, 251, 30, 5, 9999); 
insert into estoque values (default, 252, 'lote 403024', '2022-11-02', '2023-05-01', 20.3, 30, 0, 30); 
insert into estoque_total values (default, 252, 30, 5, 9999); 
insert into estoque values (default, 253, 'lote 613742', '2022-11-02', '2023-05-01', 57.81, 30, 0, 30); 
insert into estoque_total values (default, 253, 30, 5, 9999); 
insert into estoque values (default, 254, 'lote 387698', '2022-11-02', '2023-05-01', 182.16, 30, 0, 30); 
insert into estoque_total values (default, 254, 30, 5, 9999); 
insert into estoque values (default, 255, 'lote 112524', '2022-11-02', '2023-05-01', 38.07, 30, 0, 30); 
insert into estoque_total values (default, 255, 30, 5, 9999); 
insert into estoque values (default, 256, 'lote 536415', '2022-11-02', '2023-05-01', 57.79, 30, 0, 30); 
insert into estoque_total values (default, 256, 30, 5, 9999); 
insert into estoque values (default, 257, 'lote 380880', '2022-11-02', '2023-05-01', 248.76, 30, 0, 30); 
insert into estoque_total values (default, 257, 30, 5, 9999); 
insert into estoque values (default, 258, 'lote 906689', '2022-11-02', '2023-05-01', 45.9, 30, 0, 30); 
insert into estoque_total values (default, 258, 30, 5, 9999); 
insert into estoque values (default, 259, 'lote 456180', '2022-11-02', '2023-05-01', 285.18, 30, 0, 30); 
insert into estoque_total values (default, 259, 30, 5, 9999); 
insert into estoque values (default, 260, 'lote 983379', '2022-11-02', '2023-05-01', 57.1, 30, 0, 30); 
insert into estoque_total values (default, 260, 30, 5, 9999); 
insert into estoque values (default, 261, 'lote 482962', '2022-11-02', '2023-05-01', 56.2, 30, 0, 30); 
insert into estoque_total values (default, 261, 30, 5, 9999); 
insert into estoque values (default, 262, 'lote 088174', '2022-11-02', '2023-05-01', 15.56, 30, 0, 30); 
insert into estoque_total values (default, 262, 30, 5, 9999); 
insert into estoque values (default, 263, 'lote 568472', '2022-11-02', '2023-05-01', 153.0, 30, 0, 30); 
insert into estoque_total values (default, 263, 30, 5, 9999); 
insert into estoque values (default, 264, 'lote 951436', '2022-11-02', '2023-05-01', 35.56, 30, 0, 30); 
insert into estoque_total values (default, 264, 30, 5, 9999); 
insert into estoque values (default, 265, 'lote 533021', '2022-11-02', '2023-05-01', 50.2, 30, 0, 30); 
insert into estoque_total values (default, 265, 30, 5, 9999); 
insert into estoque values (default, 266, 'lote 959666', '2022-11-02', '2023-05-01', 86.71, 30, 0, 30); 
insert into estoque_total values (default, 266, 30, 5, 9999); 
insert into estoque values (default, 267, 'lote 896201', '2022-11-02', '2023-05-01', 128.13, 30, 0, 30); 
insert into estoque_total values (default, 267, 30, 5, 9999); 
insert into estoque values (default, 268, 'lote 559141', '2022-11-02', '2023-05-01', 210.55, 30, 0, 30); 
insert into estoque_total values (default, 268, 30, 5, 9999); 
insert into estoque values (default, 269, 'lote 469976', '2022-11-02', '2023-05-01', 28.87, 30, 0, 30); 
insert into estoque_total values (default, 269, 30, 5, 9999); 
insert into estoque values (default, 270, 'lote 730525', '2022-11-02', '2023-05-01', 247.92, 30, 0, 30); 
insert into estoque_total values (default, 270, 30, 5, 9999); 
insert into estoque values (default, 271, 'lote 686863', '2022-11-02', '2023-05-01', 65.17, 30, 0, 30); 
insert into estoque_total values (default, 271, 30, 5, 9999); 
insert into estoque values (default, 272, 'lote 392739', '2022-11-02', '2023-05-01', 199.87, 30, 0, 30); 
insert into estoque_total values (default, 272, 30, 5, 9999); 
insert into estoque values (default, 273, 'lote 423663', '2022-11-02', '2023-05-01', 24.89, 30, 0, 30); 
insert into estoque_total values (default, 273, 30, 5, 9999); 
insert into estoque values (default, 274, 'lote 727282', '2022-11-02', '2023-05-01', 26.11, 30, 0, 30); 
insert into estoque_total values (default, 274, 30, 5, 9999); 
insert into estoque values (default, 275, 'lote 570704', '2022-11-02', '2023-05-01', 60.56, 30, 0, 30); 
insert into estoque_total values (default, 275, 30, 5, 9999); 
insert into estoque values (default, 276, 'lote 255531', '2022-11-02', '2023-05-01', 26.11, 30, 0, 30); 
insert into estoque_total values (default, 276, 30, 5, 9999); 
insert into estoque values (default, 277, 'lote 399911', '2022-11-02', '2023-05-01', 25.59, 30, 0, 30); 
insert into estoque_total values (default, 277, 30, 5, 9999); 
insert into estoque values (default, 278, 'lote 233778', '2022-11-02', '2023-05-01', 25.35, 30, 0, 30); 
insert into estoque_total values (default, 278, 30, 5, 9999); 
insert into estoque values (default, 279, 'lote 570612', '2022-11-02', '2023-05-01', 21.35, 30, 0, 30); 
insert into estoque_total values (default, 279, 30, 5, 9999); 
insert into estoque values (default, 280, 'lote 360743', '2022-11-02', '2023-05-01', 78.23, 30, 0, 30); 
insert into estoque_total values (default, 280, 30, 5, 9999); 
insert into estoque values (default, 281, 'lote 827047', '2022-11-02', '2023-05-01', 41.3, 30, 0, 30); 
insert into estoque_total values (default, 281, 30, 5, 9999); 
insert into estoque values (default, 282, 'lote 838191', '2022-11-02', '2023-05-01', 38.8, 30, 0, 30); 
insert into estoque_total values (default, 282, 30, 5, 9999); 
insert into estoque values (default, 283, 'lote 379836', '2022-11-02', '2023-05-01', 37.54, 30, 0, 30); 
insert into estoque_total values (default, 283, 30, 5, 9999); 
insert into estoque values (default, 284, 'lote 247073', '2022-11-02', '2023-05-01', 11.82, 30, 0, 30); 
insert into estoque_total values (default, 284, 30, 5, 9999); 
insert into estoque values (default, 285, 'lote 504911', '2022-11-02', '2023-05-01', 88.38, 30, 0, 30); 
insert into estoque_total values (default, 285, 30, 5, 9999); 
insert into estoque values (default, 286, 'lote 138852', '2022-11-02', '2023-05-01', 24.99, 30, 0, 30); 
insert into estoque_total values (default, 286, 30, 5, 9999); 
insert into estoque values (default, 287, 'lote 361591', '2022-11-02', '2023-05-01', 45.54, 30, 0, 30); 
insert into estoque_total values (default, 287, 30, 5, 9999); 
insert into estoque values (default, 288, 'lote 918905', '2022-11-02', '2023-05-01', 11.82, 30, 0, 30); 
insert into estoque_total values (default, 288, 30, 5, 9999); 
insert into estoque values (default, 289, 'lote 082530', '2022-11-02', '2023-05-01', 53.62, 30, 0, 30); 
insert into estoque_total values (default, 289, 30, 5, 9999); 
insert into estoque values (default, 290, 'lote 969341', '2022-11-02', '2023-05-01', 22.44, 30, 0, 30); 
insert into estoque_total values (default, 290, 30, 5, 9999); 
insert into estoque values (default, 291, 'lote 586854', '2022-11-02', '2023-05-01', 9.3, 30, 0, 30); 
insert into estoque_total values (default, 291, 30, 5, 9999); 
insert into estoque values (default, 292, 'lote 030143', '2022-11-02', '2023-05-01', 8.03, 30, 0, 30); 
insert into estoque_total values (default, 292, 30, 5, 9999); 
insert into estoque values (default, 293, 'lote 059866', '2022-11-02', '2023-05-01', 21.07, 30, 0, 30); 
insert into estoque_total values (default, 293, 30, 5, 9999); 
insert into estoque values (default, 294, 'lote 597075', '2022-11-02', '2023-05-01', 12.02, 30, 0, 30); 
insert into estoque_total values (default, 294, 30, 5, 9999); 
insert into estoque values (default, 295, 'lote 060198', '2022-11-02', '2023-05-01', 73.24, 30, 0, 30); 
insert into estoque_total values (default, 295, 30, 5, 9999); 
insert into estoque values (default, 296, 'lote 480981', '2022-11-02', '2023-05-01', 40.88, 30, 0, 30); 
insert into estoque_total values (default, 296, 30, 5, 9999); 
insert into estoque values (default, 297, 'lote 547467', '2022-11-02', '2023-05-01', 43.92, 40, 0, 40); 
insert into estoque_total values (default, 297, 40, 5, 9999); 
insert into estoque values (default, 298, 'lote 172928', '2022-11-02', '2023-05-01', 76.66, 40, 0, 40); 
insert into estoque_total values (default, 298, 40, 5, 9999); 
insert into estoque values (default, 299, 'lote 104830', '2022-11-02', '2023-05-01', 24.74, 40, 0, 40); 
insert into estoque_total values (default, 299, 40, 5, 9999); 
insert into estoque values (default, 300, 'lote 254868', '2022-11-02', '2023-05-01', 219.11, 40, 0, 40); 
insert into estoque_total values (default, 300, 40, 5, 9999); 
insert into estoque values (default, 301, 'lote 475750', '2022-11-02', '2023-05-01', 209.73, 40, 0, 40); 
insert into estoque_total values (default, 301, 40, 5, 9999); 
insert into estoque values (default, 302, 'lote 067236', '2022-11-02', '2023-05-01', 10.31, 40, 0, 40); 
insert into estoque_total values (default, 302, 40, 5, 9999); 
insert into estoque values (default, 303, 'lote 902350', '2022-11-02', '2023-05-01', 23.13, 40, 0, 40); 
insert into estoque_total values (default, 303, 40, 5, 9999); 
insert into estoque values (default, 304, 'lote 029784', '2022-11-02', '2023-05-01', 20.61, 40, 0, 40); 
insert into estoque_total values (default, 304, 40, 5, 9999); 
insert into estoque values (default, 305, 'lote 072499', '2022-11-02', '2023-05-01', 32.62, 40, 0, 40); 
insert into estoque_total values (default, 305, 40, 5, 9999); 
insert into estoque values (default, 306, 'lote 588901', '2022-11-02', '2023-05-01', 62.4, 40, 0, 40); 
insert into estoque_total values (default, 306, 40, 5, 9999); 
insert into estoque values (default, 307, 'lote 125481', '2022-11-02', '2023-05-01', 174.93, 40, 0, 40); 
insert into estoque_total values (default, 307, 40, 5, 9999); 
insert into estoque values (default, 308, 'lote 102207', '2022-11-02', '2023-05-01', 38.46, 40, 0, 40); 
insert into estoque_total values (default, 308, 40, 5, 9999); 
insert into estoque values (default, 309, 'lote 712669', '2022-11-02', '2023-05-01', 10.13, 40, 0, 40); 
insert into estoque_total values (default, 309, 40, 5, 9999); 
insert into estoque values (default, 310, 'lote 840733', '2022-11-02', '2023-05-01', 89.29, 40, 0, 40); 
insert into estoque_total values (default, 310, 40, 5, 9999); 
insert into estoque values (default, 311, 'lote 680477', '2022-11-02', '2023-05-01', 11.0, 40, 0, 40); 
insert into estoque_total values (default, 311, 40, 5, 9999); 
insert into estoque values (default, 312, 'lote 519258', '2022-11-02', '2023-05-01', 19.13, 40, 0, 40); 
insert into estoque_total values (default, 312, 40, 5, 9999); 
insert into estoque values (default, 313, 'lote 098969', '2022-11-02', '2023-05-01', 30.05, 40, 0, 40); 
insert into estoque_total values (default, 313, 40, 5, 9999); 
insert into estoque values (default, 314, 'lote 549848', '2022-11-02', '2023-05-01', 15.18, 40, 0, 40); 
insert into estoque_total values (default, 314, 40, 5, 9999); 
insert into estoque values (default, 315, 'lote 730075', '2022-11-02', '2023-05-01', 25.43, 40, 0, 40); 
insert into estoque_total values (default, 315, 40, 5, 9999); 
insert into estoque values (default, 316, 'lote 223882', '2022-11-02', '2023-05-01', 134.73, 40, 0, 40); 
insert into estoque_total values (default, 316, 40, 5, 9999); 
insert into estoque values (default, 317, 'lote 960337', '2022-11-02', '2023-05-01', 65.39, 40, 0, 40); 
insert into estoque_total values (default, 317, 40, 5, 9999); 
insert into estoque values (default, 318, 'lote 931136', '2022-11-02', '2023-05-01', 41.95, 40, 0, 40); 
insert into estoque_total values (default, 318, 40, 5, 9999); 
insert into estoque values (default, 319, 'lote 259844', '2022-11-02', '2023-05-01', 44.41, 40, 0, 40); 
insert into estoque_total values (default, 319, 40, 5, 9999); 
insert into estoque values (default, 320, 'lote 973032', '2022-11-02', '2023-05-01', 151.01, 40, 0, 40); 
insert into estoque_total values (default, 320, 40, 5, 9999); 
insert into estoque values (default, 321, 'lote 324991', '2022-11-02', '2023-05-01', 20.29, 40, 0, 40); 
insert into estoque_total values (default, 321, 40, 5, 9999); 
insert into estoque values (default, 322, 'lote 241161', '2022-11-02', '2023-05-01', 20.34, 40, 0, 40); 
insert into estoque_total values (default, 322, 40, 5, 9999); 
insert into estoque values (default, 323, 'lote 316523', '2022-11-02', '2023-05-01', 12.78, 40, 0, 40); 
insert into estoque_total values (default, 323, 40, 5, 9999); 
insert into estoque values (default, 324, 'lote 088297', '2022-11-02', '2023-05-01', 14.12, 40, 0, 40); 
insert into estoque_total values (default, 324, 40, 5, 9999); 
insert into estoque values (default, 325, 'lote 490527', '2022-11-02', '2023-05-01', 41.22, 40, 0, 40); 
insert into estoque_total values (default, 325, 40, 5, 9999); 
insert into estoque values (default, 326, 'lote 974232', '2022-11-02', '2023-05-01', 33.07, 40, 0, 40); 
insert into estoque_total values (default, 326, 40, 5, 9999); 
insert into estoque values (default, 327, 'lote 096999', '2022-11-02', '2023-05-01', 23.73, 40, 0, 40); 
insert into estoque_total values (default, 327, 40, 5, 9999); 
insert into estoque values (default, 328, 'lote 256311', '2022-11-02', '2023-05-01', 21.8, 40, 0, 40); 
insert into estoque_total values (default, 328, 40, 5, 9999); 
insert into estoque values (default, 329, 'lote 683819', '2022-11-02', '2023-05-01', 24.67, 40, 0, 40); 
insert into estoque_total values (default, 329, 40, 5, 9999); 
insert into estoque values (default, 330, 'lote 183489', '2022-11-02', '2023-05-01', 59.79, 40, 0, 40); 
insert into estoque_total values (default, 330, 40, 5, 9999); 
insert into estoque values (default, 331, 'lote 962173', '2022-11-02', '2023-05-01', 17.35, 40, 0, 40); 
insert into estoque_total values (default, 331, 40, 5, 9999); 
insert into estoque values (default, 332, 'lote 300128', '2022-11-02', '2023-05-01', 45.6, 40, 0, 40); 
insert into estoque_total values (default, 332, 40, 5, 9999); 
insert into estoque values (default, 333, 'lote 125452', '2022-11-02', '2023-05-01', 87.56, 40, 0, 40); 
insert into estoque_total values (default, 333, 40, 5, 9999); 
insert into estoque values (default, 334, 'lote 574773', '2022-11-02', '2023-05-01', 46.93, 40, 0, 40); 
insert into estoque_total values (default, 334, 40, 5, 9999); 
insert into estoque values (default, 335, 'lote 828134', '2022-11-02', '2023-05-01', 18.46, 40, 0, 40); 
insert into estoque_total values (default, 335, 40, 5, 9999); 
insert into estoque values (default, 336, 'lote 350851', '2022-11-02', '2023-05-01', 27.52, 40, 0, 40); 
insert into estoque_total values (default, 336, 40, 5, 9999); 
insert into estoque values (default, 337, 'lote 026797', '2022-11-02', '2023-05-01', 33.86, 40, 0, 40); 
insert into estoque_total values (default, 337, 40, 5, 9999); 
insert into estoque values (default, 338, 'lote 538490', '2022-11-02', '2023-05-01', 69.94, 40, 0, 40); 
insert into estoque_total values (default, 338, 40, 5, 9999); 
insert into estoque values (default, 339, 'lote 881730', '2022-11-02', '2023-05-01', 23.28, 40, 0, 40); 
insert into estoque_total values (default, 339, 40, 5, 9999); 
insert into estoque values (default, 340, 'lote 279399', '2022-11-02', '2023-05-01', 15.9, 40, 0, 40); 
insert into estoque_total values (default, 340, 40, 5, 9999); 
insert into estoque values (default, 341, 'lote 578221', '2022-11-02', '2023-05-01', 10.9, 40, 0, 40); 
insert into estoque_total values (default, 341, 40, 5, 9999); 
insert into estoque values (default, 342, 'lote 379791', '2022-11-02', '2023-05-01', 31.04, 40, 0, 40); 
insert into estoque_total values (default, 342, 40, 5, 9999); 
insert into estoque values (default, 343, 'lote 120141', '2022-11-02', '2023-05-01', 22.74, 40, 0, 40); 
insert into estoque_total values (default, 343, 40, 5, 9999); 
insert into estoque values (default, 344, 'lote 059521', '2022-11-02', '2023-05-01', 25.5, 40, 0, 40); 
insert into estoque_total values (default, 344, 40, 5, 9999); 
insert into estoque values (default, 345, 'lote 792225', '2022-11-02', '2023-05-01', 19.56, 40, 0, 40); 
insert into estoque_total values (default, 345, 40, 5, 9999); 
insert into estoque values (default, 346, 'lote 436837', '2022-11-02', '2023-05-01', 33.72, 40, 0, 40); 
insert into estoque_total values (default, 346, 40, 5, 9999); 
insert into estoque values (default, 347, 'lote 027016', '2022-11-02', '2023-05-01', 45.09, 40, 0, 40); 
insert into estoque_total values (default, 347, 40, 5, 9999); 
insert into estoque values (default, 348, 'lote 027544', '2022-11-02', '2023-05-01', 17.63, 40, 0, 40); 
insert into estoque_total values (default, 348, 40, 5, 9999); 
insert into estoque values (default, 349, 'lote 707159', '2022-11-02', '2023-05-01', 23.37, 40, 0, 40); 
insert into estoque_total values (default, 349, 40, 5, 9999); 
insert into estoque values (default, 350, 'lote 004703', '2022-11-02', '2023-05-01', 89.29, 40, 0, 40); 
insert into estoque_total values (default, 350, 40, 5, 9999); 
insert into estoque values (default, 351, 'lote 593459', '2022-11-02', '2023-05-01', 15.77, 40, 0, 40); 
insert into estoque_total values (default, 351, 40, 5, 9999); 
insert into estoque values (default, 352, 'lote 840117', '2022-11-02', '2023-05-01', 19.49, 40, 0, 40); 
insert into estoque_total values (default, 352, 40, 5, 9999); 
insert into estoque values (default, 353, 'lote 866024', '2022-11-02', '2023-05-01', 30.15, 40, 0, 40); 
insert into estoque_total values (default, 353, 40, 5, 9999); 
insert into estoque values (default, 354, 'lote 690358', '2022-11-02', '2023-05-01', 52.85, 40, 0, 40); 
insert into estoque_total values (default, 354, 40, 5, 9999); 
insert into estoque values (default, 355, 'lote 916961', '2022-11-02', '2023-05-01', 19.6, 40, 0, 40); 
insert into estoque_total values (default, 355, 40, 5, 9999); 
insert into estoque values (default, 356, 'lote 389985', '2022-11-02', '2023-05-01', 83.23, 40, 0, 40); 
insert into estoque_total values (default, 356, 40, 5, 9999); 
insert into estoque values (default, 357, 'lote 640816', '2022-11-02', '2023-05-01', 44.76, 40, 0, 40); 
insert into estoque_total values (default, 357, 40, 5, 9999); 
insert into estoque values (default, 358, 'lote 373395', '2022-11-02', '2023-05-01', 26.76, 40, 0, 40); 
insert into estoque_total values (default, 358, 40, 5, 9999); 
insert into estoque values (default, 359, 'lote 263428', '2022-11-02', '2023-05-01', 65.52, 40, 0, 40); 
insert into estoque_total values (default, 359, 40, 5, 9999); 
insert into estoque values (default, 360, 'lote 203106', '2022-11-02', '2023-05-01', 107.1, 40, 0, 40); 
insert into estoque_total values (default, 360, 40, 5, 9999); 
insert into estoque values (default, 361, 'lote 302053', '2022-11-02', '2023-05-01', 137.28, 40, 0, 40); 
insert into estoque_total values (default, 361, 40, 5, 9999); 
insert into estoque values (default, 362, 'lote 167062', '2022-11-02', '2023-05-01', 136.63, 40, 0, 40); 
insert into estoque_total values (default, 362, 40, 5, 9999); 
insert into estoque values (default, 363, 'lote 666534', '2022-11-02', '2023-05-01', 52.11, 40, 0, 40); 
insert into estoque_total values (default, 363, 40, 5, 9999); 
insert into estoque values (default, 364, 'lote 360808', '2022-11-02', '2023-05-01', 23.96, 40, 0, 40); 
insert into estoque_total values (default, 364, 40, 5, 9999); 
insert into estoque values (default, 365, 'lote 181608', '2022-11-02', '2023-05-01', 11.95, 40, 0, 40); 
insert into estoque_total values (default, 365, 40, 5, 9999); 
insert into estoque values (default, 366, 'lote 102863', '2022-11-02', '2023-05-01', 35.83, 40, 0, 40); 
insert into estoque_total values (default, 366, 40, 5, 9999); 
insert into estoque values (default, 367, 'lote 222027', '2022-11-02', '2023-05-01', 70.54, 40, 0, 40); 
insert into estoque_total values (default, 367, 40, 5, 9999); 
insert into estoque values (default, 368, 'lote 057862', '2022-11-02', '2023-05-01', 11.85, 50, 0, 50); 
insert into estoque_total values (default, 368, 50, 5, 9999); 
insert into estoque values (default, 369, 'lote 422054', '2022-11-02', '2023-05-01', 67.32, 50, 0, 50); 
insert into estoque_total values (default, 369, 50, 5, 9999); 
insert into estoque values (default, 370, 'lote 753514', '2022-11-02', '2023-05-01', 171.68, 50, 0, 50); 
insert into estoque_total values (default, 370, 50, 5, 9999); 
insert into estoque values (default, 371, 'lote 464265', '2022-11-02', '2023-05-01', 99.48, 50, 0, 50); 
insert into estoque_total values (default, 371, 50, 5, 9999); 
insert into estoque values (default, 372, 'lote 496691', '2022-11-02', '2023-05-01', 77.76, 50, 0, 50); 
insert into estoque_total values (default, 372, 50, 5, 9999); 
insert into estoque values (default, 373, 'lote 438926', '2022-11-02', '2023-05-01', 25.12, 50, 0, 50); 
insert into estoque_total values (default, 373, 50, 5, 9999); 
insert into estoque values (default, 374, 'lote 142636', '2022-11-02', '2023-05-01', 25.6, 50, 0, 50); 
insert into estoque_total values (default, 374, 50, 5, 9999); 
insert into estoque values (default, 375, 'lote 092235', '2022-11-02', '2023-05-01', 14.33, 50, 0, 50); 
insert into estoque_total values (default, 375, 50, 5, 9999); 
insert into estoque values (default, 376, 'lote 636416', '2022-11-02', '2023-05-01', 10.78, 50, 0, 50); 
insert into estoque_total values (default, 376, 50, 5, 9999); 
insert into estoque values (default, 377, 'lote 121297', '2022-11-02', '2023-05-01', 12.1, 50, 0, 50); 
insert into estoque_total values (default, 377, 50, 5, 9999); 
insert into estoque values (default, 378, 'lote 524509', '2022-11-02', '2023-05-01', 27.18, 50, 0, 50); 
insert into estoque_total values (default, 378, 50, 5, 9999); 
insert into estoque values (default, 379, 'lote 238897', '2022-11-02', '2023-05-01', 9.17, 50, 0, 50); 
insert into estoque_total values (default, 379, 50, 5, 9999); 
insert into estoque values (default, 380, 'lote 396993', '2022-11-02', '2023-05-01', 5.95, 50, 0, 50); 
insert into estoque_total values (default, 380, 50, 5, 9999); 
insert into estoque values (default, 381, 'lote 973695', '2022-11-02', '2023-05-01', 43.68, 50, 0, 50); 
insert into estoque_total values (default, 381, 50, 5, 9999); 
insert into estoque values (default, 382, 'lote 863329', '2022-11-02', '2023-05-01', 25.91, 50, 0, 50); 
insert into estoque_total values (default, 382, 50, 5, 9999); 
insert into estoque values (default, 383, 'lote 957361', '2022-11-02', '2023-05-01', 37.55, 50, 0, 50); 
insert into estoque_total values (default, 383, 50, 5, 9999); 
insert into estoque values (default, 384, 'lote 303459', '2022-11-02', '2023-05-01', 31.71, 50, 0, 50); 
insert into estoque_total values (default, 384, 50, 5, 9999); 
insert into estoque values (default, 385, 'lote 217346', '2022-11-02', '2023-05-01', 16.13, 50, 0, 50); 
insert into estoque_total values (default, 385, 50, 5, 9999); 
insert into estoque values (default, 386, 'lote 686153', '2022-11-02', '2023-05-01', 13.78, 50, 0, 50); 
insert into estoque_total values (default, 386, 50, 5, 9999); 
insert into estoque values (default, 387, 'lote 016469', '2022-11-02', '2023-05-01', 47.09, 50, 0, 50); 
insert into estoque_total values (default, 387, 50, 5, 9999); 
insert into estoque values (default, 388, 'lote 015535', '2022-11-02', '2023-05-01', 28.65, 50, 0, 50); 
insert into estoque_total values (default, 388, 50, 5, 9999); 
insert into estoque values (default, 389, 'lote 567738', '2022-11-02', '2023-05-01', 23.44, 50, 0, 50); 
insert into estoque_total values (default, 389, 50, 5, 9999); 
insert into estoque values (default, 390, 'lote 702982', '2022-11-02', '2023-05-01', 27.71, 50, 0, 50); 
insert into estoque_total values (default, 390, 50, 5, 9999); 
insert into estoque values (default, 391, 'lote 949088', '2022-11-02', '2023-05-01', 74.7, 50, 0, 50); 
insert into estoque_total values (default, 391, 50, 5, 9999); 
insert into estoque values (default, 392, 'lote 055427', '2022-11-02', '2023-05-01', 10.1, 50, 0, 50); 
insert into estoque_total values (default, 392, 50, 5, 9999); 
insert into estoque values (default, 393, 'lote 984717', '2022-11-02', '2023-05-01', 17.74, 50, 0, 50); 
insert into estoque_total values (default, 393, 50, 5, 9999); 
insert into estoque values (default, 394, 'lote 193741', '2022-11-02', '2023-05-01', 20.71, 50, 0, 50); 
insert into estoque_total values (default, 394, 50, 5, 9999); 
insert into estoque values (default, 395, 'lote 584260', '2022-11-02', '2023-05-01', 29.85, 50, 0, 50); 
insert into estoque_total values (default, 395, 50, 5, 9999); 
insert into estoque values (default, 396, 'lote 865588', '2022-11-02', '2023-05-01', 246.88, 50, 0, 50); 
insert into estoque_total values (default, 396, 50, 5, 9999); 
insert into estoque values (default, 397, 'lote 648992', '2022-11-02', '2023-05-01', 13.11, 50, 0, 50); 
insert into estoque_total values (default, 397, 50, 5, 9999); 
insert into estoque values (default, 398, 'lote 714418', '2022-11-02', '2023-05-01', 11.24, 50, 0, 50); 
insert into estoque_total values (default, 398, 50, 5, 9999); 
insert into estoque values (default, 399, 'lote 545682', '2022-11-02', '2023-05-01', 38.92, 50, 0, 50); 
insert into estoque_total values (default, 399, 50, 5, 9999); 
insert into estoque values (default, 400, 'lote 463653', '2022-11-02', '2023-05-01', 102.23, 50, 0, 50); 
insert into estoque_total values (default, 400, 50, 5, 9999); 
insert into estoque values (default, 401, 'lote 134666', '2022-11-02', '2023-05-01', 25.25, 50, 0, 50); 
insert into estoque_total values (default, 401, 50, 5, 9999); 
insert into estoque values (default, 402, 'lote 590676', '2022-11-02', '2023-05-01', 12.66, 50, 0, 50); 
insert into estoque_total values (default, 402, 50, 5, 9999); 
insert into estoque values (default, 403, 'lote 523843', '2022-11-02', '2023-05-01', 18.02, 50, 0, 50); 
insert into estoque_total values (default, 403, 50, 5, 9999); 
insert into estoque values (default, 404, 'lote 705281', '2022-11-02', '2023-05-01', 12.2, 60, 0, 60); 
insert into estoque_total values (default, 404, 60, 10, 9999); 
insert into estoque values (default, 405, 'lote 160037', '2022-11-02', '2023-05-01', 27.03, 60, 0, 60); 
insert into estoque_total values (default, 405, 60, 10, 9999); 
insert into estoque values (default, 406, 'lote 230848', '2022-11-02', '2023-05-01', 5.41, 60, 0, 60); 
insert into estoque_total values (default, 406, 60, 10, 9999); 
insert into estoque values (default, 407, 'lote 956051', '2022-11-02', '2023-05-01', 52.41, 60, 0, 60); 
insert into estoque_total values (default, 407, 60, 10, 9999); 
insert into estoque values (default, 408, 'lote 492040', '2022-11-02', '2023-05-01', 84.29, 60, 0, 60); 
insert into estoque_total values (default, 408, 60, 10, 9999); 
insert into estoque values (default, 409, 'lote 283252', '2022-11-02', '2023-05-01', 18.35, 60, 0, 60); 
insert into estoque_total values (default, 409, 60, 10, 9999); 
insert into estoque values (default, 410, 'lote 788154', '2022-11-02', '2023-05-01', 77.24, 60, 0, 60); 
insert into estoque_total values (default, 410, 60, 10, 9999); 
insert into estoque values (default, 411, 'lote 260559', '2022-11-02', '2023-05-01', 54.17, 60, 0, 60); 
insert into estoque_total values (default, 411, 60, 10, 9999); 
insert into estoque values (default, 412, 'lote 508464', '2022-11-02', '2023-05-01', 66.4, 60, 0, 60); 
insert into estoque_total values (default, 412, 60, 10, 9999); 
insert into estoque values (default, 413, 'lote 562171', '2022-11-02', '2023-05-01', 65.26, 60, 0, 60); 
insert into estoque_total values (default, 413, 60, 10, 9999); 
insert into estoque values (default, 414, 'lote 937645', '2022-11-02', '2023-05-01', 27.85, 60, 0, 60); 
insert into estoque_total values (default, 414, 60, 10, 9999); 
insert into estoque values (default, 415, 'lote 324406', '2022-11-02', '2023-05-01', 111.12, 60, 0, 60); 
insert into estoque_total values (default, 415, 60, 10, 9999); 
insert into estoque values (default, 416, 'lote 510192', '2022-11-02', '2023-05-01', 17.08, 60, 0, 60); 
insert into estoque_total values (default, 416, 60, 10, 9999); 
insert into estoque values (default, 417, 'lote 720320', '2022-11-02', '2023-05-01', 11.06, 60, 0, 60); 
insert into estoque_total values (default, 417, 60, 10, 9999); 
insert into estoque values (default, 418, 'lote 091673', '2022-11-02', '2023-05-01', 20.75, 60, 0, 60); 
insert into estoque_total values (default, 418, 60, 10, 9999); 
insert into estoque values (default, 419, 'lote 527209', '2022-11-02', '2023-05-01', 20.55, 60, 0, 60); 
insert into estoque_total values (default, 419, 60, 10, 9999); 
insert into estoque values (default, 420, 'lote 655392', '2022-11-02', '2023-05-01', 48.3, 60, 0, 60); 
insert into estoque_total values (default, 420, 60, 10, 9999); 
insert into estoque values (default, 421, 'lote 332679', '2022-11-02', '2023-05-01', 6.9, 60, 0, 60); 
insert into estoque_total values (default, 421, 60, 10, 9999); 
insert into estoque values (default, 422, 'lote 518001', '2022-11-02', '2023-05-01', 12.0, 60, 0, 60); 
insert into estoque_total values (default, 422, 60, 10, 9999); 
insert into estoque values (default, 423, 'lote 983508', '2022-11-02', '2023-05-01', 12.0, 60, 0, 60); 
insert into estoque_total values (default, 423, 60, 10, 9999); 
insert into estoque values (default, 424, 'lote 712673', '2022-11-02', '2023-05-01', 7.96, 60, 0, 60); 
insert into estoque_total values (default, 424, 60, 10, 9999); 
insert into estoque values (default, 425, 'lote 692543', '2022-11-02', '2023-05-01', 27.17, 60, 0, 60); 
insert into estoque_total values (default, 425, 60, 10, 9999); 
insert into estoque values (default, 426, 'lote 537458', '2022-11-02', '2023-05-01', 26.23, 60, 0, 60); 
insert into estoque_total values (default, 426, 60, 10, 9999); 
insert into estoque values (default, 427, 'lote 275053', '2022-11-02', '2023-05-01', 9.39, 60, 0, 60); 
insert into estoque_total values (default, 427, 60, 10, 9999); 
insert into estoque values (default, 428, 'lote 394374', '2022-11-02', '2023-05-01', 12.04, 60, 0, 60); 
insert into estoque_total values (default, 428, 60, 10, 9999); 
insert into estoque values (default, 429, 'lote 978615', '2022-11-02', '2023-05-01', 17.88, 60, 0, 60); 
insert into estoque_total values (default, 429, 60, 10, 9999); 
insert into estoque values (default, 430, 'lote 349921', '2022-11-02', '2023-05-01', 17.88, 60, 0, 60); 
insert into estoque_total values (default, 430, 60, 10, 9999); 
insert into estoque values (default, 431, 'lote 657874', '2022-11-02', '2023-05-01', 8.45, 70, 0, 70); 
insert into estoque_total values (default, 431, 70, 10, 9999); 
insert into estoque values (default, 432, 'lote 804788', '2022-11-02', '2023-05-01', 3.53, 70, 0, 70); 
insert into estoque_total values (default, 432, 70, 10, 9999); 
insert into estoque values (default, 433, 'lote 165445', '2022-11-02', '2023-05-01', 20.38, 70, 0, 70); 
insert into estoque_total values (default, 433, 70, 10, 9999); 
insert into estoque values (default, 434, 'lote 795830', '2022-11-02', '2023-05-01', 24.51, 70, 0, 70); 
insert into estoque_total values (default, 434, 70, 10, 9999); 
insert into estoque values (default, 435, 'lote 367715', '2022-11-02', '2023-05-01', 70.9, 70, 0, 70); 
insert into estoque_total values (default, 435, 70, 10, 9999); 
insert into estoque values (default, 436, 'lote 885173', '2022-11-02', '2023-05-01', 47.55, 70, 0, 70); 
insert into estoque_total values (default, 436, 70, 10, 9999); 
insert into estoque values (default, 437, 'lote 274547', '2022-11-02', '2023-05-01', 19.65, 70, 0, 70); 
insert into estoque_total values (default, 437, 70, 10, 9999); 
insert into estoque values (default, 438, 'lote 416118', '2022-11-02', '2023-05-01', 39.25, 70, 0, 70); 
insert into estoque_total values (default, 438, 70, 10, 9999); 
insert into estoque values (default, 439, 'lote 744625', '2022-11-02', '2023-05-01', 30.75, 70, 0, 70); 
insert into estoque_total values (default, 439, 70, 10, 9999); 
insert into estoque values (default, 440, 'lote 400888', '2022-11-02', '2023-05-01', 28.51, 70, 0, 70); 
insert into estoque_total values (default, 440, 70, 10, 9999); 
insert into estoque values (default, 441, 'lote 556719', '2022-11-02', '2023-05-01', 21.39, 70, 0, 70); 
insert into estoque_total values (default, 441, 70, 10, 9999); 
insert into estoque values (default, 442, 'lote 500875', '2022-11-02', '2023-05-01', 17.29, 70, 0, 70); 
insert into estoque_total values (default, 442, 70, 10, 9999); 
insert into estoque values (default, 443, 'lote 493042', '2022-11-02', '2023-05-01', 17.56, 70, 0, 70); 
insert into estoque_total values (default, 443, 70, 10, 9999); 
insert into estoque values (default, 444, 'lote 108707', '2022-11-02', '2023-05-01', 54.68, 70, 0, 70); 
insert into estoque_total values (default, 444, 70, 10, 9999); 
insert into estoque values (default, 445, 'lote 303438', '2022-11-02', '2023-05-01', 13.67, 70, 0, 70); 
insert into estoque_total values (default, 445, 70, 10, 9999); 
insert into estoque values (default, 446, 'lote 567750', '2022-11-02', '2023-05-01', 95.35, 70, 0, 70); 
insert into estoque_total values (default, 446, 70, 10, 9999); 
insert into estoque values (default, 447, 'lote 765281', '2022-11-02', '2023-05-01', 19.91, 70, 0, 70); 
insert into estoque_total values (default, 447, 70, 10, 9999); 
insert into estoque values (default, 448, 'lote 241227', '2022-11-02', '2023-05-01', 12.38, 70, 0, 70); 
insert into estoque_total values (default, 448, 70, 10, 9999); 
insert into estoque values (default, 449, 'lote 568520', '2022-11-02', '2023-05-01', 14.74, 70, 0, 70); 
insert into estoque_total values (default, 449, 70, 10, 9999); 
insert into estoque values (default, 450, 'lote 666958', '2022-11-02', '2023-05-01', 16.53, 70, 0, 70); 
insert into estoque_total values (default, 450, 70, 10, 9999); 
insert into estoque values (default, 451, 'lote 869814', '2022-11-02', '2023-05-01', 14.45, 70, 0, 70); 
insert into estoque_total values (default, 451, 70, 10, 9999); 
insert into estoque values (default, 452, 'lote 637503', '2022-11-02', '2023-05-01', 43.16, 70, 0, 70); 
insert into estoque_total values (default, 452, 70, 10, 9999); 
insert into estoque values (default, 453, 'lote 471606', '2022-11-02', '2023-05-01', 4.7, 70, 0, 70); 
insert into estoque_total values (default, 453, 70, 10, 9999); 
insert into estoque values (default, 454, 'lote 442042', '2022-11-02', '2023-05-01', 66.79, 70, 0, 70); 
insert into estoque_total values (default, 454, 70, 10, 9999); 
insert into estoque values (default, 455, 'lote 498126', '2022-11-02', '2023-05-01', 36.29, 70, 0, 70); 
insert into estoque_total values (default, 455, 70, 10, 9999); 
insert into estoque values (default, 456, 'lote 871612', '2022-11-02', '2023-05-01', 27.82, 70, 0, 70); 
insert into estoque_total values (default, 456, 70, 10, 9999); 
insert into estoque values (default, 457, 'lote 429317', '2022-11-02', '2023-05-01', 25.65, 70, 0, 70); 
insert into estoque_total values (default, 457, 70, 10, 9999); 
insert into estoque values (default, 458, 'lote 338552', '2022-11-02', '2023-05-01', 27.17, 70, 0, 70); 
insert into estoque_total values (default, 458, 70, 10, 9999); 
insert into estoque values (default, 459, 'lote 807492', '2022-11-02', '2023-05-01', 25.46, 70, 0, 70); 
insert into estoque_total values (default, 459, 70, 10, 9999); 
insert into estoque values (default, 460, 'lote 959563', '2022-11-02', '2023-05-01', 28.27, 70, 0, 70); 
insert into estoque_total values (default, 460, 70, 10, 9999); 
insert into estoque values (default, 461, 'lote 319035', '2022-11-02', '2023-05-01', 13.95, 70, 0, 70); 
insert into estoque_total values (default, 461, 70, 10, 9999); 
insert into estoque values (default, 462, 'lote 554633', '2022-11-02', '2023-05-01', 14.21, 70, 0, 70); 
insert into estoque_total values (default, 462, 70, 10, 9999); 
insert into estoque values (default, 463, 'lote 854162', '2022-11-02', '2023-05-01', 10.02, 70, 0, 70); 
insert into estoque_total values (default, 463, 70, 10, 9999); 
insert into estoque values (default, 464, 'lote 498744', '2022-11-02', '2023-05-01', 24.7, 80, 0, 80); 
insert into estoque_total values (default, 464, 80, 10, 9999); 
insert into estoque values (default, 465, 'lote 488883', '2022-11-02', '2023-05-01', 88.41, 80, 0, 80); 
insert into estoque_total values (default, 465, 80, 10, 9999); 
insert into estoque values (default, 466, 'lote 636515', '2022-11-02', '2023-05-01', 90.33, 80, 0, 80); 
insert into estoque_total values (default, 466, 80, 10, 9999); 
insert into estoque values (default, 467, 'lote 975225', '2022-11-02', '2023-05-01', 45.09, 80, 0, 80); 
insert into estoque_total values (default, 467, 80, 10, 9999); 
insert into estoque values (default, 468, 'lote 331417', '2022-11-02', '2023-05-01', 44.64, 80, 0, 80); 
insert into estoque_total values (default, 468, 80, 10, 9999); 
insert into estoque values (default, 469, 'lote 003059', '2022-11-02', '2023-05-01', 35.94, 80, 0, 80); 
insert into estoque_total values (default, 469, 80, 10, 9999); 
insert into estoque values (default, 470, 'lote 762730', '2022-11-02', '2023-05-01', 63.22, 80, 0, 80); 
insert into estoque_total values (default, 470, 80, 10, 9999); 
insert into estoque values (default, 471, 'lote 427833', '2022-11-02', '2023-05-01', 12.94, 80, 0, 80); 
insert into estoque_total values (default, 471, 80, 10, 9999); 
insert into estoque values (default, 472, 'lote 112731', '2022-11-02', '2023-05-01', 21.21, 80, 0, 80); 
insert into estoque_total values (default, 472, 80, 10, 9999); 
insert into estoque values (default, 473, 'lote 478671', '2022-11-02', '2023-05-01', 35.56, 80, 0, 80); 
insert into estoque_total values (default, 473, 80, 10, 9999); 
insert into estoque values (default, 474, 'lote 945318', '2022-11-02', '2023-05-01', 11.15, 80, 0, 80); 
insert into estoque_total values (default, 474, 80, 10, 9999); 
insert into estoque values (default, 475, 'lote 307750', '2022-11-02', '2023-05-01', 14.54, 80, 0, 80); 
insert into estoque_total values (default, 475, 80, 10, 9999); 
insert into estoque values (default, 476, 'lote 296866', '2022-11-02', '2023-05-01', 17.48, 80, 0, 80); 
insert into estoque_total values (default, 476, 80, 10, 9999); 
insert into estoque values (default, 477, 'lote 504613', '2022-11-02', '2023-05-01', 47.05, 80, 0, 80); 
insert into estoque_total values (default, 477, 80, 10, 9999); 
insert into estoque values (default, 478, 'lote 511440', '2022-11-02', '2023-05-01', 41.61, 80, 0, 80); 
insert into estoque_total values (default, 478, 80, 10, 9999); 
insert into estoque values (default, 479, 'lote 317007', '2022-11-02', '2023-05-01', 27.54, 80, 0, 80); 
insert into estoque_total values (default, 479, 80, 10, 9999); 
insert into estoque values (default, 480, 'lote 732583', '2022-11-02', '2023-05-01', 23.67, 80, 0, 80); 
insert into estoque_total values (default, 480, 80, 10, 9999); 
insert into estoque values (default, 481, 'lote 181844', '2022-11-02', '2023-05-01', 10.01, 80, 0, 80); 
insert into estoque_total values (default, 481, 80, 10, 9999); 
insert into estoque values (default, 482, 'lote 237135', '2022-11-02', '2023-05-01', 12.29, 80, 0, 80); 
insert into estoque_total values (default, 482, 80, 10, 9999); 
insert into estoque values (default, 483, 'lote 639220', '2022-11-02', '2023-05-01', 37.69, 80, 0, 80); 
insert into estoque_total values (default, 483, 80, 10, 9999); 
insert into estoque values (default, 484, 'lote 657125', '2022-11-02', '2023-05-01', 11.95, 80, 0, 80); 
insert into estoque_total values (default, 484, 80, 10, 9999); 
insert into estoque values (default, 485, 'lote 325886', '2022-11-02', '2023-05-01', 12.08, 80, 0, 80); 
insert into estoque_total values (default, 485, 80, 10, 9999); 
insert into estoque values (default, 486, 'lote 185572', '2022-11-02', '2023-05-01', 7.91, 80, 0, 80); 
insert into estoque_total values (default, 486, 80, 10, 9999); 
insert into estoque values (default, 487, 'lote 324229', '2022-11-02', '2023-05-01', 136.01, 80, 0, 80); 
insert into estoque_total values (default, 487, 80, 10, 9999); 
insert into estoque values (default, 488, 'lote 848591', '2022-11-02', '2023-05-01', 36.95, 80, 0, 80); 
insert into estoque_total values (default, 488, 80, 10, 9999); 
insert into estoque values (default, 489, 'lote 251068', '2022-11-02', '2023-05-01', 33.02, 80, 0, 80); 
insert into estoque_total values (default, 489, 80, 10, 9999); 
insert into estoque values (default, 490, 'lote 760659', '2022-11-02', '2023-05-01', 39.05, 80, 0, 80); 
insert into estoque_total values (default, 490, 80, 10, 9999); 
insert into estoque values (default, 491, 'lote 072653', '2022-11-02', '2023-05-01', 40.83, 80, 0, 80); 
insert into estoque_total values (default, 491, 80, 10, 9999); 
insert into estoque values (default, 492, 'lote 337265', '2022-11-02', '2023-05-01', 32.07, 80, 0, 80); 
insert into estoque_total values (default, 492, 80, 10, 9999); 
insert into estoque values (default, 493, 'lote 585623', '2022-11-02', '2023-05-01', 5.67, 90, 0, 90); 
insert into estoque_total values (default, 493, 90, 10, 9999); 
insert into estoque values (default, 494, 'lote 865962', '2022-11-02', '2023-05-01', 12.37, 90, 0, 90); 
insert into estoque_total values (default, 494, 90, 10, 9999); 
insert into estoque values (default, 495, 'lote 287829', '2022-11-02', '2023-05-01', 8.02, 90, 0, 90); 
insert into estoque_total values (default, 495, 90, 10, 9999); 
insert into estoque values (default, 496, 'lote 798773', '2022-11-02', '2023-05-01', 5.53, 90, 0, 90); 
insert into estoque_total values (default, 496, 90, 10, 9999); 
insert into estoque values (default, 497, 'lote 826769', '2022-11-02', '2023-05-01', 28.22, 90, 0, 90); 
insert into estoque_total values (default, 497, 90, 10, 9999); 
insert into estoque values (default, 498, 'lote 131381', '2022-11-02', '2023-05-01', 26.59, 90, 0, 90); 
insert into estoque_total values (default, 498, 90, 10, 9999); 
insert into estoque values (default, 499, 'lote 722730', '2022-11-02', '2023-05-01', 29.1, 90, 0, 90); 
insert into estoque_total values (default, 499, 90, 10, 9999); 
insert into estoque values (default, 500, 'lote 930076', '2022-11-02', '2023-05-01', 11.55, 90, 0, 90); 
insert into estoque_total values (default, 500, 90, 10, 9999); 
insert into estoque values (default, 501, 'lote 882253', '2022-11-02', '2023-05-01', 17.33, 90, 0, 90); 
insert into estoque_total values (default, 501, 90, 10, 9999); 
insert into estoque values (default, 502, 'lote 727695', '2022-11-02', '2023-05-01', 15.78, 90, 0, 90); 
insert into estoque_total values (default, 502, 90, 10, 9999); 
insert into estoque values (default, 503, 'lote 645484', '2022-11-02', '2023-05-01', 2.76, 100, 0, 100); 
insert into estoque_total values (default, 503, 100, 10, 9999); 
insert into estoque values (default, 504, 'lote 022228', '2022-11-02', '2023-05-01', 5.06, 100, 0, 100); 
insert into estoque_total values (default, 504, 100, 10, 9999); 
insert into estoque values (default, 505, 'lote 699426', '2022-11-02', '2023-05-01', 25.4, 100, 0, 100); 
insert into estoque_total values (default, 505, 100, 10, 9999); 

-- vendas, itens de venda
insert into venda values (1, '2022-11-03 06:02:32', 43.40, null, null); 
insert into itens_venda values (default, 1, 376, 376, 3, 1.30, 43.40); 
update estoque set quant_venda = quant_venda + 3, quant_atual = quant_atual - 3 where id = 376; 
update estoque_total set total = total - 3 where medicamento_id = 376; 

insert into venda values (2, '2022-11-03 08:12:56', 192.26, 4, null); 
insert into itens_venda values (default, 2, 255, 255, 1, 3.50, 47.22); 
update estoque set quant_venda = quant_venda + 1, quant_atual = quant_atual - 1 where id = 255; 
update estoque_total set total = total - 1 where medicamento_id = 255; 
insert into itens_venda values (default, 2, 418, 418, 2, 0.50, 54.80); 
update estoque set quant_venda = quant_venda + 2, quant_atual = quant_atual - 2 where id = 418; 
update estoque_total set total = total - 2 where medicamento_id = 418; 
insert into itens_venda values (default, 2, 127, 127, 2, 0.90, 90.24); 
update estoque set quant_venda = quant_venda + 2, quant_atual = quant_atual - 2 where id = 127; 
update estoque_total set total = total - 2 where medicamento_id = 127; 

insert into venda values (3, '2022-11-04 06:35:20', 58.01, 6, null); 
insert into itens_venda values (default, 3, 297, 297, 1, 0.50, 58.01); 
update estoque set quant_venda = quant_venda + 1, quant_atual = quant_atual - 1 where id = 297; 
update estoque_total set total = total - 1 where medicamento_id = 297; 

insert into venda values (4, '2022-11-04 08:08:33', 172.37, null, null); 
insert into itens_venda values (default, 4, 394, 394, 3, 2.50, 83.39); 
update estoque set quant_venda = quant_venda + 3, quant_atual = quant_atual - 3 where id = 394; 
update estoque_total set total = total - 3 where medicamento_id = 394; 
insert into itens_venda values (default, 4, 454, 454, 1, 0.00, 88.98); 
update estoque set quant_venda = quant_venda + 1, quant_atual = quant_atual - 1 where id = 454; 
update estoque_total set total = total - 1 where medicamento_id = 454; 

insert into venda values (5, '2022-11-04 08:40:22', 69.90, null, null); 
insert into itens_venda values (default, 5, 314, 314, 1, 0.80, 20.19); 
update estoque set quant_venda = quant_venda + 1, quant_atual = quant_atual - 1 where id = 314; 
update estoque_total set total = total - 1 where medicamento_id = 314; 
insert into itens_venda values (default, 5, 483, 483, 1, 0.50, 49.71); 
update estoque set quant_venda = quant_venda + 1, quant_atual = quant_atual - 1 where id = 483; 
update estoque_total set total = total - 1 where medicamento_id = 483; 

insert into venda values (6, '2022-11-04 09:15:41', 158.89, 14, null); 
insert into itens_venda values (default, 6, 435, 435, 1, 7.80, 90.22); 
update estoque set quant_venda = quant_venda + 1, quant_atual = quant_atual - 1 where id = 435; 
update estoque_total set total = total - 1 where medicamento_id = 435; 
insert into itens_venda values (default, 6, 501, 501, 3, 0.60, 68.67); 
update estoque set quant_venda = quant_venda + 3, quant_atual = quant_atual - 3 where id = 501; 
update estoque_total set total = total - 3 where medicamento_id = 501; 

insert into venda values (7, '2022-11-04 09:40:52', 288.94, 6, null); 
insert into itens_venda values (default, 7, 139, 139, 1, 18.40, 288.94); 
update estoque set quant_venda = quant_venda + 1, quant_atual = quant_atual - 1 where id = 139; 
update estoque_total set total = total - 1 where medicamento_id = 139; 

insert into venda values (8, '2022-11-04 11:06:55', 18.00, 11, null); 
insert into itens_venda values (default, 8, 453, 453, 3, 1.50, 18.00); 
update estoque set quant_venda = quant_venda + 3, quant_atual = quant_atual - 3 where id = 453; 
update estoque_total set total = total - 3 where medicamento_id = 453; 

insert into venda values (9, '2022-11-04 11:26:50', 45.71, 10, null); 
insert into itens_venda values (default, 9, 483, 483, 1, 4.50, 45.71); 
update estoque set quant_venda = quant_venda + 1, quant_atual = quant_atual - 1 where id = 483; 
update estoque_total set total = total - 1 where medicamento_id = 483; 

insert into venda values (10, '2022-11-05 06:19:18', 80.26, null, 24); 
insert into itens_venda values (default, 10, 188, 188, 2, 1.20, 42.02); 
update estoque set quant_venda = quant_venda + 2, quant_atual = quant_atual - 2 where id = 188; 
update estoque_total set total = total - 2 where medicamento_id = 188; 
insert into itens_venda values (default, 10, 427, 427, 3, 0.70, 38.24); 
update estoque set quant_venda = quant_venda + 3, quant_atual = quant_atual - 3 where id = 427; 
update estoque_total set total = total - 3 where medicamento_id = 427; 

insert into venda values (11, '2022-11-05 07:03:38', 324.30, 14, null); 
insert into itens_venda values (default, 11, 396, 396, 1, 17.00, 324.30); 
update estoque set quant_venda = quant_venda + 1, quant_atual = quant_atual - 1 where id = 396; 
update estoque_total set total = total - 1 where medicamento_id = 396; 

insert into venda values (12, '2022-11-05 07:07:07', 49.71, null, null); 
insert into itens_venda values (default, 12, 483, 483, 1, 0.50, 49.71); 
update estoque set quant_venda = quant_venda + 1, quant_atual = quant_atual - 1 where id = 483; 
update estoque_total set total = total - 1 where medicamento_id = 483; 

insert into venda values (13, '2022-11-05 07:40:43', 447.27, null, null); 
insert into itens_venda values (default, 13, 387, 387, 1, 1.90, 63.20); 
update estoque set quant_venda = quant_venda + 1, quant_atual = quant_atual - 1 where id = 387; 
update estoque_total set total = total - 1 where medicamento_id = 387; 
insert into itens_venda values (default, 13, 501, 501, 2, 1.80, 44.38); 
update estoque set quant_venda = quant_venda + 2, quant_atual = quant_atual - 2 where id = 501; 
update estoque_total set total = total - 2 where medicamento_id = 501; 
insert into itens_venda values (default, 13, 168, 168, 1, 3.40, 339.69); 
update estoque set quant_venda = quant_venda + 1, quant_atual = quant_atual - 1 where id = 168; 
update estoque_total set total = total - 1 where medicamento_id = 168; 

insert into venda values (14, '2022-11-05 08:46:29', 212.56, 2, 25); 
insert into itens_venda values (default, 14, 246, 246, 2, 7.40, 116.10); 
update estoque set quant_venda = quant_venda + 2, quant_atual = quant_atual - 2 where id = 246; 
update estoque_total set total = total - 2 where medicamento_id = 246; 
insert into itens_venda values (default, 14, 339, 339, 2, 4.50, 59.86); 
update estoque set quant_venda = quant_venda + 2, quant_atual = quant_atual - 2 where id = 339; 
update estoque_total set total = total - 2 where medicamento_id = 339; 
insert into itens_venda values (default, 14, 414, 414, 1, 1.90, 36.60); 
update estoque set quant_venda = quant_venda + 1, quant_atual = quant_atual - 1 where id = 414; 
update estoque_total set total = total - 1 where medicamento_id = 414; 

insert into venda values (15, '2022-11-05 09:58:44', 100.09, null, null); 
insert into itens_venda values (default, 15, 501, 501, 3, 2.00, 67.27); 
update estoque set quant_venda = quant_venda + 3, quant_atual = quant_atual - 3 where id = 501; 
update estoque_total set total = total - 3 where medicamento_id = 501; 
insert into itens_venda values (default, 15, 364, 364, 1, 0.30, 32.82); 
update estoque set quant_venda = quant_venda + 1, quant_atual = quant_atual - 1 where id = 364; 
update estoque_total set total = total - 1 where medicamento_id = 364; 

insert into venda values (16, '2022-11-05 11:08:24', 116.04, 1, null); 
insert into itens_venda values (default, 16, 458, 458, 2, 3.60, 68.80); 
update estoque set quant_venda = quant_venda + 2, quant_atual = quant_atual - 2 where id = 458; 
update estoque_total set total = total - 2 where medicamento_id = 458; 
insert into itens_venda values (default, 16, 427, 427, 2, 1.20, 24.76); 
update estoque set quant_venda = quant_venda + 2, quant_atual = quant_atual - 2 where id = 427; 
update estoque_total set total = total - 2 where medicamento_id = 427; 
insert into itens_venda values (default, 16, 493, 493, 3, 0.20, 22.48); 
update estoque set quant_venda = quant_venda + 3, quant_atual = quant_atual - 3 where id = 493; 
update estoque_total set total = total - 3 where medicamento_id = 493; 

insert into venda values (17, '2022-11-05 11:12:48', 148.73, null, null); 
insert into itens_venda values (default, 17, 471, 471, 1, 0.10, 17.79); 
update estoque set quant_venda = quant_venda + 1, quant_atual = quant_atual - 1 where id = 471; 
update estoque_total set total = total - 1 where medicamento_id = 471; 
insert into itens_venda values (default, 17, 172, 172, 1, 5.40, 130.94); 
update estoque set quant_venda = quant_venda + 1, quant_atual = quant_atual - 1 where id = 172; 
update estoque_total set total = total - 1 where medicamento_id = 172; 

insert into venda values (18, '2022-11-05 11:28:16', 278.31, null, null); 
insert into itens_venda values (default, 18, 408, 408, 1, 2.30, 114.23); 
update estoque set quant_venda = quant_venda + 1, quant_atual = quant_atual - 1 where id = 408; 
update estoque_total set total = total - 1 where medicamento_id = 408; 
insert into itens_venda values (default, 18, 378, 378, 2, 2.20, 72.94); 
update estoque set quant_venda = quant_venda + 2, quant_atual = quant_atual - 2 where id = 378; 
update estoque_total set total = total - 2 where medicamento_id = 378; 
insert into itens_venda values (default, 18, 127, 127, 2, 0.00, 91.14); 
update estoque set quant_venda = quant_venda + 2, quant_atual = quant_atual - 2 where id = 127; 
update estoque_total set total = total - 2 where medicamento_id = 127; 

insert into venda values (19, '2022-11-05 11:44:13', 55.95, 2, null); 
insert into itens_venda values (default, 19, 491, 491, 1, 0.50, 55.95); 
update estoque set quant_venda = quant_venda + 1, quant_atual = quant_atual - 1 where id = 491; 
update estoque_total set total = total - 1 where medicamento_id = 491; 

insert into venda values (20, '2022-11-05 12:37:05', 13.34, null, null); 
insert into itens_venda values (default, 20, 481, 481, 1, 0.00, 13.34); 
update estoque set quant_venda = quant_venda + 1, quant_atual = quant_atual - 1 where id = 481; 
update estoque_total set total = total - 1 where medicamento_id = 481; 

insert into venda values (21, '2022-11-05 12:50:18', 92.13, 1, null); 
insert into itens_venda values (default, 21, 432, 432, 3, 0.80, 13.30); 
update estoque set quant_venda = quant_venda + 3, quant_atual = quant_atual - 3 where id = 432; 
update estoque_total set total = total - 3 where medicamento_id = 432; 
insert into itens_venda values (default, 21, 355, 355, 1, 1.80, 24.31); 
update estoque set quant_venda = quant_venda + 1, quant_atual = quant_atual - 1 where id = 355; 
update estoque_total set total = total - 1 where medicamento_id = 355; 
insert into itens_venda values (default, 21, 252, 252, 2, 1.60, 54.52); 
update estoque set quant_venda = quant_venda + 2, quant_atual = quant_atual - 2 where id = 252; 
update estoque_total set total = total - 2 where medicamento_id = 252; 

insert into venda values (22, '2022-11-05 13:58:05', 269.89, 16, null); 
insert into itens_venda values (default, 22, 81, 81, 1, 5.80, 187.95); 
update estoque set quant_venda = quant_venda + 1, quant_atual = quant_atual - 1 where id = 81; 
update estoque_total set total = total - 1 where medicamento_id = 81; 
insert into itens_venda values (default, 22, 439, 439, 2, 0.00, 81.94); 
update estoque set quant_venda = quant_venda + 2, quant_atual = quant_atual - 2 where id = 439; 
update estoque_total set total = total - 2 where medicamento_id = 439; 

insert into venda values (23, '2022-11-07 06:02:25', 3.67, 14, null); 
insert into itens_venda values (default, 23, 503, 503, 1, 0.00, 3.67); 
update estoque set quant_venda = quant_venda + 1, quant_atual = quant_atual - 1 where id = 503; 
update estoque_total set total = total - 1 where medicamento_id = 503; 

insert into venda values (24, '2022-11-07 06:23:44', 83.52, null, null); 
insert into itens_venda values (default, 24, 331, 331, 2, 0.00, 47.98); 
update estoque set quant_venda = quant_venda + 2, quant_atual = quant_atual - 2 where id = 331; 
update estoque_total set total = total - 2 where medicamento_id = 331; 
insert into itens_venda values (default, 24, 397, 397, 2, 0.70, 35.54); 
update estoque set quant_venda = quant_venda + 2, quant_atual = quant_atual - 2 where id = 397; 
update estoque_total set total = total - 2 where medicamento_id = 397; 

insert into venda values (25, '2022-11-07 07:30:12', 130.32, null, null); 
insert into itens_venda values (default, 25, 422, 422, 3, 0.90, 47.07); 
update estoque set quant_venda = quant_venda + 3, quant_atual = quant_atual - 3 where id = 422; 
update estoque_total set total = total - 3 where medicamento_id = 422; 
insert into itens_venda values (default, 25, 52, 52, 1, 2.50, 83.25); 
update estoque set quant_venda = quant_venda + 1, quant_atual = quant_atual - 1 where id = 52; 
update estoque_total set total = total - 1 where medicamento_id = 52; 

insert into venda values (26, '2022-11-07 08:34:51', 71.93, null, null); 
insert into itens_venda values (default, 26, 429, 429, 3, 2.20, 71.93); 
update estoque set quant_venda = quant_venda + 3, quant_atual = quant_atual - 3 where id = 429; 
update estoque_total set total = total - 3 where medicamento_id = 429; 

insert into venda values (27, '2022-11-07 09:15:47', 174.70, 20, 23); 
insert into itens_venda values (default, 27, 155, 155, 1, 0.40, 4.55); 
update estoque set quant_venda = quant_venda + 1, quant_atual = quant_atual - 1 where id = 155; 
update estoque_total set total = total - 1 where medicamento_id = 155; 
insert into itens_venda values (default, 27, 371, 371, 1, 1.30, 136.23); 
update estoque set quant_venda = quant_venda + 1, quant_atual = quant_atual - 1 where id = 371; 
update estoque_total set total = total - 1 where medicamento_id = 371; 
insert into itens_venda values (default, 27, 382, 382, 1, 0.60, 33.92); 
update estoque set quant_venda = quant_venda + 1, quant_atual = quant_atual - 1 where id = 382; 
update estoque_total set total = total - 1 where medicamento_id = 382; 

insert into venda values (28, '2022-11-07 10:06:44', 270.28, null, 24); 
insert into itens_venda values (default, 28, 115, 115, 1, 2.70, 270.28); 
update estoque set quant_venda = quant_venda + 1, quant_atual = quant_atual - 1 where id = 115; 
update estoque_total set total = total - 1 where medicamento_id = 115; 

insert into venda values (29, '2022-11-07 10:42:41', 144.72, null, null); 
insert into itens_venda values (default, 29, 456, 456, 2, 0.00, 76.92); 
update estoque set quant_venda = quant_venda + 2, quant_atual = quant_atual - 2 where id = 456; 
update estoque_total set total = total - 2 where medicamento_id = 456; 
insert into itens_venda values (default, 29, 299, 299, 2, 0.60, 67.80); 
update estoque set quant_venda = quant_venda + 2, quant_atual = quant_atual - 2 where id = 299; 
update estoque_total set total = total - 2 where medicamento_id = 299; 

insert into venda values (30, '2022-11-07 11:54:19', 72.50, 5, 24); 
insert into itens_venda values (default, 30, 165, 165, 2, 6.30, 72.50); 
update estoque set quant_venda = quant_venda + 2, quant_atual = quant_atual - 2 where id = 165; 
update estoque_total set total = total - 2 where medicamento_id = 165; 

insert into venda values (31, '2022-11-07 12:09:30', 215.08, 3, null); 
insert into itens_venda values (default, 31, 249, 249, 2, 5.00, 96.70); 
update estoque set quant_venda = quant_venda + 2, quant_atual = quant_atual - 2 where id = 249; 
update estoque_total set total = total - 2 where medicamento_id = 249; 
insert into itens_venda values (default, 31, 477, 477, 2, 11.70, 118.38); 
update estoque set quant_venda = quant_venda + 2, quant_atual = quant_atual - 2 where id = 477; 
update estoque_total set total = total - 2 where medicamento_id = 477; 

insert into venda values (32, '2022-11-07 12:49:22', 73.13, 14, null); 
insert into itens_venda values (default, 32, 251, 251, 1, 1.40, 73.13); 
update estoque set quant_venda = quant_venda + 1, quant_atual = quant_atual - 1 where id = 251; 
update estoque_total set total = total - 1 where medicamento_id = 251; 

insert into venda values (33, '2022-11-07 13:57:02', 300.64, null, null); 
insert into itens_venda values (default, 33, 410, 410, 1, 2.10, 104.68); 
update estoque set quant_venda = quant_venda + 1, quant_atual = quant_atual - 1 where id = 410; 
update estoque_total set total = total - 1 where medicamento_id = 410; 
insert into itens_venda values (default, 33, 412, 412, 2, 3.50, 173.44); 
update estoque set quant_venda = quant_venda + 2, quant_atual = quant_atual - 2 where id = 412; 
update estoque_total set total = total - 2 where medicamento_id = 412; 
insert into itens_venda values (default, 33, 431, 431, 2, 0.00, 22.52); 
update estoque set quant_venda = quant_venda + 2, quant_atual = quant_atual - 2 where id = 431; 
update estoque_total set total = total - 2 where medicamento_id = 431; 

insert into venda values (34, '2022-11-08 06:22:01', 15.87, 10, null); 
insert into itens_venda values (default, 34, 494, 494, 1, 0.60, 15.87); 
update estoque set quant_venda = quant_venda + 1, quant_atual = quant_atual - 1 where id = 494; 
update estoque_total set total = total - 1 where medicamento_id = 494; 

insert into venda values (35, '2022-11-08 07:15:58', 168.68, null, null); 
insert into itens_venda values (default, 35, 497, 497, 1, 0.00, 37.60); 
update estoque set quant_venda = quant_venda + 1, quant_atual = quant_atual - 1 where id = 497; 
update estoque_total set total = total - 1 where medicamento_id = 497; 
insert into itens_venda values (default, 35, 491, 491, 2, 2.20, 110.70); 
update estoque set quant_venda = quant_venda + 2, quant_atual = quant_atual - 2 where id = 491; 
update estoque_total set total = total - 2 where medicamento_id = 491; 
insert into itens_venda values (default, 35, 340, 340, 1, 0.80, 20.38); 
update estoque set quant_venda = quant_venda + 1, quant_atual = quant_atual - 1 where id = 340; 
update estoque_total set total = total - 1 where medicamento_id = 340; 

insert into venda values (36, '2022-11-08 07:49:57', 55.13, null, null); 
insert into itens_venda values (default, 36, 495, 495, 3, 0.90, 31.14); 
update estoque set quant_venda = quant_venda + 3, quant_atual = quant_atual - 3 where id = 495; 
update estoque_total set total = total - 3 where medicamento_id = 495; 
insert into itens_venda values (default, 36, 331, 331, 1, 0.00, 23.99); 
update estoque set quant_venda = quant_venda + 1, quant_atual = quant_atual - 1 where id = 331; 
update estoque_total set total = total - 1 where medicamento_id = 331; 

insert into venda values (37, '2022-11-08 08:53:08', 66.38, null, null); 
insert into itens_venda values (default, 37, 505, 505, 2, 1.30, 66.38); 
update estoque set quant_venda = quant_venda + 2, quant_atual = quant_atual - 2 where id = 505; 
update estoque_total set total = total - 2 where medicamento_id = 505; 

insert into venda values (38, '2022-11-08 08:57:39', 62.28, null, null); 
insert into itens_venda values (default, 38, 349, 349, 2, 0.00, 62.28); 
update estoque set quant_venda = quant_venda + 2, quant_atual = quant_atual - 2 where id = 349; 
update estoque_total set total = total - 2 where medicamento_id = 349; 

insert into venda values (39, '2022-11-08 09:39:48', 130.64, null, null); 
insert into itens_venda values (default, 39, 417, 417, 3, 0.00, 44.22); 
update estoque set quant_venda = quant_venda + 3, quant_atual = quant_atual - 3 where id = 417; 
update estoque_total set total = total - 3 where medicamento_id = 417; 
insert into itens_venda values (default, 39, 426, 426, 2, 0.00, 72.52); 
update estoque set quant_venda = quant_venda + 2, quant_atual = quant_atual - 2 where id = 426; 
update estoque_total set total = total - 2 where medicamento_id = 426; 
insert into itens_venda values (default, 39, 309, 309, 1, 0.10, 13.90); 
update estoque set quant_venda = quant_venda + 1, quant_atual = quant_atual - 1 where id = 309; 
update estoque_total set total = total - 1 where medicamento_id = 309; 

insert into venda values (40, '2022-11-08 10:46:43', 256.65, 13, null); 
insert into itens_venda values (default, 40, 487, 487, 1, 15.00, 173.03); 
update estoque set quant_venda = quant_venda + 1, quant_atual = quant_atual - 1 where id = 487; 
update estoque_total set total = total - 1 where medicamento_id = 487; 
insert into itens_venda values (default, 40, 385, 385, 3, 0.00, 64.47); 
update estoque set quant_venda = quant_venda + 3, quant_atual = quant_atual - 3 where id = 385; 
update estoque_total set total = total - 3 where medicamento_id = 385; 
insert into itens_venda values (default, 40, 451, 451, 1, 0.10, 19.15); 
update estoque set quant_venda = quant_venda + 1, quant_atual = quant_atual - 1 where id = 451; 
update estoque_total set total = total - 1 where medicamento_id = 451; 

insert into venda values (41, '2022-11-08 11:39:14', 192.14, null, null); 
insert into itens_venda values (default, 41, 435, 435, 2, 3.90, 192.14); 
update estoque set quant_venda = quant_venda + 2, quant_atual = quant_atual - 2 where id = 435; 
update estoque_total set total = total - 2 where medicamento_id = 435; 

insert into venda values (42, '2022-11-08 11:39:46', 196.01, 9, null); 
insert into itens_venda values (default, 42, 329, 329, 2, 3.40, 64.80); 
update estoque set quant_venda = quant_venda + 2, quant_atual = quant_atual - 2 where id = 329; 
update estoque_total set total = total - 2 where medicamento_id = 329; 
insert into itens_venda values (default, 42, 413, 413, 1, 7.20, 83.02); 
update estoque set quant_venda = quant_venda + 1, quant_atual = quant_atual - 1 where id = 413; 
update estoque_total set total = total - 1 where medicamento_id = 413; 
insert into itens_venda values (default, 42, 377, 377, 3, 2.00, 48.19); 
update estoque set quant_venda = quant_venda + 3, quant_atual = quant_atual - 3 where id = 377; 
update estoque_total set total = total - 3 where medicamento_id = 377; 

insert into venda values (43, '2022-11-09 06:35:04', 100.60, 11, null); 
insert into itens_venda values (default, 43, 399, 399, 2, 3.10, 100.60); 
update estoque set quant_venda = quant_venda + 2, quant_atual = quant_atual - 2 where id = 399; 
update estoque_total set total = total - 2 where medicamento_id = 399; 

insert into venda values (44, '2022-11-09 07:28:03', 15.09, 9, null); 
insert into itens_venda values (default, 44, 448, 448, 1, 1.40, 15.09); 
update estoque set quant_venda = quant_venda + 1, quant_atual = quant_atual - 1 where id = 448; 
update estoque_total set total = total - 1 where medicamento_id = 448; 

insert into venda values (45, '2022-11-09 08:05:23', 442.80, null, 24); 
insert into itens_venda values (default, 45, 450, 450, 2, 1.30, 42.74); 
update estoque set quant_venda = quant_venda + 2, quant_atual = quant_atual - 2 where id = 450; 
update estoque_total set total = total - 2 where medicamento_id = 450; 
insert into itens_venda values (default, 45, 415, 415, 1, 0.00, 153.62); 
update estoque set quant_venda = quant_venda + 1, quant_atual = quant_atual - 1 where id = 415; 
update estoque_total set total = total - 1 where medicamento_id = 415; 
insert into itens_venda values (default, 45, 96, 96, 1, 7.60, 246.44); 
update estoque set quant_venda = quant_venda + 1, quant_atual = quant_atual - 1 where id = 96; 
update estoque_total set total = total - 1 where medicamento_id = 96; 

insert into venda values (46, '2022-11-09 08:37:30', 59.51, null, null); 
insert into itens_venda values (default, 46, 439, 439, 1, 0.80, 40.17); 
update estoque set quant_venda = quant_venda + 1, quant_atual = quant_atual - 1 where id = 439; 
update estoque_total set total = total - 1 where medicamento_id = 439; 
insert into itens_venda values (default, 46, 500, 500, 1, 0.30, 15.67); 
update estoque set quant_venda = quant_venda + 1, quant_atual = quant_atual - 1 where id = 500; 
update estoque_total set total = total - 1 where medicamento_id = 500; 
insert into itens_venda values (default, 46, 503, 503, 1, 0.00, 3.67); 
update estoque set quant_venda = quant_venda + 1, quant_atual = quant_atual - 1 where id = 503; 
update estoque_total set total = total - 1 where medicamento_id = 503; 

insert into venda values (47, '2022-11-09 09:40:23', 113.05, null, null); 
insert into itens_venda values (default, 47, 345, 345, 1, 0.70, 25.36); 
update estoque set quant_venda = quant_venda + 1, quant_atual = quant_atual - 1 where id = 345; 
update estoque_total set total = total - 1 where medicamento_id = 345; 
insert into itens_venda values (default, 47, 377, 377, 3, 1.00, 49.19); 
update estoque set quant_venda = quant_venda + 3, quant_atual = quant_atual - 3 where id = 377; 
update estoque_total set total = total - 3 where medicamento_id = 377; 
insert into itens_venda values (default, 47, 451, 451, 2, 0.00, 38.50); 
update estoque set quant_venda = quant_venda + 2, quant_atual = quant_atual - 2 where id = 451; 
update estoque_total set total = total - 2 where medicamento_id = 451; 

insert into venda values (48, '2022-11-09 10:04:12', 570.90, null, 24); 
insert into itens_venda values (default, 48, 279, 279, 2, 0.00, 59.04); 
update estoque set quant_venda = quant_venda + 2, quant_atual = quant_atual - 2 where id = 279; 
update estoque_total set total = total - 2 where medicamento_id = 279; 
insert into itens_venda values (default, 48, 230, 230, 1, 11.80, 384.78); 
update estoque set quant_venda = quant_venda + 1, quant_atual = quant_atual - 1 where id = 230; 
update estoque_total set total = total - 1 where medicamento_id = 230; 
insert into itens_venda values (default, 48, 125, 125, 2, 5.20, 127.08); 
update estoque set quant_venda = quant_venda + 2, quant_atual = quant_atual - 2 where id = 125; 
update estoque_total set total = total - 2 where medicamento_id = 125; 

insert into venda values (49, '2022-11-09 11:16:23', 47.37, 2, null); 
insert into itens_venda values (default, 49, 485, 485, 3, 0.90, 47.37); 
update estoque set quant_venda = quant_venda + 3, quant_atual = quant_atual - 3 where id = 485; 
update estoque_total set total = total - 3 where medicamento_id = 485; 

insert into venda values (50, '2022-11-09 11:37:29', 207.31, null, null); 
insert into itens_venda values (default, 50, 263, 263, 1, 4.20, 207.31); 
update estoque set quant_venda = quant_venda + 1, quant_atual = quant_atual - 1 where id = 263; 
update estoque_total set total = total - 1 where medicamento_id = 263; 

insert into venda values (51, '2022-11-09 12:44:42', 242.65, null, 21); 
insert into itens_venda values (default, 51, 140, 140, 1, 1.50, 154.09); 
update estoque set quant_venda = quant_venda + 1, quant_atual = quant_atual - 1 where id = 140; 
update estoque_total set total = total - 1 where medicamento_id = 140; 
insert into itens_venda values (default, 51, 136, 136, 2, 3.60, 88.56); 
update estoque set quant_venda = quant_venda + 2, quant_atual = quant_atual - 2 where id = 136; 
update estoque_total set total = total - 2 where medicamento_id = 136; 

insert into venda values (52, '2022-11-09 13:34:44', 394.60, 4, 22); 
insert into itens_venda values (default, 52, 221, 221, 2, 7.60, 184.84); 
update estoque set quant_venda = quant_venda + 2, quant_atual = quant_atual - 2 where id = 221; 
update estoque_total set total = total - 2 where medicamento_id = 221; 
insert into itens_venda values (default, 52, 452, 452, 2, 8.30, 111.04); 
update estoque set quant_venda = quant_venda + 2, quant_atual = quant_atual - 2 where id = 452; 
update estoque_total set total = total - 2 where medicamento_id = 452; 
insert into itens_venda values (default, 52, 383, 383, 2, 5.10, 98.72); 
update estoque set quant_venda = quant_venda + 2, quant_atual = quant_atual - 2 where id = 383; 
update estoque_total set total = total - 2 where medicamento_id = 383; 

insert into venda values (53, '2022-11-09 14:34:43', 69.76, 8, 25); 
insert into itens_venda values (default, 53, 133, 133, 1, 0.00, 69.76); 
update estoque set quant_venda = quant_venda + 1, quant_atual = quant_atual - 1 where id = 133; 
update estoque_total set total = total - 1 where medicamento_id = 133; 

insert into venda values (54, '2022-11-09 14:50:42', 245.96, null, 25); 
insert into itens_venda values (default, 54, 277, 277, 2, 2.80, 67.96); 
update estoque set quant_venda = quant_venda + 2, quant_atual = quant_atual - 2 where id = 277; 
update estoque_total set total = total - 2 where medicamento_id = 277; 
insert into itens_venda values (default, 54, 391, 391, 2, 0.00, 178.00); 
update estoque set quant_venda = quant_venda + 2, quant_atual = quant_atual - 2 where id = 391; 
update estoque_total set total = total - 2 where medicamento_id = 391; 

insert into venda values (55, '2022-11-10 07:30:34', 35.66, null, 21); 
insert into itens_venda values (default, 55, 181, 181, 1, 0.30, 35.66); 
update estoque set quant_venda = quant_venda + 1, quant_atual = quant_atual - 1 where id = 181; 
update estoque_total set total = total - 1 where medicamento_id = 181; 

insert into venda values (56, '2022-11-10 09:19:44', 31.38, 1, null); 
insert into itens_venda values (default, 56, 423, 423, 2, 0.60, 31.38); 
update estoque set quant_venda = quant_venda + 2, quant_atual = quant_atual - 2 where id = 423; 
update estoque_total set total = total - 2 where medicamento_id = 423; 

insert into venda values (57, '2022-11-10 11:07:27', 104.24, 11, 23); 
insert into itens_venda values (default, 57, 308, 308, 2, 2.10, 104.24); 
update estoque set quant_venda = quant_venda + 2, quant_atual = quant_atual - 2 where id = 308; 
update estoque_total set total = total - 2 where medicamento_id = 308; 

insert into venda values (58, '2022-11-10 12:22:05', 170.18, 20, null); 
insert into itens_venda values (default, 58, 432, 432, 3, 0.70, 13.40); 
update estoque set quant_venda = quant_venda + 3, quant_atual = quant_atual - 3 where id = 432; 
update estoque_total set total = total - 3 where medicamento_id = 432; 
insert into itens_venda values (default, 58, 351, 351, 2, 3.00, 40.60); 
update estoque set quant_venda = quant_venda + 2, quant_atual = quant_atual - 2 where id = 351; 
update estoque_total set total = total - 2 where medicamento_id = 351; 
insert into itens_venda values (default, 58, 466, 466, 1, 8.70, 116.18); 
update estoque set quant_venda = quant_venda + 1, quant_atual = quant_atual - 1 where id = 466; 
update estoque_total set total = total - 1 where medicamento_id = 466; 

insert into venda values (59, '2022-11-10 12:27:00', 172.17, null, 23); 
insert into itens_venda values (default, 59, 463, 463, 1, 0.20, 13.15); 
update estoque set quant_venda = quant_venda + 1, quant_atual = quant_atual - 1 where id = 463; 
update estoque_total set total = total - 1 where medicamento_id = 463; 
insert into itens_venda values (default, 59, 169, 169, 1, 0.30, 37.97); 
update estoque set quant_venda = quant_venda + 1, quant_atual = quant_atual - 1 where id = 169; 
update estoque_total set total = total - 1 where medicamento_id = 169; 
insert into itens_venda values (default, 59, 333, 333, 1, 0.00, 121.05); 
update estoque set quant_venda = quant_venda + 1, quant_atual = quant_atual - 1 where id = 333; 
update estoque_total set total = total - 1 where medicamento_id = 333; 

insert into venda values (60, '2022-11-10 13:20:37', 425.12, null, null); 
insert into itens_venda values (default, 60, 442, 442, 3, 1.30, 67.82); 
update estoque set quant_venda = quant_venda + 3, quant_atual = quant_atual - 3 where id = 442; 
update estoque_total set total = total - 3 where medicamento_id = 442; 
insert into itens_venda values (default, 60, 272, 272, 1, 8.20, 268.11); 
update estoque set quant_venda = quant_venda + 1, quant_atual = quant_atual - 1 where id = 272; 
update estoque_total set total = total - 1 where medicamento_id = 272; 
insert into itens_venda values (default, 60, 271, 271, 1, 0.90, 89.19); 
update estoque set quant_venda = quant_venda + 1, quant_atual = quant_atual - 1 where id = 271; 
update estoque_total set total = total - 1 where medicamento_id = 271; 

insert into venda values (61, '2022-11-10 13:33:59', 143.53, null, null); 
insert into itens_venda values (default, 61, 496, 496, 3, 0.80, 21.31); 
update estoque set quant_venda = quant_venda + 3, quant_atual = quant_atual - 3 where id = 496; 
update estoque_total set total = total - 3 where medicamento_id = 496; 
insert into itens_venda values (default, 61, 465, 465, 1, 0.00, 122.22); 
update estoque set quant_venda = quant_venda + 1, quant_atual = quant_atual - 1 where id = 465; 
update estoque_total set total = total - 1 where medicamento_id = 465; 

insert into venda values (62, '2022-11-11 06:43:14', 97.90, 2, null); 
insert into itens_venda values (default, 62, 442, 442, 1, 0.60, 22.44); 
update estoque set quant_venda = quant_venda + 1, quant_atual = quant_atual - 1 where id = 442; 
update estoque_total set total = total - 1 where medicamento_id = 442; 
insert into itens_venda values (default, 62, 389, 389, 1, 0.00, 32.40); 
update estoque set quant_venda = quant_venda + 1, quant_atual = quant_atual - 1 where id = 389; 
update estoque_total set total = total - 1 where medicamento_id = 389; 
insert into itens_venda values (default, 62, 218, 218, 2, 3.70, 43.06); 
update estoque set quant_venda = quant_venda + 2, quant_atual = quant_atual - 2 where id = 218; 
update estoque_total set total = total - 2 where medicamento_id = 218; 

insert into venda values (63, '2022-11-11 07:40:35', 153.52, null, null); 
insert into itens_venda values (default, 63, 368, 368, 1, 0.10, 15.68); 
update estoque set quant_venda = quant_venda + 1, quant_atual = quant_atual - 1 where id = 368; 
update estoque_total set total = total - 1 where medicamento_id = 368; 
insert into itens_venda values (default, 63, 395, 395, 2, 0.80, 81.74); 
update estoque set quant_venda = quant_venda + 2, quant_atual = quant_atual - 2 where id = 395; 
update estoque_total set total = total - 2 where medicamento_id = 395; 
insert into itens_venda values (default, 63, 321, 321, 2, 0.00, 56.10); 
update estoque set quant_venda = quant_venda + 2, quant_atual = quant_atual - 2 where id = 321; 
update estoque_total set total = total - 2 where medicamento_id = 321; 

insert into venda values (64, '2022-11-12 06:39:59', 175.12, null, null); 
insert into itens_venda values (default, 64, 451, 451, 2, 1.50, 37.00); 
update estoque set quant_venda = quant_venda + 2, quant_atual = quant_atual - 2 where id = 451; 
update estoque_total set total = total - 2 where medicamento_id = 451; 
insert into itens_venda values (default, 64, 442, 442, 1, 0.90, 22.14); 
update estoque set quant_venda = quant_venda + 1, quant_atual = quant_atual - 1 where id = 442; 
update estoque_total set total = total - 1 where medicamento_id = 442; 
insert into itens_venda values (default, 64, 381, 381, 2, 4.80, 115.98); 
update estoque set quant_venda = quant_venda + 2, quant_atual = quant_atual - 2 where id = 381; 
update estoque_total set total = total - 2 where medicamento_id = 381; 

insert into venda values (65, '2022-11-13 07:25:31', 167.31, 5, null); 
insert into itens_venda values (default, 65, 332, 332, 2, 8.80, 117.28); 
update estoque set quant_venda = quant_venda + 2, quant_atual = quant_atual - 2 where id = 332; 
update estoque_total set total = total - 2 where medicamento_id = 332; 
insert into itens_venda values (default, 65, 423, 423, 1, 1.40, 14.59); 
update estoque set quant_venda = quant_venda + 1, quant_atual = quant_atual - 1 where id = 423; 
update estoque_total set total = total - 1 where medicamento_id = 423; 
insert into itens_venda values (default, 65, 379, 379, 3, 2.60, 35.44); 
update estoque set quant_venda = quant_venda + 3, quant_atual = quant_atual - 3 where id = 379; 
update estoque_total set total = total - 3 where medicamento_id = 379; 

insert into venda values (66, '2022-11-13 09:45:27', 158.80, null, null); 
insert into itens_venda values (default, 66, 431, 431, 2, 0.60, 21.92); 
update estoque set quant_venda = quant_venda + 2, quant_atual = quant_atual - 2 where id = 431; 
update estoque_total set total = total - 2 where medicamento_id = 431; 
insert into itens_venda values (default, 66, 171, 171, 2, 5.70, 136.88); 
update estoque set quant_venda = quant_venda + 2, quant_atual = quant_atual - 2 where id = 171; 
update estoque_total set total = total - 2 where medicamento_id = 171; 

insert into venda values (67, '2022-11-13 10:11:20', 58.64, 13, null); 
insert into itens_venda values (default, 67, 332, 332, 1, 4.40, 58.64); 
update estoque set quant_venda = quant_venda + 1, quant_atual = quant_atual - 1 where id = 332; 
update estoque_total set total = total - 1 where medicamento_id = 332; 

insert into venda values (68, '2022-11-14 07:49:29', 42.82, 17, null); 
insert into itens_venda values (default, 68, 209, 209, 1, 3.20, 42.82); 
update estoque set quant_venda = quant_venda + 1, quant_atual = quant_atual - 1 where id = 209; 
update estoque_total set total = total - 1 where medicamento_id = 209; 

insert into venda values (69, '2022-11-14 07:53:33', 93.78, 5, null); 
insert into itens_venda values (default, 69, 132, 132, 2, 4.90, 93.78); 
update estoque set quant_venda = quant_venda + 2, quant_atual = quant_atual - 2 where id = 132; 
update estoque_total set total = total - 2 where medicamento_id = 132; 

insert into venda values (70, '2022-11-14 09:40:36', 118.76, null, null); 
insert into itens_venda values (default, 70, 468, 468, 1, 1.10, 58.37); 
update estoque set quant_venda = quant_venda + 1, quant_atual = quant_atual - 1 where id = 468; 
update estoque_total set total = total - 1 where medicamento_id = 468; 
insert into itens_venda values (default, 70, 381, 381, 1, 0.00, 60.39); 
update estoque set quant_venda = quant_venda + 1, quant_atual = quant_atual - 1 where id = 381; 
update estoque_total set total = total - 1 where medicamento_id = 381; 

insert into venda values (71, '2022-11-15 08:17:05', 226.64, 7, null); 
insert into itens_venda values (default, 71, 264, 264, 1, 3.90, 45.26); 
update estoque set quant_venda = quant_venda + 1, quant_atual = quant_atual - 1 where id = 264; 
update estoque_total set total = total - 1 where medicamento_id = 264; 
insert into itens_venda values (default, 71, 362, 362, 1, 7.50, 181.38); 
update estoque set quant_venda = quant_venda + 1, quant_atual = quant_atual - 1 where id = 362; 
update estoque_total set total = total - 1 where medicamento_id = 362; 

insert into venda values (72, '2022-11-15 08:33:45', 385.22, null, 21); 
insert into itens_venda values (default, 72, 325, 325, 2, 1.10, 112.86); 
update estoque set quant_venda = quant_venda + 2, quant_atual = quant_atual - 2 where id = 325; 
update estoque_total set total = total - 2 where medicamento_id = 325; 
insert into itens_venda values (default, 72, 334, 334, 2, 0.00, 125.06); 
update estoque set quant_venda = quant_venda + 2, quant_atual = quant_atual - 2 where id = 334; 
update estoque_total set total = total - 2 where medicamento_id = 334; 
insert into itens_venda values (default, 72, 170, 170, 2, 6.10, 147.30); 
update estoque set quant_venda = quant_venda + 2, quant_atual = quant_atual - 2 where id = 170; 
update estoque_total set total = total - 2 where medicamento_id = 170; 

insert into venda values (73, '2022-11-15 11:09:16', 468.56, 12, null); 
insert into itens_venda values (default, 73, 259, 259, 1, 27.50, 366.74); 
update estoque set quant_venda = quant_venda + 1, quant_atual = quant_atual - 1 where id = 259; 
update estoque_total set total = total - 1 where medicamento_id = 259; 
insert into itens_venda values (default, 73, 383, 383, 2, 2.00, 101.82); 
update estoque set quant_venda = quant_venda + 2, quant_atual = quant_atual - 2 where id = 383; 
update estoque_total set total = total - 2 where medicamento_id = 383; 

insert into venda values (74, '2022-11-15 12:10:46', 33.10, null, null); 
insert into itens_venda values (default, 74, 329, 329, 1, 1.00, 33.10); 
update estoque set quant_venda = quant_venda + 1, quant_atual = quant_atual - 1 where id = 329; 
update estoque_total set total = total - 1 where medicamento_id = 329; 

insert into venda values (75, '2022-11-15 14:56:36', 22.36, 18, null); 
insert into itens_venda values (default, 75, 416, 416, 1, 0.40, 22.36); 
update estoque set quant_venda = quant_venda + 1, quant_atual = quant_atual - 1 where id = 416; 
update estoque_total set total = total - 1 where medicamento_id = 416; 

insert into venda values (76, '2022-11-15 14:58:07', 99.84, null, null); 
insert into itens_venda values (default, 76, 258, 258, 1, 0.00, 63.45); 
update estoque set quant_venda = quant_venda + 1, quant_atual = quant_atual - 1 where id = 258; 
update estoque_total set total = total - 1 where medicamento_id = 258; 
insert into itens_venda values (default, 76, 479, 479, 1, 0.30, 36.39); 
update estoque set quant_venda = quant_venda + 1, quant_atual = quant_atual - 1 where id = 479; 
update estoque_total set total = total - 1 where medicamento_id = 479; 

insert into venda values (77, '2022-11-16 08:36:10', 274.16, 13, 22); 
insert into itens_venda values (default, 77, 367, 367, 2, 9.70, 185.34); 
update estoque set quant_venda = quant_venda + 2, quant_atual = quant_atual - 2 where id = 367; 
update estoque_total set total = total - 2 where medicamento_id = 367; 
insert into itens_venda values (default, 77, 367, 367, 1, 8.70, 88.82); 
update estoque set quant_venda = quant_venda + 1, quant_atual = quant_atual - 1 where id = 367; 
update estoque_total set total = total - 1 where medicamento_id = 367; 

insert into venda values (78, '2022-11-17 06:43:26', 332.71, null, 25); 
insert into itens_venda values (default, 78, 348, 348, 3, 0.00, 70.47); 
update estoque set quant_venda = quant_venda + 3, quant_atual = quant_atual - 3 where id = 348; 
update estoque_total set total = total - 3 where medicamento_id = 348; 
insert into itens_venda values (default, 78, 440, 440, 1, 1.10, 38.31); 
update estoque set quant_venda = quant_venda + 1, quant_atual = quant_atual - 1 where id = 440; 
update estoque_total set total = total - 1 where medicamento_id = 440; 
insert into itens_venda values (default, 78, 190, 190, 1, 0.00, 223.93); 
update estoque set quant_venda = quant_venda + 1, quant_atual = quant_atual - 1 where id = 190; 
update estoque_total set total = total - 1 where medicamento_id = 190; 

insert into venda values (79, '2022-11-17 07:22:12', 255.82, null, null); 
insert into itens_venda values (default, 79, 239, 239, 1, 3.80, 190.35); 
update estoque set quant_venda = quant_venda + 1, quant_atual = quant_atual - 1 where id = 239; 
update estoque_total set total = total - 1 where medicamento_id = 239; 
insert into itens_venda values (default, 79, 420, 420, 1, 1.30, 65.47); 
update estoque set quant_venda = quant_venda + 1, quant_atual = quant_atual - 1 where id = 420; 
update estoque_total set total = total - 1 where medicamento_id = 420; 

insert into venda values (80, '2022-11-17 07:45:01', 137.53, null, null); 
insert into itens_venda values (default, 80, 371, 371, 1, 0.00, 137.53); 
update estoque set quant_venda = quant_venda + 1, quant_atual = quant_atual - 1 where id = 371; 
update estoque_total set total = total - 1 where medicamento_id = 371; 

insert into venda values (81, '2022-11-17 08:52:00', 433.72, 19, 24); 
insert into itens_venda values (default, 81, 105, 105, 1, 4.50, 223.08); 
update estoque set quant_venda = quant_venda + 1, quant_atual = quant_atual - 1 where id = 105; 
update estoque_total set total = total - 1 where medicamento_id = 105; 
insert into itens_venda values (default, 81, 261, 261, 1, 4.40, 70.48); 
update estoque set quant_venda = quant_venda + 1, quant_atual = quant_atual - 1 where id = 261; 
update estoque_total set total = total - 1 where medicamento_id = 261; 
insert into itens_venda values (default, 81, 251, 251, 2, 8.90, 140.16); 
update estoque set quant_venda = quant_venda + 2, quant_atual = quant_atual - 2 where id = 251; 
update estoque_total set total = total - 2 where medicamento_id = 251; 

insert into venda values (82, '2022-11-17 09:01:10', 87.09, null, null); 
insert into itens_venda values (default, 82, 499, 499, 1, 0.70, 38.07); 
update estoque set quant_venda = quant_venda + 1, quant_atual = quant_atual - 1 where id = 499; 
update estoque_total set total = total - 1 where medicamento_id = 499; 
insert into itens_venda values (default, 82, 288, 288, 3, 0.00, 49.02); 
update estoque set quant_venda = quant_venda + 3, quant_atual = quant_atual - 3 where id = 288; 
update estoque_total set total = total - 3 where medicamento_id = 288; 

insert into venda values (83, '2022-11-17 09:31:16', 103.30, null, 25); 
insert into itens_venda values (default, 83, 349, 349, 1, 0.00, 31.14); 
update estoque set quant_venda = quant_venda + 1, quant_atual = quant_atual - 1 where id = 349; 
update estoque_total set total = total - 1 where medicamento_id = 349; 
insert into itens_venda values (default, 83, 497, 497, 1, 0.00, 37.60); 
update estoque set quant_venda = quant_venda + 1, quant_atual = quant_atual - 1 where id = 497; 
update estoque_total set total = total - 1 where medicamento_id = 497; 
insert into itens_venda values (default, 83, 181, 181, 1, 1.40, 34.56); 
update estoque set quant_venda = quant_venda + 1, quant_atual = quant_atual - 1 where id = 181; 
update estoque_total set total = total - 1 where medicamento_id = 181; 

insert into venda values (84, '2022-11-17 10:08:10', 415.37, null, null); 
insert into itens_venda values (default, 84, 478, 478, 2, 2.30, 112.74); 
update estoque set quant_venda = quant_venda + 2, quant_atual = quant_atual - 2 where id = 478; 
update estoque_total set total = total - 2 where medicamento_id = 478; 
insert into itens_venda values (default, 84, 382, 382, 1, 0.00, 34.52); 
update estoque set quant_venda = quant_venda + 1, quant_atual = quant_atual - 1 where id = 382; 
update estoque_total set total = total - 1 where medicamento_id = 382; 
insert into itens_venda values (default, 84, 272, 272, 1, 8.20, 268.11); 
update estoque set quant_venda = quant_venda + 1, quant_atual = quant_atual - 1 where id = 272; 
update estoque_total set total = total - 1 where medicamento_id = 272; 

insert into venda values (85, '2022-11-17 11:00:38', 202.76, 9, null); 
insert into itens_venda values (default, 85, 502, 502, 2, 0.40, 43.22); 
update estoque set quant_venda = quant_venda + 2, quant_atual = quant_atual - 2 where id = 502; 
update estoque_total set total = total - 2 where medicamento_id = 502; 
insert into itens_venda values (default, 85, 224, 224, 2, 0.00, 159.54); 
update estoque set quant_venda = quant_venda + 2, quant_atual = quant_atual - 2 where id = 224; 
update estoque_total set total = total - 2 where medicamento_id = 224; 

insert into venda values (86, '2022-11-18 07:36:30', 266.05, 3, null); 
insert into itens_venda values (default, 86, 273, 273, 2, 0.00, 66.32); 
update estoque set quant_venda = quant_venda + 2, quant_atual = quant_atual - 2 where id = 273; 
update estoque_total set total = total - 2 where medicamento_id = 273; 
insert into itens_venda values (default, 86, 395, 395, 1, 3.30, 37.97); 
update estoque set quant_venda = quant_venda + 1, quant_atual = quant_atual - 1 where id = 395; 
update estoque_total set total = total - 1 where medicamento_id = 395; 
insert into itens_venda values (default, 86, 88, 88, 1, 3.30, 161.76); 
update estoque set quant_venda = quant_venda + 1, quant_atual = quant_atual - 1 where id = 88; 
update estoque_total set total = total - 1 where medicamento_id = 88; 

insert into venda values (87, '2022-11-18 08:23:16', 135.40, 11, null); 
insert into itens_venda values (default, 87, 504, 504, 1, 0.60, 6.15); 
update estoque set quant_venda = quant_venda + 1, quant_atual = quant_atual - 1 where id = 504; 
update estoque_total set total = total - 1 where medicamento_id = 504; 
insert into itens_venda values (default, 87, 472, 472, 3, 7.90, 80.06); 
update estoque set quant_venda = quant_venda + 3, quant_atual = quant_atual - 3 where id = 472; 
update estoque_total set total = total - 3 where medicamento_id = 472; 
insert into itens_venda values (default, 87, 377, 377, 3, 1.00, 49.19); 
update estoque set quant_venda = quant_venda + 3, quant_atual = quant_atual - 3 where id = 377; 
update estoque_total set total = total - 3 where medicamento_id = 377; 

insert into venda values (88, '2022-11-18 09:08:10', 156.97, null, null); 
insert into itens_venda values (default, 88, 470, 470, 1, 2.60, 84.80); 
update estoque set quant_venda = quant_venda + 1, quant_atual = quant_atual - 1 where id = 470; 
update estoque_total set total = total - 1 where medicamento_id = 470; 
insert into itens_venda values (default, 88, 411, 411, 1, 0.00, 72.17); 
update estoque set quant_venda = quant_venda + 1, quant_atual = quant_atual - 1 where id = 411; 
update estoque_total set total = total - 1 where medicamento_id = 411; 

insert into venda values (89, '2022-11-19 06:49:23', 92.34, null, null); 
insert into itens_venda values (default, 89, 461, 461, 2, 0.00, 37.18); 
update estoque set quant_venda = quant_venda + 2, quant_atual = quant_atual - 2 where id = 461; 
update estoque_total set total = total - 2 where medicamento_id = 461; 
insert into itens_venda values (default, 89, 175, 175, 1, 0.00, 33.88); 
update estoque set quant_venda = quant_venda + 1, quant_atual = quant_atual - 1 where id = 175; 
update estoque_total set total = total - 1 where medicamento_id = 175; 
insert into itens_venda values (default, 89, 486, 486, 2, 0.60, 21.28); 
update estoque set quant_venda = quant_venda + 2, quant_atual = quant_atual - 2 where id = 486; 
update estoque_total set total = total - 2 where medicamento_id = 486; 

insert into venda values (90, '2022-11-19 07:59:46', 76.10, 5, null); 
insert into itens_venda values (default, 90, 373, 373, 2, 6.20, 63.26); 
update estoque set quant_venda = quant_venda + 2, quant_atual = quant_atual - 2 where id = 373; 
update estoque_total set total = total - 2 where medicamento_id = 373; 
insert into itens_venda values (default, 90, 481, 481, 1, 0.50, 12.84); 
update estoque set quant_venda = quant_venda + 1, quant_atual = quant_atual - 1 where id = 481; 
update estoque_total set total = total - 1 where medicamento_id = 481; 

insert into venda values (91, '2022-11-19 08:05:42', 81.22, null, null); 
insert into itens_venda values (default, 91, 275, 275, 1, 2.50, 81.22); 
update estoque set quant_venda = quant_venda + 1, quant_atual = quant_atual - 1 where id = 275; 
update estoque_total set total = total - 1 where medicamento_id = 275; 

insert into venda values (92, '2022-11-19 08:30:11', 275.27, null, null); 
insert into itens_venda values (default, 92, 77, 77, 1, 4.70, 232.47); 
update estoque set quant_venda = quant_venda + 1, quant_atual = quant_atual - 1 where id = 77; 
update estoque_total set total = total - 1 where medicamento_id = 77; 
insert into itens_venda values (default, 92, 351, 351, 2, 0.80, 42.80); 
update estoque set quant_venda = quant_venda + 2, quant_atual = quant_atual - 2 where id = 351; 
update estoque_total set total = total - 2 where medicamento_id = 351; 

insert into venda values (93, '2022-11-19 08:40:17', 128.94, null, null); 
insert into itens_venda values (default, 93, 439, 439, 2, 1.60, 80.34); 
update estoque set quant_venda = quant_venda + 2, quant_atual = quant_atual - 2 where id = 439; 
update estoque_total set total = total - 2 where medicamento_id = 439; 
insert into itens_venda values (default, 93, 404, 404, 3, 0.00, 48.60); 
update estoque set quant_venda = quant_venda + 3, quant_atual = quant_atual - 3 where id = 404; 
update estoque_total set total = total - 3 where medicamento_id = 404; 

insert into venda values (94, '2022-11-19 09:20:04', 36.74, 15, null); 
insert into itens_venda values (default, 94, 324, 324, 2, 2.30, 36.74); 
update estoque set quant_venda = quant_venda + 2, quant_atual = quant_atual - 2 where id = 324; 
update estoque_total set total = total - 2 where medicamento_id = 324; 

insert into venda values (95, '2022-11-19 10:28:44', 24.05, null, null); 
insert into itens_venda values (default, 95, 409, 409, 1, 0.40, 24.05); 
update estoque set quant_venda = quant_venda + 1, quant_atual = quant_atual - 1 where id = 409; 
update estoque_total set total = total - 1 where medicamento_id = 409; 

insert into venda values (96, '2022-11-19 11:27:43', 13.30, null, null); 
insert into itens_venda values (default, 96, 504, 504, 2, 0.20, 13.30); 
update estoque set quant_venda = quant_venda + 2, quant_atual = quant_atual - 2 where id = 504; 
update estoque_total set total = total - 2 where medicamento_id = 504; 

insert into venda values (97, '2022-11-19 12:44:18', 33.00, 19, null); 
insert into itens_venda values (default, 97, 458, 458, 1, 3.20, 33.00); 
update estoque set quant_venda = quant_venda + 1, quant_atual = quant_atual - 1 where id = 458; 
update estoque_total set total = total - 1 where medicamento_id = 458; 

insert into venda values (98, '2022-11-19 13:46:39', 66.93, null, 25); 
insert into itens_venda values (default, 98, 480, 480, 1, 0.90, 30.64); 
update estoque set quant_venda = quant_venda + 1, quant_atual = quant_atual - 1 where id = 480; 
update estoque_total set total = total - 1 where medicamento_id = 480; 
insert into itens_venda values (default, 98, 358, 358, 1, 0.70, 36.29); 
update estoque set quant_venda = quant_venda + 1, quant_atual = quant_atual - 1 where id = 358; 
update estoque_total set total = total - 1 where medicamento_id = 358; 

insert into venda values (99, '2022-11-19 14:14:15', 38.24, null, null); 
insert into itens_venda values (default, 99, 427, 427, 3, 0.70, 38.24); 
update estoque set quant_venda = quant_venda + 3, quant_atual = quant_atual - 3 where id = 427; 
update estoque_total set total = total - 3 where medicamento_id = 427; 

insert into venda values (100, '2022-11-20 07:16:06', 69.46, null, null); 
insert into itens_venda values (default, 100, 498, 498, 2, 1.40, 69.46); 
update estoque set quant_venda = quant_venda + 2, quant_atual = quant_atual - 2 where id = 498; 
update estoque_total set total = total - 2 where medicamento_id = 498; 

insert into venda values (101, '2022-11-20 07:31:33', 62.12, null, null); 
insert into itens_venda values (default, 101, 398, 398, 2, 0.00, 31.08); 
update estoque set quant_venda = quant_venda + 2, quant_atual = quant_atual - 2 where id = 398; 
update estoque_total set total = total - 2 where medicamento_id = 398; 
insert into itens_venda values (default, 101, 500, 500, 2, 0.90, 31.04); 
update estoque set quant_venda = quant_venda + 2, quant_atual = quant_atual - 2 where id = 500; 
update estoque_total set total = total - 2 where medicamento_id = 500; 

insert into venda values (102, '2022-11-20 08:01:32', 174.02, null, null); 
insert into itens_venda values (default, 102, 282, 282, 1, 2.10, 51.54); 
update estoque set quant_venda = quant_venda + 1, quant_atual = quant_atual - 1 where id = 282; 
update estoque_total set total = total - 1 where medicamento_id = 282; 
insert into itens_venda values (default, 102, 466, 466, 1, 2.40, 122.48); 
update estoque set quant_venda = quant_venda + 1, quant_atual = quant_atual - 1 where id = 466; 
update estoque_total set total = total - 1 where medicamento_id = 466; 

insert into venda values (103, '2022-11-20 08:29:25', 45.64, 14, null); 
insert into itens_venda values (default, 103, 393, 393, 2, 3.40, 45.64); 
update estoque set quant_venda = quant_venda + 2, quant_atual = quant_atual - 2 where id = 393; 
update estoque_total set total = total - 2 where medicamento_id = 393; 

insert into venda values (104, '2022-11-20 09:42:24', 251.16, null, null); 
insert into itens_venda values (default, 104, 271, 271, 2, 7.20, 172.98); 
update estoque set quant_venda = quant_venda + 2, quant_atual = quant_atual - 2 where id = 271; 
update estoque_total set total = total - 2 where medicamento_id = 271; 
insert into itens_venda values (default, 104, 345, 345, 3, 0.00, 78.18); 
update estoque set quant_venda = quant_venda + 3, quant_atual = quant_atual - 3 where id = 345; 
update estoque_total set total = total - 3 where medicamento_id = 345; 

insert into venda values (105, '2022-11-20 10:33:49', 61.47, null, null); 
insert into itens_venda values (default, 105, 496, 496, 1, 0.20, 7.17); 
update estoque set quant_venda = quant_venda + 1, quant_atual = quant_atual - 1 where id = 496; 
update estoque_total set total = total - 1 where medicamento_id = 496; 
insert into itens_venda values (default, 105, 433, 433, 2, 0.00, 54.30); 
update estoque set quant_venda = quant_venda + 2, quant_atual = quant_atual - 2 where id = 433; 
update estoque_total set total = total - 2 where medicamento_id = 433; 

insert into venda values (106, '2022-11-20 11:45:25', 92.32, 4, null); 
insert into itens_venda values (default, 106, 389, 389, 1, 2.20, 30.20); 
update estoque set quant_venda = quant_venda + 1, quant_atual = quant_atual - 1 where id = 389; 
update estoque_total set total = total - 1 where medicamento_id = 389; 
insert into itens_venda values (default, 106, 434, 434, 2, 3.20, 62.12); 
update estoque set quant_venda = quant_venda + 2, quant_atual = quant_atual - 2 where id = 434; 
update estoque_total set total = total - 2 where medicamento_id = 434; 

insert into venda values (107, '2022-11-20 12:31:42', 101.82, 19, null); 
insert into itens_venda values (default, 107, 273, 273, 2, 0.60, 65.72); 
update estoque set quant_venda = quant_venda + 2, quant_atual = quant_atual - 2 where id = 273; 
update estoque_total set total = total - 2 where medicamento_id = 273; 
insert into itens_venda values (default, 107, 497, 497, 1, 1.50, 36.10); 
update estoque set quant_venda = quant_venda + 1, quant_atual = quant_atual - 1 where id = 497; 
update estoque_total set total = total - 1 where medicamento_id = 497; 

insert into venda values (108, '2022-11-20 13:07:05', 134.96, null, 21); 
insert into itens_venda values (default, 108, 373, 373, 2, 2.00, 67.46); 
update estoque set quant_venda = quant_venda + 2, quant_atual = quant_atual - 2 where id = 373; 
update estoque_total set total = total - 2 where medicamento_id = 373; 
insert into itens_venda values (default, 108, 206, 206, 2, 0.00, 67.50); 
update estoque set quant_venda = quant_venda + 2, quant_atual = quant_atual - 2 where id = 206; 
update estoque_total set total = total - 2 where medicamento_id = 206; 

insert into venda values (109, '2022-11-20 13:18:06', 274.17, null, null); 
insert into itens_venda values (default, 109, 405, 405, 1, 0.70, 35.31); 
update estoque set quant_venda = quant_venda + 1, quant_atual = quant_atual - 1 where id = 405; 
update estoque_total set total = total - 1 where medicamento_id = 405; 
insert into itens_venda values (default, 109, 320, 320, 1, 2.00, 206.76); 
update estoque set quant_venda = quant_venda + 1, quant_atual = quant_atual - 1 where id = 320; 
update estoque_total set total = total - 1 where medicamento_id = 320; 
insert into itens_venda values (default, 109, 424, 424, 3, 0.90, 32.10); 
update estoque set quant_venda = quant_venda + 3, quant_atual = quant_atual - 3 where id = 424; 
update estoque_total set total = total - 3 where medicamento_id = 424; 

insert into venda values (110, '2022-11-20 14:14:19', 445.04, 7, null); 
insert into itens_venda values (default, 110, 127, 127, 2, 0.00, 91.14); 
update estoque set quant_venda = quant_venda + 2, quant_atual = quant_atual - 2 where id = 127; 
update estoque_total set total = total - 2 where medicamento_id = 127; 
insert into itens_venda values (default, 110, 270, 270, 1, 16.50, 313.81); 
update estoque set quant_venda = quant_venda + 1, quant_atual = quant_atual - 1 where id = 270; 
update estoque_total set total = total - 1 where medicamento_id = 270; 
insert into itens_venda values (default, 110, 489, 489, 1, 3.90, 40.09); 
update estoque set quant_venda = quant_venda + 1, quant_atual = quant_atual - 1 where id = 489; 
update estoque_total set total = total - 1 where medicamento_id = 489; 

insert into venda values (111, '2022-11-21 06:13:23', 233.29, 20, null); 
insert into itens_venda values (default, 111, 444, 444, 2, 4.50, 146.68); 
update estoque set quant_venda = quant_venda + 2, quant_atual = quant_atual - 2 where id = 444; 
update estoque_total set total = total - 2 where medicamento_id = 444; 
insert into itens_venda values (default, 111, 311, 311, 2, 2.40, 28.02); 
update estoque set quant_venda = quant_venda + 2, quant_atual = quant_atual - 2 where id = 311; 
update estoque_total set total = total - 2 where medicamento_id = 311; 
insert into itens_venda values (default, 111, 381, 381, 1, 1.80, 58.59); 
update estoque set quant_venda = quant_venda + 1, quant_atual = quant_atual - 1 where id = 381; 
update estoque_total set total = total - 1 where medicamento_id = 381; 

insert into venda values (112, '2022-11-21 07:18:17', 150.93, 5, null); 
insert into itens_venda values (default, 112, 8, 8, 1, 3.00, 150.93); 
update estoque set quant_venda = quant_venda + 1, quant_atual = quant_atual - 1 where id = 8; 
update estoque_total set total = total - 1 where medicamento_id = 8; 

insert into venda values (113, '2022-11-21 08:13:13', 279.93, 2, 25); 
insert into itens_venda values (default, 113, 190, 190, 1, 11.10, 212.83); 
update estoque set quant_venda = quant_venda + 1, quant_atual = quant_atual - 1 where id = 190; 
update estoque_total set total = total - 1 where medicamento_id = 190; 
insert into itens_venda values (default, 113, 299, 299, 2, 1.30, 67.10); 
update estoque set quant_venda = quant_venda + 2, quant_atual = quant_atual - 2 where id = 299; 
update estoque_total set total = total - 2 where medicamento_id = 299; 

insert into venda values (114, '2022-11-21 08:59:12', 36.56, null, null); 
insert into itens_venda values (default, 114, 460, 460, 1, 1.10, 36.56); 
update estoque set quant_venda = quant_venda + 1, quant_atual = quant_atual - 1 where id = 460; 
update estoque_total set total = total - 1 where medicamento_id = 460; 

insert into venda values (115, '2022-11-21 10:21:26', 9.19, 16, null); 
insert into itens_venda values (default, 115, 421, 421, 1, 0.00, 9.19); 
update estoque set quant_venda = quant_venda + 1, quant_atual = quant_atual - 1 where id = 421; 
update estoque_total set total = total - 1 where medicamento_id = 421; 

insert into venda values (116, '2022-11-21 10:28:33', 156.02, 11, null); 
insert into itens_venda values (default, 116, 502, 502, 3, 5.80, 59.63); 
update estoque set quant_venda = quant_venda + 3, quant_atual = quant_atual - 3 where id = 502; 
update estoque_total set total = total - 3 where medicamento_id = 502; 
insert into itens_venda values (default, 116, 255, 255, 1, 2.50, 48.22); 
update estoque set quant_venda = quant_venda + 1, quant_atual = quant_atual - 1 where id = 255; 
update estoque_total set total = total - 1 where medicamento_id = 255; 
insert into itens_venda values (default, 116, 455, 455, 1, 2.00, 48.17); 
update estoque set quant_venda = quant_venda + 1, quant_atual = quant_atual - 1 where id = 455; 
update estoque_total set total = total - 1 where medicamento_id = 455; 

insert into venda values (117, '2022-11-21 10:33:39', 244.44, 10, null); 
insert into itens_venda values (default, 117, 180, 180, 1, 3.40, 168.84); 
update estoque set quant_venda = quant_venda + 1, quant_atual = quant_atual - 1 where id = 180; 
update estoque_total set total = total - 1 where medicamento_id = 180; 
insert into itens_venda values (default, 117, 249, 249, 1, 1.00, 49.85); 
update estoque set quant_venda = quant_venda + 1, quant_atual = quant_atual - 1 where id = 249; 
update estoque_total set total = total - 1 where medicamento_id = 249; 
insert into itens_venda values (default, 117, 418, 418, 1, 1.90, 25.75); 
update estoque set quant_venda = quant_venda + 1, quant_atual = quant_atual - 1 where id = 418; 
update estoque_total set total = total - 1 where medicamento_id = 418; 

insert into venda values (118, '2022-11-21 11:31:54', 98.94, null, null); 
insert into itens_venda values (default, 118, 292, 292, 1, 0.20, 10.50); 
update estoque set quant_venda = quant_venda + 1, quant_atual = quant_atual - 1 where id = 292; 
update estoque_total set total = total - 1 where medicamento_id = 292; 
insert into itens_venda values (default, 118, 401, 401, 1, 0.00, 33.64); 
update estoque set quant_venda = quant_venda + 1, quant_atual = quant_atual - 1 where id = 401; 
update estoque_total set total = total - 1 where medicamento_id = 401; 
insert into itens_venda values (default, 118, 418, 418, 2, 0.50, 54.80); 
update estoque set quant_venda = quant_venda + 2, quant_atual = quant_atual - 2 where id = 418; 
update estoque_total set total = total - 2 where medicamento_id = 418; 

insert into venda values (119, '2022-11-21 11:33:07', 97.34, null, null); 
insert into itens_venda values (default, 119, 455, 455, 2, 3.00, 97.34); 
update estoque set quant_venda = quant_venda + 2, quant_atual = quant_atual - 2 where id = 455; 
update estoque_total set total = total - 2 where medicamento_id = 455; 

insert into venda values (120, '2022-11-21 12:10:45', 196.45, 20, null); 
insert into itens_venda values (default, 120, 153, 153, 1, 1.60, 80.21); 
update estoque set quant_venda = quant_venda + 1, quant_atual = quant_atual - 1 where id = 153; 
update estoque_total set total = total - 1 where medicamento_id = 153; 
insert into itens_venda values (default, 120, 429, 429, 3, 6.60, 67.53); 
update estoque set quant_venda = quant_venda + 3, quant_atual = quant_atual - 3 where id = 429; 
update estoque_total set total = total - 3 where medicamento_id = 429; 
insert into itens_venda values (default, 120, 482, 482, 3, 0.40, 48.71); 
update estoque set quant_venda = quant_venda + 3, quant_atual = quant_atual - 3 where id = 482; 
update estoque_total set total = total - 3 where medicamento_id = 482; 

insert into venda values (121, '2022-11-21 12:50:37', 134.48, null, null); 
insert into itens_venda values (default, 121, 491, 491, 2, 1.10, 111.80); 
update estoque set quant_venda = quant_venda + 2, quant_atual = quant_atual - 2 where id = 491; 
update estoque_total set total = total - 2 where medicamento_id = 491; 
insert into itens_venda values (default, 121, 493, 493, 3, 0.00, 22.68); 
update estoque set quant_venda = quant_venda + 3, quant_atual = quant_atual - 3 where id = 493; 
update estoque_total set total = total - 3 where medicamento_id = 493; 

insert into venda values (122, '2022-11-21 13:21:36', 57.51, 2, null); 
insert into itens_venda values (default, 122, 241, 241, 1, 1.10, 38.27); 
update estoque set quant_venda = quant_venda + 1, quant_atual = quant_atual - 1 where id = 241; 
update estoque_total set total = total - 1 where medicamento_id = 241; 
insert into itens_venda values (default, 122, 503, 503, 1, 0.20, 3.47); 
update estoque set quant_venda = quant_venda + 1, quant_atual = quant_atual - 1 where id = 503; 
update estoque_total set total = total - 1 where medicamento_id = 503; 
insert into itens_venda values (default, 122, 402, 402, 1, 1.10, 15.77); 
update estoque set quant_venda = quant_venda + 1, quant_atual = quant_atual - 1 where id = 402; 
update estoque_total set total = total - 1 where medicamento_id = 402; 

insert into venda values (123, '2022-11-21 14:09:43', 46.98, null, null); 
insert into itens_venda values (default, 123, 469, 469, 1, 0.90, 46.98); 
update estoque set quant_venda = quant_venda + 1, quant_atual = quant_atual - 1 where id = 469; 
update estoque_total set total = total - 1 where medicamento_id = 469; 

insert into venda values (124, '2022-11-22 06:28:40', 171.76, null, null); 
insert into itens_venda values (default, 124, 287, 287, 2, 3.70, 122.22); 
update estoque set quant_venda = quant_venda + 2, quant_atual = quant_atual - 2 where id = 287; 
update estoque_total set total = total - 2 where medicamento_id = 287; 
insert into itens_venda values (default, 124, 501, 501, 1, 0.00, 23.09); 
update estoque set quant_venda = quant_venda + 1, quant_atual = quant_atual - 1 where id = 501; 
update estoque_total set total = total - 1 where medicamento_id = 501; 
insert into itens_venda values (default, 124, 312, 312, 1, 0.00, 26.45); 
update estoque set quant_venda = quant_venda + 1, quant_atual = quant_atual - 1 where id = 312; 
update estoque_total set total = total - 1 where medicamento_id = 312; 

insert into venda values (125, '2022-11-22 07:58:27', 110.08, 6, null); 
insert into itens_venda values (default, 125, 421, 421, 2, 0.90, 17.48); 
update estoque set quant_venda = quant_venda + 2, quant_atual = quant_atual - 2 where id = 421; 
update estoque_total set total = total - 2 where medicamento_id = 421; 
insert into itens_venda values (default, 125, 249, 249, 2, 9.10, 92.60); 
update estoque set quant_venda = quant_venda + 2, quant_atual = quant_atual - 2 where id = 249; 
update estoque_total set total = total - 2 where medicamento_id = 249; 

insert into venda values (126, '2022-11-22 09:04:58', 94.59, 13, 21); 
insert into itens_venda values (default, 126, 286, 286, 1, 1.70, 32.85); 
update estoque set quant_venda = quant_venda + 1, quant_atual = quant_atual - 1 where id = 286; 
update estoque_total set total = total - 1 where medicamento_id = 286; 
insert into itens_venda values (default, 126, 459, 459, 2, 6.10, 61.74); 
update estoque set quant_venda = quant_venda + 2, quant_atual = quant_atual - 2 where id = 459; 
update estoque_total set total = total - 2 where medicamento_id = 459; 

insert into venda values (127, '2022-11-22 09:54:34', 140.23, null, 24); 
insert into itens_venda values (default, 127, 308, 308, 1, 0.50, 52.67); 
update estoque set quant_venda = quant_venda + 1, quant_atual = quant_atual - 1 where id = 308; 
update estoque_total set total = total - 1 where medicamento_id = 308; 
insert into itens_venda values (default, 127, 234, 234, 2, 1.70, 87.56); 
update estoque set quant_venda = quant_venda + 2, quant_atual = quant_atual - 2 where id = 234; 
update estoque_total set total = total - 2 where medicamento_id = 234; 

insert into venda values (128, '2022-11-22 11:08:56', 297.25, null, 22); 
insert into itens_venda values (default, 128, 121, 121, 2, 4.00, 129.84); 
update estoque set quant_venda = quant_venda + 2, quant_atual = quant_atual - 2 where id = 121; 
update estoque_total set total = total - 2 where medicamento_id = 121; 
insert into itens_venda values (default, 128, 490, 490, 1, 2.00, 50.03); 
update estoque set quant_venda = quant_venda + 1, quant_atual = quant_atual - 1 where id = 490; 
update estoque_total set total = total - 1 where medicamento_id = 490; 
insert into itens_venda values (default, 128, 285, 285, 1, 4.80, 117.38); 
update estoque set quant_venda = quant_venda + 1, quant_atual = quant_atual - 1 where id = 285; 
update estoque_total set total = total - 1 where medicamento_id = 285; 

insert into venda values (129, '2022-11-23 06:35:32', 131.63, null, 21); 
insert into itens_venda values (default, 129, 110, 110, 2, 1.90, 63.36); 
update estoque set quant_venda = quant_venda + 2, quant_atual = quant_atual - 2 where id = 110; 
update estoque_total set total = total - 2 where medicamento_id = 110; 
insert into itens_venda values (default, 129, 352, 352, 2, 1.60, 52.28); 
update estoque set quant_venda = quant_venda + 2, quant_atual = quant_atual - 2 where id = 352; 
update estoque_total set total = total - 2 where medicamento_id = 352; 
insert into itens_venda values (default, 129, 422, 422, 1, 0.00, 15.99); 
update estoque set quant_venda = quant_venda + 1, quant_atual = quant_atual - 1 where id = 422; 
update estoque_total set total = total - 1 where medicamento_id = 422; 

insert into venda values (130, '2022-11-23 07:28:56', 64.98, null, null); 
insert into itens_venda values (default, 130, 505, 505, 2, 2.70, 64.98); 
update estoque set quant_venda = quant_venda + 2, quant_atual = quant_atual - 2 where id = 505; 
update estoque_total set total = total - 2 where medicamento_id = 505; 

insert into venda values (131, '2022-11-23 07:37:45', 67.24, 3, null); 
insert into itens_venda values (default, 131, 289, 289, 1, 4.20, 67.24); 
update estoque set quant_venda = quant_venda + 1, quant_atual = quant_atual - 1 where id = 289; 
update estoque_total set total = total - 1 where medicamento_id = 289; 

insert into venda values (132, '2022-11-23 08:06:56', 453.59, null, 24); 
insert into itens_venda values (default, 132, 333, 333, 1, 0.00, 121.05); 
update estoque set quant_venda = quant_venda + 1, quant_atual = quant_atual - 1 where id = 333; 
update estoque_total set total = total - 1 where medicamento_id = 333; 
insert into itens_venda values (default, 132, 97, 97, 1, 11.40, 273.95); 
update estoque set quant_venda = quant_venda + 1, quant_atual = quant_atual - 1 where id = 97; 
update estoque_total set total = total - 1 where medicamento_id = 97; 
insert into itens_venda values (default, 132, 381, 381, 1, 1.80, 58.59); 
update estoque set quant_venda = quant_venda + 1, quant_atual = quant_atual - 1 where id = 381; 
update estoque_total set total = total - 1 where medicamento_id = 381; 

insert into venda values (133, '2022-11-23 09:25:07', 122.96, 4, 21); 
insert into itens_venda values (default, 133, 359, 359, 1, 0.90, 89.68); 
update estoque set quant_venda = quant_venda + 1, quant_atual = quant_atual - 1 where id = 359; 
update estoque_total set total = total - 1 where medicamento_id = 359; 
insert into itens_venda values (default, 133, 428, 428, 2, 0.00, 33.28); 
update estoque set quant_venda = quant_venda + 2, quant_atual = quant_atual - 2 where id = 428; 
update estoque_total set total = total - 2 where medicamento_id = 428; 

insert into venda values (134, '2022-11-23 09:28:53', 163.97, 13, 24); 
insert into itens_venda values (default, 134, 181, 181, 1, 2.50, 33.46); 
update estoque set quant_venda = quant_venda + 1, quant_atual = quant_atual - 1 where id = 181; 
update estoque_total set total = total - 1 where medicamento_id = 181; 
insert into itens_venda values (default, 134, 93, 93, 1, 3.70, 122.81); 
update estoque set quant_venda = quant_venda + 1, quant_atual = quant_atual - 1 where id = 93; 
update estoque_total set total = total - 1 where medicamento_id = 93; 
insert into itens_venda values (default, 134, 227, 227, 3, 0.40, 7.70); 
update estoque set quant_venda = quant_venda + 3, quant_atual = quant_atual - 3 where id = 227; 
update estoque_total set total = total - 3 where medicamento_id = 227; 

insert into venda values (135, '2022-11-23 09:46:58', 119.93, null, null); 
insert into itens_venda values (default, 135, 303, 303, 2, 2.40, 59.24); 
update estoque set quant_venda = quant_venda + 2, quant_atual = quant_atual - 2 where id = 303; 
update estoque_total set total = total - 2 where medicamento_id = 303; 
insert into itens_venda values (default, 135, 493, 493, 3, 0.90, 21.78); 
update estoque set quant_venda = quant_venda + 3, quant_atual = quant_atual - 3 where id = 493; 
update estoque_total set total = total - 3 where medicamento_id = 493; 
insert into itens_venda values (default, 135, 388, 388, 1, 0.70, 38.91); 
update estoque set quant_venda = quant_venda + 1, quant_atual = quant_atual - 1 where id = 388; 
update estoque_total set total = total - 1 where medicamento_id = 388; 

insert into venda values (136, '2022-11-23 10:53:11', 31.25, null, null); 
insert into itens_venda values (default, 136, 464, 464, 1, 1.20, 31.25); 
update estoque set quant_venda = quant_venda + 1, quant_atual = quant_atual - 1 where id = 464; 
update estoque_total set total = total - 1 where medicamento_id = 464; 

insert into venda values (137, '2022-11-24 08:07:14', 68.22, null, null); 
insert into itens_venda values (default, 137, 374, 374, 2, 0.00, 68.22); 
update estoque set quant_venda = quant_venda + 2, quant_atual = quant_atual - 2 where id = 374; 
update estoque_total set total = total - 2 where medicamento_id = 374; 

insert into venda values (138, '2022-11-24 08:54:43', 6.20, 16, null); 
insert into itens_venda values (default, 138, 453, 453, 1, 0.30, 6.20); 
update estoque set quant_venda = quant_venda + 1, quant_atual = quant_atual - 1 where id = 453; 
update estoque_total set total = total - 1 where medicamento_id = 453; 

insert into venda values (139, '2022-11-24 10:59:03', 58.64, null, null); 
insert into itens_venda values (default, 139, 472, 472, 2, 0.00, 58.64); 
update estoque set quant_venda = quant_venda + 2, quant_atual = quant_atual - 2 where id = 472; 
update estoque_total set total = total - 2 where medicamento_id = 472; 

insert into venda values (140, '2022-11-24 13:20:32', 13.30, null, null); 
insert into itens_venda values (default, 140, 504, 504, 2, 0.20, 13.30); 
update estoque set quant_venda = quant_venda + 2, quant_atual = quant_atual - 2 where id = 504; 
update estoque_total set total = total - 2 where medicamento_id = 504; 

insert into venda values (141, '2022-11-25 07:29:31', 150.32, 11, 22); 
insert into itens_venda values (default, 141, 165, 165, 2, 3.10, 75.70); 
update estoque set quant_venda = quant_venda + 2, quant_atual = quant_atual - 2 where id = 165; 
update estoque_total set total = total - 2 where medicamento_id = 165; 
insert into itens_venda values (default, 141, 422, 422, 1, 0.60, 15.39); 
update estoque set quant_venda = quant_venda + 1, quant_atual = quant_atual - 1 where id = 422; 
update estoque_total set total = total - 1 where medicamento_id = 422; 
insert into itens_venda values (default, 141, 347, 347, 1, 3.10, 59.23); 
update estoque set quant_venda = quant_venda + 1, quant_atual = quant_atual - 1 where id = 347; 
update estoque_total set total = total - 1 where medicamento_id = 347; 

insert into venda values (142, '2022-11-25 08:31:52', 220.80, null, 23); 
insert into itens_venda values (default, 142, 155, 155, 3, 0.00, 14.85); 
update estoque set quant_venda = quant_venda + 3, quant_atual = quant_atual - 3 where id = 155; 
update estoque_total set total = total - 3 where medicamento_id = 155; 
insert into itens_venda values (default, 142, 70, 70, 1, 0.00, 118.67); 
update estoque set quant_venda = quant_venda + 1, quant_atual = quant_atual - 1 where id = 70; 
update estoque_total set total = total - 1 where medicamento_id = 70; 
insert into itens_venda values (default, 142, 454, 454, 1, 1.70, 87.28); 
update estoque set quant_venda = quant_venda + 1, quant_atual = quant_atual - 1 where id = 454; 
update estoque_total set total = total - 1 where medicamento_id = 454; 

insert into venda values (143, '2022-11-25 10:35:23', 443.29, null, null); 
insert into itens_venda values (default, 143, 195, 195, 1, 10.30, 248.15); 
update estoque set quant_venda = quant_venda + 1, quant_atual = quant_atual - 1 where id = 195; 
update estoque_total set total = total - 1 where medicamento_id = 195; 
insert into itens_venda values (default, 143, 364, 364, 2, 1.90, 64.34); 
update estoque set quant_venda = quant_venda + 2, quant_atual = quant_atual - 2 where id = 364; 
update estoque_total set total = total - 2 where medicamento_id = 364; 
insert into itens_venda values (default, 143, 400, 400, 1, 5.40, 130.80); 
update estoque set quant_venda = quant_venda + 1, quant_atual = quant_atual - 1 where id = 400; 
update estoque_total set total = total - 1 where medicamento_id = 400; 

insert into venda values (144, '2022-11-25 11:32:15', 16.75, 20, null); 
insert into itens_venda values (default, 144, 424, 424, 1, 0.90, 10.10); 
update estoque set quant_venda = quant_venda + 1, quant_atual = quant_atual - 1 where id = 424; 
update estoque_total set total = total - 1 where medicamento_id = 424; 
insert into itens_venda values (default, 144, 504, 504, 1, 0.10, 6.65); 
update estoque set quant_venda = quant_venda + 1, quant_atual = quant_atual - 1 where id = 504; 
update estoque_total set total = total - 1 where medicamento_id = 504; 

insert into venda values (145, '2022-11-25 12:11:37', 71.47, null, null); 
insert into itens_venda values (default, 145, 411, 411, 1, 0.70, 71.47); 
update estoque set quant_venda = quant_venda + 1, quant_atual = quant_atual - 1 where id = 411; 
update estoque_total set total = total - 1 where medicamento_id = 411; 

insert into venda values (146, '2022-11-26 07:07:59', 111.64, null, null); 
insert into itens_venda values (default, 146, 478, 478, 2, 3.40, 111.64); 
update estoque set quant_venda = quant_venda + 2, quant_atual = quant_atual - 2 where id = 478; 
update estoque_total set total = total - 2 where medicamento_id = 478; 

insert into venda values (147, '2022-11-26 07:48:10', 120.66, null, null); 
insert into itens_venda values (default, 147, 344, 344, 1, 1.00, 34.25); 
update estoque set quant_venda = quant_venda + 1, quant_atual = quant_atual - 1 where id = 344; 
update estoque_total set total = total - 1 where medicamento_id = 344; 
insert into itens_venda values (default, 147, 428, 428, 1, 0.00, 16.64); 
update estoque set quant_venda = quant_venda + 1, quant_atual = quant_atual - 1 where id = 428; 
update estoque_total set total = total - 1 where medicamento_id = 428; 
insert into itens_venda values (default, 147, 348, 348, 3, 0.70, 69.77); 
update estoque set quant_venda = quant_venda + 3, quant_atual = quant_atual - 3 where id = 348; 
update estoque_total set total = total - 3 where medicamento_id = 348; 

insert into venda values (148, '2022-11-26 08:32:09', 117.57, null, null); 
insert into itens_venda values (default, 148, 266, 266, 1, 2.30, 117.57); 
update estoque set quant_venda = quant_venda + 1, quant_atual = quant_atual - 1 where id = 266; 
update estoque_total set total = total - 1 where medicamento_id = 266; 

insert into venda values (149, '2022-11-26 09:04:59', 159.47, 7, null); 
insert into itens_venda values (default, 149, 484, 484, 1, 1.40, 15.12); 
update estoque set quant_venda = quant_venda + 1, quant_atual = quant_atual - 1 where id = 484; 
update estoque_total set total = total - 1 where medicamento_id = 484; 
insert into itens_venda values (default, 149, 405, 405, 1, 1.00, 35.01); 
update estoque set quant_venda = quant_venda + 1, quant_atual = quant_atual - 1 where id = 405; 
update estoque_total set total = total - 1 where medicamento_id = 405; 
insert into itens_venda values (default, 149, 478, 478, 2, 5.70, 109.34); 
update estoque set quant_venda = quant_venda + 2, quant_atual = quant_atual - 2 where id = 478; 
update estoque_total set total = total - 2 where medicamento_id = 478; 

insert into venda values (150, '2022-11-26 10:12:40', 392.30, null, 24); 
insert into itens_venda values (default, 150, 95, 95, 1, 6.40, 313.88); 
update estoque set quant_venda = quant_venda + 1, quant_atual = quant_atual - 1 where id = 95; 
update estoque_total set total = total - 1 where medicamento_id = 95; 
insert into itens_venda values (default, 150, 352, 352, 3, 2.40, 78.42); 
update estoque set quant_venda = quant_venda + 3, quant_atual = quant_atual - 3 where id = 352; 
update estoque_total set total = total - 3 where medicamento_id = 352; 

insert into venda values (151, '2022-11-26 10:20:22', 142.93, null, null); 
insert into itens_venda values (default, 151, 407, 407, 1, 0.60, 69.23); 
update estoque set quant_venda = quant_venda + 1, quant_atual = quant_atual - 1 where id = 407; 
update estoque_total set total = total - 1 where medicamento_id = 407; 
insert into itens_venda values (default, 151, 497, 497, 2, 1.50, 73.70); 
update estoque set quant_venda = quant_venda + 2, quant_atual = quant_atual - 2 where id = 497; 
update estoque_total set total = total - 2 where medicamento_id = 497; 

insert into venda values (152, '2022-11-26 11:39:37', 161.93, null, null); 
insert into itens_venda values (default, 152, 502, 502, 1, 0.80, 21.01); 
update estoque set quant_venda = quant_venda + 1, quant_atual = quant_atual - 1 where id = 502; 
update estoque_total set total = total - 1 where medicamento_id = 502; 
insert into itens_venda values (default, 152, 73, 73, 2, 2.00, 98.66); 
update estoque set quant_venda = quant_venda + 2, quant_atual = quant_atual - 2 where id = 73; 
update estoque_total set total = total - 2 where medicamento_id = 73; 
insert into itens_venda values (default, 152, 341, 341, 3, 1.30, 42.26); 
update estoque set quant_venda = quant_venda + 3, quant_atual = quant_atual - 3 where id = 341; 
update estoque_total set total = total - 3 where medicamento_id = 341; 

insert into venda values (153, '2022-11-26 12:28:30', 372.26, null, 21); 
insert into itens_venda values (default, 153, 197, 197, 1, 0.00, 273.56); 
update estoque set quant_venda = quant_venda + 1, quant_atual = quant_atual - 1 where id = 197; 
update estoque_total set total = total - 1 where medicamento_id = 197; 
insert into itens_venda values (default, 153, 159, 159, 1, 2.00, 98.70); 
update estoque set quant_venda = quant_venda + 1, quant_atual = quant_atual - 1 where id = 159; 
update estoque_total set total = total - 1 where medicamento_id = 159; 

insert into venda values (154, '2022-11-27 07:16:29', 266.37, null, null); 
insert into itens_venda values (default, 154, 373, 373, 1, 0.30, 34.43); 
update estoque set quant_venda = quant_venda + 1, quant_atual = quant_atual - 1 where id = 373; 
update estoque_total set total = total - 1 where medicamento_id = 373; 
insert into itens_venda values (default, 154, 414, 414, 1, 0.70, 37.80); 
update estoque set quant_venda = quant_venda + 1, quant_atual = quant_atual - 1 where id = 414; 
update estoque_total set total = total - 1 where medicamento_id = 414; 
insert into itens_venda values (default, 154, 435, 435, 2, 1.90, 194.14); 
update estoque set quant_venda = quant_venda + 2, quant_atual = quant_atual - 2 where id = 435; 
update estoque_total set total = total - 2 where medicamento_id = 435; 

insert into venda values (155, '2022-11-27 08:22:05', 168.46, null, null); 
insert into itens_venda values (default, 155, 466, 466, 1, 2.40, 122.48); 
update estoque set quant_venda = quant_venda + 1, quant_atual = quant_atual - 1 where id = 466; 
update estoque_total set total = total - 1 where medicamento_id = 466; 
insert into itens_venda values (default, 155, 469, 469, 1, 1.90, 45.98); 
update estoque set quant_venda = quant_venda + 1, quant_atual = quant_atual - 1 where id = 469; 
update estoque_total set total = total - 1 where medicamento_id = 469; 

insert into venda values (156, '2022-11-27 08:36:25', 25.75, null, null); 
insert into itens_venda values (default, 156, 312, 312, 1, 0.70, 25.75); 
update estoque set quant_venda = quant_venda + 1, quant_atual = quant_atual - 1 where id = 312; 
update estoque_total set total = total - 1 where medicamento_id = 312; 

insert into venda values (157, '2022-11-27 09:25:16', 162.02, null, null); 
insert into itens_venda values (default, 157, 253, 253, 1, 0.70, 76.32); 
update estoque set quant_venda = quant_venda + 1, quant_atual = quant_atual - 1 where id = 253; 
update estoque_total set total = total - 1 where medicamento_id = 253; 
insert into itens_venda values (default, 157, 470, 470, 1, 1.70, 85.70); 
update estoque set quant_venda = quant_venda + 1, quant_atual = quant_atual - 1 where id = 470; 
update estoque_total set total = total - 1 where medicamento_id = 470; 

insert into venda values (158, '2022-11-27 09:51:24', 74.84, null, null); 
insert into itens_venda values (default, 158, 233, 233, 3, 3.10, 74.84); 
update estoque set quant_venda = quant_venda + 3, quant_atual = quant_atual - 3 where id = 233; 
update estoque_total set total = total - 3 where medicamento_id = 233; 

insert into venda values (159, '2022-11-27 09:59:30', 227.16, 19, null); 
insert into itens_venda values (default, 159, 298, 298, 1, 8.40, 97.58); 
update estoque set quant_venda = quant_venda + 1, quant_atual = quant_atual - 1 where id = 298; 
update estoque_total set total = total - 1 where medicamento_id = 298; 
insert into itens_venda values (default, 159, 161, 161, 1, 3.90, 53.04); 
update estoque set quant_venda = quant_venda + 1, quant_atual = quant_atual - 1 where id = 161; 
update estoque_total set total = total - 1 where medicamento_id = 161; 
insert into itens_venda values (default, 159, 177, 177, 1, 4.80, 76.54); 
update estoque set quant_venda = quant_venda + 1, quant_atual = quant_atual - 1 where id = 177; 
update estoque_total set total = total - 1 where medicamento_id = 177; 

insert into venda values (160, '2022-11-27 10:25:32', 154.65, 15, 25); 
insert into itens_venda values (default, 160, 495, 495, 1, 0.10, 10.58); 
update estoque set quant_venda = quant_venda + 1, quant_atual = quant_atual - 1 where id = 495; 
update estoque_total set total = total - 1 where medicamento_id = 495; 
insert into itens_venda values (default, 160, 131, 131, 1, 7.00, 93.85); 
update estoque set quant_venda = quant_venda + 1, quant_atual = quant_atual - 1 where id = 131; 
update estoque_total set total = total - 1 where medicamento_id = 131; 
insert into itens_venda values (default, 160, 123, 123, 1, 1.50, 50.22); 
update estoque set quant_venda = quant_venda + 1, quant_atual = quant_atual - 1 where id = 123; 
update estoque_total set total = total - 1 where medicamento_id = 123; 

insert into venda values (161, '2022-11-27 11:36:35', 151.98, 20, 24); 
insert into itens_venda values (default, 161, 302, 302, 2, 1.00, 26.46); 
update estoque set quant_venda = quant_venda + 2, quant_atual = quant_atual - 2 where id = 302; 
update estoque_total set total = total - 2 where medicamento_id = 302; 
insert into itens_venda values (default, 161, 317, 317, 1, 4.50, 85.90); 
update estoque set quant_venda = quant_venda + 1, quant_atual = quant_atual - 1 where id = 317; 
update estoque_total set total = total - 1 where medicamento_id = 317; 
insert into itens_venda values (default, 161, 262, 262, 2, 3.40, 39.62); 
update estoque set quant_venda = quant_venda + 2, quant_atual = quant_atual - 2 where id = 262; 
update estoque_total set total = total - 2 where medicamento_id = 262; 

insert into venda values (162, '2022-11-27 12:18:21', 18.75, 19, null); 
insert into itens_venda values (default, 162, 451, 451, 1, 0.50, 18.75); 
update estoque set quant_venda = quant_venda + 1, quant_atual = quant_atual - 1 where id = 451; 
update estoque_total set total = total - 1 where medicamento_id = 451; 

insert into venda values (163, '2022-11-28 07:21:02', 89.52, 19, null); 
insert into itens_venda values (default, 163, 473, 473, 2, 8.80, 89.52); 
update estoque set quant_venda = quant_venda + 2, quant_atual = quant_atual - 2 where id = 473; 
update estoque_total set total = total - 2 where medicamento_id = 473; 

insert into venda values (164, '2022-11-28 08:07:18', 249.09, null, null); 
insert into itens_venda values (default, 164, 263, 263, 1, 8.40, 203.11); 
update estoque set quant_venda = quant_venda + 1, quant_atual = quant_atual - 1 where id = 263; 
update estoque_total set total = total - 1 where medicamento_id = 263; 
insert into itens_venda values (default, 164, 469, 469, 1, 1.90, 45.98); 
update estoque set quant_venda = quant_venda + 1, quant_atual = quant_atual - 1 where id = 469; 
update estoque_total set total = total - 1 where medicamento_id = 469; 

insert into venda values (165, '2022-11-28 08:43:47', 131.58, null, null); 
insert into itens_venda values (default, 165, 402, 402, 2, 1.00, 32.74); 
update estoque set quant_venda = quant_venda + 2, quant_atual = quant_atual - 2 where id = 402; 
update estoque_total set total = total - 2 where medicamento_id = 402; 
insert into itens_venda values (default, 165, 491, 491, 1, 1.60, 54.85); 
update estoque set quant_venda = quant_venda + 1, quant_atual = quant_atual - 1 where id = 491; 
update estoque_total set total = total - 1 where medicamento_id = 491; 
insert into itens_venda values (default, 165, 489, 489, 1, 0.00, 43.99); 
update estoque set quant_venda = quant_venda + 1, quant_atual = quant_atual - 1 where id = 489; 
update estoque_total set total = total - 1 where medicamento_id = 489; 

insert into venda values (166, '2022-11-28 08:51:21', 37.00, null, null); 
insert into itens_venda values (default, 166, 414, 414, 1, 1.50, 37.00); 
update estoque set quant_venda = quant_venda + 1, quant_atual = quant_atual - 1 where id = 414; 
update estoque_total set total = total - 1 where medicamento_id = 414; 

insert into venda values (167, '2022-11-28 10:01:09', 145.18, null, null); 
insert into itens_venda values (default, 167, 444, 444, 2, 6.00, 145.18); 
update estoque set quant_venda = quant_venda + 2, quant_atual = quant_atual - 2 where id = 444; 
update estoque_total set total = total - 2 where medicamento_id = 444; 

insert into venda values (168, '2022-11-28 10:58:15', 79.82, 2, null); 
insert into itens_venda values (default, 168, 342, 342, 2, 6.00, 79.82); 
update estoque set quant_venda = quant_venda + 2, quant_atual = quant_atual - 2 where id = 342; 
update estoque_total set total = total - 2 where medicamento_id = 342; 

insert into venda values (169, '2022-11-28 12:17:32', 82.69, null, null); 
insert into itens_venda values (default, 169, 494, 494, 3, 0.00, 49.41); 
update estoque set quant_venda = quant_venda + 3, quant_atual = quant_atual - 3 where id = 494; 
update estoque_total set total = total - 3 where medicamento_id = 494; 
insert into itens_venda values (default, 169, 175, 175, 1, 0.60, 33.28); 
update estoque set quant_venda = quant_venda + 1, quant_atual = quant_atual - 1 where id = 175; 
update estoque_total set total = total - 1 where medicamento_id = 175; 

insert into venda values (170, '2022-11-28 12:29:23', 132.24, null, null); 
insert into itens_venda values (default, 170, 420, 420, 2, 1.30, 132.24); 
update estoque set quant_venda = quant_venda + 2, quant_atual = quant_atual - 2 where id = 420; 
update estoque_total set total = total - 2 where medicamento_id = 420; 

insert into venda values (171, '2022-11-28 12:51:24', 34.30, 13, 22); 
insert into itens_venda values (default, 171, 274, 274, 1, 1.80, 34.30); 
update estoque set quant_venda = quant_venda + 1, quant_atual = quant_atual - 1 where id = 274; 
update estoque_total set total = total - 1 where medicamento_id = 274; 

insert into venda values (172, '2022-11-28 13:30:21', 73.06, null, 23); 
insert into itens_venda values (default, 172, 354, 354, 1, 0.00, 73.06); 
update estoque set quant_venda = quant_venda + 1, quant_atual = quant_atual - 1 where id = 354; 
update estoque_total set total = total - 1 where medicamento_id = 354; 

insert into venda values (173, '2022-11-29 06:49:00', 118.94, null, null); 
insert into itens_venda values (default, 173, 468, 468, 2, 0.00, 118.94); 
update estoque set quant_venda = quant_venda + 2, quant_atual = quant_atual - 2 where id = 468; 
update estoque_total set total = total - 2 where medicamento_id = 468; 

insert into venda values (174, '2022-11-29 09:08:08', 177.49, null, 25); 
insert into itens_venda values (default, 174, 150, 150, 1, 3.60, 177.49); 
update estoque set quant_venda = quant_venda + 1, quant_atual = quant_atual - 1 where id = 150; 
update estoque_total set total = total - 1 where medicamento_id = 150; 

insert into venda values (175, '2022-11-30 06:20:50', 66.76, null, null); 
insert into itens_venda values (default, 175, 373, 373, 2, 2.70, 66.76); 
update estoque set quant_venda = quant_venda + 2, quant_atual = quant_atual - 2 where id = 373; 
update estoque_total set total = total - 2 where medicamento_id = 373; 

insert into venda values (176, '2022-11-30 07:07:25', 194.39, null, null); 
insert into itens_venda values (default, 176, 231, 231, 2, 0.00, 121.06); 
update estoque set quant_venda = quant_venda + 2, quant_atual = quant_atual - 2 where id = 231; 
update estoque_total set total = total - 2 where medicamento_id = 231; 
insert into itens_venda values (default, 176, 403, 403, 3, 1.40, 73.33); 
update estoque set quant_venda = quant_venda + 3, quant_atual = quant_atual - 3 where id = 403; 
update estoque_total set total = total - 3 where medicamento_id = 403; 

insert into venda values (177, '2022-11-30 07:57:55', 160.42, null, 24); 
insert into itens_venda values (default, 177, 330, 330, 2, 4.90, 160.42); 
update estoque set quant_venda = quant_venda + 2, quant_atual = quant_atual - 2 where id = 330; 
update estoque_total set total = total - 2 where medicamento_id = 330; 

insert into venda values (178, '2022-11-30 07:58:11', 63.84, null, null); 
insert into itens_venda values (default, 178, 436, 436, 1, 1.90, 63.84); 
update estoque set quant_venda = quant_venda + 1, quant_atual = quant_atual - 1 where id = 436; 
update estoque_total set total = total - 1 where medicamento_id = 436; 

insert into venda values (179, '2022-11-30 08:12:31', 167.17, 11, null); 
insert into itens_venda values (default, 179, 237, 237, 1, 1.30, 133.93); 
update estoque set quant_venda = quant_venda + 1, quant_atual = quant_atual - 1 where id = 237; 
update estoque_total set total = total - 1 where medicamento_id = 237; 
insert into itens_venda values (default, 179, 323, 323, 2, 2.10, 33.24); 
update estoque set quant_venda = quant_venda + 2, quant_atual = quant_atual - 2 where id = 323; 
update estoque_total set total = total - 2 where medicamento_id = 323; 

insert into venda values (180, '2022-11-30 09:07:49', 29.98, 16, null); 
insert into itens_venda values (default, 180, 485, 485, 2, 2.20, 29.98); 
update estoque set quant_venda = quant_venda + 2, quant_atual = quant_atual - 2 where id = 485; 
update estoque_total set total = total - 2 where medicamento_id = 485; 

insert into venda values (181, '2022-11-30 09:55:17', 35.48, null, null); 
insert into itens_venda values (default, 181, 443, 443, 1, 0.70, 22.70); 
update estoque set quant_venda = quant_venda + 1, quant_atual = quant_atual - 1 where id = 443; 
update estoque_total set total = total - 1 where medicamento_id = 443; 
insert into itens_venda values (default, 181, 427, 427, 1, 0.20, 12.78); 
update estoque set quant_venda = quant_venda + 1, quant_atual = quant_atual - 1 where id = 427; 
update estoque_total set total = total - 1 where medicamento_id = 427; 

insert into venda values (182, '2022-11-30 10:33:40', 38.64, null, null); 
insert into itens_venda values (default, 182, 427, 427, 3, 0.30, 38.64); 
update estoque set quant_venda = quant_venda + 3, quant_atual = quant_atual - 3 where id = 427; 
update estoque_total set total = total - 3 where medicamento_id = 427; 

insert into venda values (183, '2022-11-30 10:48:22', 137.13, null, null); 
insert into itens_venda values (default, 183, 427, 427, 3, 1.10, 37.84); 
update estoque set quant_venda = quant_venda + 3, quant_atual = quant_atual - 3 where id = 427; 
update estoque_total set total = total - 3 where medicamento_id = 427; 
insert into itens_venda values (default, 183, 450, 450, 3, 1.90, 64.16); 
update estoque set quant_venda = quant_venda + 3, quant_atual = quant_atual - 3 where id = 450; 
update estoque_total set total = total - 3 where medicamento_id = 450; 
insert into itens_venda values (default, 183, 498, 498, 1, 0.30, 35.13); 
update estoque set quant_venda = quant_venda + 1, quant_atual = quant_atual - 1 where id = 498; 
update estoque_total set total = total - 1 where medicamento_id = 498; 

insert into venda values (184, '2022-11-30 11:55:53', 93.69, 7, null); 
insert into itens_venda values (default, 184, 390, 390, 1, 1.90, 36.41); 
update estoque set quant_venda = quant_venda + 1, quant_atual = quant_atual - 1 where id = 390; 
update estoque_total set total = total - 1 where medicamento_id = 390; 
insert into itens_venda values (default, 184, 244, 244, 2, 3.00, 57.28); 
update estoque set quant_venda = quant_venda + 2, quant_atual = quant_atual - 2 where id = 244; 
update estoque_total set total = total - 2 where medicamento_id = 244; 

insert into venda values (185, '2022-11-30 12:30:33', 7.14, null, null); 
insert into itens_venda values (default, 185, 503, 503, 2, 0.20, 7.14); 
update estoque set quant_venda = quant_venda + 2, quant_atual = quant_atual - 2 where id = 503; 
update estoque_total set total = total - 2 where medicamento_id = 503; 

insert into venda values (186, '2022-12-01 06:38:23', 166.34, null, null); 
insert into itens_venda values (default, 186, 157, 157, 2, 1.40, 144.94); 
update estoque set quant_venda = quant_venda + 2, quant_atual = quant_atual - 2 where id = 157; 
update estoque_total set total = total - 2 where medicamento_id = 157; 
insert into itens_venda values (default, 186, 406, 406, 3, 0.20, 21.40); 
update estoque set quant_venda = quant_venda + 3, quant_atual = quant_atual - 3 where id = 406; 
update estoque_total set total = total - 3 where medicamento_id = 406; 

insert into venda values (187, '2022-12-01 06:41:49', 376.31, 9, null); 
insert into itens_venda values (default, 187, 323, 323, 3, 0.00, 53.01); 
update estoque set quant_venda = quant_venda + 3, quant_atual = quant_atual - 3 where id = 323; 
update estoque_total set total = total - 3 where medicamento_id = 323; 
insert into itens_venda values (default, 187, 257, 257, 1, 20.60, 323.30); 
update estoque set quant_venda = quant_venda + 1, quant_atual = quant_atual - 1 where id = 257; 
update estoque_total set total = total - 1 where medicamento_id = 257; 

insert into venda values (188, '2022-12-01 07:09:32', 76.95, null, null); 
insert into itens_venda values (default, 188, 232, 232, 1, 0.70, 76.95); 
update estoque set quant_venda = quant_venda + 1, quant_atual = quant_atual - 1 where id = 232; 
update estoque_total set total = total - 1 where medicamento_id = 232; 

insert into venda values (189, '2022-12-01 08:23:37', 228.62, null, null); 
insert into itens_venda values (default, 189, 497, 497, 2, 3.00, 72.20); 
update estoque set quant_venda = quant_venda + 2, quant_atual = quant_atual - 2 where id = 497; 
update estoque_total set total = total - 2 where medicamento_id = 497; 
insert into itens_venda values (default, 189, 393, 393, 2, 0.00, 49.04); 
update estoque set quant_venda = quant_venda + 2, quant_atual = quant_atual - 2 where id = 393; 
update estoque_total set total = total - 2 where medicamento_id = 393; 
insert into itens_venda values (default, 189, 318, 318, 2, 4.40, 107.38); 
update estoque set quant_venda = quant_venda + 2, quant_atual = quant_atual - 2 where id = 318; 
update estoque_total set total = total - 2 where medicamento_id = 318; 

insert into venda values (190, '2022-12-01 09:32:55', 11.00, null, null); 
insert into itens_venda values (default, 190, 424, 424, 1, 0.00, 11.00); 
update estoque set quant_venda = quant_venda + 1, quant_atual = quant_atual - 1 where id = 424; 
update estoque_total set total = total - 1 where medicamento_id = 424; 

insert into venda values (191, '2022-12-01 10:21:09', 277.61, 9, null); 
insert into itens_venda values (default, 191, 369, 369, 2, 12.50, 166.88); 
update estoque set quant_venda = quant_venda + 2, quant_atual = quant_atual - 2 where id = 369; 
update estoque_total set total = total - 2 where medicamento_id = 369; 
insert into itens_venda values (default, 191, 408, 408, 1, 5.80, 110.73); 
update estoque set quant_venda = quant_venda + 1, quant_atual = quant_atual - 1 where id = 408; 
update estoque_total set total = total - 1 where medicamento_id = 408; 

insert into venda values (192, '2022-12-01 11:11:42', 102.42, null, null); 
insert into itens_venda values (default, 192, 471, 471, 3, 2.10, 51.57); 
update estoque set quant_venda = quant_venda + 3, quant_atual = quant_atual - 3 where id = 471; 
update estoque_total set total = total - 3 where medicamento_id = 471; 
insert into itens_venda values (default, 192, 249, 249, 1, 0.00, 50.85); 
update estoque set quant_venda = quant_venda + 1, quant_atual = quant_atual - 1 where id = 249; 
update estoque_total set total = total - 1 where medicamento_id = 249; 

insert into venda values (193, '2022-12-01 12:28:55', 151.05, 2, 24); 
insert into itens_venda values (default, 193, 145, 145, 1, 7.60, 119.67); 
update estoque set quant_venda = quant_venda + 1, quant_atual = quant_atual - 1 where id = 145; 
update estoque_total set total = total - 1 where medicamento_id = 145; 
insert into itens_venda values (default, 193, 422, 422, 2, 0.60, 31.38); 
update estoque set quant_venda = quant_venda + 2, quant_atual = quant_atual - 2 where id = 422; 
update estoque_total set total = total - 2 where medicamento_id = 422; 

insert into venda values (194, '2022-12-01 13:10:34', 183.83, 10, null); 
insert into itens_venda values (default, 194, 425, 425, 2, 0.00, 72.40); 
update estoque set quant_venda = quant_venda + 2, quant_atual = quant_atual - 2 where id = 425; 
update estoque_total set total = total - 2 where medicamento_id = 425; 
insert into itens_venda values (default, 194, 460, 460, 2, 3.00, 72.32); 
update estoque set quant_venda = quant_venda + 2, quant_atual = quant_atual - 2 where id = 460; 
update estoque_total set total = total - 2 where medicamento_id = 460; 
insert into itens_venda values (default, 194, 440, 440, 1, 0.30, 39.11); 
update estoque set quant_venda = quant_venda + 1, quant_atual = quant_atual - 1 where id = 440; 
update estoque_total set total = total - 1 where medicamento_id = 440; 

insert into venda values (195, '2022-12-01 14:11:54', 389.99, null, null); 
insert into itens_venda values (default, 195, 107, 107, 1, 4.00, 132.56); 
update estoque set quant_venda = quant_venda + 1, quant_atual = quant_atual - 1 where id = 107; 
update estoque_total set total = total - 1 where medicamento_id = 107; 
insert into itens_venda values (default, 195, 307, 307, 1, 0.00, 241.83); 
update estoque set quant_venda = quant_venda + 1, quant_atual = quant_atual - 1 where id = 307; 
update estoque_total set total = total - 1 where medicamento_id = 307; 
insert into itens_venda values (default, 195, 404, 404, 1, 0.60, 15.60); 
update estoque set quant_venda = quant_venda + 1, quant_atual = quant_atual - 1 where id = 404; 
update estoque_total set total = total - 1 where medicamento_id = 404; 

insert into venda values (196, '2022-12-01 15:27:02', 183.64, 11, 25); 
insert into itens_venda values (default, 196, 344, 344, 2, 3.50, 67.00); 
update estoque set quant_venda = quant_venda + 2, quant_atual = quant_atual - 2 where id = 344; 
update estoque_total set total = total - 2 where medicamento_id = 344; 
insert into itens_venda values (default, 196, 135, 135, 2, 8.70, 116.64); 
update estoque set quant_venda = quant_venda + 2, quant_atual = quant_atual - 2 where id = 135; 
update estoque_total set total = total - 2 where medicamento_id = 135; 

insert into venda values (197, '2022-12-02 06:12:34', 141.82, null, 23); 
insert into itens_venda values (default, 197, 354, 354, 2, 4.30, 141.82); 
update estoque set quant_venda = quant_venda + 2, quant_atual = quant_atual - 2 where id = 354; 
update estoque_total set total = total - 2 where medicamento_id = 354; 

insert into venda values (198, '2022-12-02 07:18:18', 197.88, null, null); 
insert into itens_venda values (default, 198, 412, 412, 2, 1.70, 175.24); 
update estoque set quant_venda = quant_venda + 2, quant_atual = quant_atual - 2 where id = 412; 
update estoque_total set total = total - 2 where medicamento_id = 412; 
insert into itens_venda values (default, 198, 442, 442, 1, 0.40, 22.64); 
update estoque set quant_venda = quant_venda + 1, quant_atual = quant_atual - 1 where id = 442; 
update estoque_total set total = total - 1 where medicamento_id = 442; 

insert into venda values (199, '2022-12-02 07:37:46', 93.56, null, null); 
insert into itens_venda values (default, 199, 460, 460, 1, 1.10, 36.56); 
update estoque set quant_venda = quant_venda + 1, quant_atual = quant_atual - 1 where id = 460; 
update estoque_total set total = total - 1 where medicamento_id = 460; 
insert into itens_venda values (default, 199, 441, 441, 2, 0.00, 57.00); 
update estoque set quant_venda = quant_venda + 2, quant_atual = quant_atual - 2 where id = 441; 
update estoque_total set total = total - 2 where medicamento_id = 441; 

insert into venda values (200, '2022-12-02 08:07:55', 12.38, null, null); 
insert into itens_venda values (default, 200, 379, 379, 1, 0.30, 12.38); 
update estoque set quant_venda = quant_venda + 1, quant_atual = quant_atual - 1 where id = 379; 
update estoque_total set total = total - 1 where medicamento_id = 379; 

insert into venda values (201, '2022-12-02 09:02:22', 218.85, null, null); 
insert into itens_venda values (default, 201, 289, 289, 2, 5.70, 137.18); 
update estoque set quant_venda = quant_venda + 2, quant_atual = quant_atual - 2 where id = 289; 
update estoque_total set total = total - 2 where medicamento_id = 289; 
insert into itens_venda values (default, 201, 389, 389, 1, 0.90, 31.50); 
update estoque set quant_venda = quant_venda + 1, quant_atual = quant_atual - 1 where id = 389; 
update estoque_total set total = total - 1 where medicamento_id = 389; 
insert into itens_venda values (default, 201, 455, 455, 1, 0.00, 50.17); 
update estoque set quant_venda = quant_venda + 1, quant_atual = quant_atual - 1 where id = 455; 
update estoque_total set total = total - 1 where medicamento_id = 455; 

insert into venda values (202, '2022-12-02 09:51:11', 37.25, null, null); 
insert into itens_venda values (default, 202, 474, 474, 1, 0.50, 14.36); 
update estoque set quant_venda = quant_venda + 1, quant_atual = quant_atual - 1 where id = 474; 
update estoque_total set total = total - 1 where medicamento_id = 474; 
insert into itens_venda values (default, 202, 501, 501, 1, 0.20, 22.89); 
update estoque set quant_venda = quant_venda + 1, quant_atual = quant_atual - 1 where id = 501; 
update estoque_total set total = total - 1 where medicamento_id = 501; 

insert into venda values (203, '2022-12-02 11:11:47', 275.03, null, null); 
insert into itens_venda values (default, 203, 487, 487, 1, 3.70, 184.33); 
update estoque set quant_venda = quant_venda + 1, quant_atual = quant_atual - 1 where id = 487; 
update estoque_total set total = total - 1 where medicamento_id = 487; 
insert into itens_venda values (default, 203, 247, 247, 1, 1.30, 68.14); 
update estoque set quant_venda = quant_venda + 1, quant_atual = quant_atual - 1 where id = 247; 
update estoque_total set total = total - 1 where medicamento_id = 247; 
insert into itens_venda values (default, 203, 416, 416, 1, 0.20, 22.56); 
update estoque set quant_venda = quant_venda + 1, quant_atual = quant_atual - 1 where id = 416; 
update estoque_total set total = total - 1 where medicamento_id = 416; 

insert into venda values (204, '2022-12-02 12:26:00', 63.69, 8, 21); 
insert into itens_venda values (default, 204, 217, 217, 3, 1.60, 31.55); 
update estoque set quant_venda = quant_venda + 3, quant_atual = quant_atual - 3 where id = 217; 
update estoque_total set total = total - 3 where medicamento_id = 217; 
insert into itens_venda values (default, 204, 402, 402, 2, 1.60, 32.14); 
update estoque set quant_venda = quant_venda + 2, quant_atual = quant_atual - 2 where id = 402; 
update estoque_total set total = total - 2 where medicamento_id = 402; 

insert into venda values (205, '2022-12-02 12:27:28', 144.44, 18, null); 
insert into itens_venda values (default, 205, 344, 344, 2, 0.00, 70.50); 
update estoque set quant_venda = quant_venda + 2, quant_atual = quant_atual - 2 where id = 344; 
update estoque_total set total = total - 2 where medicamento_id = 344; 
insert into itens_venda values (default, 205, 393, 393, 1, 1.20, 23.32); 
update estoque set quant_venda = quant_venda + 1, quant_atual = quant_atual - 1 where id = 393; 
update estoque_total set total = total - 1 where medicamento_id = 393; 
insert into itens_venda values (default, 205, 304, 304, 2, 4.30, 50.62); 
update estoque set quant_venda = quant_venda + 2, quant_atual = quant_atual - 2 where id = 304; 
update estoque_total set total = total - 2 where medicamento_id = 304; 

insert into venda values (206, '2022-12-02 13:28:52', 49.71, null, null); 
insert into itens_venda values (default, 206, 483, 483, 1, 0.50, 49.71); 
update estoque set quant_venda = quant_venda + 1, quant_atual = quant_atual - 1 where id = 483; 
update estoque_total set total = total - 1 where medicamento_id = 483; 

insert into venda values (207, '2022-12-02 14:07:39', 396.95, null, 22); 
insert into itens_venda values (default, 207, 23, 23, 1, 3.10, 316.87); 
update estoque set quant_venda = quant_venda + 1, quant_atual = quant_atual - 1 where id = 23; 
update estoque_total set total = total - 1 where medicamento_id = 23; 
insert into itens_venda values (default, 207, 381, 381, 1, 1.80, 58.59); 
update estoque set quant_venda = quant_venda + 1, quant_atual = quant_atual - 1 where id = 381; 
update estoque_total set total = total - 1 where medicamento_id = 381; 
insert into itens_venda values (default, 207, 385, 385, 1, 0.00, 21.49); 
update estoque set quant_venda = quant_venda + 1, quant_atual = quant_atual - 1 where id = 385; 
update estoque_total set total = total - 1 where medicamento_id = 385; 

insert into venda values (208, '2022-12-02 15:11:17', 205.12, 10, null); 
insert into itens_venda values (default, 208, 289, 289, 2, 12.80, 130.08); 
update estoque set quant_venda = quant_venda + 2, quant_atual = quant_atual - 2 where id = 289; 
update estoque_total set total = total - 2 where medicamento_id = 289; 
insert into itens_venda values (default, 208, 128, 128, 1, 3.90, 75.04); 
update estoque set quant_venda = quant_venda + 1, quant_atual = quant_atual - 1 where id = 128; 
update estoque_total set total = total - 1 where medicamento_id = 128; 

insert into venda values (209, '2022-12-05 06:20:40', 224.44, null, null); 
insert into itens_venda values (default, 209, 267, 267, 1, 1.70, 175.43); 
update estoque set quant_venda = quant_venda + 1, quant_atual = quant_atual - 1 where id = 267; 
update estoque_total set total = total - 1 where medicamento_id = 267; 
insert into itens_venda values (default, 209, 494, 494, 3, 0.40, 49.01); 
update estoque set quant_venda = quant_venda + 3, quant_atual = quant_atual - 3 where id = 494; 
update estoque_total set total = total - 3 where medicamento_id = 494; 

insert into venda values (210, '2022-12-05 06:26:10', 84.85, null, null); 
insert into itens_venda values (default, 210, 250, 250, 1, 3.50, 84.85); 
update estoque set quant_venda = quant_venda + 1, quant_atual = quant_atual - 1 where id = 250; 
update estoque_total set total = total - 1 where medicamento_id = 250; 

insert into venda values (211, '2022-12-05 06:26:31', 30.50, 6, null); 
insert into itens_venda values (default, 211, 389, 389, 1, 1.90, 30.50); 
update estoque set quant_venda = quant_venda + 1, quant_atual = quant_atual - 1 where id = 389; 
update estoque_total set total = total - 1 where medicamento_id = 389; 

insert into venda values (212, '2022-12-05 07:01:48', 247.88, null, 22); 
insert into itens_venda values (default, 212, 256, 256, 1, 3.10, 76.79); 
update estoque set quant_venda = quant_venda + 1, quant_atual = quant_atual - 1 where id = 256; 
update estoque_total set total = total - 1 where medicamento_id = 256; 
insert into itens_venda values (default, 212, 366, 366, 1, 1.90, 47.63); 
update estoque set quant_venda = quant_venda + 1, quant_atual = quant_atual - 1 where id = 366; 
update estoque_total set total = total - 1 where medicamento_id = 366; 
insert into itens_venda values (default, 212, 347, 347, 2, 1.20, 123.46); 
update estoque set quant_venda = quant_venda + 2, quant_atual = quant_atual - 2 where id = 347; 
update estoque_total set total = total - 2 where medicamento_id = 347; 

insert into venda values (213, '2022-12-05 07:02:21', 89.90, null, null); 
insert into itens_venda values (default, 213, 501, 501, 2, 1.80, 44.38); 
update estoque set quant_venda = quant_venda + 2, quant_atual = quant_atual - 2 where id = 501; 
update estoque_total set total = total - 2 where medicamento_id = 501; 
insert into itens_venda values (default, 213, 449, 449, 1, 0.10, 19.54); 
update estoque set quant_venda = quant_venda + 1, quant_atual = quant_atual - 1 where id = 449; 
update estoque_total set total = total - 1 where medicamento_id = 449; 
insert into itens_venda values (default, 213, 437, 437, 1, 0.20, 25.98); 
update estoque set quant_venda = quant_venda + 1, quant_atual = quant_atual - 1 where id = 437; 
update estoque_total set total = total - 1 where medicamento_id = 437; 

insert into venda values (214, '2022-12-05 07:28:36', 122.18, null, 22); 
insert into itens_venda values (default, 214, 285, 285, 1, 0.00, 122.18); 
update estoque set quant_venda = quant_venda + 1, quant_atual = quant_atual - 1 where id = 285; 
update estoque_total set total = total - 1 where medicamento_id = 285; 

insert into venda values (215, '2022-12-05 08:51:53', 3.47, 5, null); 
insert into itens_venda values (default, 215, 503, 503, 1, 0.20, 3.47); 
update estoque set quant_venda = quant_venda + 1, quant_atual = quant_atual - 1 where id = 503; 
update estoque_total set total = total - 1 where medicamento_id = 503; 

insert into venda values (216, '2022-12-05 09:00:50', 121.49, null, null); 
insert into itens_venda values (default, 216, 238, 238, 1, 0.00, 14.21); 
update estoque set quant_venda = quant_venda + 1, quant_atual = quant_atual - 1 where id = 238; 
update estoque_total set total = total - 1 where medicamento_id = 238; 
insert into itens_venda values (default, 216, 282, 282, 2, 0.00, 107.28); 
update estoque set quant_venda = quant_venda + 2, quant_atual = quant_atual - 2 where id = 282; 
update estoque_total set total = total - 2 where medicamento_id = 282; 

insert into venda values (217, '2022-12-06 06:56:35', 239.39, 17, 21); 
insert into itens_venda values (default, 217, 200, 200, 1, 2.40, 119.93); 
update estoque set quant_venda = quant_venda + 1, quant_atual = quant_atual - 1 where id = 200; 
update estoque_total set total = total - 1 where medicamento_id = 200; 
insert into itens_venda values (default, 217, 480, 480, 2, 1.80, 61.28); 
update estoque set quant_venda = quant_venda + 2, quant_atual = quant_atual - 2 where id = 480; 
update estoque_total set total = total - 2 where medicamento_id = 480; 
insert into itens_venda values (default, 217, 357, 357, 1, 3.70, 58.18); 
update estoque set quant_venda = quant_venda + 1, quant_atual = quant_atual - 1 where id = 357; 
update estoque_total set total = total - 1 where medicamento_id = 357; 

insert into venda values (218, '2022-12-06 08:03:39', 354.04, 6, 24); 
insert into itens_venda values (default, 218, 15, 15, 1, 11.90, 226.56); 
update estoque set quant_venda = quant_venda + 1, quant_atual = quant_atual - 1 where id = 15; 
update estoque_total set total = total - 1 where medicamento_id = 15; 
insert into itens_venda values (default, 218, 454, 454, 1, 0.00, 88.98); 
update estoque set quant_venda = quant_venda + 1, quant_atual = quant_atual - 1 where id = 454; 
update estoque_total set total = total - 1 where medicamento_id = 454; 
insert into itens_venda values (default, 218, 414, 414, 1, 0.00, 38.50); 
update estoque set quant_venda = quant_venda + 1, quant_atual = quant_atual - 1 where id = 414; 
update estoque_total set total = total - 1 where medicamento_id = 414; 

insert into venda values (219, '2022-12-06 08:36:31', 241.80, null, 24); 
insert into itens_venda values (default, 219, 497, 497, 2, 3.00, 72.20); 
update estoque set quant_venda = quant_venda + 2, quant_atual = quant_atual - 2 where id = 497; 
update estoque_total set total = total - 2 where medicamento_id = 497; 
insert into itens_venda values (default, 219, 383, 383, 2, 1.00, 102.82); 
update estoque set quant_venda = quant_venda + 2, quant_atual = quant_atual - 2 where id = 383; 
update estoque_total set total = total - 2 where medicamento_id = 383; 
insert into itens_venda values (default, 219, 178, 178, 1, 0.00, 66.78); 
update estoque set quant_venda = quant_venda + 1, quant_atual = quant_atual - 1 where id = 178; 
update estoque_total set total = total - 1 where medicamento_id = 178; 

insert into venda values (220, '2022-12-06 09:19:51', 273.88, null, null); 
insert into itens_venda values (default, 220, 454, 454, 2, 3.50, 174.46); 
update estoque set quant_venda = quant_venda + 2, quant_atual = quant_atual - 2 where id = 454; 
update estoque_total set total = total - 2 where medicamento_id = 454; 
insert into itens_venda values (default, 220, 483, 483, 2, 1.00, 99.42); 
update estoque set quant_venda = quant_venda + 2, quant_atual = quant_atual - 2 where id = 483; 
update estoque_total set total = total - 2 where medicamento_id = 483; 

insert into venda values (221, '2022-12-06 09:48:44', 42.69, null, null); 
insert into itens_venda values (default, 221, 489, 489, 1, 1.30, 42.69); 
update estoque set quant_venda = quant_venda + 1, quant_atual = quant_atual - 1 where id = 489; 
update estoque_total set total = total - 1 where medicamento_id = 489; 

insert into venda values (222, '2022-12-06 10:16:45', 356.49, null, 22); 
insert into itens_venda values (default, 222, 204, 204, 2, 0.20, 24.72); 
update estoque set quant_venda = quant_venda + 2, quant_atual = quant_atual - 2 where id = 204; 
update estoque_total set total = total - 2 where medicamento_id = 204; 
insert into itens_venda values (default, 222, 92, 92, 2, 0.90, 95.58); 
update estoque set quant_venda = quant_venda + 2, quant_atual = quant_atual - 2 where id = 92; 
update estoque_total set total = total - 2 where medicamento_id = 92; 
insert into itens_venda values (default, 222, 211, 211, 1, 7.30, 236.19); 
update estoque set quant_venda = quant_venda + 1, quant_atual = quant_atual - 1 where id = 211; 
update estoque_total set total = total - 1 where medicamento_id = 211; 

insert into venda values (223, '2022-12-06 11:15:42', 14.74, null, null); 
insert into itens_venda values (default, 223, 496, 496, 2, 0.00, 14.74); 
update estoque set quant_venda = quant_venda + 2, quant_atual = quant_atual - 2 where id = 496; 
update estoque_total set total = total - 2 where medicamento_id = 496; 

insert into venda values (224, '2022-12-06 11:37:46', 104.07, 4, null); 
insert into itens_venda values (default, 224, 464, 464, 1, 0.00, 32.45); 
update estoque set quant_venda = quant_venda + 1, quant_atual = quant_atual - 1 where id = 464; 
update estoque_total set total = total - 1 where medicamento_id = 464; 
insert into itens_venda values (default, 224, 460, 460, 2, 3.70, 71.62); 
update estoque set quant_venda = quant_venda + 2, quant_atual = quant_atual - 2 where id = 460; 
update estoque_total set total = total - 2 where medicamento_id = 460; 

insert into venda values (225, '2022-12-06 12:30:58', 147.25, 10, null); 
insert into itens_venda values (default, 225, 469, 469, 1, 0.90, 46.98); 
update estoque set quant_venda = quant_venda + 1, quant_atual = quant_atual - 1 where id = 469; 
update estoque_total set total = total - 1 where medicamento_id = 469; 
insert into itens_venda values (default, 225, 414, 414, 1, 3.40, 35.10); 
update estoque set quant_venda = quant_venda + 1, quant_atual = quant_atual - 1 where id = 414; 
update estoque_total set total = total - 1 where medicamento_id = 414; 
insert into itens_venda values (default, 225, 501, 501, 3, 4.10, 65.17); 
update estoque set quant_venda = quant_venda + 3, quant_atual = quant_atual - 3 where id = 501; 
update estoque_total set total = total - 3 where medicamento_id = 501; 

insert into venda values (226, '2022-12-06 13:53:45', 104.86, null, 23); 
insert into itens_venda values (default, 226, 117, 117, 1, 0.30, 7.44); 
update estoque set quant_venda = quant_venda + 1, quant_atual = quant_atual - 1 where id = 117; 
update estoque_total set total = total - 1 where medicamento_id = 117; 
insert into itens_venda values (default, 226, 483, 483, 2, 3.00, 97.42); 
update estoque set quant_venda = quant_venda + 2, quant_atual = quant_atual - 2 where id = 483; 
update estoque_total set total = total - 2 where medicamento_id = 483; 

insert into venda values (227, '2022-12-06 14:18:28', 98.46, null, null); 
insert into itens_venda values (default, 227, 488, 488, 2, 0.00, 98.46); 
update estoque set quant_venda = quant_venda + 2, quant_atual = quant_atual - 2 where id = 488; 
update estoque_total set total = total - 2 where medicamento_id = 488; 

insert into venda values (228, '2022-12-07 07:14:59', 763.12, null, null); 
insert into itens_venda values (default, 228, 222, 222, 1, 7.70, 250.64); 
update estoque set quant_venda = quant_venda + 1, quant_atual = quant_atual - 1 where id = 222; 
update estoque_total set total = total - 1 where medicamento_id = 222; 
insert into itens_venda values (default, 228, 176, 176, 1, 0.00, 340.84); 
update estoque set quant_venda = quant_venda + 1, quant_atual = quant_atual - 1 where id = 176; 
update estoque_total set total = total - 1 where medicamento_id = 176; 
insert into itens_venda values (default, 228, 412, 412, 2, 5.30, 171.64); 
update estoque set quant_venda = quant_venda + 2, quant_atual = quant_atual - 2 where id = 412; 
update estoque_total set total = total - 2 where medicamento_id = 412; 

insert into venda values (229, '2022-12-07 08:11:58', 210.61, 17, 25); 
insert into itens_venda values (default, 229, 225, 225, 1, 8.00, 126.47); 
update estoque set quant_venda = quant_venda + 1, quant_atual = quant_atual - 1 where id = 225; 
update estoque_total set total = total - 1 where medicamento_id = 225; 
insert into itens_venda values (default, 229, 138, 138, 2, 4.40, 84.14); 
update estoque set quant_venda = quant_venda + 2, quant_atual = quant_atual - 2 where id = 138; 
update estoque_total set total = total - 2 where medicamento_id = 138; 

insert into venda values (230, '2022-12-07 09:02:13', 127.05, 14, null); 
insert into itens_venda values (default, 230, 486, 486, 2, 1.30, 20.58); 
update estoque set quant_venda = quant_venda + 2, quant_atual = quant_atual - 2 where id = 486; 
update estoque_total set total = total - 2 where medicamento_id = 486; 
insert into itens_venda values (default, 230, 482, 482, 2, 0.60, 32.14); 
update estoque set quant_venda = quant_venda + 2, quant_atual = quant_atual - 2 where id = 482; 
update estoque_total set total = total - 2 where medicamento_id = 482; 
insert into itens_venda values (default, 230, 248, 248, 3, 0.70, 74.33); 
update estoque set quant_venda = quant_venda + 3, quant_atual = quant_atual - 3 where id = 248; 
update estoque_total set total = total - 3 where medicamento_id = 248; 

insert into venda values (231, '2022-12-07 10:05:52', 166.46, 15, null); 
insert into itens_venda values (default, 231, 494, 494, 2, 1.60, 31.34); 
update estoque set quant_venda = quant_venda + 2, quant_atual = quant_atual - 2 where id = 494; 
update estoque_total set total = total - 2 where medicamento_id = 494; 
insert into itens_venda values (default, 231, 325, 325, 1, 3.40, 53.58); 
update estoque set quant_venda = quant_venda + 1, quant_atual = quant_atual - 1 where id = 325; 
update estoque_total set total = total - 1 where medicamento_id = 325; 
insert into itens_venda values (default, 231, 306, 306, 1, 1.60, 81.54); 
update estoque set quant_venda = quant_venda + 1, quant_atual = quant_atual - 1 where id = 306; 
update estoque_total set total = total - 1 where medicamento_id = 306; 

insert into venda values (232, '2022-12-07 11:04:53', 97.78, 1, null); 
insert into itens_venda values (default, 232, 132, 132, 2, 0.90, 97.78); 
update estoque set quant_venda = quant_venda + 2, quant_atual = quant_atual - 2 where id = 132; 
update estoque_total set total = total - 2 where medicamento_id = 132; 

insert into venda values (233, '2022-12-07 11:50:10', 262.31, 16, null); 
insert into itens_venda values (default, 233, 487, 487, 1, 13.10, 174.93); 
update estoque set quant_venda = quant_venda + 1, quant_atual = quant_atual - 1 where id = 487; 
update estoque_total set total = total - 1 where medicamento_id = 487; 
insert into itens_venda values (default, 233, 248, 248, 2, 4.50, 45.52); 
update estoque set quant_venda = quant_venda + 2, quant_atual = quant_atual - 2 where id = 248; 
update estoque_total set total = total - 2 where medicamento_id = 248; 
insert into itens_venda values (default, 233, 341, 341, 3, 1.70, 41.86); 
update estoque set quant_venda = quant_venda + 3, quant_atual = quant_atual - 3 where id = 341; 
update estoque_total set total = total - 3 where medicamento_id = 341; 

insert into venda values (234, '2022-12-07 12:31:24', 176.34, null, null); 
insert into itens_venda values (default, 234, 226, 226, 2, 3.50, 176.34); 
update estoque set quant_venda = quant_venda + 2, quant_atual = quant_atual - 2 where id = 226; 
update estoque_total set total = total - 2 where medicamento_id = 226; 

insert into venda values (235, '2022-12-07 13:17:21', 181.95, 5, 23); 
insert into itens_venda values (default, 235, 376, 376, 2, 2.30, 27.50); 
update estoque set quant_venda = quant_venda + 2, quant_atual = quant_atual - 2 where id = 376; 
update estoque_total set total = total - 2 where medicamento_id = 376; 
insert into itens_venda values (default, 235, 435, 435, 1, 3.90, 94.12); 
update estoque set quant_venda = quant_venda + 1, quant_atual = quant_atual - 1 where id = 435; 
update estoque_total set total = total - 1 where medicamento_id = 435; 
insert into itens_venda values (default, 235, 188, 188, 3, 4.50, 60.33); 
update estoque set quant_venda = quant_venda + 3, quant_atual = quant_atual - 3 where id = 188; 
update estoque_total set total = total - 3 where medicamento_id = 188; 

insert into venda values (236, '2022-12-07 13:52:28', 83.52, null, null); 
insert into itens_venda values (default, 236, 305, 305, 2, 3.40, 83.52); 
update estoque set quant_venda = quant_venda + 2, quant_atual = quant_atual - 2 where id = 305; 
update estoque_total set total = total - 2 where medicamento_id = 305; 

insert into venda values (237, '2022-12-07 14:51:10', 147.04, null, 25); 
insert into itens_venda values (default, 237, 433, 433, 2, 2.10, 52.20); 
update estoque set quant_venda = quant_venda + 2, quant_atual = quant_atual - 2 where id = 433; 
update estoque_total set total = total - 2 where medicamento_id = 433; 
insert into itens_venda values (default, 237, 442, 442, 1, 0.40, 22.64); 
update estoque set quant_venda = quant_venda + 1, quant_atual = quant_atual - 1 where id = 442; 
update estoque_total set total = total - 1 where medicamento_id = 442; 
insert into itens_venda values (default, 237, 276, 276, 2, 0.00, 72.20); 
update estoque set quant_venda = quant_venda + 2, quant_atual = quant_atual - 2 where id = 276; 
update estoque_total set total = total - 2 where medicamento_id = 276; 

insert into venda values (238, '2022-12-08 06:33:56', 333.88, null, null); 
insert into itens_venda values (default, 238, 316, 316, 1, 0.00, 179.50); 
update estoque set quant_venda = quant_venda + 1, quant_atual = quant_atual - 1 where id = 316; 
update estoque_total set total = total - 1 where medicamento_id = 316; 
insert into itens_venda values (default, 238, 450, 450, 2, 1.30, 42.74); 
update estoque set quant_venda = quant_venda + 2, quant_atual = quant_atual - 2 where id = 450; 
update estoque_total set total = total - 2 where medicamento_id = 450; 
insert into itens_venda values (default, 238, 478, 478, 2, 3.40, 111.64); 
update estoque set quant_venda = quant_venda + 2, quant_atual = quant_atual - 2 where id = 478; 
update estoque_total set total = total - 2 where medicamento_id = 478; 

insert into venda values (239, '2022-12-08 07:08:42', 58.97, null, null); 
insert into itens_venda values (default, 239, 468, 468, 1, 0.50, 58.97); 
update estoque set quant_venda = quant_venda + 1, quant_atual = quant_atual - 1 where id = 468; 
update estoque_total set total = total - 1 where medicamento_id = 468; 

insert into venda values (240, '2022-12-08 08:18:10', 216.04, 11, null); 
insert into itens_venda values (default, 240, 370, 370, 1, 21.30, 216.04); 
update estoque set quant_venda = quant_venda + 1, quant_atual = quant_atual - 1 where id = 370; 
update estoque_total set total = total - 1 where medicamento_id = 370; 

insert into venda values (241, '2022-12-08 09:05:55', 48.00, null, null); 
insert into itens_venda values (default, 241, 409, 409, 2, 0.90, 48.00); 
update estoque set quant_venda = quant_venda + 2, quant_atual = quant_atual - 2 where id = 409; 
update estoque_total set total = total - 2 where medicamento_id = 409; 

insert into venda values (242, '2022-12-08 09:58:45', 107.30, 1, null); 
insert into itens_venda values (default, 242, 491, 491, 2, 5.60, 107.30); 
update estoque set quant_venda = quant_venda + 2, quant_atual = quant_atual - 2 where id = 491; 
update estoque_total set total = total - 2 where medicamento_id = 491; 

insert into venda values (243, '2022-12-08 10:50:20', 84.36, null, null); 
insert into itens_venda values (default, 243, 424, 424, 1, 0.20, 10.80); 
update estoque set quant_venda = quant_venda + 1, quant_atual = quant_atual - 1 where id = 424; 
update estoque_total set total = total - 1 where medicamento_id = 424; 
insert into itens_venda values (default, 243, 393, 393, 3, 0.00, 73.56); 
update estoque set quant_venda = quant_venda + 3, quant_atual = quant_atual - 3 where id = 393; 
update estoque_total set total = total - 3 where medicamento_id = 393; 

insert into venda values (244, '2022-12-08 11:45:30', 60.28, null, null); 
insert into itens_venda values (default, 244, 244, 244, 2, 0.00, 60.28); 
update estoque set quant_venda = quant_venda + 2, quant_atual = quant_atual - 2 where id = 244; 
update estoque_total set total = total - 2 where medicamento_id = 244; 

insert into venda values (245, '2022-12-08 12:28:53', 38.78, 7, null); 
insert into itens_venda values (default, 245, 353, 353, 1, 2.90, 38.78); 
update estoque set quant_venda = quant_venda + 1, quant_atual = quant_atual - 1 where id = 353; 
update estoque_total set total = total - 1 where medicamento_id = 353; 

insert into venda values (246, '2022-12-08 13:00:52', 47.96, null, null); 
insert into itens_venda values (default, 246, 294, 294, 3, 1.90, 47.96); 
update estoque set quant_venda = quant_venda + 3, quant_atual = quant_atual - 3 where id = 294; 
update estoque_total set total = total - 3 where medicamento_id = 294; 

insert into venda values (247, '2022-12-08 13:59:28', 18.93, null, null); 
insert into itens_venda values (default, 247, 462, 462, 1, 0.00, 18.93); 
update estoque set quant_venda = quant_venda + 1, quant_atual = quant_atual - 1 where id = 462; 
update estoque_total set total = total - 1 where medicamento_id = 462; 

insert into venda values (248, '2022-12-08 14:49:19', 362.39, 14, null); 
insert into itens_venda values (default, 248, 478, 478, 2, 3.40, 111.64); 
update estoque set quant_venda = quant_venda + 2, quant_atual = quant_atual - 2 where id = 478; 
update estoque_total set total = total - 2 where medicamento_id = 478; 
insert into itens_venda values (default, 248, 195, 195, 1, 7.70, 250.75); 
update estoque set quant_venda = quant_venda + 1, quant_atual = quant_atual - 1 where id = 195; 
update estoque_total set total = total - 1 where medicamento_id = 195; 

insert into venda values (249, '2022-12-08 15:18:11', 213.31, null, null); 
insert into itens_venda values (default, 249, 491, 491, 1, 0.00, 56.45); 
update estoque set quant_venda = quant_venda + 1, quant_atual = quant_atual - 1 where id = 491; 
update estoque_total set total = total - 1 where medicamento_id = 491; 
insert into itens_venda values (default, 249, 332, 332, 1, 0.60, 62.44); 
update estoque set quant_venda = quant_venda + 1, quant_atual = quant_atual - 1 where id = 332; 
update estoque_total set total = total - 1 where medicamento_id = 332; 
insert into itens_venda values (default, 249, 264, 264, 2, 3.90, 94.42); 
update estoque set quant_venda = quant_venda + 2, quant_atual = quant_atual - 2 where id = 264; 
update estoque_total set total = total - 2 where medicamento_id = 264; 

insert into venda values (250, '2022-12-09 07:11:48', 18.21, null, null); 
insert into itens_venda values (default, 250, 445, 445, 1, 0.00, 18.21); 
update estoque set quant_venda = quant_venda + 1, quant_atual = quant_atual - 1 where id = 445; 
update estoque_total set total = total - 1 where medicamento_id = 445; 

insert into venda values (251, '2022-12-09 07:45:24', 68.62, 6, null); 
insert into itens_venda values (default, 251, 460, 460, 2, 6.70, 68.62); 
update estoque set quant_venda = quant_venda + 2, quant_atual = quant_atual - 2 where id = 460; 
update estoque_total set total = total - 2 where medicamento_id = 460; 

insert into venda values (252, '2022-12-09 08:38:50', 251.72, null, null); 
insert into itens_venda values (default, 252, 236, 236, 1, 2.60, 130.21); 
update estoque set quant_venda = quant_venda + 1, quant_atual = quant_atual - 1 where id = 236; 
update estoque_total set total = total - 1 where medicamento_id = 236; 
insert into itens_venda values (default, 252, 414, 414, 2, 3.00, 74.00); 
update estoque set quant_venda = quant_venda + 2, quant_atual = quant_atual - 2 where id = 414; 
update estoque_total set total = total - 2 where medicamento_id = 414; 
insert into itens_venda values (default, 252, 500, 500, 3, 0.40, 47.51); 
update estoque set quant_venda = quant_venda + 3, quant_atual = quant_atual - 3 where id = 500; 
update estoque_total set total = total - 3 where medicamento_id = 500; 

insert into venda values (253, '2022-12-09 08:40:24', 219.18, 18, null); 
insert into itens_venda values (default, 253, 391, 391, 2, 10.60, 167.40); 
update estoque set quant_venda = quant_venda + 2, quant_atual = quant_atual - 2 where id = 391; 
update estoque_total set total = total - 2 where medicamento_id = 391; 
insert into itens_venda values (default, 253, 386, 386, 3, 3.30, 51.78); 
update estoque set quant_venda = quant_venda + 3, quant_atual = quant_atual - 3 where id = 386; 
update estoque_total set total = total - 3 where medicamento_id = 386; 

insert into venda values (254, '2022-12-09 09:38:01', 102.58, 20, null); 
insert into itens_venda values (default, 254, 410, 410, 1, 4.20, 102.58); 
update estoque set quant_venda = quant_venda + 1, quant_atual = quant_atual - 1 where id = 410; 
update estoque_total set total = total - 1 where medicamento_id = 410; 

insert into venda values (255, '2022-12-09 10:40:17', 57.74, 12, null); 
insert into itens_venda values (default, 255, 365, 365, 1, 1.30, 15.22); 
update estoque set quant_venda = quant_venda + 1, quant_atual = quant_atual - 1 where id = 365; 
update estoque_total set total = total - 1 where medicamento_id = 365; 
insert into itens_venda values (default, 255, 398, 398, 3, 4.10, 42.52); 
update estoque set quant_venda = quant_venda + 3, quant_atual = quant_atual - 3 where id = 398; 
update estoque_total set total = total - 3 where medicamento_id = 398; 

insert into venda values (256, '2022-12-09 11:17:34', 26.43, 5, null); 
insert into itens_venda values (default, 256, 448, 448, 1, 0.90, 15.59); 
update estoque set quant_venda = quant_venda + 1, quant_atual = quant_atual - 1 where id = 448; 
update estoque_total set total = total - 1 where medicamento_id = 448; 
insert into itens_venda values (default, 256, 486, 486, 1, 0.10, 10.84); 
update estoque set quant_venda = quant_venda + 1, quant_atual = quant_atual - 1 where id = 486; 
update estoque_total set total = total - 1 where medicamento_id = 486; 

insert into venda values (257, '2022-12-09 12:06:10', 452.34, 5, null); 
insert into itens_venda values (default, 257, 259, 259, 1, 0.00, 394.24); 
update estoque set quant_venda = quant_venda + 1, quant_atual = quant_atual - 1 where id = 259; 
update estoque_total set total = total - 1 where medicamento_id = 259; 
insert into itens_venda values (default, 257, 497, 497, 1, 0.00, 37.60); 
update estoque set quant_venda = quant_venda + 1, quant_atual = quant_atual - 1 where id = 497; 
update estoque_total set total = total - 1 where medicamento_id = 497; 
insert into itens_venda values (default, 257, 351, 351, 1, 1.30, 20.50); 
update estoque set quant_venda = quant_venda + 1, quant_atual = quant_atual - 1 where id = 351; 
update estoque_total set total = total - 1 where medicamento_id = 351; 

insert into venda values (258, '2022-12-09 12:48:55', 54.51, 9, null); 
insert into itens_venda values (default, 258, 297, 297, 1, 4.00, 54.51); 
update estoque set quant_venda = quant_venda + 1, quant_atual = quant_atual - 1 where id = 297; 
update estoque_total set total = total - 1 where medicamento_id = 297; 

insert into venda values (259, '2022-12-10 06:41:28', 58.62, null, null); 
insert into itens_venda values (default, 259, 440, 440, 1, 1.50, 37.91); 
update estoque set quant_venda = quant_venda + 1, quant_atual = quant_atual - 1 where id = 440; 
update estoque_total set total = total - 1 where medicamento_id = 440; 
insert into itens_venda values (default, 259, 262, 262, 1, 0.80, 20.71); 
update estoque set quant_venda = quant_venda + 1, quant_atual = quant_atual - 1 where id = 262; 
update estoque_total set total = total - 1 where medicamento_id = 262; 

insert into venda values (260, '2022-12-10 09:01:03', 218.10, null, 24); 
insert into itens_venda values (default, 260, 467, 467, 2, 3.70, 120.96); 
update estoque set quant_venda = quant_venda + 2, quant_atual = quant_atual - 2 where id = 467; 
update estoque_total set total = total - 2 where medicamento_id = 467; 
insert into itens_venda values (default, 260, 206, 206, 2, 2.70, 64.80); 
update estoque set quant_venda = quant_venda + 2, quant_atual = quant_atual - 2 where id = 206; 
update estoque_total set total = total - 2 where medicamento_id = 206; 
insert into itens_venda values (default, 260, 401, 401, 1, 1.30, 32.34); 
update estoque set quant_venda = quant_venda + 1, quant_atual = quant_atual - 1 where id = 401; 
update estoque_total set total = total - 1 where medicamento_id = 401; 

insert into venda values (261, '2022-12-11 06:05:51', 73.47, 12, null); 
insert into itens_venda values (default, 261, 224, 224, 1, 6.30, 73.47); 
update estoque set quant_venda = quant_venda + 1, quant_atual = quant_atual - 1 where id = 224; 
update estoque_total set total = total - 1 where medicamento_id = 224; 

insert into venda values (262, '2022-12-11 06:15:56', 155.01, null, null); 
insert into itens_venda values (default, 262, 483, 483, 2, 4.00, 96.42); 
update estoque set quant_venda = quant_venda + 2, quant_atual = quant_atual - 2 where id = 483; 
update estoque_total set total = total - 2 where medicamento_id = 483; 
insert into itens_venda values (default, 262, 381, 381, 1, 1.80, 58.59); 
update estoque set quant_venda = quant_venda + 1, quant_atual = quant_atual - 1 where id = 381; 
update estoque_total set total = total - 1 where medicamento_id = 381; 

insert into venda values (263, '2022-12-11 07:16:18', 328.62, 7, 24); 
insert into itens_venda values (default, 263, 503, 503, 3, 0.90, 10.11); 
update estoque set quant_venda = quant_venda + 3, quant_atual = quant_atual - 3 where id = 503; 
update estoque_total set total = total - 3 where medicamento_id = 503; 
insert into itens_venda values (default, 263, 254, 254, 1, 7.20, 235.49); 
update estoque set quant_venda = quant_venda + 1, quant_atual = quant_atual - 1 where id = 254; 
update estoque_total set total = total - 1 where medicamento_id = 254; 
insert into itens_venda values (default, 263, 413, 413, 1, 7.20, 83.02); 
update estoque set quant_venda = quant_venda + 1, quant_atual = quant_atual - 1 where id = 413; 
update estoque_total set total = total - 1 where medicamento_id = 413; 

insert into venda values (264, '2022-12-11 08:03:23', 100.02, 16, null); 
insert into itens_venda values (default, 264, 349, 349, 2, 2.40, 59.88); 
update estoque set quant_venda = quant_venda + 2, quant_atual = quant_atual - 2 where id = 349; 
update estoque_total set total = total - 2 where medicamento_id = 349; 
insert into itens_venda values (default, 264, 450, 450, 2, 3.90, 40.14); 
update estoque set quant_venda = quant_venda + 2, quant_atual = quant_atual - 2 where id = 450; 
update estoque_total set total = total - 2 where medicamento_id = 450; 

insert into venda values (265, '2022-12-12 06:49:48', 83.38, null, null); 
insert into itens_venda values (default, 265, 252, 252, 3, 0.80, 83.38); 
update estoque set quant_venda = quant_venda + 3, quant_atual = quant_atual - 3 where id = 252; 
update estoque_total set total = total - 3 where medicamento_id = 252; 

insert into venda values (266, '2022-12-12 07:00:20', 177.34, 4, null); 
insert into itens_venda values (default, 266, 205, 205, 1, 9.30, 177.34); 
update estoque set quant_venda = quant_venda + 1, quant_atual = quant_atual - 1 where id = 205; 
update estoque_total set total = total - 1 where medicamento_id = 205; 

insert into venda values (267, '2022-12-12 09:44:08', 47.46, null, null); 
insert into itens_venda values (default, 267, 424, 424, 3, 0.30, 32.70); 
update estoque set quant_venda = quant_venda + 3, quant_atual = quant_atual - 3 where id = 424; 
update estoque_total set total = total - 3 where medicamento_id = 424; 
insert into itens_venda values (default, 267, 474, 474, 1, 0.10, 14.76); 
update estoque set quant_venda = quant_venda + 1, quant_atual = quant_atual - 1 where id = 474; 
update estoque_total set total = total - 1 where medicamento_id = 474; 

insert into venda values (268, '2022-12-13 06:48:27', 110.64, null, null); 
insert into itens_venda values (default, 268, 382, 382, 1, 0.00, 34.52); 
update estoque set quant_venda = quant_venda + 1, quant_atual = quant_atual - 1 where id = 382; 
update estoque_total set total = total - 1 where medicamento_id = 382; 
insert into itens_venda values (default, 268, 434, 434, 2, 2.60, 62.72); 
update estoque set quant_venda = quant_venda + 2, quant_atual = quant_atual - 2 where id = 434; 
update estoque_total set total = total - 2 where medicamento_id = 434; 
insert into itens_venda values (default, 268, 504, 504, 2, 0.10, 13.40); 
update estoque set quant_venda = quant_venda + 2, quant_atual = quant_atual - 2 where id = 504; 
update estoque_total set total = total - 2 where medicamento_id = 504; 

insert into venda values (269, '2022-12-13 07:07:47', 68.40, null, null); 
insert into itens_venda values (default, 269, 299, 299, 2, 0.00, 68.40); 
update estoque set quant_venda = quant_venda + 2, quant_atual = quant_atual - 2 where id = 299; 
update estoque_total set total = total - 2 where medicamento_id = 299; 

insert into venda values (270, '2022-12-13 07:15:33', 172.70, null, null); 
insert into itens_venda values (default, 270, 391, 391, 2, 5.30, 172.70); 
update estoque set quant_venda = quant_venda + 2, quant_atual = quant_atual - 2 where id = 391; 
update estoque_total set total = total - 2 where medicamento_id = 391; 

insert into venda values (271, '2022-12-13 08:09:28', 154.89, null, null); 
insert into itens_venda values (default, 271, 298, 298, 1, 1.00, 104.98); 
update estoque set quant_venda = quant_venda + 1, quant_atual = quant_atual - 1 where id = 298; 
update estoque_total set total = total - 1 where medicamento_id = 298; 
insert into itens_venda values (default, 271, 383, 383, 1, 2.00, 49.91); 
update estoque set quant_venda = quant_venda + 1, quant_atual = quant_atual - 1 where id = 383; 
update estoque_total set total = total - 1 where medicamento_id = 383; 

insert into venda values (272, '2022-12-13 08:52:49', 74.44, null, null); 
insert into itens_venda values (default, 272, 378, 378, 2, 0.70, 74.44); 
update estoque set quant_venda = quant_venda + 2, quant_atual = quant_atual - 2 where id = 378; 
update estoque_total set total = total - 2 where medicamento_id = 378; 

insert into venda values (273, '2022-12-13 09:27:26', 229.57, null, null); 
insert into itens_venda values (default, 273, 391, 391, 1, 3.50, 85.50); 
update estoque set quant_venda = quant_venda + 1, quant_atual = quant_atual - 1 where id = 391; 
update estoque_total set total = total - 1 where medicamento_id = 391; 
insert into itens_venda values (default, 273, 401, 401, 2, 0.00, 67.28); 
update estoque set quant_venda = quant_venda + 2, quant_atual = quant_atual - 2 where id = 401; 
update estoque_total set total = total - 2 where medicamento_id = 401; 
insert into itens_venda values (default, 273, 256, 256, 1, 3.10, 76.79); 
update estoque set quant_venda = quant_venda + 1, quant_atual = quant_atual - 1 where id = 256; 
update estoque_total set total = total - 1 where medicamento_id = 256; 

insert into venda values (274, '2022-12-13 09:27:47', 77.84, 17, null); 
insert into itens_venda values (default, 274, 437, 437, 3, 0.70, 77.84); 
update estoque set quant_venda = quant_venda + 3, quant_atual = quant_atual - 3 where id = 437; 
update estoque_total set total = total - 3 where medicamento_id = 437; 

insert into venda values (275, '2022-12-13 10:19:00', 249.30, null, 23); 
insert into itens_venda values (default, 275, 225, 225, 1, 0.00, 134.47); 
update estoque set quant_venda = quant_venda + 1, quant_atual = quant_atual - 1 where id = 225; 
update estoque_total set total = total - 1 where medicamento_id = 225; 
insert into itens_venda values (default, 275, 162, 162, 1, 2.00, 65.41); 
update estoque set quant_venda = quant_venda + 1, quant_atual = quant_atual - 1 where id = 162; 
update estoque_total set total = total - 1 where medicamento_id = 162; 
insert into itens_venda values (default, 275, 429, 429, 2, 0.00, 49.42); 
update estoque set quant_venda = quant_venda + 2, quant_atual = quant_atual - 2 where id = 429; 
update estoque_total set total = total - 2 where medicamento_id = 429; 

insert into venda values (276, '2022-12-13 11:24:46', 162.24, null, null); 
insert into itens_venda values (default, 276, 481, 481, 2, 0.00, 26.68); 
update estoque set quant_venda = quant_venda + 2, quant_atual = quant_atual - 2 where id = 481; 
update estoque_total set total = total - 2 where medicamento_id = 481; 
insert into itens_venda values (default, 276, 407, 407, 2, 4.10, 135.56); 
update estoque set quant_venda = quant_venda + 2, quant_atual = quant_atual - 2 where id = 407; 
update estoque_total set total = total - 2 where medicamento_id = 407; 

insert into venda values (277, '2022-12-13 11:26:21', 146.28, null, null); 
insert into itens_venda values (default, 277, 469, 469, 2, 2.80, 92.96); 
update estoque set quant_venda = quant_venda + 2, quant_atual = quant_atual - 2 where id = 469; 
update estoque_total set total = total - 2 where medicamento_id = 469; 
insert into itens_venda values (default, 277, 304, 304, 2, 1.60, 53.32); 
update estoque set quant_venda = quant_venda + 2, quant_atual = quant_atual - 2 where id = 304; 
update estoque_total set total = total - 2 where medicamento_id = 304; 

insert into venda values (278, '2022-12-14 06:59:51', 219.82, null, null); 
insert into itens_venda values (default, 278, 267, 267, 1, 0.00, 177.13); 
update estoque set quant_venda = quant_venda + 1, quant_atual = quant_atual - 1 where id = 267; 
update estoque_total set total = total - 1 where medicamento_id = 267; 
insert into itens_venda values (default, 278, 489, 489, 1, 1.30, 42.69); 
update estoque set quant_venda = quant_venda + 1, quant_atual = quant_atual - 1 where id = 489; 
update estoque_total set total = total - 1 where medicamento_id = 489; 

insert into venda values (279, '2022-12-14 07:42:40', 377.41, 13, 24); 
insert into itens_venda values (default, 279, 279, 279, 3, 6.10, 82.46); 
update estoque set quant_venda = quant_venda + 3, quant_atual = quant_atual - 3 where id = 279; 
update estoque_total set total = total - 3 where medicamento_id = 279; 
insert into itens_venda values (default, 279, 486, 486, 2, 0.60, 21.28); 
update estoque set quant_venda = quant_venda + 2, quant_atual = quant_atual - 2 where id = 486; 
update estoque_total set total = total - 2 where medicamento_id = 486; 
insert into itens_venda values (default, 279, 268, 268, 1, 17.40, 273.67); 
update estoque set quant_venda = quant_venda + 1, quant_atual = quant_atual - 1 where id = 268; 
update estoque_total set total = total - 1 where medicamento_id = 268; 

insert into venda values (280, '2022-12-14 08:38:55', 338.97, null, 24); 
insert into itens_venda values (default, 280, 414, 414, 2, 1.50, 75.50); 
update estoque set quant_venda = quant_venda + 2, quant_atual = quant_atual - 2 where id = 414; 
update estoque_total set total = total - 2 where medicamento_id = 414; 
insert into itens_venda values (default, 280, 239, 239, 1, 1.90, 192.25); 
update estoque set quant_venda = quant_venda + 1, quant_atual = quant_atual - 1 where id = 239; 
update estoque_total set total = total - 1 where medicamento_id = 239; 
insert into itens_venda values (default, 280, 181, 181, 2, 0.70, 71.22); 
update estoque set quant_venda = quant_venda + 2, quant_atual = quant_atual - 2 where id = 181; 
update estoque_total set total = total - 2 where medicamento_id = 181; 

insert into venda values (281, '2022-12-14 09:08:01', 261.31, null, null); 
insert into itens_venda values (default, 281, 481, 481, 2, 0.00, 26.68); 
update estoque set quant_venda = quant_venda + 2, quant_atual = quant_atual - 2 where id = 481; 
update estoque_total set total = total - 2 where medicamento_id = 481; 
insert into itens_venda values (default, 281, 307, 307, 1, 7.20, 234.63); 
update estoque set quant_venda = quant_venda + 1, quant_atual = quant_atual - 1 where id = 307; 
update estoque_total set total = total - 1 where medicamento_id = 307; 

insert into venda values (282, '2022-12-14 10:25:36', 105.01, null, null); 
insert into itens_venda values (default, 282, 457, 457, 2, 0.60, 67.74); 
update estoque set quant_venda = quant_venda + 2, quant_atual = quant_atual - 2 where id = 457; 
update estoque_total set total = total - 2 where medicamento_id = 457; 
insert into itens_venda values (default, 282, 499, 499, 1, 1.50, 37.27); 
update estoque set quant_venda = quant_venda + 1, quant_atual = quant_atual - 1 where id = 499; 
update estoque_total set total = total - 1 where medicamento_id = 499; 

insert into venda values (283, '2022-12-14 11:22:33', 92.98, null, null); 
insert into itens_venda values (default, 283, 374, 374, 2, 2.70, 65.52); 
update estoque set quant_venda = quant_venda + 2, quant_atual = quant_atual - 2 where id = 374; 
update estoque_total set total = total - 2 where medicamento_id = 374; 
insert into itens_venda values (default, 283, 302, 302, 2, 0.00, 27.46); 
update estoque set quant_venda = quant_venda + 2, quant_atual = quant_atual - 2 where id = 302; 
update estoque_total set total = total - 2 where medicamento_id = 302; 

insert into venda values (284, '2022-12-14 12:10:40', 34.84, 11, null); 
insert into itens_venda values (default, 284, 397, 397, 2, 1.40, 34.84); 
update estoque set quant_venda = quant_venda + 2, quant_atual = quant_atual - 2 where id = 397; 
update estoque_total set total = total - 2 where medicamento_id = 397; 

insert into venda values (285, '2022-12-14 12:46:31', 84.01, null, null); 
insert into itens_venda values (default, 285, 311, 311, 3, 0.90, 44.73); 
update estoque set quant_venda = quant_venda + 3, quant_atual = quant_atual - 3 where id = 311; 
update estoque_total set total = total - 3 where medicamento_id = 311; 
insert into itens_venda values (default, 285, 449, 449, 2, 0.00, 39.28); 
update estoque set quant_venda = quant_venda + 2, quant_atual = quant_atual - 2 where id = 449; 
update estoque_total set total = total - 2 where medicamento_id = 449; 

insert into venda values (286, '2022-12-15 06:15:08', 174.47, 19, 23); 
insert into itens_venda values (default, 286, 78, 78, 1, 13.10, 174.47); 
update estoque set quant_venda = quant_venda + 1, quant_atual = quant_atual - 1 where id = 78; 
update estoque_total set total = total - 1 where medicamento_id = 78; 

insert into venda values (287, '2022-12-15 06:26:59', 382.57, 16, 24); 
insert into itens_venda values (default, 287, 211, 211, 1, 21.90, 221.59); 
update estoque set quant_venda = quant_venda + 1, quant_atual = quant_atual - 1 where id = 211; 
update estoque_total set total = total - 1 where medicamento_id = 211; 
insert into itens_venda values (default, 287, 147, 147, 1, 1.60, 160.98); 
update estoque set quant_venda = quant_venda + 1, quant_atual = quant_atual - 1 where id = 147; 
update estoque_total set total = total - 1 where medicamento_id = 147; 

insert into venda values (288, '2022-12-15 06:38:18', 66.24, null, null); 
insert into itens_venda values (default, 288, 364, 364, 2, 0.00, 66.24); 
update estoque set quant_venda = quant_venda + 2, quant_atual = quant_atual - 2 where id = 364; 
update estoque_total set total = total - 2 where medicamento_id = 364; 

insert into venda values (289, '2022-12-15 07:07:25', 234.18, null, null); 
insert into itens_venda values (default, 289, 262, 262, 3, 0.60, 63.93); 
update estoque set quant_venda = quant_venda + 3, quant_atual = quant_atual - 3 where id = 262; 
update estoque_total set total = total - 3 where medicamento_id = 262; 
insert into itens_venda values (default, 289, 372, 372, 1, 2.10, 105.40); 
update estoque set quant_venda = quant_venda + 1, quant_atual = quant_atual - 1 where id = 372; 
update estoque_total set total = total - 1 where medicamento_id = 372; 
insert into itens_venda values (default, 289, 152, 152, 1, 2.60, 64.85); 
update estoque set quant_venda = quant_venda + 1, quant_atual = quant_atual - 1 where id = 152; 
update estoque_total set total = total - 1 where medicamento_id = 152; 

insert into venda values (290, '2022-12-15 07:30:58', 98.99, 1, null); 
insert into itens_venda values (default, 290, 419, 419, 3, 2.40, 79.74); 
update estoque set quant_venda = quant_venda + 3, quant_atual = quant_atual - 3 where id = 419; 
update estoque_total set total = total - 3 where medicamento_id = 419; 
insert into itens_venda values (default, 290, 504, 504, 3, 1.00, 19.25); 
update estoque set quant_venda = quant_venda + 3, quant_atual = quant_atual - 3 where id = 504; 
update estoque_total set total = total - 3 where medicamento_id = 504; 

insert into venda values (291, '2022-12-15 07:58:55', 154.78, 2, null); 
insert into itens_venda values (default, 291, 496, 496, 1, 0.30, 7.07); 
update estoque set quant_venda = quant_venda + 1, quant_atual = quant_atual - 1 where id = 496; 
update estoque_total set total = total - 1 where medicamento_id = 496; 
insert into itens_venda values (default, 291, 446, 446, 1, 0.00, 131.82); 
update estoque set quant_venda = quant_venda + 1, quant_atual = quant_atual - 1 where id = 446; 
update estoque_total set total = total - 1 where medicamento_id = 446; 
insert into itens_venda values (default, 291, 423, 423, 1, 0.10, 15.89); 
update estoque set quant_venda = quant_venda + 1, quant_atual = quant_atual - 1 where id = 423; 
update estoque_total set total = total - 1 where medicamento_id = 423; 

insert into venda values (292, '2022-12-15 09:15:50', 349.53, 14, 25); 
insert into itens_venda values (default, 292, 477, 477, 1, 3.90, 61.14); 
update estoque set quant_venda = quant_venda + 1, quant_atual = quant_atual - 1 where id = 477; 
update estoque_total set total = total - 1 where medicamento_id = 477; 
insert into itens_venda values (default, 292, 496, 496, 2, 1.10, 13.64); 
update estoque set quant_venda = quant_venda + 2, quant_atual = quant_atual - 2 where id = 496; 
update estoque_total set total = total - 2 where medicamento_id = 496; 
insert into itens_venda values (default, 292, 203, 203, 1, 5.60, 274.75); 
update estoque set quant_venda = quant_venda + 1, quant_atual = quant_atual - 1 where id = 203; 
update estoque_total set total = total - 1 where medicamento_id = 203; 

insert into venda values (293, '2022-12-15 09:51:23', 34.20, null, null); 
insert into itens_venda values (default, 293, 299, 299, 1, 0.00, 34.20); 
update estoque set quant_venda = quant_venda + 1, quant_atual = quant_atual - 1 where id = 299; 
update estoque_total set total = total - 1 where medicamento_id = 299; 

insert into venda values (294, '2022-12-15 10:49:36', 256.70, null, null); 
insert into itens_venda values (default, 294, 241, 241, 2, 0.00, 78.74); 
update estoque set quant_venda = quant_venda + 2, quant_atual = quant_atual - 2 where id = 241; 
update estoque_total set total = total - 2 where medicamento_id = 241; 
insert into itens_venda values (default, 294, 454, 454, 2, 0.00, 177.96); 
update estoque set quant_venda = quant_venda + 2, quant_atual = quant_atual - 2 where id = 454; 
update estoque_total set total = total - 2 where medicamento_id = 454; 

insert into venda values (295, '2022-12-15 12:07:34', 103.23, null, null); 
insert into itens_venda values (default, 295, 280, 280, 1, 1.00, 103.23); 
update estoque set quant_venda = quant_venda + 1, quant_atual = quant_atual - 1 where id = 280; 
update estoque_total set total = total - 1 where medicamento_id = 280; 

insert into venda values (296, '2022-12-15 12:58:08', 70.19, null, null); 
insert into itens_venda values (default, 296, 379, 379, 3, 0.00, 38.04); 
update estoque set quant_venda = quant_venda + 3, quant_atual = quant_atual - 3 where id = 379; 
update estoque_total set total = total - 3 where medicamento_id = 379; 
insert into itens_venda values (default, 296, 464, 464, 1, 0.30, 32.15); 
update estoque set quant_venda = quant_venda + 1, quant_atual = quant_atual - 1 where id = 464; 
update estoque_total set total = total - 1 where medicamento_id = 464; 

insert into venda values (297, '2022-12-15 13:38:29', 95.02, 20, null); 
insert into itens_venda values (default, 297, 322, 322, 3, 5.00, 79.36); 
update estoque set quant_venda = quant_venda + 3, quant_atual = quant_atual - 3 where id = 322; 
update estoque_total set total = total - 3 where medicamento_id = 322; 
insert into itens_venda values (default, 297, 380, 380, 2, 0.80, 15.66); 
update estoque set quant_venda = quant_venda + 2, quant_atual = quant_atual - 2 where id = 380; 
update estoque_total set total = total - 2 where medicamento_id = 380; 

insert into venda values (298, '2022-12-15 14:51:50', 198.29, null, null); 
insert into itens_venda values (default, 298, 444, 444, 1, 3.00, 72.59); 
update estoque set quant_venda = quant_venda + 1, quant_atual = quant_atual - 1 where id = 444; 
update estoque_total set total = total - 1 where medicamento_id = 444; 
insert into itens_venda values (default, 298, 315, 315, 2, 0.00, 67.76); 
update estoque set quant_venda = quant_venda + 2, quant_atual = quant_atual - 2 where id = 315; 
update estoque_total set total = total - 2 where medicamento_id = 315; 
insert into itens_venda values (default, 298, 279, 279, 2, 1.10, 57.94); 
update estoque set quant_venda = quant_venda + 2, quant_atual = quant_atual - 2 where id = 279; 
update estoque_total set total = total - 2 where medicamento_id = 279; 

insert into venda values (299, '2022-12-16 08:32:59', 116.29, 4, null); 
insert into itens_venda values (default, 299, 459, 459, 2, 2.00, 65.84); 
update estoque set quant_venda = quant_venda + 2, quant_atual = quant_atual - 2 where id = 459; 
update estoque_total set total = total - 2 where medicamento_id = 459; 
insert into itens_venda values (default, 299, 439, 439, 1, 2.80, 38.17); 
update estoque set quant_venda = quant_venda + 1, quant_atual = quant_atual - 1 where id = 439; 
update estoque_total set total = total - 1 where medicamento_id = 439; 
insert into itens_venda values (default, 299, 427, 427, 1, 0.70, 12.28); 
update estoque set quant_venda = quant_venda + 1, quant_atual = quant_atual - 1 where id = 427; 
update estoque_total set total = total - 1 where medicamento_id = 427; 

insert into venda values (300, '2022-12-16 09:16:05', 131.18, 17, null); 
insert into itens_venda values (default, 300, 174, 174, 1, 0.00, 120.87); 
update estoque set quant_venda = quant_venda + 1, quant_atual = quant_atual - 1 where id = 174; 
update estoque_total set total = total - 1 where medicamento_id = 174; 
insert into itens_venda values (default, 300, 503, 503, 3, 0.70, 10.31); 
update estoque set quant_venda = quant_venda + 3, quant_atual = quant_atual - 3 where id = 503; 
update estoque_total set total = total - 3 where medicamento_id = 503; 

insert into venda values (301, '2022-12-16 09:27:05', 47.81, null, null); 
insert into itens_venda values (default, 301, 494, 494, 1, 0.00, 16.47); 
update estoque set quant_venda = quant_venda + 1, quant_atual = quant_atual - 1 where id = 494; 
update estoque_total set total = total - 1 where medicamento_id = 494; 
insert into itens_venda values (default, 301, 500, 500, 2, 0.60, 31.34); 
update estoque set quant_venda = quant_venda + 2, quant_atual = quant_atual - 2 where id = 500; 
update estoque_total set total = total - 2 where medicamento_id = 500; 

insert into venda values (302, '2022-12-16 09:50:33', 96.68, 12, null); 
insert into itens_venda values (default, 302, 295, 295, 1, 0.90, 96.68); 
update estoque set quant_venda = quant_venda + 1, quant_atual = quant_atual - 1 where id = 295; 
update estoque_total set total = total - 1 where medicamento_id = 295; 

insert into venda values (303, '2022-12-16 11:15:42', 149.39, 16, null); 
insert into itens_venda values (default, 303, 140, 140, 1, 6.20, 149.39); 
update estoque set quant_venda = quant_venda + 1, quant_atual = quant_atual - 1 where id = 140; 
update estoque_total set total = total - 1 where medicamento_id = 140; 

insert into venda values (304, '2022-12-17 06:50:31', 87.68, null, null); 
insert into itens_venda values (default, 304, 296, 296, 1, 0.00, 54.46); 
update estoque set quant_venda = quant_venda + 1, quant_atual = quant_atual - 1 where id = 296; 
update estoque_total set total = total - 1 where medicamento_id = 296; 
insert into itens_venda values (default, 304, 382, 382, 1, 1.30, 33.22); 
update estoque set quant_venda = quant_venda + 1, quant_atual = quant_atual - 1 where id = 382; 
update estoque_total set total = total - 1 where medicamento_id = 382; 

insert into venda values (305, '2022-12-17 08:37:52', 16.06, 10, null); 
insert into itens_venda values (default, 305, 380, 380, 2, 0.40, 16.06); 
update estoque set quant_venda = quant_venda + 2, quant_atual = quant_atual - 2 where id = 380; 
update estoque_total set total = total - 2 where medicamento_id = 380; 

insert into venda values (306, '2022-12-17 10:59:43', 526.54, null, 23); 
insert into itens_venda values (default, 306, 350, 350, 1, 4.90, 118.54); 
update estoque set quant_venda = quant_venda + 1, quant_atual = quant_atual - 1 where id = 350; 
update estoque_total set total = total - 1 where medicamento_id = 350; 
insert into itens_venda values (default, 306, 396, 396, 1, 0.00, 341.30); 
update estoque set quant_venda = quant_venda + 1, quant_atual = quant_atual - 1 where id = 396; 
update estoque_total set total = total - 1 where medicamento_id = 396; 
insert into itens_venda values (default, 306, 265, 265, 1, 2.70, 66.70); 
update estoque set quant_venda = quant_venda + 1, quant_atual = quant_atual - 1 where id = 265; 
update estoque_total set total = total - 1 where medicamento_id = 265; 

insert into venda values (307, '2022-12-17 12:42:15', 47.01, null, null); 
insert into itens_venda values (default, 307, 500, 500, 3, 0.90, 47.01); 
update estoque set quant_venda = quant_venda + 3, quant_atual = quant_atual - 3 where id = 500; 
update estoque_total set total = total - 3 where medicamento_id = 500; 

insert into venda values (308, '2022-12-17 13:28:38', 38.50, null, null); 
insert into itens_venda values (default, 308, 414, 414, 1, 0.00, 38.50); 
update estoque set quant_venda = quant_venda + 1, quant_atual = quant_atual - 1 where id = 414; 
update estoque_total set total = total - 1 where medicamento_id = 414; 

insert into venda values (309, '2022-12-17 14:03:34', 153.72, null, 22); 
insert into itens_venda values (default, 309, 278, 278, 2, 2.10, 67.98); 
update estoque set quant_venda = quant_venda + 2, quant_atual = quant_atual - 2 where id = 278; 
update estoque_total set total = total - 2 where medicamento_id = 278; 
insert into itens_venda values (default, 309, 476, 476, 2, 0.90, 47.44); 
update estoque set quant_venda = quant_venda + 2, quant_atual = quant_atual - 2 where id = 476; 
update estoque_total set total = total - 2 where medicamento_id = 476; 
insert into itens_venda values (default, 309, 165, 165, 1, 1.10, 38.30); 
update estoque set quant_venda = quant_venda + 1, quant_atual = quant_atual - 1 where id = 165; 
update estoque_total set total = total - 1 where medicamento_id = 165; 

insert into venda values (310, '2022-12-17 15:38:49', 456.88, 20, 23); 
insert into itens_venda values (default, 310, 339, 339, 1, 2.20, 29.98); 
update estoque set quant_venda = quant_venda + 1, quant_atual = quant_atual - 1 where id = 339; 
update estoque_total set total = total - 1 where medicamento_id = 339; 
insert into itens_venda values (default, 310, 238, 238, 2, 1.40, 27.02); 
update estoque set quant_venda = quant_venda + 2, quant_atual = quant_atual - 2 where id = 238; 
update estoque_total set total = total - 2 where medicamento_id = 238; 
insert into itens_venda values (default, 310, 194, 194, 1, 0.00, 399.88); 
update estoque set quant_venda = quant_venda + 1, quant_atual = quant_atual - 1 where id = 194; 
update estoque_total set total = total - 1 where medicamento_id = 194; 

insert into venda values (311, '2022-12-18 06:10:30', 38.30, 9, 21); 
insert into itens_venda values (default, 311, 451, 451, 1, 0.90, 18.35); 
update estoque set quant_venda = quant_venda + 1, quant_atual = quant_atual - 1 where id = 451; 
update estoque_total set total = total - 1 where medicamento_id = 451; 
insert into itens_venda values (default, 311, 184, 184, 1, 1.20, 19.95); 
update estoque set quant_venda = quant_venda + 1, quant_atual = quant_atual - 1 where id = 184; 
update estoque_total set total = total - 1 where medicamento_id = 184; 

insert into venda values (312, '2022-12-18 06:15:21', 247.38, null, null); 
insert into itens_venda values (default, 312, 387, 387, 1, 0.00, 65.10); 
update estoque set quant_venda = quant_venda + 1, quant_atual = quant_atual - 1 where id = 387; 
update estoque_total set total = total - 1 where medicamento_id = 387; 
insert into itens_venda values (default, 312, 361, 361, 1, 7.50, 182.28); 
update estoque set quant_venda = quant_venda + 1, quant_atual = quant_atual - 1 where id = 361; 
update estoque_total set total = total - 1 where medicamento_id = 361; 

insert into venda values (313, '2022-12-18 07:29:07', 178.63, 17, null); 
insert into itens_venda values (default, 313, 487, 487, 1, 9.40, 178.63); 
update estoque set quant_venda = quant_venda + 1, quant_atual = quant_atual - 1 where id = 487; 
update estoque_total set total = total - 1 where medicamento_id = 487; 

insert into venda values (314, '2022-12-18 09:05:42', 126.17, 8, null); 
insert into itens_venda values (default, 314, 499, 499, 1, 0.30, 38.47); 
update estoque set quant_venda = quant_venda + 1, quant_atual = quant_atual - 1 where id = 499; 
update estoque_total set total = total - 1 where medicamento_id = 499; 
insert into itens_venda values (default, 314, 417, 417, 3, 0.80, 43.42); 
update estoque set quant_venda = quant_venda + 3, quant_atual = quant_atual - 3 where id = 417; 
update estoque_total set total = total - 3 where medicamento_id = 417; 
insert into itens_venda values (default, 314, 442, 442, 2, 1.80, 44.28); 
update estoque set quant_venda = quant_venda + 2, quant_atual = quant_atual - 2 where id = 442; 
update estoque_total set total = total - 2 where medicamento_id = 442; 

insert into venda values (315, '2022-12-18 11:06:01', 198.36, 6, null); 
insert into itens_venda values (default, 315, 320, 320, 1, 10.40, 198.36); 
update estoque set quant_venda = quant_venda + 1, quant_atual = quant_atual - 1 where id = 320; 
update estoque_total set total = total - 1 where medicamento_id = 320; 

insert into venda values (316, '2022-12-19 07:01:28', 61.52, null, null); 
insert into itens_venda values (default, 316, 422, 422, 2, 0.30, 31.68); 
update estoque set quant_venda = quant_venda + 2, quant_atual = quant_atual - 2 where id = 422; 
update estoque_total set total = total - 2 where medicamento_id = 422; 
insert into itens_venda values (default, 316, 244, 244, 1, 0.30, 29.84); 
update estoque set quant_venda = quant_venda + 1, quant_atual = quant_atual - 1 where id = 244; 
update estoque_total set total = total - 1 where medicamento_id = 244; 

insert into venda values (317, '2022-12-19 07:12:59', 35.88, 18, null); 
insert into itens_venda values (default, 317, 431, 431, 2, 0.20, 22.32); 
update estoque set quant_venda = quant_venda + 2, quant_atual = quant_atual - 2 where id = 431; 
update estoque_total set total = total - 2 where medicamento_id = 431; 
insert into itens_venda values (default, 317, 474, 474, 1, 1.30, 13.56); 
update estoque set quant_venda = quant_venda + 1, quant_atual = quant_atual - 1 where id = 474; 
update estoque_total set total = total - 1 where medicamento_id = 474; 

insert into venda values (318, '2022-12-19 08:35:27', 180.59, 13, null); 
insert into itens_venda values (default, 318, 502, 502, 1, 0.60, 21.21); 
update estoque set quant_venda = quant_venda + 1, quant_atual = quant_atual - 1 where id = 502; 
update estoque_total set total = total - 1 where medicamento_id = 502; 
insert into itens_venda values (default, 318, 147, 147, 1, 3.20, 159.38); 
update estoque set quant_venda = quant_venda + 1, quant_atual = quant_atual - 1 where id = 147; 
update estoque_total set total = total - 1 where medicamento_id = 147; 

insert into venda values (319, '2022-12-19 09:35:42', 66.24, 13, null); 
insert into itens_venda values (default, 319, 364, 364, 2, 0.00, 66.24); 
update estoque set quant_venda = quant_venda + 2, quant_atual = quant_atual - 2 where id = 364; 
update estoque_total set total = total - 2 where medicamento_id = 364; 

insert into venda values (320, '2022-12-19 10:31:53', 142.26, null, null); 
insert into itens_venda values (default, 320, 434, 434, 1, 0.00, 32.66); 
update estoque set quant_venda = quant_venda + 1, quant_atual = quant_atual - 1 where id = 434; 
update estoque_total set total = total - 1 where medicamento_id = 434; 
insert into itens_venda values (default, 320, 491, 491, 2, 3.30, 109.60); 
update estoque set quant_venda = quant_venda + 2, quant_atual = quant_atual - 2 where id = 491; 
update estoque_total set total = total - 2 where medicamento_id = 491; 

insert into venda values (321, '2022-12-19 11:02:05', 126.92, 4, null); 
insert into itens_venda values (default, 321, 177, 177, 1, 0.00, 81.34); 
update estoque set quant_venda = quant_venda + 1, quant_atual = quant_atual - 1 where id = 177; 
update estoque_total set total = total - 1 where medicamento_id = 177; 
insert into itens_venda values (default, 321, 469, 469, 1, 2.30, 45.58); 
update estoque set quant_venda = quant_venda + 1, quant_atual = quant_atual - 1 where id = 469; 
update estoque_total set total = total - 1 where medicamento_id = 469; 

insert into venda values (322, '2022-12-19 11:33:56', 116.78, 11, null); 
insert into itens_venda values (default, 322, 480, 480, 1, 1.80, 29.74); 
update estoque set quant_venda = quant_venda + 1, quant_atual = quant_atual - 1 where id = 480; 
update estoque_total set total = total - 1 where medicamento_id = 480; 
insert into itens_venda values (default, 322, 342, 342, 1, 1.70, 41.21); 
update estoque set quant_venda = quant_venda + 1, quant_atual = quant_atual - 1 where id = 342; 
update estoque_total set total = total - 1 where medicamento_id = 342; 
insert into itens_venda values (default, 322, 488, 488, 1, 3.40, 45.83); 
update estoque set quant_venda = quant_venda + 1, quant_atual = quant_atual - 1 where id = 488; 
update estoque_total set total = total - 1 where medicamento_id = 488; 

insert into venda values (323, '2022-12-19 12:08:25', 45.34, 17, null); 
insert into itens_venda values (default, 323, 504, 504, 1, 0.60, 6.15); 
update estoque set quant_venda = quant_venda + 1, quant_atual = quant_atual - 1 where id = 504; 
update estoque_total set total = total - 1 where medicamento_id = 504; 
insert into itens_venda values (default, 323, 302, 302, 3, 2.00, 39.19); 
update estoque set quant_venda = quant_venda + 3, quant_atual = quant_atual - 3 where id = 302; 
update estoque_total set total = total - 3 where medicamento_id = 302; 

insert into venda values (324, '2022-12-20 07:20:51', 94.42, 3, null); 
insert into itens_venda values (default, 324, 483, 483, 2, 6.00, 94.42); 
update estoque set quant_venda = quant_venda + 2, quant_atual = quant_atual - 2 where id = 483; 
update estoque_total set total = total - 2 where medicamento_id = 483; 

insert into venda values (325, '2022-12-20 07:43:38', 252.25, 4, null); 
insert into itens_venda values (default, 325, 371, 371, 1, 2.70, 134.83); 
update estoque set quant_venda = quant_venda + 1, quant_atual = quant_atual - 1 where id = 371; 
update estoque_total set total = total - 1 where medicamento_id = 371; 
insert into itens_venda values (default, 325, 282, 282, 2, 4.20, 103.08); 
update estoque set quant_venda = quant_venda + 2, quant_atual = quant_atual - 2 where id = 282; 
update estoque_total set total = total - 2 where medicamento_id = 282; 
insert into itens_venda values (default, 325, 496, 496, 2, 0.40, 14.34); 
update estoque set quant_venda = quant_venda + 2, quant_atual = quant_atual - 2 where id = 496; 
update estoque_total set total = total - 2 where medicamento_id = 496; 

insert into venda values (326, '2022-12-20 08:18:25', 94.36, null, null); 
insert into itens_venda values (default, 326, 179, 179, 2, 3.90, 94.36); 
update estoque set quant_venda = quant_venda + 2, quant_atual = quant_atual - 2 where id = 179; 
update estoque_total set total = total - 2 where medicamento_id = 179; 

insert into venda values (327, '2022-12-20 09:13:03', 47.83, 16, null); 
insert into itens_venda values (default, 327, 488, 488, 1, 1.40, 47.83); 
update estoque set quant_venda = quant_venda + 1, quant_atual = quant_atual - 1 where id = 488; 
update estoque_total set total = total - 1 where medicamento_id = 488; 

insert into venda values (328, '2022-12-20 09:28:45', 92.39, 9, null); 
insert into itens_venda values (default, 328, 504, 504, 2, 1.20, 12.30); 
update estoque set quant_venda = quant_venda + 2, quant_atual = quant_atual - 2 where id = 504; 
update estoque_total set total = total - 2 where medicamento_id = 504; 
insert into itens_venda values (default, 328, 485, 485, 1, 0.90, 15.19); 
update estoque set quant_venda = quant_venda + 1, quant_atual = quant_atual - 1 where id = 485; 
update estoque_total set total = total - 1 where medicamento_id = 485; 
insert into itens_venda values (default, 328, 344, 344, 2, 5.60, 64.90); 
update estoque set quant_venda = quant_venda + 2, quant_atual = quant_atual - 2 where id = 344; 
update estoque_total set total = total - 2 where medicamento_id = 344; 

insert into venda values (329, '2022-12-20 09:44:19', 252.86, 6, null); 
insert into itens_venda values (default, 329, 395, 395, 2, 0.00, 82.54); 
update estoque set quant_venda = quant_venda + 2, quant_atual = quant_atual - 2 where id = 395; 
update estoque_total set total = total - 2 where medicamento_id = 395; 
insert into itens_venda values (default, 329, 457, 457, 2, 2.70, 65.64); 
update estoque set quant_venda = quant_venda + 2, quant_atual = quant_atual - 2 where id = 457; 
update estoque_total set total = total - 2 where medicamento_id = 457; 
insert into itens_venda values (default, 329, 410, 410, 1, 2.10, 104.68); 
update estoque set quant_venda = quant_venda + 1, quant_atual = quant_atual - 1 where id = 410; 
update estoque_total set total = total - 1 where medicamento_id = 410; 

insert into venda values (330, '2022-12-20 10:10:59', 55.22, null, null); 
insert into itens_venda values (default, 330, 478, 478, 1, 2.30, 55.22); 
update estoque set quant_venda = quant_venda + 1, quant_atual = quant_atual - 1 where id = 478; 
update estoque_total set total = total - 1 where medicamento_id = 478; 

insert into venda values (331, '2022-12-20 11:21:18', 200.21, 4, null); 
insert into itens_venda values (default, 331, 223, 223, 1, 1.40, 71.06); 
update estoque set quant_venda = quant_venda + 1, quant_atual = quant_atual - 1 where id = 223; 
update estoque_total set total = total - 1 where medicamento_id = 223; 
insert into itens_venda values (default, 331, 476, 476, 3, 5.80, 66.71); 
update estoque set quant_venda = quant_venda + 3, quant_atual = quant_atual - 3 where id = 476; 
update estoque_total set total = total - 3 where medicamento_id = 476; 
insert into itens_venda values (default, 331, 459, 459, 2, 5.40, 62.44); 
update estoque set quant_venda = quant_venda + 2, quant_atual = quant_atual - 2 where id = 459; 
update estoque_total set total = total - 2 where medicamento_id = 459; 

insert into venda values (332, '2022-12-21 08:43:57', 310.18, null, 22); 
insert into itens_venda values (default, 332, 108, 108, 1, 0.00, 210.88); 
update estoque set quant_venda = quant_venda + 1, quant_atual = quant_atual - 1 where id = 108; 
update estoque_total set total = total - 1 where medicamento_id = 108; 
insert into itens_venda values (default, 332, 352, 352, 1, 0.50, 26.44); 
update estoque set quant_venda = quant_venda + 1, quant_atual = quant_atual - 1 where id = 352; 
update estoque_total set total = total - 1 where medicamento_id = 352; 
insert into itens_venda values (default, 332, 393, 393, 3, 0.70, 72.86); 
update estoque set quant_venda = quant_venda + 3, quant_atual = quant_atual - 3 where id = 393; 
update estoque_total set total = total - 3 where medicamento_id = 393; 

insert into venda values (333, '2022-12-21 10:15:20', 374.11, null, null); 
insert into itens_venda values (default, 333, 487, 487, 1, 0.00, 188.03); 
update estoque set quant_venda = quant_venda + 1, quant_atual = quant_atual - 1 where id = 487; 
update estoque_total set total = total - 1 where medicamento_id = 487; 
insert into itens_venda values (default, 333, 361, 361, 1, 3.70, 186.08); 
update estoque set quant_venda = quant_venda + 1, quant_atual = quant_atual - 1 where id = 361; 
update estoque_total set total = total - 1 where medicamento_id = 361; 

insert into venda values (334, '2022-12-21 11:02:46', 258.62, 9, null); 
insert into itens_venda values (default, 334, 499, 499, 2, 6.90, 70.64); 
update estoque set quant_venda = quant_venda + 2, quant_atual = quant_atual - 2 where id = 499; 
update estoque_total set total = total - 2 where medicamento_id = 499; 
insert into itens_venda values (default, 334, 361, 361, 1, 1.80, 187.98); 
update estoque set quant_venda = quant_venda + 1, quant_atual = quant_atual - 1 where id = 361; 
update estoque_total set total = total - 1 where medicamento_id = 361; 

insert into venda values (335, '2022-12-21 11:27:09', 73.20, 20, null); 
insert into itens_venda values (default, 335, 374, 374, 1, 1.00, 33.11); 
update estoque set quant_venda = quant_venda + 1, quant_atual = quant_atual - 1 where id = 374; 
update estoque_total set total = total - 1 where medicamento_id = 374; 
insert into itens_venda values (default, 335, 489, 489, 1, 3.90, 40.09); 
update estoque set quant_venda = quant_venda + 1, quant_atual = quant_atual - 1 where id = 489; 
update estoque_total set total = total - 1 where medicamento_id = 489; 

insert into venda values (336, '2022-12-22 08:41:27', 157.16, null, 22); 
insert into itens_venda values (default, 336, 366, 366, 2, 0.00, 99.06); 
update estoque set quant_venda = quant_venda + 2, quant_atual = quant_atual - 2 where id = 366; 
update estoque_total set total = total - 2 where medicamento_id = 366; 
insert into itens_venda values (default, 336, 292, 292, 2, 0.60, 20.80); 
update estoque set quant_venda = quant_venda + 2, quant_atual = quant_atual - 2 where id = 292; 
update estoque_total set total = total - 2 where medicamento_id = 292; 
insert into itens_venda values (default, 336, 497, 497, 1, 0.30, 37.30); 
update estoque set quant_venda = quant_venda + 1, quant_atual = quant_atual - 1 where id = 497; 
update estoque_total set total = total - 1 where medicamento_id = 497; 

insert into venda values (337, '2022-12-22 08:50:16', 26.18, null, null); 
insert into itens_venda values (default, 337, 437, 437, 1, 0.00, 26.18); 
update estoque set quant_venda = quant_venda + 1, quant_atual = quant_atual - 1 where id = 437; 
update estoque_total set total = total - 1 where medicamento_id = 437; 

insert into venda values (338, '2022-12-22 11:12:01', 46.44, 18, null); 
insert into itens_venda values (default, 338, 315, 315, 1, 0.00, 33.88); 
update estoque set quant_venda = quant_venda + 1, quant_atual = quant_atual - 1 where id = 315; 
update estoque_total set total = total - 1 where medicamento_id = 315; 
insert into itens_venda values (default, 338, 291, 291, 1, 0.30, 12.56); 
update estoque set quant_venda = quant_venda + 1, quant_atual = quant_atual - 1 where id = 291; 
update estoque_total set total = total - 1 where medicamento_id = 291; 

insert into venda values (339, '2022-12-22 12:10:45', 13.71, null, null); 
insert into itens_venda values (default, 339, 238, 238, 1, 0.50, 13.71); 
update estoque set quant_venda = quant_venda + 1, quant_atual = quant_atual - 1 where id = 238; 
update estoque_total set total = total - 1 where medicamento_id = 238; 

insert into venda values (340, '2022-12-22 13:14:15', 393.97, null, null); 
insert into itens_venda values (default, 340, 373, 373, 2, 1.30, 68.16); 
update estoque set quant_venda = quant_venda + 2, quant_atual = quant_atual - 2 where id = 373; 
update estoque_total set total = total - 2 where medicamento_id = 373; 
insert into itens_venda values (default, 340, 289, 289, 2, 1.40, 141.48); 
update estoque set quant_venda = quant_venda + 2, quant_atual = quant_atual - 2 where id = 289; 
update estoque_total set total = total - 2 where medicamento_id = 289; 
insert into itens_venda values (default, 340, 487, 487, 1, 3.70, 184.33); 
update estoque set quant_venda = quant_venda + 1, quant_atual = quant_atual - 1 where id = 487; 
update estoque_total set total = total - 1 where medicamento_id = 487; 

insert into venda values (341, '2022-12-23 06:51:16', 383.20, 1, null); 
insert into itens_venda values (default, 341, 370, 370, 1, 0.00, 237.34); 
update estoque set quant_venda = quant_venda + 1, quant_atual = quant_atual - 1 where id = 370; 
update estoque_total set total = total - 1 where medicamento_id = 370; 
insert into itens_venda values (default, 341, 84, 84, 2, 2.90, 145.86); 
update estoque set quant_venda = quant_venda + 2, quant_atual = quant_atual - 2 where id = 84; 
update estoque_total set total = total - 2 where medicamento_id = 84; 

insert into venda values (342, '2022-12-23 09:06:37', 303.22, null, null); 
insert into itens_venda values (default, 342, 381, 381, 1, 0.60, 59.79); 
update estoque set quant_venda = quant_venda + 1, quant_atual = quant_atual - 1 where id = 381; 
update estoque_total set total = total - 1 where medicamento_id = 381; 
insert into itens_venda values (default, 342, 271, 271, 2, 7.20, 172.98); 
update estoque set quant_venda = quant_venda + 2, quant_atual = quant_atual - 2 where id = 271; 
update estoque_total set total = total - 2 where medicamento_id = 271; 
insert into itens_venda values (default, 342, 409, 409, 3, 2.90, 70.45); 
update estoque set quant_venda = quant_venda + 3, quant_atual = quant_atual - 3 where id = 409; 
update estoque_total set total = total - 3 where medicamento_id = 409; 

insert into venda values (343, '2022-12-23 11:03:45', 66.42, null, 21); 
insert into itens_venda values (default, 343, 214, 214, 1, 2.00, 66.42); 
update estoque set quant_venda = quant_venda + 1, quant_atual = quant_atual - 1 where id = 214; 
update estoque_total set total = total - 1 where medicamento_id = 214; 

insert into venda values (344, '2022-12-23 12:25:00', 44.98, 9, 23); 
insert into itens_venda values (default, 344, 204, 204, 1, 0.40, 12.06); 
update estoque set quant_venda = quant_venda + 1, quant_atual = quant_atual - 1 where id = 204; 
update estoque_total set total = total - 1 where medicamento_id = 204; 
insert into itens_venda values (default, 344, 459, 459, 1, 1.00, 32.92); 
update estoque set quant_venda = quant_venda + 1, quant_atual = quant_atual - 1 where id = 459; 
update estoque_total set total = total - 1 where medicamento_id = 459; 

insert into venda values (345, '2022-12-23 14:02:46', 244.03, null, 24); 
insert into itens_venda values (default, 345, 91, 91, 1, 10.10, 244.03); 
update estoque set quant_venda = quant_venda + 1, quant_atual = quant_atual - 1 where id = 91; 
update estoque_total set total = total - 1 where medicamento_id = 91; 

insert into venda values (346, '2022-12-24 06:20:57', 205.10, null, null); 
insert into itens_venda values (default, 346, 414, 414, 1, 0.30, 38.20); 
update estoque set quant_venda = quant_venda + 1, quant_atual = quant_atual - 1 where id = 414; 
update estoque_total set total = total - 1 where medicamento_id = 414; 
insert into itens_venda values (default, 346, 229, 229, 1, 6.90, 166.90); 
update estoque set quant_venda = quant_venda + 1, quant_atual = quant_atual - 1 where id = 229; 
update estoque_total set total = total - 1 where medicamento_id = 229; 

insert into venda values (347, '2022-12-24 07:16:37', 327.95, null, null); 
insert into itens_venda values (default, 347, 101, 101, 1, 3.30, 327.95); 
update estoque set quant_venda = quant_venda + 1, quant_atual = quant_atual - 1 where id = 101; 
update estoque_total set total = total - 1 where medicamento_id = 101; 

insert into venda values (348, '2022-12-24 07:29:36', 179.97, null, null); 
insert into itens_venda values (default, 348, 147, 147, 1, 0.00, 162.58); 
update estoque set quant_venda = quant_venda + 1, quant_atual = quant_atual - 1 where id = 147; 
update estoque_total set total = total - 1 where medicamento_id = 147; 
insert into itens_venda values (default, 348, 471, 471, 1, 0.50, 17.39); 
update estoque set quant_venda = quant_venda + 1, quant_atual = quant_atual - 1 where id = 471; 
update estoque_total set total = total - 1 where medicamento_id = 471; 

insert into venda values (349, '2022-12-24 08:47:36', 42.74, null, null); 
insert into itens_venda values (default, 349, 450, 450, 2, 1.30, 42.74); 
update estoque set quant_venda = quant_venda + 2, quant_atual = quant_atual - 2 where id = 450; 
update estoque_total set total = total - 2 where medicamento_id = 450; 

insert into venda values (350, '2022-12-24 08:57:20', 137.21, 13, 25); 
insert into itens_venda values (default, 350, 63, 63, 1, 7.90, 105.17); 
update estoque set quant_venda = quant_venda + 1, quant_atual = quant_atual - 1 where id = 63; 
update estoque_total set total = total - 1 where medicamento_id = 63; 
insert into itens_venda values (default, 350, 494, 494, 2, 0.90, 32.04); 
update estoque set quant_venda = quant_venda + 2, quant_atual = quant_atual - 2 where id = 494; 
update estoque_total set total = total - 2 where medicamento_id = 494; 

insert into venda values (351, '2022-12-24 09:57:27', 321.35, null, null); 
insert into itens_venda values (default, 351, 101, 101, 1, 9.90, 321.35); 
update estoque set quant_venda = quant_venda + 1, quant_atual = quant_atual - 1 where id = 101; 
update estoque_total set total = total - 1 where medicamento_id = 101; 

insert into venda values (352, '2022-12-24 10:33:01', 97.52, 9, 22); 
insert into itens_venda values (default, 352, 367, 367, 1, 0.00, 97.52); 
update estoque set quant_venda = quant_venda + 1, quant_atual = quant_atual - 1 where id = 367; 
update estoque_total set total = total - 1 where medicamento_id = 367; 

insert into venda values (353, '2022-12-24 11:22:44', 94.76, null, null); 
insert into itens_venda values (default, 353, 85, 85, 2, 1.90, 94.76); 
update estoque set quant_venda = quant_venda + 2, quant_atual = quant_atual - 2 where id = 85; 
update estoque_total set total = total - 2 where medicamento_id = 85; 

insert into venda values (354, '2022-12-24 12:35:46', 98.51, 14, null); 
insert into itens_venda values (default, 354, 421, 421, 3, 0.50, 27.07); 
update estoque set quant_venda = quant_venda + 3, quant_atual = quant_atual - 3 where id = 421; 
update estoque_total set total = total - 3 where medicamento_id = 421; 
insert into itens_venda values (default, 354, 378, 378, 2, 3.70, 71.44); 
update estoque set quant_venda = quant_venda + 2, quant_atual = quant_atual - 2 where id = 378; 
update estoque_total set total = total - 2 where medicamento_id = 378; 

insert into venda values (355, '2022-12-24 13:39:58', 5.75, 15, null); 
insert into itens_venda values (default, 355, 242, 242, 1, 0.40, 5.75); 
update estoque set quant_venda = quant_venda + 1, quant_atual = quant_atual - 1 where id = 242; 
update estoque_total set total = total - 1 where medicamento_id = 242; 

insert into venda values (356, '2022-12-24 14:55:17', 103.57, 18, null); 
insert into itens_venda values (default, 356, 322, 322, 3, 5.90, 78.46); 
update estoque set quant_venda = quant_venda + 3, quant_atual = quant_atual - 3 where id = 322; 
update estoque_total set total = total - 3 where medicamento_id = 322; 
insert into itens_venda values (default, 356, 355, 355, 1, 1.00, 25.11); 
update estoque set quant_venda = quant_venda + 1, quant_atual = quant_atual - 1 where id = 355; 
update estoque_total set total = total - 1 where medicamento_id = 355; 

insert into venda values (357, '2022-12-25 08:10:42', 10.61, null, null); 
insert into itens_venda values (default, 357, 503, 503, 3, 0.40, 10.61); 
update estoque set quant_venda = quant_venda + 3, quant_atual = quant_atual - 3 where id = 503; 
update estoque_total set total = total - 3 where medicamento_id = 503; 

insert into venda values (358, '2022-12-25 08:48:53', 83.35, null, null); 
insert into itens_venda values (default, 358, 422, 422, 3, 1.40, 46.57); 
update estoque set quant_venda = quant_venda + 3, quant_atual = quant_atual - 3 where id = 422; 
update estoque_total set total = total - 3 where medicamento_id = 422; 
insert into itens_venda values (default, 358, 220, 220, 3, 0.00, 36.78); 
update estoque set quant_venda = quant_venda + 3, quant_atual = quant_atual - 3 where id = 220; 
update estoque_total set total = total - 3 where medicamento_id = 220; 

insert into venda values (359, '2022-12-26 08:36:23', 238.82, null, null); 
insert into itens_venda values (default, 359, 393, 393, 2, 0.00, 49.04); 
update estoque set quant_venda = quant_venda + 2, quant_atual = quant_atual - 2 where id = 393; 
update estoque_total set total = total - 2 where medicamento_id = 393; 
insert into itens_venda values (default, 359, 361, 361, 1, 0.00, 189.78); 
update estoque set quant_venda = quant_venda + 1, quant_atual = quant_atual - 1 where id = 361; 
update estoque_total set total = total - 1 where medicamento_id = 361; 

insert into venda values (360, '2022-12-26 08:41:14', 105.78, 20, null); 
insert into itens_venda values (default, 360, 410, 410, 1, 1.00, 105.78); 
update estoque set quant_venda = quant_venda + 1, quant_atual = quant_atual - 1 where id = 410; 
update estoque_total set total = total - 1 where medicamento_id = 410; 

insert into venda values (361, '2022-12-26 09:39:50', 120.31, null, null); 
insert into itens_venda values (default, 361, 363, 363, 1, 1.40, 70.64); 
update estoque set quant_venda = quant_venda + 1, quant_atual = quant_atual - 1 where id = 363; 
update estoque_total set total = total - 1 where medicamento_id = 363; 
insert into itens_venda values (default, 361, 455, 455, 1, 0.50, 49.67); 
update estoque set quant_venda = quant_venda + 1, quant_atual = quant_atual - 1 where id = 455; 
update estoque_total set total = total - 1 where medicamento_id = 455; 

insert into venda values (362, '2022-12-26 09:54:13', 132.64, 17, null); 
insert into itens_venda values (default, 362, 332, 332, 1, 1.80, 61.24); 
update estoque set quant_venda = quant_venda + 1, quant_atual = quant_atual - 1 where id = 332; 
update estoque_total set total = total - 1 where medicamento_id = 332; 
insert into itens_venda values (default, 362, 387, 387, 1, 0.00, 65.10); 
update estoque set quant_venda = quant_venda + 1, quant_atual = quant_atual - 1 where id = 387; 
update estoque_total set total = total - 1 where medicamento_id = 387; 
insert into itens_venda values (default, 362, 453, 453, 1, 0.20, 6.30); 
update estoque set quant_venda = quant_venda + 1, quant_atual = quant_atual - 1 where id = 453; 
update estoque_total set total = total - 1 where medicamento_id = 453; 

insert into venda values (363, '2022-12-26 10:22:04', 200.17, null, null); 
insert into itens_venda values (default, 363, 72, 72, 3, 2.10, 52.65); 
update estoque set quant_venda = quant_venda + 3, quant_atual = quant_atual - 3 where id = 72; 
update estoque_total set total = total - 3 where medicamento_id = 72; 
insert into itens_venda values (default, 363, 415, 415, 1, 6.10, 147.52); 
update estoque set quant_venda = quant_venda + 1, quant_atual = quant_atual - 1 where id = 415; 
update estoque_total set total = total - 1 where medicamento_id = 415; 

insert into venda values (364, '2022-12-26 10:41:19', 88.98, 20, null); 
insert into itens_venda values (default, 364, 454, 454, 1, 0.00, 88.98); 
update estoque set quant_venda = quant_venda + 1, quant_atual = quant_atual - 1 where id = 454; 
update estoque_total set total = total - 1 where medicamento_id = 454; 

insert into venda values (365, '2022-12-26 11:57:45', 107.50, null, null); 
insert into itens_venda values (default, 365, 372, 372, 1, 0.00, 107.50); 
update estoque set quant_venda = quant_venda + 1, quant_atual = quant_atual - 1 where id = 372; 
update estoque_total set total = total - 1 where medicamento_id = 372; 

insert into venda values (366, '2022-12-27 06:44:58', 111.70, null, null); 
insert into itens_venda values (default, 366, 476, 476, 2, 0.40, 47.94); 
update estoque set quant_venda = quant_venda + 2, quant_atual = quant_atual - 2 where id = 476; 
update estoque_total set total = total - 2 where medicamento_id = 476; 
insert into itens_venda values (default, 366, 351, 351, 1, 0.40, 21.40); 
update estoque set quant_venda = quant_venda + 1, quant_atual = quant_atual - 1 where id = 351; 
update estoque_total set total = total - 1 where medicamento_id = 351; 
insert into itens_venda values (default, 366, 199, 199, 1, 0.80, 42.36); 
update estoque set quant_venda = quant_venda + 1, quant_atual = quant_atual - 1 where id = 199; 
update estoque_total set total = total - 1 where medicamento_id = 199; 

insert into venda values (367, '2022-12-28 06:56:23', 208.78, null, 21); 
insert into itens_venda values (default, 367, 108, 108, 1, 2.10, 208.78); 
update estoque set quant_venda = quant_venda + 1, quant_atual = quant_atual - 1 where id = 108; 
update estoque_total set total = total - 1 where medicamento_id = 108; 

insert into venda values (368, '2022-12-28 08:10:25', 60.54, 1, null); 
insert into itens_venda values (default, 368, 436, 436, 1, 5.20, 60.54); 
update estoque set quant_venda = quant_venda + 1, quant_atual = quant_atual - 1 where id = 436; 
update estoque_total set total = total - 1 where medicamento_id = 436; 

insert into venda values (369, '2022-12-28 08:10:59', 237.89, null, 23); 
insert into itens_venda values (default, 369, 254, 254, 1, 4.80, 237.89); 
update estoque set quant_venda = quant_venda + 1, quant_atual = quant_atual - 1 where id = 254; 
update estoque_total set total = total - 1 where medicamento_id = 254; 

insert into venda values (370, '2022-12-28 09:26:45', 284.96, null, null); 
insert into itens_venda values (default, 370, 479, 479, 2, 2.90, 70.48); 
update estoque set quant_venda = quant_venda + 2, quant_atual = quant_atual - 2 where id = 479; 
update estoque_total set total = total - 2 where medicamento_id = 479; 
insert into itens_venda values (default, 370, 81, 81, 1, 7.70, 186.05); 
update estoque set quant_venda = quant_venda + 1, quant_atual = quant_atual - 1 where id = 81; 
update estoque_total set total = total - 1 where medicamento_id = 81; 
insert into itens_venda values (default, 370, 394, 394, 1, 0.20, 28.43); 
update estoque set quant_venda = quant_venda + 1, quant_atual = quant_atual - 1 where id = 394; 
update estoque_total set total = total - 1 where medicamento_id = 394; 

insert into venda values (371, '2022-12-28 10:23:53', 107.67, null, 23); 
insert into itens_venda values (default, 371, 165, 165, 2, 1.50, 77.30); 
update estoque set quant_venda = quant_venda + 2, quant_atual = quant_atual - 2 where id = 165; 
update estoque_total set total = total - 2 where medicamento_id = 165; 
insert into itens_venda values (default, 371, 393, 393, 1, 0.90, 23.62); 
update estoque set quant_venda = quant_venda + 1, quant_atual = quant_atual - 1 where id = 393; 
update estoque_total set total = total - 1 where medicamento_id = 393; 
insert into itens_venda values (default, 371, 504, 504, 1, 0.00, 6.75); 
update estoque set quant_venda = quant_venda + 1, quant_atual = quant_atual - 1 where id = 504; 
update estoque_total set total = total - 1 where medicamento_id = 504; 

insert into venda values (372, '2022-12-28 11:43:10', 242.26, null, null); 
insert into itens_venda values (default, 372, 462, 462, 2, 1.10, 36.76); 
update estoque set quant_venda = quant_venda + 2, quant_atual = quant_atual - 2 where id = 462; 
update estoque_total set total = total - 2 where medicamento_id = 462; 
insert into itens_venda values (default, 372, 466, 466, 1, 3.70, 121.18); 
update estoque set quant_venda = quant_venda + 1, quant_atual = quant_atual - 1 where id = 466; 
update estoque_total set total = total - 1 where medicamento_id = 466; 
insert into itens_venda values (default, 372, 305, 305, 2, 2.60, 84.32); 
update estoque set quant_venda = quant_venda + 2, quant_atual = quant_atual - 2 where id = 305; 
update estoque_total set total = total - 2 where medicamento_id = 305; 

insert into venda values (373, '2022-12-28 11:48:52', 148.10, 1, null); 
insert into itens_venda values (default, 373, 350, 350, 1, 8.60, 114.84); 
update estoque set quant_venda = quant_venda + 1, quant_atual = quant_atual - 1 where id = 350; 
update estoque_total set total = total - 1 where medicamento_id = 350; 
insert into itens_venda values (default, 373, 494, 494, 1, 0.60, 15.87); 
update estoque set quant_venda = quant_venda + 1, quant_atual = quant_atual - 1 where id = 494; 
update estoque_total set total = total - 1 where medicamento_id = 494; 
insert into itens_venda values (default, 373, 471, 471, 1, 0.50, 17.39); 
update estoque set quant_venda = quant_venda + 1, quant_atual = quant_atual - 1 where id = 471; 
update estoque_total set total = total - 1 where medicamento_id = 471; 

insert into venda values (374, '2022-12-28 12:00:07', 149.13, null, null); 
insert into itens_venda values (default, 374, 455, 455, 2, 3.00, 97.34); 
update estoque set quant_venda = quant_venda + 2, quant_atual = quant_atual - 2 where id = 455; 
update estoque_total set total = total - 2 where medicamento_id = 455; 
insert into itens_venda values (default, 374, 479, 479, 1, 0.70, 35.99); 
update estoque set quant_venda = quant_venda + 1, quant_atual = quant_atual - 1 where id = 479; 
update estoque_total set total = total - 1 where medicamento_id = 479; 
insert into itens_venda values (default, 374, 404, 404, 1, 0.40, 15.80); 
update estoque set quant_venda = quant_venda + 1, quant_atual = quant_atual - 1 where id = 404; 
update estoque_total set total = total - 1 where medicamento_id = 404; 

insert into venda values (375, '2022-12-29 06:01:30', 64.51, 20, 24); 
insert into itens_venda values (default, 375, 120, 120, 1, 1.90, 31.40); 
update estoque set quant_venda = quant_venda + 1, quant_atual = quant_atual - 1 where id = 120; 
update estoque_total set total = total - 1 where medicamento_id = 120; 
insert into itens_venda values (default, 375, 374, 374, 1, 1.00, 33.11); 
update estoque set quant_venda = quant_venda + 1, quant_atual = quant_atual - 1 where id = 374; 
update estoque_total set total = total - 1 where medicamento_id = 374; 

insert into venda values (376, '2022-12-29 06:10:13', 204.48, null, 24); 
insert into itens_venda values (default, 376, 121, 121, 2, 2.60, 131.24); 
update estoque set quant_venda = quant_venda + 2, quant_atual = quant_atual - 2 where id = 121; 
update estoque_total set total = total - 2 where medicamento_id = 121; 
insert into itens_venda values (default, 376, 201, 201, 1, 1.00, 34.74); 
update estoque set quant_venda = quant_venda + 1, quant_atual = quant_atual - 1 where id = 201; 
update estoque_total set total = total - 1 where medicamento_id = 201; 
insert into itens_venda values (default, 376, 414, 414, 1, 0.00, 38.50); 
update estoque set quant_venda = quant_venda + 1, quant_atual = quant_atual - 1 where id = 414; 
update estoque_total set total = total - 1 where medicamento_id = 414; 

insert into venda values (377, '2022-12-29 07:02:28', 90.22, null, null); 
insert into itens_venda values (default, 377, 337, 337, 2, 0.00, 90.22); 
update estoque set quant_venda = quant_venda + 2, quant_atual = quant_atual - 2 where id = 337; 
update estoque_total set total = total - 2 where medicamento_id = 337; 

insert into venda values (378, '2022-12-29 07:39:55', 147.84, null, null); 
insert into itens_venda values (default, 378, 474, 474, 3, 0.80, 43.78); 
update estoque set quant_venda = quant_venda + 3, quant_atual = quant_atual - 3 where id = 474; 
update estoque_total set total = total - 3 where medicamento_id = 474; 
insert into itens_venda values (default, 378, 490, 490, 2, 0.00, 104.06); 
update estoque set quant_venda = quant_venda + 2, quant_atual = quant_atual - 2 where id = 490; 
update estoque_total set total = total - 2 where medicamento_id = 490; 

insert into venda values (379, '2022-12-29 08:00:32', 459.94, 3, 22); 
insert into itens_venda values (default, 379, 163, 163, 1, 6.60, 158.42); 
update estoque set quant_venda = quant_venda + 1, quant_atual = quant_atual - 1 where id = 163; 
update estoque_total set total = total - 1 where medicamento_id = 163; 
insert into itens_venda values (default, 379, 178, 178, 1, 2.60, 64.18); 
update estoque set quant_venda = quant_venda + 1, quant_atual = quant_atual - 1 where id = 178; 
update estoque_total set total = total - 1 where medicamento_id = 178; 
insert into itens_venda values (default, 379, 370, 370, 1, 0.00, 237.34); 
update estoque set quant_venda = quant_venda + 1, quant_atual = quant_atual - 1 where id = 370; 
update estoque_total set total = total - 1 where medicamento_id = 370; 

insert into venda values (380, '2022-12-29 08:37:45', 228.77, null, null); 
insert into itens_venda values (default, 380, 179, 179, 2, 3.90, 94.36); 
update estoque set quant_venda = quant_venda + 2, quant_atual = quant_atual - 2 where id = 179; 
update estoque_total set total = total - 2 where medicamento_id = 179; 
insert into itens_venda values (default, 380, 397, 397, 3, 0.50, 53.86); 
update estoque set quant_venda = quant_venda + 3, quant_atual = quant_atual - 3 where id = 397; 
update estoque_total set total = total - 3 where medicamento_id = 397; 
insert into itens_venda values (default, 380, 418, 418, 3, 2.40, 80.55); 
update estoque set quant_venda = quant_venda + 3, quant_atual = quant_atual - 3 where id = 418; 
update estoque_total set total = total - 3 where medicamento_id = 418; 

insert into venda values (381, '2022-12-29 09:11:59', 53.46, null, null); 
insert into itens_venda values (default, 381, 296, 296, 1, 1.00, 53.46); 
update estoque set quant_venda = quant_venda + 1, quant_atual = quant_atual - 1 where id = 296; 
update estoque_total set total = total - 1 where medicamento_id = 296; 

insert into venda values (382, '2022-12-29 09:27:40', 83.18, null, null); 
insert into itens_venda values (default, 382, 380, 380, 2, 0.00, 16.46); 
update estoque set quant_venda = quant_venda + 2, quant_atual = quant_atual - 2 where id = 380; 
update estoque_total set total = total - 2 where medicamento_id = 380; 
insert into itens_venda values (default, 382, 442, 442, 1, 0.90, 22.14); 
update estoque set quant_venda = quant_venda + 1, quant_atual = quant_atual - 1 where id = 442; 
update estoque_total set total = total - 1 where medicamento_id = 442; 
insert into itens_venda values (default, 382, 474, 474, 3, 0.00, 44.58); 
update estoque set quant_venda = quant_venda + 3, quant_atual = quant_atual - 3 where id = 474; 
update estoque_total set total = total - 3 where medicamento_id = 474; 

insert into venda values (383, '2022-12-31 07:13:00', 197.05, null, null); 
insert into itens_venda values (default, 383, 432, 432, 3, 0.20, 13.90); 
update estoque set quant_venda = quant_venda + 3, quant_atual = quant_atual - 3 where id = 432; 
update estoque_total set total = total - 3 where medicamento_id = 432; 
insert into itens_venda values (default, 383, 464, 464, 1, 0.00, 32.45); 
update estoque set quant_venda = quant_venda + 1, quant_atual = quant_atual - 1 where id = 464; 
update estoque_total set total = total - 1 where medicamento_id = 464; 
insert into itens_venda values (default, 383, 232, 232, 2, 4.60, 150.70); 
update estoque set quant_venda = quant_venda + 2, quant_atual = quant_atual - 2 where id = 232; 
update estoque_total set total = total - 2 where medicamento_id = 232; 

insert into venda values (384, '2022-12-31 08:22:46', 188.49, null, null); 
insert into itens_venda values (default, 384, 193, 193, 1, 1.60, 167.07); 
update estoque set quant_venda = quant_venda + 1, quant_atual = quant_atual - 1 where id = 193; 
update estoque_total set total = total - 1 where medicamento_id = 193; 
insert into itens_venda values (default, 384, 450, 450, 1, 0.60, 21.42); 
update estoque set quant_venda = quant_venda + 1, quant_atual = quant_atual - 1 where id = 450; 
update estoque_total set total = total - 1 where medicamento_id = 450; 

insert into venda values (385, '2022-12-31 08:39:53', 355.19, null, 25); 
insert into itens_venda values (default, 385, 438, 438, 2, 2.00, 102.58); 
update estoque set quant_venda = quant_venda + 2, quant_atual = quant_atual - 2 where id = 438; 
update estoque_total set total = total - 2 where medicamento_id = 438; 
insert into itens_venda values (default, 385, 367, 367, 2, 1.90, 193.14); 
update estoque set quant_venda = quant_venda + 2, quant_atual = quant_atual - 2 where id = 367; 
update estoque_total set total = total - 2 where medicamento_id = 367; 
insert into itens_venda values (default, 385, 468, 468, 1, 0.00, 59.47); 
update estoque set quant_venda = quant_venda + 1, quant_atual = quant_atual - 1 where id = 468; 
update estoque_total set total = total - 1 where medicamento_id = 468; 

insert into venda values (386, '2022-12-31 08:59:17', 83.94, 4, null); 
insert into itens_venda values (default, 386, 441, 441, 2, 1.70, 55.30); 
update estoque set quant_venda = quant_venda + 2, quant_atual = quant_atual - 2 where id = 441; 
update estoque_total set total = total - 2 where medicamento_id = 441; 
insert into itens_venda values (default, 386, 343, 343, 1, 2.80, 28.64); 
update estoque set quant_venda = quant_venda + 1, quant_atual = quant_atual - 1 where id = 343; 
update estoque_total set total = total - 1 where medicamento_id = 343; 

insert into venda values (387, '2022-12-31 09:53:51', 148.55, null, null); 
insert into itens_venda values (default, 387, 460, 460, 2, 1.50, 73.82); 
update estoque set quant_venda = quant_venda + 2, quant_atual = quant_atual - 2 where id = 460; 
update estoque_total set total = total - 2 where medicamento_id = 460; 
insert into itens_venda values (default, 387, 403, 403, 3, 0.00, 74.73); 
update estoque set quant_venda = quant_venda + 3, quant_atual = quant_atual - 3 where id = 403; 
update estoque_total set total = total - 3 where medicamento_id = 403; 

insert into venda values (388, '2022-12-31 11:08:11', 153.84, null, null); 
insert into itens_venda values (default, 388, 344, 344, 2, 0.00, 70.50); 
update estoque set quant_venda = quant_venda + 2, quant_atual = quant_atual - 2 where id = 344; 
update estoque_total set total = total - 2 where medicamento_id = 344; 
insert into itens_venda values (default, 388, 469, 469, 1, 1.90, 45.98); 
update estoque set quant_venda = quant_venda + 1, quant_atual = quant_atual - 1 where id = 469; 
update estoque_total set total = total - 1 where medicamento_id = 469; 
insert into itens_venda values (default, 388, 456, 456, 1, 1.10, 37.36); 
update estoque set quant_venda = quant_venda + 1, quant_atual = quant_atual - 1 where id = 456; 
update estoque_total set total = total - 1 where medicamento_id = 456; 

insert into venda values (389, '2022-12-31 11:32:15', 216.29, null, 24); 
insert into itens_venda values (default, 389, 339, 339, 1, 0.00, 32.18); 
update estoque set quant_venda = quant_venda + 1, quant_atual = quant_atual - 1 where id = 339; 
update estoque_total set total = total - 1 where medicamento_id = 339; 
insert into itens_venda values (default, 389, 131, 131, 1, 3.00, 97.85); 
update estoque set quant_venda = quant_venda + 1, quant_atual = quant_atual - 1 where id = 131; 
update estoque_total set total = total - 1 where medicamento_id = 131; 
insert into itens_venda values (default, 389, 472, 472, 3, 1.70, 86.26); 
update estoque set quant_venda = quant_venda + 3, quant_atual = quant_atual - 3 where id = 472; 
update estoque_total set total = total - 3 where medicamento_id = 472; 

insert into venda values (390, '2022-12-31 12:12:43', 169.94, 3, null); 
insert into itens_venda values (default, 390, 205, 205, 1, 16.70, 169.94); 
update estoque set quant_venda = quant_venda + 1, quant_atual = quant_atual - 1 where id = 205; 
update estoque_total set total = total - 1 where medicamento_id = 205; 

insert into venda values (391, '2022-12-31 13:22:04', 172.60, 3, null); 
insert into itens_venda values (default, 391, 478, 478, 2, 9.20, 105.84); 
update estoque set quant_venda = quant_venda + 2, quant_atual = quant_atual - 2 where id = 478; 
update estoque_total set total = total - 2 where medicamento_id = 478; 
insert into itens_venda values (default, 391, 373, 373, 2, 2.70, 66.76); 
update estoque set quant_venda = quant_venda + 2, quant_atual = quant_atual - 2 where id = 373; 
update estoque_total set total = total - 2 where medicamento_id = 373; 

insert into venda values (392, '2022-12-31 14:43:10', 48.67, null, null); 
insert into itens_venda values (default, 392, 455, 455, 1, 1.50, 48.67); 
update estoque set quant_venda = quant_venda + 1, quant_atual = quant_atual - 1 where id = 455; 
update estoque_total set total = total - 1 where medicamento_id = 455; 

insert into venda values (393, '2022-12-31 15:53:11', 261.25, 10, null); 
insert into itens_venda values (default, 393, 312, 312, 2, 1.00, 51.90); 
update estoque set quant_venda = quant_venda + 2, quant_atual = quant_atual - 2 where id = 312; 
update estoque_total set total = total - 2 where medicamento_id = 312; 
insert into itens_venda values (default, 393, 440, 440, 1, 1.50, 37.91); 
update estoque set quant_venda = quant_venda + 1, quant_atual = quant_atual - 1 where id = 440; 
update estoque_total set total = total - 1 where medicamento_id = 440; 
insert into itens_venda values (default, 393, 413, 413, 2, 9.00, 171.44); 
update estoque set quant_venda = quant_venda + 2, quant_atual = quant_atual - 2 where id = 413; 
update estoque_total set total = total - 2 where medicamento_id = 413; 

insert into venda values (394, '2023-01-01 06:39:10', 239.17, null, null); 
insert into itens_venda values (default, 394, 470, 470, 2, 6.90, 167.90); 
update estoque set quant_venda = quant_venda + 2, quant_atual = quant_atual - 2 where id = 470; 
update estoque_total set total = total - 2 where medicamento_id = 470; 
insert into itens_venda values (default, 394, 331, 331, 3, 0.70, 71.27); 
update estoque set quant_venda = quant_venda + 3, quant_atual = quant_atual - 3 where id = 331; 
update estoque_total set total = total - 3 where medicamento_id = 331; 

insert into venda values (395, '2023-01-01 07:36:25', 216.24, null, 21); 
insert into itens_venda values (default, 395, 356, 356, 1, 3.40, 111.66); 
update estoque set quant_venda = quant_venda + 1, quant_atual = quant_atual - 1 where id = 356; 
update estoque_total set total = total - 1 where medicamento_id = 356; 
insert into itens_venda values (default, 395, 438, 438, 2, 0.00, 104.58); 
update estoque set quant_venda = quant_venda + 2, quant_atual = quant_atual - 2 where id = 438; 
update estoque_total set total = total - 2 where medicamento_id = 438; 

insert into venda values (396, '2023-01-01 08:39:45', 371.37, null, 22); 
insert into itens_venda values (default, 396, 341, 341, 2, 0.80, 28.24); 
update estoque set quant_venda = quant_venda + 2, quant_atual = quant_atual - 2 where id = 341; 
update estoque_total set total = total - 2 where medicamento_id = 341; 
insert into itens_venda values (default, 396, 94, 94, 1, 9.50, 310.47); 
update estoque set quant_venda = quant_venda + 1, quant_atual = quant_atual - 1 where id = 94; 
update estoque_total set total = total - 1 where medicamento_id = 94; 
insert into itens_venda values (default, 396, 434, 434, 1, 0.00, 32.66); 
update estoque set quant_venda = quant_venda + 1, quant_atual = quant_atual - 1 where id = 434; 
update estoque_total set total = total - 1 where medicamento_id = 434; 

insert into venda values (397, '2023-01-01 09:39:33', 216.11, null, null); 
insert into itens_venda values (default, 397, 505, 505, 2, 0.60, 67.08); 
update estoque set quant_venda = quant_venda + 2, quant_atual = quant_atual - 2 where id = 505; 
update estoque_total set total = total - 2 where medicamento_id = 505; 
insert into itens_venda values (default, 397, 469, 469, 2, 0.90, 94.86); 
update estoque set quant_venda = quant_venda + 2, quant_atual = quant_atual - 2 where id = 469; 
update estoque_total set total = total - 2 where medicamento_id = 469; 
insert into itens_venda values (default, 397, 461, 461, 3, 1.60, 54.17); 
update estoque set quant_venda = quant_venda + 3, quant_atual = quant_atual - 3 where id = 461; 
update estoque_total set total = total - 3 where medicamento_id = 461; 

insert into venda values (398, '2023-01-01 11:00:52', 79.27, null, null); 
insert into itens_venda values (default, 398, 423, 423, 1, 0.40, 15.59); 
update estoque set quant_venda = quant_venda + 1, quant_atual = quant_atual - 1 where id = 423; 
update estoque_total set total = total - 1 where medicamento_id = 423; 
insert into itens_venda values (default, 398, 473, 473, 1, 1.40, 47.76); 
update estoque set quant_venda = quant_venda + 1, quant_atual = quant_atual - 1 where id = 473; 
update estoque_total set total = total - 1 where medicamento_id = 473; 
insert into itens_venda values (default, 398, 365, 365, 1, 0.60, 15.92); 
update estoque set quant_venda = quant_venda + 1, quant_atual = quant_atual - 1 where id = 365; 
update estoque_total set total = total - 1 where medicamento_id = 365; 

insert into venda values (399, '2023-01-01 11:21:58', 107.60, 9, null); 
insert into itens_venda values (default, 399, 453, 453, 1, 0.00, 6.50); 
update estoque set quant_venda = quant_venda + 1, quant_atual = quant_atual - 1 where id = 453; 
update estoque_total set total = total - 1 where medicamento_id = 453; 
insert into itens_venda values (default, 399, 372, 372, 1, 6.40, 101.10); 
update estoque set quant_venda = quant_venda + 1, quant_atual = quant_atual - 1 where id = 372; 
update estoque_total set total = total - 1 where medicamento_id = 372; 

insert into venda values (400, '2023-01-01 11:32:01', 92.08, null, null); 
insert into itens_venda values (default, 400, 432, 432, 3, 0.20, 13.90); 
update estoque set quant_venda = quant_venda + 3, quant_atual = quant_atual - 3 where id = 432; 
update estoque_total set total = total - 3 where medicamento_id = 432; 
insert into itens_venda values (default, 400, 345, 345, 3, 0.00, 78.18); 
update estoque set quant_venda = quant_venda + 3, quant_atual = quant_atual - 3 where id = 345; 
update estoque_total set total = total - 3 where medicamento_id = 345; 

insert into venda values (401, '2023-01-01 12:02:43', 109.23, 11, null); 
insert into itens_venda values (default, 401, 304, 304, 1, 2.10, 25.36); 
update estoque set quant_venda = quant_venda + 1, quant_atual = quant_atual - 1 where id = 304; 
update estoque_total set total = total - 1 where medicamento_id = 304; 
insert into itens_venda values (default, 401, 351, 351, 1, 1.70, 20.10); 
update estoque set quant_venda = quant_venda + 1, quant_atual = quant_atual - 1 where id = 351; 
update estoque_total set total = total - 1 where medicamento_id = 351; 
insert into itens_venda values (default, 401, 501, 501, 3, 5.50, 63.77); 
update estoque set quant_venda = quant_venda + 3, quant_atual = quant_atual - 3 where id = 501; 
update estoque_total set total = total - 3 where medicamento_id = 501; 

insert into venda values (402, '2023-01-01 13:25:15', 179.69, null, 25); 
insert into itens_venda values (default, 402, 472, 472, 2, 0.00, 58.64); 
update estoque set quant_venda = quant_venda + 2, quant_atual = quant_atual - 2 where id = 472; 
update estoque_total set total = total - 2 where medicamento_id = 472; 
insert into itens_venda values (default, 402, 333, 333, 1, 0.00, 121.05); 
update estoque set quant_venda = quant_venda + 1, quant_atual = quant_atual - 1 where id = 333; 
update estoque_total set total = total - 1 where medicamento_id = 333; 

insert into venda values (403, '2023-01-02 06:55:26', 379.51, null, null); 
insert into itens_venda values (default, 403, 7, 7, 1, 15.80, 379.51); 
update estoque set quant_venda = quant_venda + 1, quant_atual = quant_atual - 1 where id = 7; 
update estoque_total set total = total - 1 where medicamento_id = 7; 

insert into venda values (404, '2023-01-02 08:01:04', 67.10, null, 21); 
insert into itens_venda values (default, 404, 286, 286, 2, 2.00, 67.10); 
update estoque set quant_venda = quant_venda + 2, quant_atual = quant_atual - 2 where id = 286; 
update estoque_total set total = total - 2 where medicamento_id = 286; 

insert into venda values (405, '2023-01-02 08:10:29', 29.76, 2, null); 
insert into itens_venda values (default, 405, 434, 434, 1, 2.90, 29.76); 
update estoque set quant_venda = quant_venda + 1, quant_atual = quant_atual - 1 where id = 434; 
update estoque_total set total = total - 1 where medicamento_id = 434; 

insert into venda values (406, '2023-01-02 08:18:15', 79.97, 19, null); 
insert into itens_venda values (default, 406, 337, 337, 1, 1.30, 43.81); 
update estoque set quant_venda = quant_venda + 1, quant_atual = quant_atual - 1 where id = 337; 
update estoque_total set total = total - 1 where medicamento_id = 337; 
insert into itens_venda values (default, 406, 460, 460, 1, 1.50, 36.16); 
update estoque set quant_venda = quant_venda + 1, quant_atual = quant_atual - 1 where id = 460; 
update estoque_total set total = total - 1 where medicamento_id = 460; 

insert into venda values (407, '2023-01-02 09:09:31', 145.97, 5, null); 
insert into itens_venda values (default, 407, 399, 399, 1, 4.60, 47.25); 
update estoque set quant_venda = quant_venda + 1, quant_atual = quant_atual - 1 where id = 399; 
update estoque_total set total = total - 1 where medicamento_id = 399; 
insert into itens_venda values (default, 407, 464, 464, 1, 0.30, 32.15); 
update estoque set quant_venda = quant_venda + 1, quant_atual = quant_atual - 1 where id = 464; 
update estoque_total set total = total - 1 where medicamento_id = 464; 
insert into itens_venda values (default, 407, 501, 501, 3, 2.70, 66.57); 
update estoque set quant_venda = quant_venda + 3, quant_atual = quant_atual - 3 where id = 501; 
update estoque_total set total = total - 3 where medicamento_id = 501; 

insert into venda values (408, '2023-01-02 09:46:03', 106.28, 6, null); 
insert into itens_venda values (default, 408, 282, 282, 2, 1.00, 106.28); 
update estoque set quant_venda = quant_venda + 2, quant_atual = quant_atual - 2 where id = 282; 
update estoque_total set total = total - 2 where medicamento_id = 282; 

insert into venda values (409, '2023-01-02 10:10:38', 128.16, null, null); 
insert into itens_venda values (default, 409, 262, 262, 1, 0.00, 21.51); 
update estoque set quant_venda = quant_venda + 1, quant_atual = quant_atual - 1 where id = 262; 
update estoque_total set total = total - 1 where medicamento_id = 262; 
insert into itens_venda values (default, 409, 472, 472, 3, 2.60, 85.36); 
update estoque set quant_venda = quant_venda + 3, quant_atual = quant_atual - 3 where id = 472; 
update estoque_total set total = total - 3 where medicamento_id = 472; 
insert into itens_venda values (default, 409, 385, 385, 1, 0.20, 21.29); 
update estoque set quant_venda = quant_venda + 1, quant_atual = quant_atual - 1 where id = 385; 
update estoque_total set total = total - 1 where medicamento_id = 385; 

insert into venda values (410, '2023-01-02 11:04:02', 376.10, null, null); 
insert into itens_venda values (default, 410, 487, 487, 1, 0.00, 188.03); 
update estoque set quant_venda = quant_venda + 1, quant_atual = quant_atual - 1 where id = 487; 
update estoque_total set total = total - 1 where medicamento_id = 487; 
insert into itens_venda values (default, 410, 253, 253, 2, 0.00, 154.04); 
update estoque set quant_venda = quant_venda + 2, quant_atual = quant_atual - 2 where id = 253; 
update estoque_total set total = total - 2 where medicamento_id = 253; 
insert into itens_venda values (default, 410, 498, 498, 1, 1.40, 34.03); 
update estoque set quant_venda = quant_venda + 1, quant_atual = quant_atual - 1 where id = 498; 
update estoque_total set total = total - 1 where medicamento_id = 498; 

insert into venda values (411, '2023-01-02 11:25:41', 224.66, null, null); 
insert into itens_venda values (default, 411, 474, 474, 2, 1.10, 28.62); 
update estoque set quant_venda = quant_venda + 2, quant_atual = quant_atual - 2 where id = 474; 
update estoque_total set total = total - 2 where medicamento_id = 474; 
insert into itens_venda values (default, 411, 435, 435, 2, 0.00, 196.04); 
update estoque set quant_venda = quant_venda + 2, quant_atual = quant_atual - 2 where id = 435; 
update estoque_total set total = total - 2 where medicamento_id = 435; 

insert into venda values (412, '2023-01-03 08:36:11', 85.33, 8, 23); 
insert into itens_venda values (default, 412, 366, 366, 1, 2.40, 47.13); 
update estoque set quant_venda = quant_venda + 1, quant_atual = quant_atual - 1 where id = 366; 
update estoque_total set total = total - 1 where medicamento_id = 366; 
insert into itens_venda values (default, 412, 414, 414, 1, 0.30, 38.20); 
update estoque set quant_venda = quant_venda + 1, quant_atual = quant_atual - 1 where id = 414; 
update estoque_total set total = total - 1 where medicamento_id = 414; 

insert into venda values (413, '2023-01-03 08:39:47', 138.64, 10, null); 
insert into itens_venda values (default, 413, 323, 323, 3, 0.50, 52.51); 
update estoque set quant_venda = quant_venda + 3, quant_atual = quant_atual - 3 where id = 323; 
update estoque_total set total = total - 3 where medicamento_id = 323; 
insert into itens_venda values (default, 413, 428, 428, 3, 3.40, 46.52); 
update estoque set quant_venda = quant_venda + 3, quant_atual = quant_atual - 3 where id = 428; 
update estoque_total set total = total - 3 where medicamento_id = 428; 
insert into itens_venda values (default, 413, 388, 388, 1, 0.00, 39.61); 
update estoque set quant_venda = quant_venda + 1, quant_atual = quant_atual - 1 where id = 388; 
update estoque_total set total = total - 1 where medicamento_id = 388; 

insert into venda values (414, '2023-01-03 10:06:54', 80.41, 9, 23); 
insert into itens_venda values (default, 414, 403, 403, 2, 3.90, 45.92); 
update estoque set quant_venda = quant_venda + 2, quant_atual = quant_atual - 2 where id = 403; 
update estoque_total set total = total - 2 where medicamento_id = 403; 
insert into itens_venda values (default, 414, 358, 358, 1, 2.50, 34.49); 
update estoque set quant_venda = quant_venda + 1, quant_atual = quant_atual - 1 where id = 358; 
update estoque_total set total = total - 1 where medicamento_id = 358; 

insert into venda values (415, '2023-01-03 10:40:51', 104.56, null, null); 
insert into itens_venda values (default, 415, 461, 461, 2, 0.30, 36.88); 
update estoque set quant_venda = quant_venda + 2, quant_atual = quant_atual - 2 where id = 461; 
update estoque_total set total = total - 2 where medicamento_id = 461; 
insert into itens_venda values (default, 415, 505, 505, 2, 0.00, 67.68); 
update estoque set quant_venda = quant_venda + 2, quant_atual = quant_atual - 2 where id = 505; 
update estoque_total set total = total - 2 where medicamento_id = 505; 

insert into venda values (416, '2023-01-03 10:52:51', 208.78, null, 22); 
insert into itens_venda values (default, 416, 108, 108, 1, 2.10, 208.78); 
update estoque set quant_venda = quant_venda + 1, quant_atual = quant_atual - 1 where id = 108; 
update estoque_total set total = total - 1 where medicamento_id = 108; 

insert into venda values (417, '2023-01-04 06:45:48', 290.59, null, null); 
insert into itens_venda values (default, 417, 365, 365, 2, 0.90, 32.14); 
update estoque set quant_venda = quant_venda + 2, quant_atual = quant_atual - 2 where id = 365; 
update estoque_total set total = total - 2 where medicamento_id = 365; 
insert into itens_venda values (default, 417, 195, 195, 1, 0.00, 258.45); 
update estoque set quant_venda = quant_venda + 1, quant_atual = quant_atual - 1 where id = 195; 
update estoque_total set total = total - 1 where medicamento_id = 195; 

insert into venda values (418, '2023-01-04 07:48:03', 167.49, null, null); 
insert into itens_venda values (default, 418, 441, 441, 3, 2.50, 83.00); 
update estoque set quant_venda = quant_venda + 3, quant_atual = quant_atual - 3 where id = 441; 
update estoque_total set total = total - 3 where medicamento_id = 441; 
insert into itens_venda values (default, 418, 501, 501, 2, 0.00, 46.18); 
update estoque set quant_venda = quant_venda + 2, quant_atual = quant_atual - 2 where id = 501; 
update estoque_total set total = total - 2 where medicamento_id = 501; 
insert into itens_venda values (default, 418, 390, 390, 1, 0.00, 38.31); 
update estoque set quant_venda = quant_venda + 1, quant_atual = quant_atual - 1 where id = 390; 
update estoque_total set total = total - 1 where medicamento_id = 390; 

insert into venda values (419, '2023-01-04 08:07:36', 165.82, null, null); 
insert into itens_venda values (default, 419, 177, 177, 1, 0.00, 81.34); 
update estoque set quant_venda = quant_venda + 1, quant_atual = quant_atual - 1 where id = 177; 
update estoque_total set total = total - 1 where medicamento_id = 177; 
insert into itens_venda values (default, 419, 489, 489, 2, 3.50, 84.48); 
update estoque set quant_venda = quant_venda + 2, quant_atual = quant_atual - 2 where id = 489; 
update estoque_total set total = total - 2 where medicamento_id = 489; 

insert into venda values (420, '2023-01-04 08:27:57', 89.84, null, null); 
insert into itens_venda values (default, 420, 390, 390, 2, 3.00, 73.62); 
update estoque set quant_venda = quant_venda + 2, quant_atual = quant_atual - 2 where id = 390; 
update estoque_total set total = total - 2 where medicamento_id = 390; 
insert into itens_venda values (default, 420, 294, 294, 1, 0.40, 16.22); 
update estoque set quant_venda = quant_venda + 1, quant_atual = quant_atual - 1 where id = 294; 
update estoque_total set total = total - 1 where medicamento_id = 294; 

insert into venda values (421, '2023-01-04 08:53:41', 126.08, null, null); 
insert into itens_venda values (default, 421, 332, 332, 2, 0.00, 126.08); 
update estoque set quant_venda = quant_venda + 2, quant_atual = quant_atual - 2 where id = 332; 
update estoque_total set total = total - 2 where medicamento_id = 332; 

insert into venda values (422, '2023-01-04 09:42:28', 159.22, null, 23); 
insert into itens_venda values (default, 422, 322, 322, 1, 1.10, 27.02); 
update estoque set quant_venda = quant_venda + 1, quant_atual = quant_atual - 1 where id = 322; 
update estoque_total set total = total - 1 where medicamento_id = 322; 
insert into itens_venda values (default, 422, 85, 85, 2, 1.90, 94.76); 
update estoque set quant_venda = quant_venda + 2, quant_atual = quant_atual - 2 where id = 85; 
update estoque_total set total = total - 2 where medicamento_id = 85; 
insert into itens_venda values (default, 422, 90, 90, 2, 0.00, 37.44); 
update estoque set quant_venda = quant_venda + 2, quant_atual = quant_atual - 2 where id = 90; 
update estoque_total set total = total - 2 where medicamento_id = 90; 

insert into venda values (423, '2023-01-04 09:53:43', 309.62, 15, null); 
insert into itens_venda values (default, 423, 464, 464, 2, 2.50, 62.40); 
update estoque set quant_venda = quant_venda + 2, quant_atual = quant_atual - 2 where id = 464; 
update estoque_total set total = total - 2 where medicamento_id = 464; 
insert into itens_venda values (default, 423, 212, 212, 2, 6.20, 118.34); 
update estoque set quant_venda = quant_venda + 2, quant_atual = quant_atual - 2 where id = 212; 
update estoque_total set total = total - 2 where medicamento_id = 212; 
insert into itens_venda values (default, 423, 436, 436, 2, 2.60, 128.88); 
update estoque set quant_venda = quant_venda + 2, quant_atual = quant_atual - 2 where id = 436; 
update estoque_total set total = total - 2 where medicamento_id = 436; 

insert into venda values (424, '2023-01-04 10:44:35', 208.40, 6, null); 
insert into itens_venda values (default, 424, 465, 465, 1, 3.60, 118.62); 
update estoque set quant_venda = quant_venda + 1, quant_atual = quant_atual - 1 where id = 465; 
update estoque_total set total = total - 1 where medicamento_id = 465; 
insert into itens_venda values (default, 424, 498, 498, 2, 1.40, 69.46); 
update estoque set quant_venda = quant_venda + 2, quant_atual = quant_atual - 2 where id = 498; 
update estoque_total set total = total - 2 where medicamento_id = 498; 
insert into itens_venda values (default, 424, 450, 450, 1, 1.70, 20.32); 
update estoque set quant_venda = quant_venda + 1, quant_atual = quant_atual - 1 where id = 450; 
update estoque_total set total = total - 1 where medicamento_id = 450; 

insert into venda values (425, '2023-01-05 06:10:25', 190.12, 18, null); 
insert into itens_venda values (default, 425, 492, 492, 2, 0.00, 88.66); 
update estoque set quant_venda = quant_venda + 2, quant_atual = quant_atual - 2 where id = 492; 
update estoque_total set total = total - 2 where medicamento_id = 492; 
insert into itens_venda values (default, 425, 494, 494, 2, 1.30, 31.64); 
update estoque set quant_venda = quant_venda + 2, quant_atual = quant_atual - 2 where id = 494; 
update estoque_total set total = total - 2 where medicamento_id = 494; 
insert into itens_venda values (default, 425, 390, 390, 2, 6.80, 69.82); 
update estoque set quant_venda = quant_venda + 2, quant_atual = quant_atual - 2 where id = 390; 
update estoque_total set total = total - 2 where medicamento_id = 390; 

insert into venda values (426, '2023-01-05 08:49:47', 60.40, 14, 23); 
insert into itens_venda values (default, 426, 311, 311, 2, 0.30, 30.12); 
update estoque set quant_venda = quant_venda + 2, quant_atual = quant_atual - 2 where id = 311; 
update estoque_total set total = total - 2 where medicamento_id = 311; 
insert into itens_venda values (default, 426, 339, 339, 1, 1.90, 30.28); 
update estoque set quant_venda = quant_venda + 1, quant_atual = quant_atual - 1 where id = 339; 
update estoque_total set total = total - 1 where medicamento_id = 339; 

insert into venda values (427, '2023-01-05 11:16:33', 49.01, null, null); 
insert into itens_venda values (default, 427, 494, 494, 3, 0.40, 49.01); 
update estoque set quant_venda = quant_venda + 3, quant_atual = quant_atual - 3 where id = 494; 
update estoque_total set total = total - 3 where medicamento_id = 494; 

insert into venda values (428, '2023-01-06 08:19:05', 223.95, null, null); 
insert into itens_venda values (default, 428, 271, 271, 2, 5.40, 174.78); 
update estoque set quant_venda = quant_venda + 2, quant_atual = quant_atual - 2 where id = 271; 
update estoque_total set total = total - 2 where medicamento_id = 271; 
insert into itens_venda values (default, 428, 455, 455, 1, 1.00, 49.17); 
update estoque set quant_venda = quant_venda + 1, quant_atual = quant_atual - 1 where id = 455; 
update estoque_total set total = total - 1 where medicamento_id = 455; 

insert into venda values (429, '2023-01-06 08:49:39', 148.39, null, 24); 
insert into itens_venda values (default, 429, 65, 65, 1, 2.30, 74.91); 
update estoque set quant_venda = quant_venda + 1, quant_atual = quant_atual - 1 where id = 65; 
update estoque_total set total = total - 1 where medicamento_id = 65; 
insert into itens_venda values (default, 429, 261, 261, 1, 1.40, 73.48); 
update estoque set quant_venda = quant_venda + 1, quant_atual = quant_atual - 1 where id = 261; 
update estoque_total set total = total - 1 where medicamento_id = 261; 

insert into venda values (430, '2023-01-06 09:39:22', 91.39, null, null); 
insert into itens_venda values (default, 430, 380, 380, 2, 0.00, 16.46); 
update estoque set quant_venda = quant_venda + 2, quant_atual = quant_atual - 2 where id = 380; 
update estoque_total set total = total - 2 where medicamento_id = 380; 
insert into itens_venda values (default, 430, 502, 502, 2, 1.30, 42.32); 
update estoque set quant_venda = quant_venda + 2, quant_atual = quant_atual - 2 where id = 502; 
update estoque_total set total = total - 2 where medicamento_id = 502; 
insert into itens_venda values (default, 430, 183, 183, 1, 1.00, 32.61); 
update estoque set quant_venda = quant_venda + 1, quant_atual = quant_atual - 1 where id = 183; 
update estoque_total set total = total - 1 where medicamento_id = 183; 

insert into venda values (431, '2023-01-06 10:10:13', 51.96, null, null); 
insert into itens_venda values (default, 431, 424, 424, 1, 0.20, 10.80); 
update estoque set quant_venda = quant_venda + 1, quant_atual = quant_atual - 1 where id = 424; 
update estoque_total set total = total - 1 where medicamento_id = 424; 
insert into itens_venda values (default, 431, 474, 474, 1, 0.20, 14.66); 
update estoque set quant_venda = quant_venda + 1, quant_atual = quant_atual - 1 where id = 474; 
update estoque_total set total = total - 1 where medicamento_id = 474; 
insert into itens_venda values (default, 431, 463, 463, 2, 0.20, 26.50); 
update estoque set quant_venda = quant_venda + 2, quant_atual = quant_atual - 2 where id = 463; 
update estoque_total set total = total - 2 where medicamento_id = 463; 

insert into venda values (432, '2023-01-06 10:39:14', 65.43, null, null); 
insert into itens_venda values (default, 432, 502, 502, 3, 0.00, 65.43); 
update estoque set quant_venda = quant_venda + 3, quant_atual = quant_atual - 3 where id = 502; 
update estoque_total set total = total - 3 where medicamento_id = 502; 

insert into venda values (433, '2023-01-06 11:59:33', 150.16, 8, 21); 
insert into itens_venda values (default, 433, 489, 489, 2, 5.20, 82.78); 
update estoque set quant_venda = quant_venda + 2, quant_atual = quant_atual - 2 where id = 489; 
update estoque_total set total = total - 2 where medicamento_id = 489; 
insert into itens_venda values (default, 433, 358, 358, 2, 6.60, 67.38); 
update estoque set quant_venda = quant_venda + 2, quant_atual = quant_atual - 2 where id = 358; 
update estoque_total set total = total - 2 where medicamento_id = 358; 

insert into venda values (434, '2023-01-06 14:44:54', 55.69, null, null); 
insert into itens_venda values (default, 434, 462, 462, 3, 1.10, 55.69); 
update estoque set quant_venda = quant_venda + 3, quant_atual = quant_atual - 3 where id = 462; 
update estoque_total set total = total - 3 where medicamento_id = 462; 

insert into venda values (435, '2023-01-07 06:53:45', 413.36, null, 25); 
insert into itens_venda values (default, 435, 434, 434, 2, 0.00, 65.32); 
update estoque set quant_venda = quant_venda + 2, quant_atual = quant_atual - 2 where id = 434; 
update estoque_total set total = total - 2 where medicamento_id = 434; 
insert into itens_venda values (default, 435, 197, 197, 1, 10.90, 262.66); 
update estoque set quant_venda = quant_venda + 1, quant_atual = quant_atual - 1 where id = 197; 
update estoque_total set total = total - 1 where medicamento_id = 197; 
insert into itens_venda values (default, 435, 489, 489, 2, 2.60, 85.38); 
update estoque set quant_venda = quant_venda + 2, quant_atual = quant_atual - 2 where id = 489; 
update estoque_total set total = total - 2 where medicamento_id = 489; 

insert into venda values (436, '2023-01-07 07:59:55', 113.02, null, null); 
insert into itens_venda values (default, 436, 344, 344, 2, 0.00, 70.50); 
update estoque set quant_venda = quant_venda + 2, quant_atual = quant_atual - 2 where id = 344; 
update estoque_total set total = total - 2 where medicamento_id = 344; 
insert into itens_venda values (default, 436, 417, 417, 3, 1.70, 42.52); 
update estoque set quant_venda = quant_venda + 3, quant_atual = quant_atual - 3 where id = 417; 
update estoque_total set total = total - 3 where medicamento_id = 417; 

insert into venda values (437, '2023-01-07 08:00:20', 176.22, 2, null); 
insert into itens_venda values (default, 437, 465, 465, 1, 10.90, 111.32); 
update estoque set quant_venda = quant_venda + 1, quant_atual = quant_atual - 1 where id = 465; 
update estoque_total set total = total - 1 where medicamento_id = 465; 
insert into itens_venda values (default, 437, 344, 344, 2, 5.60, 64.90); 
update estoque set quant_venda = quant_venda + 2, quant_atual = quant_atual - 2 where id = 344; 
update estoque_total set total = total - 2 where medicamento_id = 344; 

insert into venda values (438, '2023-01-07 09:07:43', 140.14, null, null); 
insert into itens_venda values (default, 438, 436, 436, 1, 1.90, 63.84); 
update estoque set quant_venda = quant_venda + 1, quant_atual = quant_atual - 1 where id = 436; 
update estoque_total set total = total - 1 where medicamento_id = 436; 
insert into itens_venda values (default, 438, 414, 414, 2, 0.70, 76.30); 
update estoque set quant_venda = quant_venda + 2, quant_atual = quant_atual - 2 where id = 414; 
update estoque_total set total = total - 2 where medicamento_id = 414; 

insert into venda values (439, '2023-01-07 09:27:52', 7.37, null, null); 
insert into itens_venda values (default, 439, 496, 496, 1, 0.00, 7.37); 
update estoque set quant_venda = quant_venda + 1, quant_atual = quant_atual - 1 where id = 496; 
update estoque_total set total = total - 1 where medicamento_id = 496; 

insert into venda values (440, '2023-01-07 10:40:28', 112.66, null, null); 
insert into itens_venda values (default, 440, 306, 306, 1, 3.30, 79.84); 
update estoque set quant_venda = quant_venda + 1, quant_atual = quant_atual - 1 where id = 306; 
update estoque_total set total = total - 1 where medicamento_id = 306; 
insert into itens_venda values (default, 440, 364, 364, 1, 0.30, 32.82); 
update estoque set quant_venda = quant_venda + 1, quant_atual = quant_atual - 1 where id = 364; 
update estoque_total set total = total - 1 where medicamento_id = 364; 

insert into venda values (441, '2023-01-07 10:44:27', 167.25, null, null); 
insert into itens_venda values (default, 441, 430, 430, 2, 0.90, 48.52); 
update estoque set quant_venda = quant_venda + 2, quant_atual = quant_atual - 2 where id = 430; 
update estoque_total set total = total - 2 where medicamento_id = 430; 
insert into itens_venda values (default, 441, 200, 200, 1, 3.60, 118.73); 
update estoque set quant_venda = quant_venda + 1, quant_atual = quant_atual - 1 where id = 200; 
update estoque_total set total = total - 1 where medicamento_id = 200; 

insert into venda values (442, '2023-01-07 11:19:34', 31.04, 1, null); 
insert into itens_venda values (default, 442, 500, 500, 2, 0.90, 31.04); 
update estoque set quant_venda = quant_venda + 2, quant_atual = quant_atual - 2 where id = 500; 
update estoque_total set total = total - 2 where medicamento_id = 500; 

insert into venda values (443, '2023-01-07 11:39:48', 194.14, null, null); 
insert into itens_venda values (default, 443, 435, 435, 2, 1.90, 194.14); 
update estoque set quant_venda = quant_venda + 2, quant_atual = quant_atual - 2 where id = 435; 
update estoque_total set total = total - 2 where medicamento_id = 435; 

insert into venda values (444, '2023-01-07 12:30:27', 14.12, 8, null); 
insert into itens_venda values (default, 444, 493, 493, 2, 1.00, 14.12); 
update estoque set quant_venda = quant_venda + 2, quant_atual = quant_atual - 2 where id = 493; 
update estoque_total set total = total - 2 where medicamento_id = 493; 

insert into venda values (445, '2023-01-08 06:47:02', 228.53, null, 22); 
insert into itens_venda values (default, 445, 366, 366, 1, 0.00, 49.53); 
update estoque set quant_venda = quant_venda + 1, quant_atual = quant_atual - 1 where id = 366; 
update estoque_total set total = total - 1 where medicamento_id = 366; 
insert into itens_venda values (default, 445, 470, 470, 2, 5.20, 169.60); 
update estoque set quant_venda = quant_venda + 2, quant_atual = quant_atual - 2 where id = 470; 
update estoque_total set total = total - 2 where medicamento_id = 470; 
insert into itens_venda values (default, 445, 432, 432, 2, 0.00, 9.40); 
update estoque set quant_venda = quant_venda + 2, quant_atual = quant_atual - 2 where id = 432; 
update estoque_total set total = total - 2 where medicamento_id = 432; 

insert into venda values (446, '2023-01-08 06:50:15', 264.16, null, null); 
insert into itens_venda values (default, 446, 275, 275, 1, 0.00, 83.72); 
update estoque set quant_venda = quant_venda + 1, quant_atual = quant_atual - 1 where id = 275; 
update estoque_total set total = total - 1 where medicamento_id = 275; 
insert into itens_venda values (default, 446, 413, 413, 2, 0.00, 180.44); 
update estoque set quant_venda = quant_venda + 2, quant_atual = quant_atual - 2 where id = 413; 
update estoque_total set total = total - 2 where medicamento_id = 413; 

insert into venda values (447, '2023-01-08 08:06:11', 262.96, null, 23); 
insert into itens_venda values (default, 447, 178, 178, 2, 0.00, 133.56); 
update estoque set quant_venda = quant_venda + 2, quant_atual = quant_atual - 2 where id = 178; 
update estoque_total set total = total - 2 where medicamento_id = 178; 
insert into itens_venda values (default, 447, 264, 264, 1, 0.90, 48.26); 
update estoque set quant_venda = quant_venda + 1, quant_atual = quant_atual - 1 where id = 264; 
update estoque_total set total = total - 1 where medicamento_id = 264; 
insert into itens_venda values (default, 447, 439, 439, 2, 0.80, 81.14); 
update estoque set quant_venda = quant_venda + 2, quant_atual = quant_atual - 2 where id = 439; 
update estoque_total set total = total - 2 where medicamento_id = 439; 

insert into venda values (448, '2023-01-08 08:06:22', 53.80, null, null); 
insert into itens_venda values (default, 448, 433, 433, 2, 0.50, 53.80); 
update estoque set quant_venda = quant_venda + 2, quant_atual = quant_atual - 2 where id = 433; 
update estoque_total set total = total - 2 where medicamento_id = 433; 

insert into venda values (449, '2023-01-08 09:22:46', 181.72, 10, null); 
insert into itens_venda values (default, 449, 467, 467, 2, 8.70, 115.96); 
update estoque set quant_venda = quant_venda + 2, quant_atual = quant_atual - 2 where id = 467; 
update estoque_total set total = total - 2 where medicamento_id = 467; 
insert into itens_venda values (default, 449, 175, 175, 2, 2.00, 65.76); 
update estoque set quant_venda = quant_venda + 2, quant_atual = quant_atual - 2 where id = 175; 
update estoque_total set total = total - 2 where medicamento_id = 175; 

insert into venda values (450, '2023-01-08 09:28:05', 452.29, null, null); 
insert into itens_venda values (default, 450, 270, 270, 1, 13.20, 317.11); 
update estoque set quant_venda = quant_venda + 1, quant_atual = quant_atual - 1 where id = 270; 
update estoque_total set total = total - 1 where medicamento_id = 270; 
insert into itens_venda values (default, 450, 477, 477, 2, 1.30, 128.78); 
update estoque set quant_venda = quant_venda + 2, quant_atual = quant_atual - 2 where id = 477; 
update estoque_total set total = total - 2 where medicamento_id = 477; 
insert into itens_venda values (default, 450, 453, 453, 1, 0.10, 6.40); 
update estoque set quant_venda = quant_venda + 1, quant_atual = quant_atual - 1 where id = 453; 
update estoque_total set total = total - 1 where medicamento_id = 453; 

insert into venda values (451, '2023-01-08 09:34:58', 203.28, 10, null); 
insert into itens_venda values (default, 451, 470, 470, 1, 7.80, 79.60); 
update estoque set quant_venda = quant_venda + 1, quant_atual = quant_atual - 1 where id = 470; 
update estoque_total set total = total - 1 where medicamento_id = 470; 
insert into itens_venda values (default, 451, 466, 466, 1, 1.20, 123.68); 
update estoque set quant_venda = quant_venda + 1, quant_atual = quant_atual - 1 where id = 466; 
update estoque_total set total = total - 1 where medicamento_id = 466; 

insert into venda values (452, '2023-01-08 10:31:51', 81.45, null, null); 
insert into itens_venda values (default, 452, 433, 433, 3, 0.00, 81.45); 
update estoque set quant_venda = quant_venda + 3, quant_atual = quant_atual - 3 where id = 433; 
update estoque_total set total = total - 3 where medicamento_id = 433; 

insert into venda values (453, '2023-01-08 11:23:39', 93.18, null, null); 
insert into itens_venda values (default, 453, 417, 417, 2, 0.80, 28.68); 
update estoque set quant_venda = quant_venda + 2, quant_atual = quant_atual - 2 where id = 417; 
update estoque_total set total = total - 2 where medicamento_id = 417; 
insert into itens_venda values (default, 453, 387, 387, 1, 0.60, 64.50); 
update estoque set quant_venda = quant_venda + 1, quant_atual = quant_atual - 1 where id = 387; 
update estoque_total set total = total - 1 where medicamento_id = 387; 

insert into venda values (454, '2023-01-08 11:29:19', 64.99, 9, 22); 
insert into itens_venda values (default, 454, 116, 116, 1, 0.00, 7.74); 
update estoque set quant_venda = quant_venda + 1, quant_atual = quant_atual - 1 where id = 116; 
update estoque_total set total = total - 1 where medicamento_id = 116; 
insert into itens_venda values (default, 454, 451, 451, 3, 0.50, 57.25); 
update estoque set quant_venda = quant_venda + 3, quant_atual = quant_atual - 3 where id = 451; 
update estoque_total set total = total - 3 where medicamento_id = 451; 

insert into venda values (455, '2023-01-08 12:22:31', 208.76, 17, null); 
insert into itens_venda values (default, 455, 320, 320, 1, 0.00, 208.76); 
update estoque set quant_venda = quant_venda + 1, quant_atual = quant_atual - 1 where id = 320; 
update estoque_total set total = total - 1 where medicamento_id = 320; 

insert into venda values (456, '2023-01-09 07:16:57', 107.38, null, 24); 
insert into itens_venda values (default, 456, 479, 479, 2, 0.70, 72.68); 
update estoque set quant_venda = quant_venda + 2, quant_atual = quant_atual - 2 where id = 479; 
update estoque_total set total = total - 2 where medicamento_id = 479; 
insert into itens_venda values (default, 456, 274, 274, 1, 1.40, 34.70); 
update estoque set quant_venda = quant_venda + 1, quant_atual = quant_atual - 1 where id = 274; 
update estoque_total set total = total - 1 where medicamento_id = 274; 

insert into venda values (457, '2023-01-09 07:26:00', 22.32, 9, null); 
insert into itens_venda values (default, 457, 431, 431, 2, 0.20, 22.32); 
update estoque set quant_venda = quant_venda + 2, quant_atual = quant_atual - 2 where id = 431; 
update estoque_total set total = total - 2 where medicamento_id = 431; 

insert into venda values (458, '2023-01-09 08:24:19', 53.78, null, 24); 
insert into itens_venda values (default, 458, 358, 358, 1, 1.10, 35.89); 
update estoque set quant_venda = quant_venda + 1, quant_atual = quant_atual - 1 where id = 358; 
update estoque_total set total = total - 1 where medicamento_id = 358; 
insert into itens_venda values (default, 458, 461, 461, 1, 0.70, 17.89); 
update estoque set quant_venda = quant_venda + 1, quant_atual = quant_atual - 1 where id = 461; 
update estoque_total set total = total - 1 where medicamento_id = 461; 

insert into venda values (459, '2023-01-09 09:44:24', 131.28, null, null); 
insert into itens_venda values (default, 459, 421, 421, 2, 0.00, 18.38); 
update estoque set quant_venda = quant_venda + 2, quant_atual = quant_atual - 2 where id = 421; 
update estoque_total set total = total - 2 where medicamento_id = 421; 
insert into itens_venda values (default, 459, 491, 491, 2, 0.00, 112.90); 
update estoque set quant_venda = quant_venda + 2, quant_atual = quant_atual - 2 where id = 491; 
update estoque_total set total = total - 2 where medicamento_id = 491; 

insert into venda values (460, '2023-01-09 10:47:18', 200.10, 7, null); 
insert into itens_venda values (default, 460, 400, 400, 1, 9.50, 126.70); 
update estoque set quant_venda = quant_venda + 1, quant_atual = quant_atual - 1 where id = 400; 
update estoque_total set total = total - 1 where medicamento_id = 400; 
insert into itens_venda values (default, 460, 340, 340, 3, 1.20, 62.34); 
update estoque set quant_venda = quant_venda + 3, quant_atual = quant_atual - 3 where id = 340; 
update estoque_total set total = total - 3 where medicamento_id = 340; 
insert into itens_venda values (default, 460, 431, 431, 1, 0.20, 11.06); 
update estoque set quant_venda = quant_venda + 1, quant_atual = quant_atual - 1 where id = 431; 
update estoque_total set total = total - 1 where medicamento_id = 431; 

insert into venda values (461, '2023-01-09 11:07:40', 402.50, 11, null); 
insert into itens_venda values (default, 461, 126, 126, 1, 4.60, 89.39); 
update estoque set quant_venda = quant_venda + 1, quant_atual = quant_atual - 1 where id = 126; 
update estoque_total set total = total - 1 where medicamento_id = 126; 
insert into itens_venda values (default, 461, 272, 272, 1, 19.30, 257.01); 
update estoque set quant_venda = quant_venda + 1, quant_atual = quant_atual - 1 where id = 272; 
update estoque_total set total = total - 1 where medicamento_id = 272; 
insert into itens_venda values (default, 461, 475, 475, 3, 4.20, 56.10); 
update estoque set quant_venda = quant_venda + 3, quant_atual = quant_atual - 3 where id = 475; 
update estoque_total set total = total - 3 where medicamento_id = 475; 

insert into venda values (462, '2023-01-09 12:06:25', 255.84, null, null); 
insert into itens_venda values (default, 462, 401, 401, 2, 0.00, 67.28); 
update estoque set quant_venda = quant_venda + 2, quant_atual = quant_atual - 2 where id = 401; 
update estoque_total set total = total - 2 where medicamento_id = 401; 
insert into itens_venda values (default, 462, 411, 411, 2, 4.30, 140.04); 
update estoque set quant_venda = quant_venda + 2, quant_atual = quant_atual - 2 where id = 411; 
update estoque_total set total = total - 2 where medicamento_id = 411; 
insert into itens_venda values (default, 462, 430, 430, 2, 0.90, 48.52); 
update estoque set quant_venda = quant_venda + 2, quant_atual = quant_atual - 2 where id = 430; 
update estoque_total set total = total - 2 where medicamento_id = 430; 

insert into venda values (463, '2023-01-09 13:04:41', 243.53, null, null); 
insert into itens_venda values (default, 463, 321, 321, 3, 3.30, 80.85); 
update estoque set quant_venda = quant_venda + 3, quant_atual = quant_atual - 3 where id = 321; 
update estoque_total set total = total - 3 where medicamento_id = 321; 
insert into itens_venda values (default, 463, 177, 177, 2, 0.00, 162.68); 
update estoque set quant_venda = quant_venda + 2, quant_atual = quant_atual - 2 where id = 177; 
update estoque_total set total = total - 2 where medicamento_id = 177; 

insert into venda values (464, '2023-01-09 14:23:08', 147.88, null, null); 
insert into itens_venda values (default, 464, 401, 401, 2, 1.30, 65.98); 
update estoque set quant_venda = quant_venda + 2, quant_atual = quant_atual - 2 where id = 401; 
update estoque_total set total = total - 2 where medicamento_id = 401; 
insert into itens_venda values (default, 464, 240, 240, 1, 0.90, 29.78); 
update estoque set quant_venda = quant_venda + 1, quant_atual = quant_atual - 1 where id = 240; 
update estoque_total set total = total - 1 where medicamento_id = 240; 
insert into itens_venda values (default, 464, 345, 345, 2, 0.00, 52.12); 
update estoque set quant_venda = quant_venda + 2, quant_atual = quant_atual - 2 where id = 345; 
update estoque_total set total = total - 2 where medicamento_id = 345; 

insert into venda values (465, '2023-01-10 06:48:17', 65.14, 4, null); 
insert into itens_venda values (default, 465, 436, 436, 1, 0.60, 65.14); 
update estoque set quant_venda = quant_venda + 1, quant_atual = quant_atual - 1 where id = 436; 
update estoque_total set total = total - 1 where medicamento_id = 436; 

insert into venda values (466, '2023-01-10 06:59:18', 76.92, null, null); 
insert into itens_venda values (default, 466, 456, 456, 2, 0.00, 76.92); 
update estoque set quant_venda = quant_venda + 2, quant_atual = quant_atual - 2 where id = 456; 
update estoque_total set total = total - 2 where medicamento_id = 456; 

insert into venda values (467, '2023-01-10 07:38:39', 85.84, null, null); 
insert into itens_venda values (default, 467, 432, 432, 1, 0.10, 4.60); 
update estoque set quant_venda = quant_venda + 1, quant_atual = quant_atual - 1 where id = 432; 
update estoque_total set total = total - 1 where medicamento_id = 432; 
insert into itens_venda values (default, 467, 384, 384, 1, 0.40, 43.44); 
update estoque set quant_venda = quant_venda + 1, quant_atual = quant_atual - 1 where id = 384; 
update estoque_total set total = total - 1 where medicamento_id = 384; 
insert into itens_venda values (default, 467, 451, 451, 2, 0.70, 37.80); 
update estoque set quant_venda = quant_venda + 2, quant_atual = quant_atual - 2 where id = 451; 
update estoque_total set total = total - 2 where medicamento_id = 451; 

insert into venda values (468, '2023-01-10 08:42:13', 491.95, 12, null); 
insert into itens_venda values (default, 468, 455, 455, 1, 1.50, 48.67); 
update estoque set quant_venda = quant_venda + 1, quant_atual = quant_atual - 1 where id = 455; 
update estoque_total set total = total - 1 where medicamento_id = 455; 
insert into itens_venda values (default, 468, 177, 177, 1, 4.80, 76.54); 
update estoque set quant_venda = quant_venda + 1, quant_atual = quant_atual - 1 where id = 177; 
update estoque_total set total = total - 1 where medicamento_id = 177; 
insert into itens_venda values (default, 468, 259, 259, 1, 27.50, 366.74); 
update estoque set quant_venda = quant_venda + 1, quant_atual = quant_atual - 1 where id = 259; 
update estoque_total set total = total - 1 where medicamento_id = 259; 

insert into venda values (469, '2023-01-10 09:18:16', 134.50, 15, null); 
insert into itens_venda values (default, 469, 468, 468, 1, 4.10, 55.37); 
update estoque set quant_venda = quant_venda + 1, quant_atual = quant_atual - 1 where id = 468; 
update estoque_total set total = total - 1 where medicamento_id = 468; 
insert into itens_venda values (default, 469, 434, 434, 2, 0.00, 65.32); 
update estoque set quant_venda = quant_venda + 2, quant_atual = quant_atual - 2 where id = 434; 
update estoque_total set total = total - 2 where medicamento_id = 434; 
insert into itens_venda values (default, 469, 238, 238, 1, 0.40, 13.81); 
update estoque set quant_venda = quant_venda + 1, quant_atual = quant_atual - 1 where id = 238; 
update estoque_total set total = total - 1 where medicamento_id = 238; 

insert into venda values (470, '2023-01-10 09:38:42', 50.56, 7, null); 
insert into itens_venda values (default, 470, 397, 397, 3, 3.80, 50.56); 
update estoque set quant_venda = quant_venda + 3, quant_atual = quant_atual - 3 where id = 397; 
update estoque_total set total = total - 3 where medicamento_id = 397; 

insert into venda values (471, '2023-01-10 11:01:50', 115.21, null, null); 
insert into itens_venda values (default, 471, 500, 500, 3, 0.40, 47.51); 
update estoque set quant_venda = quant_venda + 3, quant_atual = quant_atual - 3 where id = 500; 
update estoque_total set total = total - 3 where medicamento_id = 500; 
insert into itens_venda values (default, 471, 344, 344, 2, 2.80, 67.70); 
update estoque set quant_venda = quant_venda + 2, quant_atual = quant_atual - 2 where id = 344; 
update estoque_total set total = total - 2 where medicamento_id = 344; 

insert into venda values (472, '2023-01-10 11:45:38', 171.50, 2, null); 
insert into itens_venda values (default, 472, 52, 52, 2, 0.00, 171.50); 
update estoque set quant_venda = quant_venda + 2, quant_atual = quant_atual - 2 where id = 52; 
update estoque_total set total = total - 2 where medicamento_id = 52; 

insert into venda values (473, '2023-01-10 12:40:56', 146.38, null, null); 
insert into itens_venda values (default, 473, 451, 451, 1, 0.30, 18.95); 
update estoque set quant_venda = quant_venda + 1, quant_atual = quant_atual - 1 where id = 451; 
update estoque_total set total = total - 1 where medicamento_id = 451; 
insert into itens_venda values (default, 473, 378, 378, 2, 0.00, 75.14); 
update estoque set quant_venda = quant_venda + 2, quant_atual = quant_atual - 2 where id = 378; 
update estoque_total set total = total - 2 where medicamento_id = 378; 
insert into itens_venda values (default, 473, 438, 438, 1, 0.00, 52.29); 
update estoque set quant_venda = quant_venda + 1, quant_atual = quant_atual - 1 where id = 438; 
update estoque_total set total = total - 1 where medicamento_id = 438; 

insert into venda values (474, '2023-01-10 13:03:29', 109.44, 20, 25); 
insert into itens_venda values (default, 474, 305, 305, 1, 1.30, 42.16); 
update estoque set quant_venda = quant_venda + 1, quant_atual = quant_atual - 1 where id = 305; 
update estoque_total set total = total - 1 where medicamento_id = 305; 
insert into itens_venda values (default, 474, 201, 201, 2, 4.20, 67.28); 
update estoque set quant_venda = quant_venda + 2, quant_atual = quant_atual - 2 where id = 201; 
update estoque_total set total = total - 2 where medicamento_id = 201; 

insert into venda values (475, '2023-01-11 06:36:47', 316.40, 12, null); 
insert into itens_venda values (default, 475, 257, 257, 1, 27.50, 316.40); 
update estoque set quant_venda = quant_venda + 1, quant_atual = quant_atual - 1 where id = 257; 
update estoque_total set total = total - 1 where medicamento_id = 257; 

insert into venda values (476, '2023-01-11 07:38:20', 64.94, 6, null); 
insert into itens_venda values (default, 476, 457, 457, 2, 3.40, 64.94); 
update estoque set quant_venda = quant_venda + 2, quant_atual = quant_atual - 2 where id = 457; 
update estoque_total set total = total - 2 where medicamento_id = 457; 

insert into venda values (477, '2023-01-11 07:43:32', 499.61, 18, 24); 
insert into itens_venda values (default, 477, 225, 225, 1, 9.40, 125.07); 
update estoque set quant_venda = quant_venda + 1, quant_atual = quant_atual - 1 where id = 225; 
update estoque_total set total = total - 1 where medicamento_id = 225; 
insert into itens_venda values (default, 477, 259, 259, 1, 19.70, 374.54); 
update estoque set quant_venda = quant_venda + 1, quant_atual = quant_atual - 1 where id = 259; 
update estoque_total set total = total - 1 where medicamento_id = 259; 

insert into venda values (478, '2023-01-11 08:15:15', 420.06, null, 22); 
insert into itens_venda values (default, 478, 447, 447, 1, 0.50, 26.03); 
update estoque set quant_venda = quant_venda + 1, quant_atual = quant_atual - 1 where id = 447; 
update estoque_total set total = total - 1 where medicamento_id = 447; 
insert into itens_venda values (default, 478, 242, 242, 1, 0.10, 6.05); 
update estoque set quant_venda = quant_venda + 1, quant_atual = quant_atual - 1 where id = 242; 
update estoque_total set total = total - 1 where medicamento_id = 242; 
insert into itens_venda values (default, 478, 194, 194, 1, 11.90, 387.98); 
update estoque set quant_venda = quant_venda + 1, quant_atual = quant_atual - 1 where id = 194; 
update estoque_total set total = total - 1 where medicamento_id = 194; 

insert into venda values (479, '2023-01-11 08:32:19', 217.65, null, 22); 
insert into itens_venda values (default, 479, 437, 437, 1, 0.20, 25.98); 
update estoque set quant_venda = quant_venda + 1, quant_atual = quant_atual - 1 where id = 437; 
update estoque_total set total = total - 1 where medicamento_id = 437; 
insert into itens_venda values (default, 479, 42, 42, 1, 0.00, 159.99); 
update estoque set quant_venda = quant_venda + 1, quant_atual = quant_atual - 1 where id = 42; 
update estoque_total set total = total - 1 where medicamento_id = 42; 
insert into itens_venda values (default, 479, 422, 422, 2, 0.30, 31.68); 
update estoque set quant_venda = quant_venda + 2, quant_atual = quant_atual - 2 where id = 422; 
update estoque_total set total = total - 2 where medicamento_id = 422; 

insert into venda values (480, '2023-01-11 09:09:35', 134.53, null, null); 
insert into itens_venda values (default, 480, 385, 385, 3, 0.00, 64.47); 
update estoque set quant_venda = quant_venda + 3, quant_atual = quant_atual - 3 where id = 385; 
update estoque_total set total = total - 3 where medicamento_id = 385; 
insert into itens_venda values (default, 480, 471, 471, 3, 2.10, 51.57); 
update estoque set quant_venda = quant_venda + 3, quant_atual = quant_atual - 3 where id = 471; 
update estoque_total set total = total - 3 where medicamento_id = 471; 
insert into itens_venda values (default, 480, 461, 461, 1, 0.10, 18.49); 
update estoque set quant_venda = quant_venda + 1, quant_atual = quant_atual - 1 where id = 461; 
update estoque_total set total = total - 1 where medicamento_id = 461; 

insert into venda values (481, '2023-01-11 09:37:17', 86.98, 9, 22); 
insert into itens_venda values (default, 481, 359, 359, 1, 3.60, 86.98); 
update estoque set quant_venda = quant_venda + 1, quant_atual = quant_atual - 1 where id = 359; 
update estoque_total set total = total - 1 where medicamento_id = 359; 

insert into venda values (482, '2023-01-11 10:43:46', 437.02, null, 22); 
insert into itens_venda values (default, 482, 422, 422, 3, 1.40, 46.57); 
update estoque set quant_venda = quant_venda + 3, quant_atual = quant_atual - 3 where id = 422; 
update estoque_total set total = total - 3 where medicamento_id = 422; 
insert into itens_venda values (default, 482, 191, 191, 1, 7.20, 355.25); 
update estoque set quant_venda = quant_venda + 1, quant_atual = quant_atual - 1 where id = 191; 
update estoque_total set total = total - 1 where medicamento_id = 191; 
insert into itens_venda values (default, 482, 458, 458, 1, 1.00, 35.20); 
update estoque set quant_venda = quant_venda + 1, quant_atual = quant_atual - 1 where id = 458; 
update estoque_total set total = total - 1 where medicamento_id = 458; 

insert into venda values (483, '2023-01-11 11:31:29', 164.12, 7, null); 
insert into itens_venda values (default, 483, 303, 303, 1, 1.80, 29.02); 
update estoque set quant_venda = quant_venda + 1, quant_atual = quant_atual - 1 where id = 303; 
update estoque_total set total = total - 1 where medicamento_id = 303; 
insert into itens_venda values (default, 483, 436, 436, 1, 4.60, 61.14); 
update estoque set quant_venda = quant_venda + 1, quant_atual = quant_atual - 1 where id = 436; 
update estoque_total set total = total - 1 where medicamento_id = 436; 
insert into itens_venda values (default, 483, 243, 243, 2, 3.00, 73.96); 
update estoque set quant_venda = quant_venda + 2, quant_atual = quant_atual - 2 where id = 243; 
update estoque_total set total = total - 2 where medicamento_id = 243; 

insert into venda values (484, '2023-01-11 11:35:55', 181.20, null, null); 
insert into itens_venda values (default, 484, 298, 298, 1, 2.10, 103.88); 
update estoque set quant_venda = quant_venda + 1, quant_atual = quant_atual - 1 where id = 298; 
update estoque_total set total = total - 1 where medicamento_id = 298; 
insert into itens_venda values (default, 484, 440, 440, 2, 1.50, 77.32); 
update estoque set quant_venda = quant_venda + 2, quant_atual = quant_atual - 2 where id = 440; 
update estoque_total set total = total - 2 where medicamento_id = 440; 

insert into venda values (485, '2023-01-11 11:52:54', 47.83, null, null); 
insert into itens_venda values (default, 485, 488, 488, 1, 1.40, 47.83); 
update estoque set quant_venda = quant_venda + 1, quant_atual = quant_atual - 1 where id = 488; 
update estoque_total set total = total - 1 where medicamento_id = 488; 

insert into venda values (486, '2023-01-11 13:12:41', 276.06, null, null); 
insert into itens_venda values (default, 486, 413, 413, 2, 1.80, 178.64); 
update estoque set quant_venda = quant_venda + 2, quant_atual = quant_atual - 2 where id = 413; 
update estoque_total set total = total - 2 where medicamento_id = 413; 
insert into itens_venda values (default, 486, 473, 473, 2, 0.90, 97.42); 
update estoque set quant_venda = quant_venda + 2, quant_atual = quant_atual - 2 where id = 473; 
update estoque_total set total = total - 2 where medicamento_id = 473; 

insert into venda values (487, '2023-01-11 13:18:22', 153.98, null, null); 
insert into itens_venda values (default, 487, 346, 346, 2, 3.50, 86.36); 
update estoque set quant_venda = quant_venda + 2, quant_atual = quant_atual - 2 where id = 346; 
update estoque_total set total = total - 2 where medicamento_id = 346; 
insert into itens_venda values (default, 487, 374, 374, 2, 0.60, 67.62); 
update estoque set quant_venda = quant_venda + 2, quant_atual = quant_atual - 2 where id = 374; 
update estoque_total set total = total - 2 where medicamento_id = 374; 

insert into venda values (488, '2023-01-12 07:52:40', 42.34, 20, null); 
insert into itens_venda values (default, 488, 450, 450, 2, 1.70, 42.34); 
update estoque set quant_venda = quant_venda + 2, quant_atual = quant_atual - 2 where id = 450; 
update estoque_total set total = total - 2 where medicamento_id = 450; 

insert into venda values (489, '2023-01-12 08:38:51', 221.95, null, null); 
insert into itens_venda values (default, 489, 483, 483, 1, 0.50, 49.71); 
update estoque set quant_venda = quant_venda + 1, quant_atual = quant_atual - 1 where id = 483; 
update estoque_total set total = total - 1 where medicamento_id = 483; 
insert into itens_venda values (default, 489, 180, 180, 1, 0.00, 172.24); 
update estoque set quant_venda = quant_venda + 1, quant_atual = quant_atual - 1 where id = 180; 
update estoque_total set total = total - 1 where medicamento_id = 180; 

insert into venda values (490, '2023-01-12 11:07:53', 300.94, 14, null); 
insert into itens_venda values (default, 490, 470, 470, 2, 8.70, 166.10); 
update estoque set quant_venda = quant_venda + 2, quant_atual = quant_atual - 2 where id = 470; 
update estoque_total set total = total - 2 where medicamento_id = 470; 
insert into itens_venda values (default, 490, 500, 500, 2, 2.50, 29.44); 
update estoque set quant_venda = quant_venda + 2, quant_atual = quant_atual - 2 where id = 500; 
update estoque_total set total = total - 2 where medicamento_id = 500; 
insert into itens_venda values (default, 490, 372, 372, 1, 2.10, 105.40); 
update estoque set quant_venda = quant_venda + 1, quant_atual = quant_atual - 1 where id = 372; 
update estoque_total set total = total - 1 where medicamento_id = 372; 

insert into venda values (491, '2023-01-12 12:52:56', 104.68, null, null); 
insert into itens_venda values (default, 491, 410, 410, 1, 2.10, 104.68); 
update estoque set quant_venda = quant_venda + 1, quant_atual = quant_atual - 1 where id = 410; 
update estoque_total set total = total - 1 where medicamento_id = 410; 

insert into venda values (492, '2023-01-12 14:25:16', 340.48, 5, null); 
insert into itens_venda values (default, 492, 251, 251, 1, 1.40, 73.13); 
update estoque set quant_venda = quant_venda + 1, quant_atual = quant_atual - 1 where id = 251; 
update estoque_total set total = total - 1 where medicamento_id = 251; 
insert into itens_venda values (default, 492, 370, 370, 1, 7.10, 230.24); 
update estoque set quant_venda = quant_venda + 1, quant_atual = quant_atual - 1 where id = 370; 
update estoque_total set total = total - 1 where medicamento_id = 370; 
insert into itens_venda values (default, 492, 440, 440, 1, 2.30, 37.11); 
update estoque set quant_venda = quant_venda + 1, quant_atual = quant_atual - 1 where id = 440; 
update estoque_total set total = total - 1 where medicamento_id = 440; 

insert into venda values (493, '2023-01-12 15:38:46', 34.23, 9, null); 
insert into itens_venda values (default, 493, 417, 417, 1, 1.00, 13.74); 
update estoque set quant_venda = quant_venda + 1, quant_atual = quant_atual - 1 where id = 417; 
update estoque_total set total = total - 1 where medicamento_id = 417; 
insert into itens_venda values (default, 493, 385, 385, 1, 1.00, 20.49); 
update estoque set quant_venda = quant_venda + 1, quant_atual = quant_atual - 1 where id = 385; 
update estoque_total set total = total - 1 where medicamento_id = 385; 

insert into venda values (494, '2023-01-13 07:21:43', 55.14, null, null); 
insert into itens_venda values (default, 494, 322, 322, 2, 1.10, 55.14); 
update estoque set quant_venda = quant_venda + 2, quant_atual = quant_atual - 2 where id = 322; 
update estoque_total set total = total - 2 where medicamento_id = 322; 

insert into venda values (495, '2023-01-13 07:45:18', 278.54, null, 24); 
insert into itens_venda values (default, 495, 164, 164, 2, 0.00, 132.42); 
update estoque set quant_venda = quant_venda + 2, quant_atual = quant_atual - 2 where id = 164; 
update estoque_total set total = total - 2 where medicamento_id = 164; 
insert into itens_venda values (default, 495, 354, 354, 2, 0.00, 146.12); 
update estoque set quant_venda = quant_venda + 2, quant_atual = quant_atual - 2 where id = 354; 
update estoque_total set total = total - 2 where medicamento_id = 354; 

insert into venda values (496, '2023-01-13 08:20:39', 134.82, 15, null); 
insert into itens_venda values (default, 496, 390, 390, 2, 6.10, 70.52); 
update estoque set quant_venda = quant_venda + 2, quant_atual = quant_atual - 2 where id = 390; 
update estoque_total set total = total - 2 where medicamento_id = 390; 
insert into itens_venda values (default, 496, 464, 464, 2, 0.60, 64.30); 
update estoque set quant_venda = quant_venda + 2, quant_atual = quant_atual - 2 where id = 464; 
update estoque_total set total = total - 2 where medicamento_id = 464; 

insert into venda values (497, '2023-01-13 08:29:58', 72.20, null, null); 
insert into itens_venda values (default, 497, 497, 497, 2, 3.00, 72.20); 
update estoque set quant_venda = quant_venda + 2, quant_atual = quant_atual - 2 where id = 497; 
update estoque_total set total = total - 2 where medicamento_id = 497; 

insert into venda values (498, '2023-01-13 09:35:18', 35.74, null, 25); 
insert into itens_venda values (default, 498, 201, 201, 1, 0.00, 35.74); 
update estoque set quant_venda = quant_venda + 1, quant_atual = quant_atual - 1 where id = 201; 
update estoque_total set total = total - 1 where medicamento_id = 201; 

insert into venda values (499, '2023-01-13 10:55:31', 292.52, 9, null); 
insert into itens_venda values (default, 499, 105, 105, 1, 4.50, 223.08); 
update estoque set quant_venda = quant_venda + 1, quant_atual = quant_atual - 1 where id = 105; 
update estoque_total set total = total - 1 where medicamento_id = 105; 
insert into itens_venda values (default, 499, 218, 218, 3, 0.70, 69.44); 
update estoque set quant_venda = quant_venda + 3, quant_atual = quant_atual - 3 where id = 218; 
update estoque_total set total = total - 3 where medicamento_id = 218; 

insert into venda values (500, '2023-01-13 11:47:51', 131.30, null, 23); 
insert into itens_venda values (default, 500, 357, 357, 1, 0.00, 61.88); 
update estoque set quant_venda = quant_venda + 1, quant_atual = quant_atual - 1 where id = 357; 
update estoque_total set total = total - 1 where medicamento_id = 357; 
insert into itens_venda values (default, 500, 352, 352, 2, 0.00, 53.88); 
update estoque set quant_venda = quant_venda + 2, quant_atual = quant_atual - 2 where id = 352; 
update estoque_total set total = total - 2 where medicamento_id = 352; 
insert into itens_venda values (default, 500, 398, 398, 1, 0.00, 15.54); 
update estoque set quant_venda = quant_venda + 1, quant_atual = quant_atual - 1 where id = 398; 
update estoque_total set total = total - 1 where medicamento_id = 398; 

insert into venda values (501, '2023-01-13 12:07:00', 215.89, null, 22); 
insert into itens_venda values (default, 501, 492, 492, 1, 1.70, 42.63); 
update estoque set quant_venda = quant_venda + 1, quant_atual = quant_atual - 1 where id = 492; 
update estoque_total set total = total - 1 where medicamento_id = 492; 
insert into itens_venda values (default, 501, 437, 437, 3, 1.50, 77.04); 
update estoque set quant_venda = quant_venda + 3, quant_atual = quant_atual - 3 where id = 437; 
update estoque_total set total = total - 3 where medicamento_id = 437; 
insert into itens_venda values (default, 501, 221, 221, 1, 0.00, 96.22); 
update estoque set quant_venda = quant_venda + 1, quant_atual = quant_atual - 1 where id = 221; 
update estoque_total set total = total - 1 where medicamento_id = 221; 

insert into venda values (502, '2023-01-13 13:20:12', 413.12, 17, null); 
insert into itens_venda values (default, 502, 425, 425, 2, 0.70, 71.70); 
update estoque set quant_venda = quant_venda + 2, quant_atual = quant_atual - 2 where id = 425; 
update estoque_total set total = total - 2 where medicamento_id = 425; 
insert into itens_venda values (default, 502, 180, 180, 1, 12.00, 160.24); 
update estoque set quant_venda = quant_venda + 1, quant_atual = quant_atual - 1 where id = 180; 
update estoque_total set total = total - 1 where medicamento_id = 180; 
insert into itens_venda values (default, 502, 228, 228, 1, 7.50, 181.18); 
update estoque set quant_venda = quant_venda + 1, quant_atual = quant_atual - 1 where id = 228; 
update estoque_total set total = total - 1 where medicamento_id = 228; 

insert into venda values (503, '2023-01-13 13:42:50', 146.60, 4, 21); 
insert into itens_venda values (default, 503, 434, 434, 2, 5.20, 60.12); 
update estoque set quant_venda = quant_venda + 2, quant_atual = quant_atual - 2 where id = 434; 
update estoque_total set total = total - 2 where medicamento_id = 434; 
insert into itens_venda values (default, 503, 118, 118, 1, 2.80, 37.77); 
update estoque set quant_venda = quant_venda + 1, quant_atual = quant_atual - 1 where id = 118; 
update estoque_total set total = total - 1 where medicamento_id = 118; 
insert into itens_venda values (default, 503, 483, 483, 1, 1.50, 48.71); 
update estoque set quant_venda = quant_venda + 1, quant_atual = quant_atual - 1 where id = 483; 
update estoque_total set total = total - 1 where medicamento_id = 483; 

insert into venda values (504, '2023-01-13 13:50:09', 14.64, 6, null); 
insert into itens_venda values (default, 504, 398, 398, 1, 0.90, 14.64); 
update estoque set quant_venda = quant_venda + 1, quant_atual = quant_atual - 1 where id = 398; 
update estoque_total set total = total - 1 where medicamento_id = 398; 

insert into venda values (505, '2023-01-14 06:31:19', 88.42, null, null); 
insert into itens_venda values (default, 505, 413, 413, 1, 1.80, 88.42); 
update estoque set quant_venda = quant_venda + 1, quant_atual = quant_atual - 1 where id = 413; 
update estoque_total set total = total - 1 where medicamento_id = 413; 

insert into venda values (506, '2023-01-14 07:51:07', 536.17, null, null); 
insert into itens_venda values (default, 506, 101, 101, 1, 9.90, 321.35); 
update estoque set quant_venda = quant_venda + 1, quant_atual = quant_atual - 1 where id = 101; 
update estoque_total set total = total - 1 where medicamento_id = 101; 
insert into itens_venda values (default, 506, 167, 167, 1, 4.30, 214.82); 
update estoque set quant_venda = quant_venda + 1, quant_atual = quant_atual - 1 where id = 167; 
update estoque_total set total = total - 1 where medicamento_id = 167; 

insert into venda values (507, '2023-01-14 08:35:00', 74.89, 7, null); 
insert into itens_venda values (default, 507, 444, 444, 1, 0.70, 74.89); 
update estoque set quant_venda = quant_venda + 1, quant_atual = quant_atual - 1 where id = 444; 
update estoque_total set total = total - 1 where medicamento_id = 444; 

insert into venda values (508, '2023-01-14 09:04:06', 49.76, 13, null); 
insert into itens_venda values (default, 508, 437, 437, 2, 2.60, 49.76); 
update estoque set quant_venda = quant_venda + 2, quant_atual = quant_atual - 2 where id = 437; 
update estoque_total set total = total - 2 where medicamento_id = 437; 

insert into venda values (509, '2023-01-14 09:50:08', 65.73, 14, null); 
insert into itens_venda values (default, 509, 407, 407, 1, 4.10, 65.73); 
update estoque set quant_venda = quant_venda + 1, quant_atual = quant_atual - 1 where id = 407; 
update estoque_total set total = total - 1 where medicamento_id = 407; 

insert into venda values (510, '2023-01-14 10:01:37', 339.38, null, 23); 
insert into itens_venda values (default, 510, 180, 180, 1, 0.00, 172.24); 
update estoque set quant_venda = quant_venda + 1, quant_atual = quant_atual - 1 where id = 180; 
update estoque_total set total = total - 1 where medicamento_id = 180; 
insert into itens_venda values (default, 510, 278, 278, 2, 0.00, 70.08); 
update estoque set quant_venda = quant_venda + 2, quant_atual = quant_atual - 2 where id = 278; 
update estoque_total set total = total - 2 where medicamento_id = 278; 
insert into itens_venda values (default, 510, 216, 216, 2, 1.90, 97.06); 
update estoque set quant_venda = quant_venda + 2, quant_atual = quant_atual - 2 where id = 216; 
update estoque_total set total = total - 2 where medicamento_id = 216; 

insert into venda values (511, '2023-01-14 10:34:50', 421.34, null, 23); 
insert into itens_venda values (default, 511, 446, 446, 1, 1.30, 130.52); 
update estoque set quant_venda = quant_venda + 1, quant_atual = quant_atual - 1 where id = 446; 
update estoque_total set total = total - 1 where medicamento_id = 446; 
insert into itens_venda values (default, 511, 269, 269, 2, 0.70, 76.22); 
update estoque set quant_venda = quant_venda + 2, quant_atual = quant_atual - 2 where id = 269; 
update estoque_total set total = total - 2 where medicamento_id = 269; 
insert into itens_venda values (default, 511, 215, 215, 1, 4.30, 214.60); 
update estoque set quant_venda = quant_venda + 1, quant_atual = quant_atual - 1 where id = 215; 
update estoque_total set total = total - 1 where medicamento_id = 215; 

insert into venda values (512, '2023-01-14 10:54:09', 132.46, 15, null); 
insert into itens_venda values (default, 512, 427, 427, 1, 0.20, 12.78); 
update estoque set quant_venda = quant_venda + 1, quant_atual = quant_atual - 1 where id = 427; 
update estoque_total set total = total - 1 where medicamento_id = 427; 
insert into itens_venda values (default, 512, 477, 477, 2, 10.40, 119.68); 
update estoque set quant_venda = quant_venda + 2, quant_atual = quant_atual - 2 where id = 477; 
update estoque_total set total = total - 2 where medicamento_id = 477; 

insert into venda values (513, '2023-01-14 11:32:01', 190.04, 7, 24); 
insert into itens_venda values (default, 513, 358, 358, 1, 1.80, 35.19); 
update estoque set quant_venda = quant_venda + 1, quant_atual = quant_atual - 1 where id = 358; 
update estoque_total set total = total - 1 where medicamento_id = 358; 
insert into itens_venda values (default, 513, 319, 319, 1, 4.10, 55.07); 
update estoque set quant_venda = quant_venda + 1, quant_atual = quant_atual - 1 where id = 319; 
update estoque_total set total = total - 1 where medicamento_id = 319; 
insert into itens_venda values (default, 513, 282, 282, 2, 7.50, 99.78); 
update estoque set quant_venda = quant_venda + 2, quant_atual = quant_atual - 2 where id = 282; 
update estoque_total set total = total - 2 where medicamento_id = 282; 

insert into venda values (514, '2023-01-14 11:58:54', 31.24, null, null); 
insert into itens_venda values (default, 514, 480, 480, 1, 0.30, 31.24); 
update estoque set quant_venda = quant_venda + 1, quant_atual = quant_atual - 1 where id = 480; 
update estoque_total set total = total - 1 where medicamento_id = 480; 

insert into venda values (515, '2023-01-14 12:34:01', 178.96, 18, null); 
insert into itens_venda values (default, 515, 438, 438, 2, 4.10, 100.48); 
update estoque set quant_venda = quant_venda + 2, quant_atual = quant_atual - 2 where id = 438; 
update estoque_total set total = total - 2 where medicamento_id = 438; 
insert into itens_venda values (default, 515, 480, 480, 2, 0.00, 63.08); 
update estoque set quant_venda = quant_venda + 2, quant_atual = quant_atual - 2 where id = 480; 
update estoque_total set total = total - 2 where medicamento_id = 480; 
insert into itens_venda values (default, 515, 404, 404, 1, 0.80, 15.40); 
update estoque set quant_venda = quant_venda + 1, quant_atual = quant_atual - 1 where id = 404; 
update estoque_total set total = total - 1 where medicamento_id = 404; 

insert into venda values (516, '2023-01-15 08:12:53', 51.28, 12, 24); 
insert into itens_venda values (default, 516, 358, 358, 1, 3.30, 33.69); 
update estoque set quant_venda = quant_venda + 1, quant_atual = quant_atual - 1 where id = 358; 
update estoque_total set total = total - 1 where medicamento_id = 358; 
insert into itens_venda values (default, 516, 471, 471, 1, 0.30, 17.59); 
update estoque set quant_venda = quant_venda + 1, quant_atual = quant_atual - 1 where id = 471; 
update estoque_total set total = total - 1 where medicamento_id = 471; 

insert into venda values (517, '2023-01-15 10:56:25', 37.00, null, null); 
insert into itens_venda values (default, 517, 451, 451, 2, 1.50, 37.00); 
update estoque set quant_venda = quant_venda + 2, quant_atual = quant_atual - 2 where id = 451; 
update estoque_total set total = total - 2 where medicamento_id = 451; 

insert into venda values (518, '2023-01-15 12:58:52', 112.83, 15, null); 
insert into itens_venda values (default, 518, 403, 403, 3, 2.90, 71.83); 
update estoque set quant_venda = quant_venda + 3, quant_atual = quant_atual - 3 where id = 403; 
update estoque_total set total = total - 3 where medicamento_id = 403; 
insert into itens_venda values (default, 518, 351, 351, 2, 2.60, 41.00); 
update estoque set quant_venda = quant_venda + 2, quant_atual = quant_atual - 2 where id = 351; 
update estoque_total set total = total - 2 where medicamento_id = 351; 

insert into venda values (519, '2023-01-15 15:39:05', 66.68, null, null); 
insert into itens_venda values (default, 519, 438, 438, 1, 2.00, 50.29); 
update estoque set quant_venda = quant_venda + 1, quant_atual = quant_atual - 1 where id = 438; 
update estoque_total set total = total - 1 where medicamento_id = 438; 
insert into itens_venda values (default, 519, 448, 448, 1, 0.10, 16.39); 
update estoque set quant_venda = quant_venda + 1, quant_atual = quant_atual - 1 where id = 448; 
update estoque_total set total = total - 1 where medicamento_id = 448; 

insert into venda values (520, '2023-01-15 17:50:22', 98.82, 1, null); 
insert into itens_venda values (default, 520, 129, 129, 1, 4.50, 52.80); 
update estoque set quant_venda = quant_venda + 1, quant_atual = quant_atual - 1 where id = 129; 
update estoque_total set total = total - 1 where medicamento_id = 129; 
insert into itens_venda values (default, 520, 429, 429, 2, 3.40, 46.02); 
update estoque set quant_venda = quant_venda + 2, quant_atual = quant_atual - 2 where id = 429; 
update estoque_total set total = total - 2 where medicamento_id = 429; 

insert into venda values (521, '2023-01-16 06:30:00', 303.99, null, 24); 
insert into itens_venda values (default, 521, 148, 148, 1, 2.30, 113.01); 
update estoque set quant_venda = quant_venda + 1, quant_atual = quant_atual - 1 where id = 148; 
update estoque_total set total = total - 1 where medicamento_id = 148; 
insert into itens_venda values (default, 521, 458, 458, 2, 0.00, 72.40); 
update estoque set quant_venda = quant_venda + 2, quant_atual = quant_atual - 2 where id = 458; 
update estoque_total set total = total - 2 where medicamento_id = 458; 
insert into itens_venda values (default, 521, 285, 285, 1, 3.60, 118.58); 
update estoque set quant_venda = quant_venda + 1, quant_atual = quant_atual - 1 where id = 285; 
update estoque_total set total = total - 1 where medicamento_id = 285; 

insert into venda values (522, '2023-01-16 07:27:16', 94.56, null, null); 
insert into itens_venda values (default, 522, 488, 488, 2, 3.90, 94.56); 
update estoque set quant_venda = quant_venda + 2, quant_atual = quant_atual - 2 where id = 488; 
update estoque_total set total = total - 2 where medicamento_id = 488; 

insert into venda values (523, '2023-01-18 07:35:12', 123.39, null, null); 
insert into itens_venda values (default, 523, 385, 385, 1, 0.40, 21.09); 
update estoque set quant_venda = quant_venda + 1, quant_atual = quant_atual - 1 where id = 385; 
update estoque_total set total = total - 1 where medicamento_id = 385; 
insert into itens_venda values (default, 523, 442, 442, 3, 0.60, 68.52); 
update estoque set quant_venda = quant_venda + 3, quant_atual = quant_atual - 3 where id = 442; 
update estoque_total set total = total - 3 where medicamento_id = 442; 
insert into itens_venda values (default, 523, 431, 431, 3, 0.00, 33.78); 
update estoque set quant_venda = quant_venda + 3, quant_atual = quant_atual - 3 where id = 431; 
update estoque_total set total = total - 3 where medicamento_id = 431; 

insert into venda values (524, '2023-01-18 10:11:12', 56.76, 14, 24); 
insert into itens_venda values (default, 524, 277, 277, 1, 0.70, 34.68); 
update estoque set quant_venda = quant_venda + 1, quant_atual = quant_atual - 1 where id = 277; 
update estoque_total set total = total - 1 where medicamento_id = 277; 
insert into itens_venda values (default, 524, 493, 493, 3, 0.60, 22.08); 
update estoque set quant_venda = quant_venda + 3, quant_atual = quant_atual - 3 where id = 493; 
update estoque_total set total = total - 3 where medicamento_id = 493; 

insert into venda values (525, '2023-01-18 12:01:50', 257.10, null, null); 
insert into itens_venda values (default, 525, 298, 298, 1, 1.00, 104.98); 
update estoque set quant_venda = quant_venda + 1, quant_atual = quant_atual - 1 where id = 298; 
update estoque_total set total = total - 1 where medicamento_id = 298; 
insert into itens_venda values (default, 525, 464, 464, 2, 1.20, 63.70); 
update estoque set quant_venda = quant_venda + 2, quant_atual = quant_atual - 2 where id = 464; 
update estoque_total set total = total - 2 where medicamento_id = 464; 
insert into itens_venda values (default, 525, 413, 413, 1, 1.80, 88.42); 
update estoque set quant_venda = quant_venda + 1, quant_atual = quant_atual - 1 where id = 413; 
update estoque_total set total = total - 1 where medicamento_id = 413; 

insert into venda values (526, '2023-01-18 12:39:15', 40.49, 20, null); 
insert into itens_venda values (default, 526, 489, 489, 1, 3.50, 40.49); 
update estoque set quant_venda = quant_venda + 1, quant_atual = quant_atual - 1 where id = 489; 
update estoque_total set total = total - 1 where medicamento_id = 489; 

insert into venda values (527, '2023-01-19 06:00:23', 79.64, 1, null); 
insert into itens_venda values (default, 527, 398, 398, 1, 1.00, 14.54); 
update estoque set quant_venda = quant_venda + 1, quant_atual = quant_atual - 1 where id = 398; 
update estoque_total set total = total - 1 where medicamento_id = 398; 
insert into itens_venda values (default, 527, 387, 387, 1, 0.00, 65.10); 
update estoque set quant_venda = quant_venda + 1, quant_atual = quant_atual - 1 where id = 387; 
update estoque_total set total = total - 1 where medicamento_id = 387; 

insert into venda values (528, '2023-01-19 08:15:46', 78.09, 1, null); 
insert into itens_venda values (default, 528, 447, 447, 3, 1.50, 78.09); 
update estoque set quant_venda = quant_venda + 3, quant_atual = quant_atual - 3 where id = 447; 
update estoque_total set total = total - 3 where medicamento_id = 447; 

insert into venda values (529, '2023-01-20 06:17:27', 58.82, null, null); 
insert into itens_venda values (default, 529, 430, 430, 2, 0.00, 49.42); 
update estoque set quant_venda = quant_venda + 2, quant_atual = quant_atual - 2 where id = 430; 
update estoque_total set total = total - 2 where medicamento_id = 430; 
insert into itens_venda values (default, 529, 432, 432, 2, 0.00, 9.40); 
update estoque set quant_venda = quant_venda + 2, quant_atual = quant_atual - 2 where id = 432; 
update estoque_total set total = total - 2 where medicamento_id = 432; 

insert into venda values (530, '2023-01-20 06:56:23', 51.24, null, null); 
insert into itens_venda values (default, 530, 404, 404, 1, 0.30, 15.90); 
update estoque set quant_venda = quant_venda + 1, quant_atual = quant_atual - 1 where id = 404; 
update estoque_total set total = total - 1 where medicamento_id = 404; 
insert into itens_venda values (default, 530, 323, 323, 2, 0.00, 35.34); 
update estoque set quant_venda = quant_venda + 2, quant_atual = quant_atual - 2 where id = 323; 
update estoque_total set total = total - 2 where medicamento_id = 323; 

insert into venda values (531, '2023-01-20 07:39:24', 173.31, 11, null); 
insert into itens_venda values (default, 531, 264, 264, 1, 3.90, 45.26); 
update estoque set quant_venda = quant_venda + 1, quant_atual = quant_atual - 1 where id = 264; 
update estoque_total set total = total - 1 where medicamento_id = 264; 
insert into itens_venda values (default, 531, 423, 423, 3, 0.00, 47.97); 
update estoque set quant_venda = quant_venda + 3, quant_atual = quant_atual - 3 where id = 423; 
update estoque_total set total = total - 3 where medicamento_id = 423; 
insert into itens_venda values (default, 531, 489, 489, 2, 7.90, 80.08); 
update estoque set quant_venda = quant_venda + 2, quant_atual = quant_atual - 2 where id = 489; 
update estoque_total set total = total - 2 where medicamento_id = 489; 

insert into venda values (532, '2023-01-20 08:43:19', 18.80, null, null); 
insert into itens_venda values (default, 532, 453, 453, 3, 0.70, 18.80); 
update estoque set quant_venda = quant_venda + 3, quant_atual = quant_atual - 3 where id = 453; 
update estoque_total set total = total - 3 where medicamento_id = 453; 

insert into venda values (533, '2023-01-20 08:53:59', 116.74, 20, null); 
insert into itens_venda values (default, 533, 469, 469, 2, 3.80, 91.96); 
update estoque set quant_venda = quant_venda + 2, quant_atual = quant_atual - 2 where id = 469; 
update estoque_total set total = total - 2 where medicamento_id = 469; 
insert into itens_venda values (default, 533, 233, 233, 1, 1.20, 24.78); 
update estoque set quant_venda = quant_venda + 1, quant_atual = quant_atual - 1 where id = 233; 
update estoque_total set total = total - 1 where medicamento_id = 233; 

insert into venda values (534, '2023-01-20 09:24:35', 127.65, 4, 21); 
insert into itens_venda values (default, 534, 338, 338, 1, 8.70, 87.99); 
update estoque set quant_venda = quant_venda + 1, quant_atual = quant_atual - 1 where id = 338; 
update estoque_total set total = total - 1 where medicamento_id = 338; 
insert into itens_venda values (default, 534, 341, 341, 3, 3.90, 39.66); 
update estoque set quant_venda = quant_venda + 3, quant_atual = quant_atual - 3 where id = 341; 
update estoque_total set total = total - 3 where medicamento_id = 341; 

insert into venda values (535, '2023-01-20 09:58:29', 63.24, 20, null); 
insert into itens_venda values (default, 535, 247, 247, 1, 6.20, 63.24); 
update estoque set quant_venda = quant_venda + 1, quant_atual = quant_atual - 1 where id = 247; 
update estoque_total set total = total - 1 where medicamento_id = 247; 

insert into venda values (536, '2023-01-20 11:16:43', 34.86, null, null); 
insert into itens_venda values (default, 536, 426, 426, 1, 1.40, 34.86); 
update estoque set quant_venda = quant_venda + 1, quant_atual = quant_atual - 1 where id = 426; 
update estoque_total set total = total - 1 where medicamento_id = 426; 

insert into venda values (537, '2023-01-20 12:10:48', 243.98, null, null); 
insert into itens_venda values (default, 537, 491, 491, 1, 0.50, 55.95); 
update estoque set quant_venda = quant_venda + 1, quant_atual = quant_atual - 1 where id = 491; 
update estoque_total set total = total - 1 where medicamento_id = 491; 
insert into itens_venda values (default, 537, 487, 487, 1, 0.00, 188.03); 
update estoque set quant_venda = quant_venda + 1, quant_atual = quant_atual - 1 where id = 487; 
update estoque_total set total = total - 1 where medicamento_id = 487; 

insert into venda values (538, '2023-01-21 08:11:49', 207.36, 12, null); 
insert into itens_venda values (default, 538, 88, 88, 1, 9.90, 155.16); 
update estoque set quant_venda = quant_venda + 1, quant_atual = quant_atual - 1 where id = 88; 
update estoque_total set total = total - 1 where medicamento_id = 88; 
insert into itens_venda values (default, 538, 433, 433, 2, 2.10, 52.20); 
update estoque set quant_venda = quant_venda + 2, quant_atual = quant_atual - 2 where id = 433; 
update estoque_total set total = total - 2 where medicamento_id = 433; 

insert into venda values (539, '2023-01-21 09:35:33', 130.08, null, null); 
insert into itens_venda values (default, 539, 477, 477, 2, 0.00, 130.08); 
update estoque set quant_venda = quant_venda + 2, quant_atual = quant_atual - 2 where id = 477; 
update estoque_total set total = total - 2 where medicamento_id = 477; 

insert into venda values (540, '2023-01-21 11:55:58', 220.13, 14, null); 
insert into itens_venda values (default, 540, 307, 307, 1, 21.70, 220.13); 
update estoque set quant_venda = quant_venda + 1, quant_atual = quant_atual - 1 where id = 307; 
update estoque_total set total = total - 1 where medicamento_id = 307; 

insert into venda values (541, '2023-01-21 12:45:16', 95.99, null, null); 
insert into itens_venda values (default, 541, 323, 323, 1, 0.50, 17.17); 
update estoque set quant_venda = quant_venda + 1, quant_atual = quant_atual - 1 where id = 323; 
update estoque_total set total = total - 1 where medicamento_id = 323; 
insert into itens_venda values (default, 541, 440, 440, 2, 0.00, 78.82); 
update estoque set quant_venda = quant_venda + 2, quant_atual = quant_atual - 2 where id = 440; 
update estoque_total set total = total - 2 where medicamento_id = 440; 

insert into venda values (542, '2023-01-21 15:05:21', 19.90, null, null); 
insert into itens_venda values (default, 542, 475, 475, 1, 0.20, 19.90); 
update estoque set quant_venda = quant_venda + 1, quant_atual = quant_atual - 1 where id = 475; 
update estoque_total set total = total - 1 where medicamento_id = 475; 

insert into venda values (543, '2023-01-21 16:50:48', 67.70, null, null); 
insert into itens_venda values (default, 543, 344, 344, 2, 2.80, 67.70); 
update estoque set quant_venda = quant_venda + 2, quant_atual = quant_atual - 2 where id = 344; 
update estoque_total set total = total - 2 where medicamento_id = 344; 

insert into venda values (544, '2023-01-22 08:13:08', 167.86, null, null); 
insert into itens_venda values (default, 544, 209, 209, 1, 0.40, 45.62); 
update estoque set quant_venda = quant_venda + 1, quant_atual = quant_atual - 1 where id = 209; 
update estoque_total set total = total - 1 where medicamento_id = 209; 
insert into itens_venda values (default, 544, 484, 484, 1, 0.00, 16.52); 
update estoque set quant_venda = quant_venda + 1, quant_atual = quant_atual - 1 where id = 484; 
update estoque_total set total = total - 1 where medicamento_id = 484; 
insert into itens_venda values (default, 544, 296, 296, 2, 3.20, 105.72); 
update estoque set quant_venda = quant_venda + 2, quant_atual = quant_atual - 2 where id = 296; 
update estoque_total set total = total - 2 where medicamento_id = 296; 

insert into venda values (545, '2023-01-22 10:33:52', 324.50, null, null); 
insert into itens_venda values (default, 545, 272, 272, 1, 0.00, 276.31); 
update estoque set quant_venda = quant_venda + 1, quant_atual = quant_atual - 1 where id = 272; 
update estoque_total set total = total - 1 where medicamento_id = 272; 
insert into itens_venda values (default, 545, 402, 402, 1, 0.30, 16.57); 
update estoque set quant_venda = quant_venda + 1, quant_atual = quant_atual - 1 where id = 402; 
update estoque_total set total = total - 1 where medicamento_id = 402; 
insert into itens_venda values (default, 545, 327, 327, 1, 0.00, 31.62); 
update estoque set quant_venda = quant_venda + 1, quant_atual = quant_atual - 1 where id = 327; 
update estoque_total set total = total - 1 where medicamento_id = 327; 

insert into venda values (546, '2023-01-22 12:24:16', 219.88, null, null); 
insert into itens_venda values (default, 546, 324, 324, 2, 0.30, 38.74); 
update estoque set quant_venda = quant_venda + 2, quant_atual = quant_atual - 2 where id = 324; 
update estoque_total set total = total - 2 where medicamento_id = 324; 
insert into itens_venda values (default, 546, 205, 205, 1, 5.50, 181.14); 
update estoque set quant_venda = quant_venda + 1, quant_atual = quant_atual - 1 where id = 205; 
update estoque_total set total = total - 1 where medicamento_id = 205; 

insert into venda values (547, '2023-01-22 12:51:23', 84.35, null, null); 
insert into itens_venda values (default, 547, 500, 500, 2, 0.60, 31.34); 
update estoque set quant_venda = quant_venda + 2, quant_atual = quant_atual - 2 where id = 500; 
update estoque_total set total = total - 2 where medicamento_id = 500; 
insert into itens_venda values (default, 547, 323, 323, 3, 0.00, 53.01); 
update estoque set quant_venda = quant_venda + 3, quant_atual = quant_atual - 3 where id = 323; 
update estoque_total set total = total - 3 where medicamento_id = 323; 

insert into venda values (548, '2023-01-22 14:29:30', 37.36, null, null); 
insert into itens_venda values (default, 548, 456, 456, 1, 1.10, 37.36); 
update estoque set quant_venda = quant_venda + 1, quant_atual = quant_atual - 1 where id = 456; 
update estoque_total set total = total - 1 where medicamento_id = 456; 

insert into venda values (549, '2023-01-22 15:04:09', 112.90, null, null); 
insert into itens_venda values (default, 549, 491, 491, 2, 0.00, 112.90); 
update estoque set quant_venda = quant_venda + 2, quant_atual = quant_atual - 2 where id = 491; 
update estoque_total set total = total - 2 where medicamento_id = 491; 

insert into venda values (550, '2023-01-23 06:15:37', 60.70, 1, null); 
insert into itens_venda values (default, 550, 503, 503, 3, 0.00, 11.01); 
update estoque set quant_venda = quant_venda + 3, quant_atual = quant_atual - 3 where id = 503; 
update estoque_total set total = total - 3 where medicamento_id = 503; 
insert into itens_venda values (default, 550, 377, 377, 3, 0.50, 49.69); 
update estoque set quant_venda = quant_venda + 3, quant_atual = quant_atual - 3 where id = 377; 
update estoque_total set total = total - 3 where medicamento_id = 377; 

insert into venda values (551, '2023-01-23 07:01:49', 38.57, 7, null); 
insert into itens_venda values (default, 551, 439, 439, 1, 2.40, 38.57); 
update estoque set quant_venda = quant_venda + 1, quant_atual = quant_atual - 1 where id = 439; 
update estoque_total set total = total - 1 where medicamento_id = 439; 

insert into venda values (552, '2023-01-23 08:28:20', 335.39, 18, null); 
insert into itens_venda values (default, 552, 371, 371, 1, 6.80, 130.73); 
update estoque set quant_venda = quant_venda + 1, quant_atual = quant_atual - 1 where id = 371; 
update estoque_total set total = total - 1 where medicamento_id = 371; 
insert into itens_venda values (default, 552, 320, 320, 1, 4.10, 204.66); 
update estoque set quant_venda = quant_venda + 1, quant_atual = quant_atual - 1 where id = 320; 
update estoque_total set total = total - 1 where medicamento_id = 320; 

insert into venda values (553, '2023-01-23 10:52:02', 130.49, null, null); 
insert into itens_venda values (default, 553, 410, 410, 1, 1.00, 105.78); 
update estoque set quant_venda = quant_venda + 1, quant_atual = quant_atual - 1 where id = 410; 
update estoque_total set total = total - 1 where medicamento_id = 410; 
insert into itens_venda values (default, 553, 430, 430, 1, 0.00, 24.71); 
update estoque set quant_venda = quant_venda + 1, quant_atual = quant_atual - 1 where id = 430; 
update estoque_total set total = total - 1 where medicamento_id = 430; 

insert into venda values (554, '2023-01-25 06:11:35', 346.09, null, null); 
insert into itens_venda values (default, 554, 168, 168, 1, 3.40, 339.69); 
update estoque set quant_venda = quant_venda + 1, quant_atual = quant_atual - 1 where id = 168; 
update estoque_total set total = total - 1 where medicamento_id = 168; 
insert into itens_venda values (default, 554, 453, 453, 1, 0.10, 6.40); 
update estoque set quant_venda = quant_venda + 1, quant_atual = quant_atual - 1 where id = 453; 
update estoque_total set total = total - 1 where medicamento_id = 453; 

insert into venda values (555, '2023-01-25 06:34:07', 95.45, null, null); 
insert into itens_venda values (default, 555, 472, 472, 2, 1.70, 56.94); 
update estoque set quant_venda = quant_venda + 2, quant_atual = quant_atual - 2 where id = 472; 
update estoque_total set total = total - 2 where medicamento_id = 472; 
insert into itens_venda values (default, 555, 388, 388, 1, 1.10, 38.51); 
update estoque set quant_venda = quant_venda + 1, quant_atual = quant_atual - 1 where id = 388; 
update estoque_total set total = total - 1 where medicamento_id = 388; 

insert into venda values (556, '2023-01-25 07:43:32', 136.20, 6, null); 
insert into itens_venda values (default, 556, 400, 400, 1, 0.00, 136.20); 
update estoque set quant_venda = quant_venda + 1, quant_atual = quant_atual - 1 where id = 400; 
update estoque_total set total = total - 1 where medicamento_id = 400; 

insert into venda values (557, '2023-01-25 08:58:45', 81.70, null, null); 
insert into itens_venda values (default, 557, 382, 382, 2, 0.00, 69.04); 
update estoque set quant_venda = quant_venda + 2, quant_atual = quant_atual - 2 where id = 382; 
update estoque_total set total = total - 2 where medicamento_id = 382; 
insert into itens_venda values (default, 557, 291, 291, 1, 0.20, 12.66); 
update estoque set quant_venda = quant_venda + 1, quant_atual = quant_atual - 1 where id = 291; 
update estoque_total set total = total - 1 where medicamento_id = 291; 

insert into venda values (558, '2023-01-25 09:49:04', 245.25, null, null); 
insert into itens_venda values (default, 558, 487, 487, 1, 0.00, 188.03); 
update estoque set quant_venda = quant_venda + 1, quant_atual = quant_atual - 1 where id = 487; 
update estoque_total set total = total - 1 where medicamento_id = 487; 
insert into itens_venda values (default, 558, 449, 449, 3, 1.70, 57.22); 
update estoque set quant_venda = quant_venda + 3, quant_atual = quant_atual - 3 where id = 449; 
update estoque_total set total = total - 3 where medicamento_id = 449; 

insert into venda values (559, '2023-01-25 09:49:10', 330.98, null, null); 
insert into itens_venda values (default, 559, 411, 411, 2, 0.00, 144.34); 
update estoque set quant_venda = quant_venda + 2, quant_atual = quant_atual - 2 where id = 411; 
update estoque_total set total = total - 2 where medicamento_id = 411; 
insert into itens_venda values (default, 559, 205, 205, 1, 0.00, 186.64); 
update estoque set quant_venda = quant_venda + 1, quant_atual = quant_atual - 1 where id = 205; 
update estoque_total set total = total - 1 where medicamento_id = 205; 

insert into venda values (560, '2023-01-25 10:31:48', 139.97, null, 25); 
insert into itens_venda values (default, 560, 165, 165, 1, 0.00, 39.40); 
update estoque set quant_venda = quant_venda + 1, quant_atual = quant_atual - 1 where id = 165; 
update estoque_total set total = total - 1 where medicamento_id = 165; 
insert into itens_venda values (default, 560, 66, 66, 1, 1.50, 48.72); 
update estoque set quant_venda = quant_venda + 1, quant_atual = quant_atual - 1 where id = 66; 
update estoque_total set total = total - 1 where medicamento_id = 66; 
insert into itens_venda values (default, 560, 399, 399, 1, 0.00, 51.85); 
update estoque set quant_venda = quant_venda + 1, quant_atual = quant_atual - 1 where id = 399; 
update estoque_total set total = total - 1 where medicamento_id = 399; 

insert into venda values (561, '2023-01-25 10:33:10', 526.50, null, 24); 
insert into itens_venda values (default, 561, 362, 362, 1, 0.00, 188.88); 
update estoque set quant_venda = quant_venda + 1, quant_atual = quant_atual - 1 where id = 362; 
update estoque_total set total = total - 1 where medicamento_id = 362; 
insert into itens_venda values (default, 561, 68, 68, 1, 0.00, 148.74); 
update estoque set quant_venda = quant_venda + 1, quant_atual = quant_atual - 1 where id = 68; 
update estoque_total set total = total - 1 where medicamento_id = 68; 
insert into itens_venda values (default, 561, 362, 362, 1, 0.00, 188.88); 
update estoque set quant_venda = quant_venda + 1, quant_atual = quant_atual - 1 where id = 362; 
update estoque_total set total = total - 1 where medicamento_id = 362; 

insert into venda values (562, '2023-01-25 11:37:05', 144.95, null, null); 
insert into itens_venda values (default, 562, 436, 436, 1, 2.60, 63.14); 
update estoque set quant_venda = quant_venda + 1, quant_atual = quant_atual - 1 where id = 436; 
update estoque_total set total = total - 1 where medicamento_id = 436; 
insert into itens_venda values (default, 562, 153, 153, 1, 0.00, 81.81); 
update estoque set quant_venda = quant_venda + 1, quant_atual = quant_atual - 1 where id = 153; 
update estoque_total set total = total - 1 where medicamento_id = 153; 

insert into venda values (563, '2023-01-25 12:45:30', 220.14, null, 23); 
insert into itens_venda values (default, 563, 284, 284, 1, 0.60, 15.74); 
update estoque set quant_venda = quant_venda + 1, quant_atual = quant_atual - 1 where id = 284; 
update estoque_total set total = total - 1 where medicamento_id = 284; 
insert into itens_venda values (default, 563, 446, 446, 1, 1.30, 130.52); 
update estoque set quant_venda = quant_venda + 1, quant_atual = quant_atual - 1 where id = 446; 
update estoque_total set total = total - 1 where medicamento_id = 446; 
insert into itens_venda values (default, 563, 336, 336, 2, 2.20, 73.88); 
update estoque set quant_venda = quant_venda + 2, quant_atual = quant_atual - 2 where id = 336; 
update estoque_total set total = total - 2 where medicamento_id = 336; 

insert into venda values (564, '2023-01-26 06:47:39', 123.50, null, null); 
insert into itens_venda values (default, 564, 246, 246, 2, 0.00, 123.50); 
update estoque set quant_venda = quant_venda + 2, quant_atual = quant_atual - 2 where id = 246; 
update estoque_total set total = total - 2 where medicamento_id = 246; 

insert into venda values (565, '2023-01-26 09:31:37', 265.87, null, 22); 
insert into itens_venda values (default, 565, 108, 108, 1, 4.20, 206.68); 
update estoque set quant_venda = quant_venda + 1, quant_atual = quant_atual - 1 where id = 108; 
update estoque_total set total = total - 1 where medicamento_id = 108; 
insert into itens_venda values (default, 565, 381, 381, 1, 1.20, 59.19); 
update estoque set quant_venda = quant_venda + 1, quant_atual = quant_atual - 1 where id = 381; 
update estoque_total set total = total - 1 where medicamento_id = 381; 

insert into venda values (566, '2023-01-26 10:10:45', 177.91, null, null); 
insert into itens_venda values (default, 566, 341, 341, 3, 0.00, 43.56); 
update estoque set quant_venda = quant_venda + 3, quant_atual = quant_atual - 3 where id = 341; 
update estoque_total set total = total - 3 where medicamento_id = 341; 
insert into itens_venda values (default, 566, 470, 470, 1, 3.40, 84.00); 
update estoque set quant_venda = quant_venda + 1, quant_atual = quant_atual - 1 where id = 470; 
update estoque_total set total = total - 1 where medicamento_id = 470; 
insert into itens_venda values (default, 566, 249, 249, 1, 0.50, 50.35); 
update estoque set quant_venda = quant_venda + 1, quant_atual = quant_atual - 1 where id = 249; 
update estoque_total set total = total - 1 where medicamento_id = 249; 

insert into venda values (567, '2023-01-26 12:03:54', 133.86, null, null); 
insert into itens_venda values (default, 567, 427, 427, 2, 0.50, 25.46); 
update estoque set quant_venda = quant_venda + 2, quant_atual = quant_atual - 2 where id = 427; 
update estoque_total set total = total - 2 where medicamento_id = 427; 
insert into itens_venda values (default, 567, 491, 491, 2, 4.50, 108.40); 
update estoque set quant_venda = quant_venda + 2, quant_atual = quant_atual - 2 where id = 491; 
update estoque_total set total = total - 2 where medicamento_id = 491; 

insert into venda values (568, '2023-01-26 14:27:00', 209.82, null, null); 
insert into itens_venda values (default, 568, 279, 279, 3, 0.80, 87.76); 
update estoque set quant_venda = quant_venda + 3, quant_atual = quant_atual - 3 where id = 279; 
update estoque_total set total = total - 3 where medicamento_id = 279; 
insert into itens_venda values (default, 568, 156, 156, 1, 0.00, 100.14); 
update estoque set quant_venda = quant_venda + 1, quant_atual = quant_atual - 1 where id = 156; 
update estoque_total set total = total - 1 where medicamento_id = 156; 
insert into itens_venda values (default, 568, 431, 431, 2, 0.60, 21.92); 
update estoque set quant_venda = quant_venda + 2, quant_atual = quant_atual - 2 where id = 431; 
update estoque_total set total = total - 2 where medicamento_id = 431; 

insert into venda values (569, '2023-01-27 06:43:13', 128.20, null, null); 
insert into itens_venda values (default, 569, 460, 460, 1, 1.50, 36.16); 
update estoque set quant_venda = quant_venda + 1, quant_atual = quant_atual - 1 where id = 460; 
update estoque_total set total = total - 1 where medicamento_id = 460; 
insert into itens_venda values (default, 569, 209, 209, 2, 0.00, 92.04); 
update estoque set quant_venda = quant_venda + 2, quant_atual = quant_atual - 2 where id = 209; 
update estoque_total set total = total - 2 where medicamento_id = 209; 

insert into venda values (570, '2023-01-27 06:47:32', 121.06, null, null); 
insert into itens_venda values (default, 570, 231, 231, 2, 0.00, 121.06); 
update estoque set quant_venda = quant_venda + 2, quant_atual = quant_atual - 2 where id = 231; 
update estoque_total set total = total - 2 where medicamento_id = 231; 

insert into venda values (571, '2023-01-27 08:01:03', 292.73, 3, null); 
insert into itens_venda values (default, 571, 486, 486, 2, 1.00, 20.88); 
update estoque set quant_venda = quant_venda + 2, quant_atual = quant_atual - 2 where id = 486; 
update estoque_total set total = total - 2 where medicamento_id = 486; 
insert into itens_venda values (default, 571, 245, 245, 1, 1.40, 146.35); 
update estoque set quant_venda = quant_venda + 1, quant_atual = quant_atual - 1 where id = 245; 
update estoque_total set total = total - 1 where medicamento_id = 245; 
insert into itens_venda values (default, 571, 152, 152, 2, 9.40, 125.50); 
update estoque set quant_venda = quant_venda + 2, quant_atual = quant_atual - 2 where id = 152; 
update estoque_total set total = total - 2 where medicamento_id = 152; 

insert into venda values (572, '2023-01-27 08:37:43', 205.56, null, 22); 
insert into itens_venda values (default, 572, 276, 276, 1, 1.00, 35.10); 
update estoque set quant_venda = quant_venda + 1, quant_atual = quant_atual - 1 where id = 276; 
update estoque_total set total = total - 1 where medicamento_id = 276; 
insert into itens_venda values (default, 572, 454, 454, 1, 0.00, 88.98); 
update estoque set quant_venda = quant_venda + 1, quant_atual = quant_atual - 1 where id = 454; 
update estoque_total set total = total - 1 where medicamento_id = 454; 
insert into itens_venda values (default, 572, 313, 313, 2, 1.60, 81.48); 
update estoque set quant_venda = quant_venda + 2, quant_atual = quant_atual - 2 where id = 313; 
update estoque_total set total = total - 2 where medicamento_id = 313; 

insert into venda values (573, '2023-01-27 09:19:16', 274.12, null, null); 
insert into itens_venda values (default, 573, 389, 389, 2, 1.90, 62.90); 
update estoque set quant_venda = quant_venda + 2, quant_atual = quant_atual - 2 where id = 389; 
update estoque_total set total = total - 2 where medicamento_id = 389; 
insert into itens_venda values (default, 573, 88, 88, 1, 1.60, 163.46); 
update estoque set quant_venda = quant_venda + 1, quant_atual = quant_atual - 1 where id = 88; 
update estoque_total set total = total - 1 where medicamento_id = 88; 
insert into itens_venda values (default, 573, 264, 264, 1, 1.40, 47.76); 
update estoque set quant_venda = quant_venda + 1, quant_atual = quant_atual - 1 where id = 264; 
update estoque_total set total = total - 1 where medicamento_id = 264; 

insert into venda values (574, '2023-01-27 10:20:27', 209.41, null, null); 
insert into itens_venda values (default, 574, 263, 263, 1, 2.10, 209.41); 
update estoque set quant_venda = quant_venda + 1, quant_atual = quant_atual - 1 where id = 263; 
update estoque_total set total = total - 1 where medicamento_id = 263; 

insert into venda values (575, '2023-01-27 11:33:58', 49.52, null, 25); 
insert into itens_venda values (default, 575, 120, 120, 1, 0.00, 33.30); 
update estoque set quant_venda = quant_venda + 1, quant_atual = quant_atual - 1 where id = 120; 
update estoque_total set total = total - 1 where medicamento_id = 120; 
insert into itens_venda values (default, 575, 484, 484, 1, 0.30, 16.22); 
update estoque set quant_venda = quant_venda + 1, quant_atual = quant_atual - 1 where id = 484; 
update estoque_total set total = total - 1 where medicamento_id = 484; 

insert into venda values (576, '2023-01-27 12:00:50', 77.48, 16, null); 
insert into itens_venda values (default, 576, 377, 377, 2, 2.60, 30.86); 
update estoque set quant_venda = quant_venda + 2, quant_atual = quant_atual - 2 where id = 377; 
update estoque_total set total = total - 2 where medicamento_id = 377; 
insert into itens_venda values (default, 576, 398, 398, 3, 0.00, 46.62); 
update estoque set quant_venda = quant_venda + 3, quant_atual = quant_atual - 3 where id = 398; 
update estoque_total set total = total - 3 where medicamento_id = 398; 

insert into venda values (577, '2023-01-27 12:58:11', 168.67, 2, null); 
insert into itens_venda values (default, 577, 193, 193, 1, 0.00, 168.67); 
update estoque set quant_venda = quant_venda + 1, quant_atual = quant_atual - 1 where id = 193; 
update estoque_total set total = total - 1 where medicamento_id = 193; 

insert into venda values (578, '2023-01-27 13:45:38', 60.24, null, 24); 
insert into itens_venda values (default, 578, 290, 290, 2, 1.80, 60.24); 
update estoque set quant_venda = quant_venda + 2, quant_atual = quant_atual - 2 where id = 290; 
update estoque_total set total = total - 2 where medicamento_id = 290; 

insert into venda values (579, '2023-01-28 06:10:23', 67.17, null, null); 
insert into itens_venda values (default, 579, 498, 498, 1, 0.30, 35.13); 
update estoque set quant_venda = quant_venda + 1, quant_atual = quant_atual - 1 where id = 498; 
update estoque_total set total = total - 1 where medicamento_id = 498; 
insert into itens_venda values (default, 579, 495, 495, 3, 0.00, 32.04); 
update estoque set quant_venda = quant_venda + 3, quant_atual = quant_atual - 3 where id = 495; 
update estoque_total set total = total - 3 where medicamento_id = 495; 

insert into venda values (580, '2023-01-28 06:44:08', 62.72, null, null); 
insert into itens_venda values (default, 580, 434, 434, 2, 2.60, 62.72); 
update estoque set quant_venda = quant_venda + 2, quant_atual = quant_atual - 2 where id = 434; 
update estoque_total set total = total - 2 where medicamento_id = 434; 

insert into venda values (581, '2023-01-28 06:47:24', 101.78, null, null); 
insert into itens_venda values (default, 581, 429, 429, 1, 0.40, 24.31); 
update estoque set quant_venda = quant_venda + 1, quant_atual = quant_atual - 1 where id = 429; 
update estoque_total set total = total - 1 where medicamento_id = 429; 
insert into itens_venda values (default, 581, 481, 481, 2, 0.00, 26.68); 
update estoque set quant_venda = quant_venda + 2, quant_atual = quant_atual - 2 where id = 481; 
update estoque_total set total = total - 2 where medicamento_id = 481; 
insert into itens_venda values (default, 581, 438, 438, 1, 1.50, 50.79); 
update estoque set quant_venda = quant_venda + 1, quant_atual = quant_atual - 1 where id = 438; 
update estoque_total set total = total - 1 where medicamento_id = 438; 

insert into venda values (582, '2023-01-28 07:49:07', 35.29, 6, null); 
insert into itens_venda values (default, 582, 479, 479, 1, 1.40, 35.29); 
update estoque set quant_venda = quant_venda + 1, quant_atual = quant_atual - 1 where id = 479; 
update estoque_total set total = total - 1 where medicamento_id = 479; 

insert into venda values (583, '2023-01-28 08:15:01', 64.01, 14, null); 
insert into itens_venda values (default, 583, 430, 430, 2, 1.40, 48.02); 
update estoque set quant_venda = quant_venda + 2, quant_atual = quant_atual - 2 where id = 430; 
update estoque_total set total = total - 2 where medicamento_id = 430; 
insert into itens_venda values (default, 583, 423, 423, 1, 0.00, 15.99); 
update estoque set quant_venda = quant_venda + 1, quant_atual = quant_atual - 1 where id = 423; 
update estoque_total set total = total - 1 where medicamento_id = 423; 

insert into venda values (584, '2023-01-28 08:56:52', 97.52, null, 23); 
insert into itens_venda values (default, 584, 367, 367, 1, 0.00, 97.52); 
update estoque set quant_venda = quant_venda + 1, quant_atual = quant_atual - 1 where id = 367; 
update estoque_total set total = total - 1 where medicamento_id = 367; 

insert into venda values (585, '2023-01-28 09:41:34', 71.18, null, null); 
insert into itens_venda values (default, 585, 479, 479, 2, 2.20, 71.18); 
update estoque set quant_venda = quant_venda + 2, quant_atual = quant_atual - 2 where id = 479; 
update estoque_total set total = total - 2 where medicamento_id = 479; 

insert into venda values (586, '2023-01-28 10:27:01', 399.03, null, null); 
insert into itens_venda values (default, 586, 351, 351, 1, 0.80, 21.00); 
update estoque set quant_venda = quant_venda + 1, quant_atual = quant_atual - 1 where id = 351; 
update estoque_total set total = total - 1 where medicamento_id = 351; 
insert into itens_venda values (default, 586, 256, 256, 1, 0.00, 79.89); 
update estoque set quant_venda = quant_venda + 1, quant_atual = quant_atual - 1 where id = 256; 
update estoque_total set total = total - 1 where medicamento_id = 256; 
insert into itens_venda values (default, 586, 139, 139, 1, 9.20, 298.14); 
update estoque set quant_venda = quant_venda + 1, quant_atual = quant_atual - 1 where id = 139; 
update estoque_total set total = total - 1 where medicamento_id = 139; 

insert into venda values (587, '2023-01-28 11:23:59', 195.47, null, 22); 
insert into itens_venda values (default, 587, 403, 403, 3, 0.70, 74.03); 
update estoque set quant_venda = quant_venda + 3, quant_atual = quant_atual - 3 where id = 403; 
update estoque_total set total = total - 3 where medicamento_id = 403; 
insert into itens_venda values (default, 587, 277, 277, 1, 0.00, 35.38); 
update estoque set quant_venda = quant_venda + 1, quant_atual = quant_atual - 1 where id = 277; 
update estoque_total set total = total - 1 where medicamento_id = 277; 
insert into itens_venda values (default, 587, 492, 492, 2, 2.60, 86.06); 
update estoque set quant_venda = quant_venda + 2, quant_atual = quant_atual - 2 where id = 492; 
update estoque_total set total = total - 2 where medicamento_id = 492; 

insert into venda values (588, '2023-01-28 12:15:45', 37.36, null, null); 
insert into itens_venda values (default, 588, 269, 269, 1, 1.10, 37.36); 
update estoque set quant_venda = quant_venda + 1, quant_atual = quant_atual - 1 where id = 269; 
update estoque_total set total = total - 1 where medicamento_id = 269; 

insert into venda values (589, '2023-01-28 13:32:53', 110.76, null, null); 
insert into itens_venda values (default, 589, 351, 351, 2, 0.00, 43.60); 
update estoque set quant_venda = quant_venda + 2, quant_atual = quant_atual - 2 where id = 351; 
update estoque_total set total = total - 2 where medicamento_id = 351; 
insert into itens_venda values (default, 589, 315, 315, 2, 0.60, 67.16); 
update estoque set quant_venda = quant_venda + 2, quant_atual = quant_atual - 2 where id = 315; 
update estoque_total set total = total - 2 where medicamento_id = 315; 

insert into venda values (590, '2023-01-28 14:18:21', 237.05, null, null); 
insert into itens_venda values (default, 590, 383, 383, 1, 1.50, 50.41); 
update estoque set quant_venda = quant_venda + 1, quant_atual = quant_atual - 1 where id = 383; 
update estoque_total set total = total - 1 where medicamento_id = 383; 
insert into itens_venda values (default, 590, 205, 205, 1, 0.00, 186.64); 
update estoque set quant_venda = quant_venda + 1, quant_atual = quant_atual - 1 where id = 205; 
update estoque_total set total = total - 1 where medicamento_id = 205; 

insert into venda values (591, '2023-01-28 14:23:57', 114.79, null, null); 
insert into itens_venda values (default, 591, 501, 501, 3, 0.00, 69.27); 
update estoque set quant_venda = quant_venda + 3, quant_atual = quant_atual - 3 where id = 501; 
update estoque_total set total = total - 3 where medicamento_id = 501; 
insert into itens_venda values (default, 591, 416, 416, 2, 0.00, 45.52); 
update estoque set quant_venda = quant_venda + 2, quant_atual = quant_atual - 2 where id = 416; 
update estoque_total set total = total - 2 where medicamento_id = 416; 

insert into venda values (592, '2023-01-29 06:31:43', 86.88, null, null); 
insert into itens_venda values (default, 592, 384, 384, 2, 0.80, 86.88); 
update estoque set quant_venda = quant_venda + 2, quant_atual = quant_atual - 2 where id = 384; 
update estoque_total set total = total - 2 where medicamento_id = 384; 

insert into venda values (593, '2023-01-29 07:21:55', 365.63, 7, null); 
insert into itens_venda values (default, 593, 502, 502, 3, 3.90, 61.53); 
update estoque set quant_venda = quant_venda + 3, quant_atual = quant_atual - 3 where id = 502; 
update estoque_total set total = total - 3 where medicamento_id = 502; 
insert into itens_venda values (default, 593, 391, 391, 2, 7.10, 170.90); 
update estoque set quant_venda = quant_venda + 2, quant_atual = quant_atual - 2 where id = 391; 
update estoque_total set total = total - 2 where medicamento_id = 391; 
insert into itens_venda values (default, 593, 154, 154, 2, 4.10, 133.20); 
update estoque set quant_venda = quant_venda + 2, quant_atual = quant_atual - 2 where id = 154; 
update estoque_total set total = total - 2 where medicamento_id = 154; 

insert into venda values (594, '2023-01-29 08:16:26', 211.33, 14, null); 
insert into itens_venda values (default, 594, 88, 88, 1, 13.20, 151.86); 
update estoque set quant_venda = quant_venda + 1, quant_atual = quant_atual - 1 where id = 88; 
update estoque_total set total = total - 1 where medicamento_id = 88; 
insert into itens_venda values (default, 594, 468, 468, 1, 0.00, 59.47); 
update estoque set quant_venda = quant_venda + 1, quant_atual = quant_atual - 1 where id = 468; 
update estoque_total set total = total - 1 where medicamento_id = 468; 

insert into venda values (595, '2023-01-29 08:20:42', 287.14, null, null); 
insert into itens_venda values (default, 595, 301, 301, 1, 2.80, 287.14); 
update estoque set quant_venda = quant_venda + 1, quant_atual = quant_atual - 1 where id = 301; 
update estoque_total set total = total - 1 where medicamento_id = 301; 

insert into venda values (596, '2023-01-29 08:34:54', 523.53, 3, null); 
insert into itens_venda values (default, 596, 487, 487, 1, 9.40, 178.63); 
update estoque set quant_venda = quant_venda + 1, quant_atual = quant_atual - 1 where id = 487; 
update estoque_total set total = total - 1 where medicamento_id = 487; 
insert into itens_venda values (default, 596, 471, 471, 1, 0.00, 17.89); 
update estoque set quant_venda = quant_venda + 1, quant_atual = quant_atual - 1 where id = 471; 
update estoque_total set total = total - 1 where medicamento_id = 471; 
insert into itens_venda values (default, 596, 270, 270, 1, 3.30, 327.01); 
update estoque set quant_venda = quant_venda + 1, quant_atual = quant_atual - 1 where id = 270; 
update estoque_total set total = total - 1 where medicamento_id = 270; 

insert into venda values (597, '2023-01-29 08:41:17', 22.68, null, null); 
insert into itens_venda values (default, 597, 218, 218, 1, 0.70, 22.68); 
update estoque set quant_venda = quant_venda + 1, quant_atual = quant_atual - 1 where id = 218; 
update estoque_total set total = total - 1 where medicamento_id = 218; 

insert into venda values (598, '2023-01-29 09:49:39', 64.22, 10, null); 
insert into itens_venda values (default, 598, 374, 374, 2, 4.00, 64.22); 
update estoque set quant_venda = quant_venda + 2, quant_atual = quant_atual - 2 where id = 374; 
update estoque_total set total = total - 2 where medicamento_id = 374; 

insert into venda values (599, '2023-01-29 10:28:54', 263.76, null, 24); 
insert into itens_venda values (default, 599, 438, 438, 2, 1.00, 103.58); 
update estoque set quant_venda = quant_venda + 2, quant_atual = quant_atual - 2 where id = 438; 
update estoque_total set total = total - 2 where medicamento_id = 438; 
insert into itens_venda values (default, 599, 178, 178, 2, 1.30, 132.26); 
update estoque set quant_venda = quant_venda + 2, quant_atual = quant_atual - 2 where id = 178; 
update estoque_total set total = total - 2 where medicamento_id = 178; 
insert into itens_venda values (default, 599, 392, 392, 2, 0.00, 27.92); 
update estoque set quant_venda = quant_venda + 2, quant_atual = quant_atual - 2 where id = 392; 
update estoque_total set total = total - 2 where medicamento_id = 392; 

insert into venda values (600, '2023-01-29 11:22:59', 100.94, null, null); 
insert into itens_venda values (default, 600, 302, 302, 2, 0.20, 27.26); 
update estoque set quant_venda = quant_venda + 2, quant_atual = quant_atual - 2 where id = 302; 
update estoque_total set total = total - 2 where medicamento_id = 302; 
insert into itens_venda values (default, 600, 455, 455, 1, 1.50, 48.67); 
update estoque set quant_venda = quant_venda + 1, quant_atual = quant_atual - 1 where id = 455; 
update estoque_total set total = total - 1 where medicamento_id = 455; 
insert into itens_venda values (default, 600, 248, 248, 1, 0.00, 25.01); 
update estoque set quant_venda = quant_venda + 1, quant_atual = quant_atual - 1 where id = 248; 
update estoque_total set total = total - 1 where medicamento_id = 248; 

insert into venda values (601, '2023-01-29 11:57:18', 63.70, 3, null); 
insert into itens_venda values (default, 601, 464, 464, 2, 1.20, 63.70); 
update estoque set quant_venda = quant_venda + 2, quant_atual = quant_atual - 2 where id = 464; 
update estoque_total set total = total - 2 where medicamento_id = 464; 

insert into venda values (602, '2023-01-29 12:15:20', 141.73, 7, null); 
insert into itens_venda values (default, 602, 313, 313, 1, 0.40, 41.14); 
update estoque set quant_venda = quant_venda + 1, quant_atual = quant_atual - 1 where id = 313; 
update estoque_total set total = total - 1 where medicamento_id = 313; 
insert into itens_venda values (default, 602, 345, 345, 1, 1.50, 24.56); 
update estoque set quant_venda = quant_venda + 1, quant_atual = quant_atual - 1 where id = 345; 
update estoque_total set total = total - 1 where medicamento_id = 345; 
insert into itens_venda values (default, 602, 355, 355, 3, 2.30, 76.03); 
update estoque set quant_venda = quant_venda + 3, quant_atual = quant_atual - 3 where id = 355; 
update estoque_total set total = total - 3 where medicamento_id = 355; 

insert into venda values (603, '2023-01-29 12:56:30', 19.94, null, null); 
insert into itens_venda values (default, 603, 406, 406, 1, 0.20, 7.00); 
update estoque set quant_venda = quant_venda + 1, quant_atual = quant_atual - 1 where id = 406; 
update estoque_total set total = total - 1 where medicamento_id = 406; 
insert into itens_venda values (default, 603, 481, 481, 1, 0.40, 12.94); 
update estoque set quant_venda = quant_venda + 1, quant_atual = quant_atual - 1 where id = 481; 
update estoque_total set total = total - 1 where medicamento_id = 481; 

insert into venda values (604, '2023-01-29 14:00:26', 139.07, 20, null); 
insert into itens_venda values (default, 604, 468, 468, 1, 0.00, 59.47); 
update estoque set quant_venda = quant_venda + 1, quant_atual = quant_atual - 1 where id = 468; 
update estoque_total set total = total - 1 where medicamento_id = 468; 
insert into itens_venda values (default, 604, 470, 470, 1, 7.80, 79.60); 
update estoque set quant_venda = quant_venda + 1, quant_atual = quant_atual - 1 where id = 470; 
update estoque_total set total = total - 1 where medicamento_id = 470; 

insert into venda values (605, '2023-01-30 06:10:24', 109.59, null, null); 
insert into itens_venda values (default, 605, 500, 500, 2, 0.60, 31.34); 
update estoque set quant_venda = quant_venda + 2, quant_atual = quant_atual - 2 where id = 500; 
update estoque_total set total = total - 2 where medicamento_id = 500; 
insert into itens_venda values (default, 605, 433, 433, 3, 3.20, 78.25); 
update estoque set quant_venda = quant_venda + 3, quant_atual = quant_atual - 3 where id = 433; 
update estoque_total set total = total - 3 where medicamento_id = 433; 

insert into venda values (606, '2023-01-30 07:13:35', 71.97, null, null); 
insert into itens_venda values (default, 606, 503, 503, 2, 0.20, 7.14); 
update estoque set quant_venda = quant_venda + 2, quant_atual = quant_atual - 2 where id = 503; 
update estoque_total set total = total - 2 where medicamento_id = 503; 
insert into itens_venda values (default, 606, 502, 502, 3, 0.60, 64.83); 
update estoque set quant_venda = quant_venda + 3, quant_atual = quant_atual - 3 where id = 502; 
update estoque_total set total = total - 3 where medicamento_id = 502; 

insert into venda values (607, '2023-01-30 07:52:55', 500.06, null, 22); 
insert into itens_venda values (default, 607, 354, 354, 2, 0.00, 146.12); 
update estoque set quant_venda = quant_venda + 2, quant_atual = quant_atual - 2 where id = 354; 
update estoque_total set total = total - 2 where medicamento_id = 354; 
insert into itens_venda values (default, 607, 268, 268, 1, 5.80, 285.27); 
update estoque set quant_venda = quant_venda + 1, quant_atual = quant_atual - 1 where id = 268; 
update estoque_total set total = total - 1 where medicamento_id = 268; 
insert into itens_venda values (default, 607, 501, 501, 3, 0.60, 68.67); 
update estoque set quant_venda = quant_venda + 3, quant_atual = quant_atual - 3 where id = 501; 
update estoque_total set total = total - 3 where medicamento_id = 501; 

insert into venda values (608, '2023-01-30 09:26:35', 279.32, null, 23); 
insert into itens_venda values (default, 608, 462, 462, 3, 2.20, 54.59); 
update estoque set quant_venda = quant_venda + 3, quant_atual = quant_atual - 3 where id = 462; 
update estoque_total set total = total - 3 where medicamento_id = 462; 
insert into itens_venda values (default, 608, 317, 317, 1, 0.90, 89.50); 
update estoque set quant_venda = quant_venda + 1, quant_atual = quant_atual - 1 where id = 317; 
update estoque_total set total = total - 1 where medicamento_id = 317; 
insert into itens_venda values (default, 608, 237, 237, 1, 0.00, 135.23); 
update estoque set quant_venda = quant_venda + 1, quant_atual = quant_atual - 1 where id = 237; 
update estoque_total set total = total - 1 where medicamento_id = 237; 

insert into venda values (609, '2023-01-30 09:50:54', 163.96, 3, null); 
insert into itens_venda values (default, 609, 481, 481, 1, 0.00, 13.34); 
update estoque set quant_venda = quant_venda + 1, quant_atual = quant_atual - 1 where id = 481; 
update estoque_total set total = total - 1 where medicamento_id = 481; 
insert into itens_venda values (default, 609, 415, 415, 1, 3.00, 150.62); 
update estoque set quant_venda = quant_venda + 1, quant_atual = quant_atual - 1 where id = 415; 
update estoque_total set total = total - 1 where medicamento_id = 415; 

insert into venda values (610, '2023-01-31 06:28:53', 252.24, null, null); 
insert into itens_venda values (default, 610, 316, 316, 1, 5.30, 174.20); 
update estoque set quant_venda = quant_venda + 1, quant_atual = quant_atual - 1 where id = 316; 
update estoque_total set total = total - 1 where medicamento_id = 316; 
insert into itens_venda values (default, 610, 241, 241, 2, 0.70, 78.04); 
update estoque set quant_venda = quant_venda + 2, quant_atual = quant_atual - 2 where id = 241; 
update estoque_total set total = total - 2 where medicamento_id = 241; 

insert into venda values (611, '2023-01-31 07:21:36', 68.28, 12, null); 
insert into itens_venda values (default, 611, 479, 479, 2, 5.10, 68.28); 
update estoque set quant_venda = quant_venda + 2, quant_atual = quant_atual - 2 where id = 479; 
update estoque_total set total = total - 2 where medicamento_id = 479; 

insert into venda values (612, '2023-01-31 08:10:02', 182.81, null, 22); 
insert into itens_venda values (default, 612, 382, 382, 1, 0.00, 34.52); 
update estoque set quant_venda = quant_venda + 1, quant_atual = quant_atual - 1 where id = 382; 
update estoque_total set total = total - 1 where medicamento_id = 382; 
insert into itens_venda values (default, 612, 192, 192, 1, 0.00, 137.68); 
update estoque set quant_venda = quant_venda + 1, quant_atual = quant_atual - 1 where id = 192; 
update estoque_total set total = total - 1 where medicamento_id = 192; 
insert into itens_venda values (default, 612, 503, 503, 3, 0.40, 10.61); 
update estoque set quant_venda = quant_venda + 3, quant_atual = quant_atual - 3 where id = 503; 
update estoque_total set total = total - 3 where medicamento_id = 503; 

insert into venda values (613, '2023-01-31 09:25:33', 131.51, 15, null); 
insert into itens_venda values (default, 613, 236, 236, 1, 1.30, 131.51); 
update estoque set quant_venda = quant_venda + 1, quant_atual = quant_atual - 1 where id = 236; 
update estoque_total set total = total - 1 where medicamento_id = 236; 

insert into venda values (614, '2023-01-31 09:42:55', 177.38, 8, null); 
insert into itens_venda values (default, 614, 228, 228, 1, 11.30, 177.38); 
update estoque set quant_venda = quant_venda + 1, quant_atual = quant_atual - 1 where id = 228; 
update estoque_total set total = total - 1 where medicamento_id = 228; 

insert into venda values (615, '2023-01-31 10:46:07', 263.50, null, null); 
insert into itens_venda values (default, 615, 420, 420, 2, 2.60, 130.94); 
update estoque set quant_venda = quant_venda + 2, quant_atual = quant_atual - 2 where id = 420; 
update estoque_total set total = total - 2 where medicamento_id = 420; 
insert into itens_venda values (default, 615, 107, 107, 1, 4.00, 132.56); 
update estoque set quant_venda = quant_venda + 1, quant_atual = quant_atual - 1 where id = 107; 
update estoque_total set total = total - 1 where medicamento_id = 107; 

insert into venda values (616, '2023-01-31 11:48:21', 251.01, null, null); 
insert into itens_venda values (default, 616, 452, 452, 2, 0.00, 119.34); 
update estoque set quant_venda = quant_venda + 2, quant_atual = quant_atual - 2 where id = 452; 
update estoque_total set total = total - 2 where medicamento_id = 452; 
insert into itens_venda values (default, 616, 497, 497, 2, 3.00, 72.20); 
update estoque set quant_venda = quant_venda + 2, quant_atual = quant_atual - 2 where id = 497; 
update estoque_total set total = total - 2 where medicamento_id = 497; 
insert into itens_venda values (default, 616, 468, 468, 1, 0.00, 59.47); 
update estoque set quant_venda = quant_venda + 1, quant_atual = quant_atual - 1 where id = 468; 
update estoque_total set total = total - 1 where medicamento_id = 468; 

insert into venda values (617, '2023-01-31 13:05:21', 384.52, 3, 22); 
insert into itens_venda values (default, 617, 60, 60, 1, 0.00, 168.15); 
update estoque set quant_venda = quant_venda + 1, quant_atual = quant_atual - 1 where id = 60; 
update estoque_total set total = total - 1 where medicamento_id = 60; 
insert into itens_venda values (default, 617, 447, 447, 2, 0.50, 52.56); 
update estoque set quant_venda = quant_venda + 2, quant_atual = quant_atual - 2 where id = 447; 
update estoque_total set total = total - 2 where medicamento_id = 447; 
insert into itens_venda values (default, 617, 213, 213, 1, 6.80, 163.81); 
update estoque set quant_venda = quant_venda + 1, quant_atual = quant_atual - 1 where id = 213; 
update estoque_total set total = total - 1 where medicamento_id = 213; 

insert into venda values (618, '2023-01-31 13:32:34', 198.36, 15, null); 
insert into itens_venda values (default, 618, 320, 320, 1, 10.40, 198.36); 
update estoque set quant_venda = quant_venda + 1, quant_atual = quant_atual - 1 where id = 320; 
update estoque_total set total = total - 1 where medicamento_id = 320; 

insert into venda values (619, '2023-01-31 14:42:59', 163.05, 1, 23); 
insert into itens_venda values (default, 619, 154, 154, 1, 4.80, 63.85); 
update estoque set quant_venda = quant_venda + 1, quant_atual = quant_atual - 1 where id = 154; 
update estoque_total set total = total - 1 where medicamento_id = 154; 
insert into itens_venda values (default, 619, 494, 494, 2, 0.30, 32.64); 
update estoque set quant_venda = quant_venda + 2, quant_atual = quant_atual - 2 where id = 494; 
update estoque_total set total = total - 2 where medicamento_id = 494; 
insert into itens_venda values (default, 619, 354, 354, 1, 6.50, 66.56); 
update estoque set quant_venda = quant_venda + 1, quant_atual = quant_atual - 1 where id = 354; 
update estoque_total set total = total - 1 where medicamento_id = 354; 

insert into venda values (620, '2023-01-31 15:03:08', 6.25, 4, null); 
insert into itens_venda values (default, 620, 504, 504, 1, 0.50, 6.25); 
update estoque set quant_venda = quant_venda + 1, quant_atual = quant_atual - 1 where id = 504; 
update estoque_total set total = total - 1 where medicamento_id = 504; 

insert into venda values (621, '2023-02-01 07:14:10', 57.17, 19, null); 
insert into itens_venda values (default, 621, 468, 468, 1, 2.30, 57.17); 
update estoque set quant_venda = quant_venda + 1, quant_atual = quant_atual - 1 where id = 468; 
update estoque_total set total = total - 1 where medicamento_id = 468; 

insert into venda values (622, '2023-02-01 08:09:59', 141.52, null, 21); 
insert into itens_venda values (default, 622, 483, 483, 2, 0.00, 100.42); 
update estoque set quant_venda = quant_venda + 2, quant_atual = quant_atual - 2 where id = 483; 
update estoque_total set total = total - 2 where medicamento_id = 483; 
insert into itens_venda values (default, 622, 184, 184, 2, 1.20, 41.10); 
update estoque set quant_venda = quant_venda + 2, quant_atual = quant_atual - 2 where id = 184; 
update estoque_total set total = total - 2 where medicamento_id = 184; 

insert into venda values (623, '2023-02-01 08:27:09', 74.44, null, null); 
insert into itens_venda values (default, 623, 284, 284, 2, 0.60, 32.08); 
update estoque set quant_venda = quant_venda + 2, quant_atual = quant_atual - 2 where id = 284; 
update estoque_total set total = total - 2 where medicamento_id = 284; 
insert into itens_venda values (default, 623, 340, 340, 2, 0.00, 42.36); 
update estoque set quant_venda = quant_venda + 2, quant_atual = quant_atual - 2 where id = 340; 
update estoque_total set total = total - 2 where medicamento_id = 340; 

insert into venda values (624, '2023-02-01 09:41:42', 62.28, null, null); 
insert into itens_venda values (default, 624, 343, 343, 2, 0.60, 62.28); 
update estoque set quant_venda = quant_venda + 2, quant_atual = quant_atual - 2 where id = 343; 
update estoque_total set total = total - 2 where medicamento_id = 343; 

insert into venda values (625, '2023-02-01 11:01:59', 83.14, 18, null); 
insert into itens_venda values (default, 625, 306, 306, 1, 0.00, 83.14); 
update estoque set quant_venda = quant_venda + 1, quant_atual = quant_atual - 1 where id = 306; 
update estoque_total set total = total - 1 where medicamento_id = 306; 

insert into venda values (626, '2023-02-01 12:21:27', 312.92, null, null); 
insert into itens_venda values (default, 626, 250, 250, 2, 0.00, 176.70); 
update estoque set quant_venda = quant_venda + 2, quant_atual = quant_atual - 2 where id = 250; 
update estoque_total set total = total - 2 where medicamento_id = 250; 
insert into itens_venda values (default, 626, 295, 295, 1, 2.90, 94.68); 
update estoque set quant_venda = quant_venda + 1, quant_atual = quant_atual - 1 where id = 295; 
update estoque_total set total = total - 1 where medicamento_id = 295; 
insert into itens_venda values (default, 626, 313, 313, 1, 0.00, 41.54); 
update estoque set quant_venda = quant_venda + 1, quant_atual = quant_atual - 1 where id = 313; 
update estoque_total set total = total - 1 where medicamento_id = 313; 

insert into venda values (627, '2023-02-01 12:48:52', 225.37, null, null); 
insert into itens_venda values (default, 627, 471, 471, 2, 0.00, 35.78); 
update estoque set quant_venda = quant_venda + 2, quant_atual = quant_atual - 2 where id = 471; 
update estoque_total set total = total - 2 where medicamento_id = 471; 
insert into itens_venda values (default, 627, 419, 419, 2, 0.00, 54.76); 
update estoque set quant_venda = quant_venda + 2, quant_atual = quant_atual - 2 where id = 419; 
update estoque_total set total = total - 2 where medicamento_id = 419; 
insert into itens_venda values (default, 627, 371, 371, 1, 2.70, 134.83); 
update estoque set quant_venda = quant_venda + 1, quant_atual = quant_atual - 1 where id = 371; 
update estoque_total set total = total - 1 where medicamento_id = 371; 

insert into venda values (628, '2023-02-01 12:55:31', 104.28, null, null); 
insert into itens_venda values (default, 628, 309, 309, 3, 0.40, 41.60); 
update estoque set quant_venda = quant_venda + 3, quant_atual = quant_atual - 3 where id = 309; 
update estoque_total set total = total - 3 where medicamento_id = 309; 
insert into itens_venda values (default, 628, 500, 500, 1, 0.30, 15.67); 
update estoque set quant_venda = quant_venda + 1, quant_atual = quant_atual - 1 where id = 500; 
update estoque_total set total = total - 1 where medicamento_id = 500; 
insert into itens_venda values (default, 628, 500, 500, 3, 0.90, 47.01); 
update estoque set quant_venda = quant_venda + 3, quant_atual = quant_atual - 3 where id = 500; 
update estoque_total set total = total - 3 where medicamento_id = 500; 

insert into venda values (629, '2023-02-01 13:22:31', 415.42, null, null); 
insert into itens_venda values (default, 629, 402, 402, 1, 0.30, 16.57); 
update estoque set quant_venda = quant_venda + 1, quant_atual = quant_atual - 1 where id = 402; 
update estoque_total set total = total - 1 where medicamento_id = 402; 
insert into itens_venda values (default, 629, 100, 100, 1, 13.20, 318.03); 
update estoque set quant_venda = quant_venda + 1, quant_atual = quant_atual - 1 where id = 100; 
update estoque_total set total = total - 1 where medicamento_id = 100; 
insert into itens_venda values (default, 629, 352, 352, 3, 0.00, 80.82); 
update estoque set quant_venda = quant_venda + 3, quant_atual = quant_atual - 3 where id = 352; 
update estoque_total set total = total - 3 where medicamento_id = 352; 

insert into venda values (630, '2023-02-01 14:30:18', 37.67, 5, null); 
insert into itens_venda values (default, 630, 499, 499, 1, 1.10, 37.67); 
update estoque set quant_venda = quant_venda + 1, quant_atual = quant_atual - 1 where id = 499; 
update estoque_total set total = total - 1 where medicamento_id = 499; 

insert into venda values (631, '2023-02-01 14:38:50', 29.04, null, null); 
insert into itens_venda values (default, 631, 341, 341, 2, 0.00, 29.04); 
update estoque set quant_venda = quant_venda + 2, quant_atual = quant_atual - 2 where id = 341; 
update estoque_total set total = total - 2 where medicamento_id = 341; 

insert into venda values (632, '2023-02-02 08:36:51', 30.88, 12, null); 
insert into itens_venda values (default, 632, 315, 315, 1, 3.00, 30.88); 
update estoque set quant_venda = quant_venda + 1, quant_atual = quant_atual - 1 where id = 315; 
update estoque_total set total = total - 1 where medicamento_id = 315; 

insert into venda values (633, '2023-02-02 09:59:39', 114.41, null, null); 
insert into itens_venda values (default, 633, 355, 355, 1, 0.70, 25.41); 
update estoque set quant_venda = quant_venda + 1, quant_atual = quant_atual - 1 where id = 355; 
update estoque_total set total = total - 1 where medicamento_id = 355; 
insert into itens_venda values (default, 633, 391, 391, 1, 0.00, 89.00); 
update estoque set quant_venda = quant_venda + 1, quant_atual = quant_atual - 1 where id = 391; 
update estoque_total set total = total - 1 where medicamento_id = 391; 

insert into venda values (634, '2023-02-02 11:14:25', 282.79, 7, null); 
insert into itens_venda values (default, 634, 440, 440, 1, 0.30, 39.11); 
update estoque set quant_venda = quant_venda + 1, quant_atual = quant_atual - 1 where id = 440; 
update estoque_total set total = total - 1 where medicamento_id = 440; 
insert into itens_venda values (default, 634, 477, 477, 2, 3.90, 126.18); 
update estoque set quant_venda = quant_venda + 2, quant_atual = quant_atual - 2 where id = 477; 
update estoque_total set total = total - 2 where medicamento_id = 477; 
insert into itens_venda values (default, 634, 158, 158, 1, 1.10, 117.50); 
update estoque set quant_venda = quant_venda + 1, quant_atual = quant_atual - 1 where id = 158; 
update estoque_total set total = total - 1 where medicamento_id = 158; 

insert into venda values (635, '2023-02-02 11:32:19', 156.15, 1, null); 
insert into itens_venda values (default, 635, 452, 452, 1, 2.90, 56.77); 
update estoque set quant_venda = quant_venda + 1, quant_atual = quant_atual - 1 where id = 452; 
update estoque_total set total = total - 1 where medicamento_id = 452; 
insert into itens_venda values (default, 635, 501, 501, 3, 3.40, 65.87); 
update estoque set quant_venda = quant_venda + 3, quant_atual = quant_atual - 3 where id = 501; 
update estoque_total set total = total - 3 where medicamento_id = 501; 
insert into itens_venda values (default, 635, 374, 374, 1, 0.60, 33.51); 
update estoque set quant_venda = quant_venda + 1, quant_atual = quant_atual - 1 where id = 374; 
update estoque_total set total = total - 1 where medicamento_id = 374; 

insert into venda values (636, '2023-02-02 13:38:09', 108.30, null, null); 
insert into itens_venda values (default, 636, 252, 252, 3, 0.00, 84.18); 
update estoque set quant_venda = quant_venda + 3, quant_atual = quant_atual - 3 where id = 252; 
update estoque_total set total = total - 3 where medicamento_id = 252; 
insert into itens_venda values (default, 636, 393, 393, 1, 0.40, 24.12); 
update estoque set quant_venda = quant_venda + 1, quant_atual = quant_atual - 1 where id = 393; 
update estoque_total set total = total - 1 where medicamento_id = 393; 

insert into venda values (637, '2023-02-03 07:05:24', 131.93, 12, null); 
insert into itens_venda values (default, 637, 315, 315, 2, 2.00, 65.76); 
update estoque set quant_venda = quant_venda + 2, quant_atual = quant_atual - 2 where id = 315; 
update estoque_total set total = total - 2 where medicamento_id = 315; 
insert into itens_venda values (default, 637, 420, 420, 1, 0.60, 66.17); 
update estoque set quant_venda = quant_venda + 1, quant_atual = quant_atual - 1 where id = 420; 
update estoque_total set total = total - 1 where medicamento_id = 420; 

insert into venda values (638, '2023-02-03 08:13:33', 150.30, 4, null); 
insert into itens_venda values (default, 638, 418, 418, 2, 0.50, 54.80); 
update estoque set quant_venda = quant_venda + 2, quant_atual = quant_atual - 2 where id = 418; 
update estoque_total set total = total - 2 where medicamento_id = 418; 
insert into itens_venda values (default, 638, 399, 399, 2, 8.20, 95.50); 
update estoque set quant_venda = quant_venda + 2, quant_atual = quant_atual - 2 where id = 399; 
update estoque_total set total = total - 2 where medicamento_id = 399; 

insert into venda values (639, '2023-02-03 09:29:15', 90.14, null, null); 
insert into itens_venda values (default, 639, 425, 425, 2, 1.40, 71.00); 
update estoque set quant_venda = quant_venda + 2, quant_atual = quant_atual - 2 where id = 425; 
update estoque_total set total = total - 2 where medicamento_id = 425; 
insert into itens_venda values (default, 639, 449, 449, 1, 0.50, 19.14); 
update estoque set quant_venda = quant_venda + 1, quant_atual = quant_atual - 1 where id = 449; 
update estoque_total set total = total - 1 where medicamento_id = 449; 

insert into venda values (640, '2023-02-03 11:22:34', 55.49, null, null); 
insert into itens_venda values (default, 640, 374, 374, 1, 1.30, 32.81); 
update estoque set quant_venda = quant_venda + 1, quant_atual = quant_atual - 1 where id = 374; 
update estoque_total set total = total - 1 where medicamento_id = 374; 
insert into itens_venda values (default, 640, 493, 493, 3, 0.00, 22.68); 
update estoque set quant_venda = quant_venda + 3, quant_atual = quant_atual - 3 where id = 493; 
update estoque_total set total = total - 3 where medicamento_id = 493; 

insert into venda values (641, '2023-02-03 13:01:47', 186.23, null, null); 
insert into itens_venda values (default, 641, 487, 487, 1, 1.80, 186.23); 
update estoque set quant_venda = quant_venda + 1, quant_atual = quant_atual - 1 where id = 487; 
update estoque_total set total = total - 1 where medicamento_id = 487; 

insert into venda values (642, '2023-02-03 15:24:53', 132.06, null, null); 
insert into itens_venda values (default, 642, 318, 318, 2, 2.20, 109.58); 
update estoque set quant_venda = quant_venda + 2, quant_atual = quant_atual - 2 where id = 318; 
update estoque_total set total = total - 2 where medicamento_id = 318; 
insert into itens_venda values (default, 642, 493, 493, 3, 0.20, 22.48); 
update estoque set quant_venda = quant_venda + 3, quant_atual = quant_atual - 3 where id = 493; 
update estoque_total set total = total - 3 where medicamento_id = 493; 

insert into venda values (643, '2023-02-04 07:17:33', 196.22, null, null); 
insert into itens_venda values (default, 643, 391, 391, 1, 1.70, 87.30); 
update estoque set quant_venda = quant_venda + 1, quant_atual = quant_atual - 1 where id = 391; 
update estoque_total set total = total - 1 where medicamento_id = 391; 
insert into itens_venda values (default, 643, 296, 296, 2, 0.00, 108.92); 
update estoque set quant_venda = quant_venda + 2, quant_atual = quant_atual - 2 where id = 296; 
update estoque_total set total = total - 2 where medicamento_id = 296; 

insert into venda values (644, '2023-02-04 08:11:32', 41.27, null, null); 
insert into itens_venda values (default, 644, 395, 395, 1, 0.00, 41.27); 
update estoque set quant_venda = quant_venda + 1, quant_atual = quant_atual - 1 where id = 395; 
update estoque_total set total = total - 1 where medicamento_id = 395; 

insert into venda values (645, '2023-02-04 08:27:55', 385.40, 12, null); 
insert into itens_venda values (default, 645, 471, 471, 1, 0.30, 17.59); 
update estoque set quant_venda = quant_venda + 1, quant_atual = quant_atual - 1 where id = 471; 
update estoque_total set total = total - 1 where medicamento_id = 471; 
insert into itens_venda values (default, 645, 468, 468, 1, 5.30, 54.17); 
update estoque set quant_venda = quant_venda + 1, quant_atual = quant_atual - 1 where id = 468; 
update estoque_total set total = total - 1 where medicamento_id = 468; 
insert into itens_venda values (default, 645, 176, 176, 1, 27.20, 313.64); 
update estoque set quant_venda = quant_venda + 1, quant_atual = quant_atual - 1 where id = 176; 
update estoque_total set total = total - 1 where medicamento_id = 176; 

insert into venda values (646, '2023-02-04 08:45:05', 160.15, 20, null); 
insert into itens_venda values (default, 646, 392, 392, 2, 1.30, 26.62); 
update estoque set quant_venda = quant_venda + 2, quant_atual = quant_atual - 2 where id = 392; 
update estoque_total set total = total - 2 where medicamento_id = 392; 
insert into itens_venda values (default, 646, 311, 311, 1, 0.30, 14.91); 
update estoque set quant_venda = quant_venda + 1, quant_atual = quant_atual - 1 where id = 311; 
update estoque_total set total = total - 1 where medicamento_id = 311; 
insert into itens_venda values (default, 646, 465, 465, 1, 3.60, 118.62); 
update estoque set quant_venda = quant_venda + 1, quant_atual = quant_atual - 1 where id = 465; 
update estoque_total set total = total - 1 where medicamento_id = 465; 

insert into venda values (647, '2023-02-04 09:27:30', 119.98, 17, null); 
insert into itens_venda values (default, 647, 340, 340, 3, 1.90, 61.64); 
update estoque set quant_venda = quant_venda + 3, quant_atual = quant_atual - 3 where id = 340; 
update estoque_total set total = total - 3 where medicamento_id = 340; 
insert into itens_venda values (default, 647, 480, 480, 1, 1.20, 30.34); 
update estoque set quant_venda = quant_venda + 1, quant_atual = quant_atual - 1 where id = 480; 
update estoque_total set total = total - 1 where medicamento_id = 480; 
insert into itens_venda values (default, 647, 441, 441, 1, 0.50, 28.00); 
update estoque set quant_venda = quant_venda + 1, quant_atual = quant_atual - 1 where id = 441; 
update estoque_total set total = total - 1 where medicamento_id = 441; 

insert into venda values (648, '2023-02-04 10:22:24', 331.10, null, null); 
insert into itens_venda values (default, 648, 396, 396, 1, 10.20, 331.10); 
update estoque set quant_venda = quant_venda + 1, quant_atual = quant_atual - 1 where id = 396; 
update estoque_total set total = total - 1 where medicamento_id = 396; 

insert into venda values (649, '2023-02-04 10:39:36', 56.26, null, null); 
insert into itens_venda values (default, 649, 424, 424, 2, 0.60, 21.40); 
update estoque set quant_venda = quant_venda + 2, quant_atual = quant_atual - 2 where id = 424; 
update estoque_total set total = total - 2 where medicamento_id = 424; 
insert into itens_venda values (default, 649, 426, 426, 1, 1.40, 34.86); 
update estoque set quant_venda = quant_venda + 1, quant_atual = quant_atual - 1 where id = 426; 
update estoque_total set total = total - 1 where medicamento_id = 426; 

insert into venda values (650, '2023-02-04 11:33:55', 49.42, null, null); 
insert into itens_venda values (default, 650, 430, 430, 2, 0.00, 49.42); 
update estoque set quant_venda = quant_venda + 2, quant_atual = quant_atual - 2 where id = 430; 
update estoque_total set total = total - 2 where medicamento_id = 430; 

insert into venda values (651, '2023-02-04 12:31:42', 138.22, null, null); 
insert into itens_venda values (default, 651, 483, 483, 2, 2.00, 98.42); 
update estoque set quant_venda = quant_venda + 2, quant_atual = quant_atual - 2 where id = 483; 
update estoque_total set total = total - 2 where medicamento_id = 483; 
insert into itens_venda values (default, 651, 475, 475, 2, 0.40, 39.80); 
update estoque set quant_venda = quant_venda + 2, quant_atual = quant_atual - 2 where id = 475; 
update estoque_total set total = total - 2 where medicamento_id = 475; 

insert into venda values (652, '2023-02-04 13:32:19', 55.02, 14, null); 
insert into itens_venda values (default, 652, 252, 252, 2, 1.10, 55.02); 
update estoque set quant_venda = quant_venda + 2, quant_atual = quant_atual - 2 where id = 252; 
update estoque_total set total = total - 2 where medicamento_id = 252; 

insert into venda values (653, '2023-02-04 14:21:39', 331.37, null, 24); 
insert into itens_venda values (default, 653, 402, 402, 1, 0.60, 16.27); 
update estoque set quant_venda = quant_venda + 1, quant_atual = quant_atual - 1 where id = 402; 
update estoque_total set total = total - 1 where medicamento_id = 402; 
insert into itens_venda values (default, 653, 197, 197, 1, 5.40, 268.16); 
update estoque set quant_venda = quant_venda + 1, quant_atual = quant_atual - 1 where id = 197; 
update estoque_total set total = total - 1 where medicamento_id = 197; 
insert into itens_venda values (default, 653, 368, 368, 3, 0.40, 46.94); 
update estoque set quant_venda = quant_venda + 3, quant_atual = quant_atual - 3 where id = 368; 
update estoque_total set total = total - 3 where medicamento_id = 368; 

insert into venda values (654, '2023-02-05 07:55:16', 42.04, 12, null); 
insert into itens_venda values (default, 654, 505, 505, 1, 2.00, 31.84); 
update estoque set quant_venda = quant_venda + 1, quant_atual = quant_atual - 1 where id = 505; 
update estoque_total set total = total - 1 where medicamento_id = 505; 
insert into itens_venda values (default, 654, 292, 292, 1, 0.50, 10.20); 
update estoque set quant_venda = quant_venda + 1, quant_atual = quant_atual - 1 where id = 292; 
update estoque_total set total = total - 1 where medicamento_id = 292; 

insert into venda values (655, '2023-02-05 08:30:05', 184.72, 18, null); 
insert into itens_venda values (default, 655, 364, 364, 1, 0.90, 32.22); 
update estoque set quant_venda = quant_venda + 1, quant_atual = quant_atual - 1 where id = 364; 
update estoque_total set total = total - 1 where medicamento_id = 364; 
insert into itens_venda values (default, 655, 456, 456, 1, 2.60, 35.86); 
update estoque set quant_venda = quant_venda + 1, quant_atual = quant_atual - 1 where id = 456; 
update estoque_total set total = total - 1 where medicamento_id = 456; 
insert into itens_venda values (default, 655, 468, 468, 2, 2.30, 116.64); 
update estoque set quant_venda = quant_venda + 2, quant_atual = quant_atual - 2 where id = 468; 
update estoque_total set total = total - 2 where medicamento_id = 468; 

insert into venda values (656, '2023-02-06 06:33:58', 229.67, null, null); 
insert into itens_venda values (default, 656, 369, 369, 1, 3.50, 86.19); 
update estoque set quant_venda = quant_venda + 1, quant_atual = quant_atual - 1 where id = 369; 
update estoque_total set total = total - 1 where medicamento_id = 369; 
insert into itens_venda values (default, 656, 174, 174, 1, 1.20, 119.67); 
update estoque set quant_venda = quant_venda + 1, quant_atual = quant_atual - 1 where id = 174; 
update estoque_total set total = total - 1 where medicamento_id = 174; 
insert into itens_venda values (default, 656, 429, 429, 1, 0.90, 23.81); 
update estoque set quant_venda = quant_venda + 1, quant_atual = quant_atual - 1 where id = 429; 
update estoque_total set total = total - 1 where medicamento_id = 429; 

insert into venda values (657, '2023-02-06 07:44:38', 100.04, 10, 23); 
insert into itens_venda values (default, 657, 201, 201, 2, 2.80, 68.68); 
update estoque set quant_venda = quant_venda + 2, quant_atual = quant_atual - 2 where id = 201; 
update estoque_total set total = total - 2 where medicamento_id = 201; 
insert into itens_venda values (default, 657, 434, 434, 1, 1.30, 31.36); 
update estoque set quant_venda = quant_venda + 1, quant_atual = quant_atual - 1 where id = 434; 
update estoque_total set total = total - 1 where medicamento_id = 434; 

insert into venda values (658, '2023-02-06 08:04:04', 206.36, null, null); 
insert into itens_venda values (default, 658, 490, 490, 2, 3.10, 100.96); 
update estoque set quant_venda = quant_venda + 2, quant_atual = quant_atual - 2 where id = 490; 
update estoque_total set total = total - 2 where medicamento_id = 490; 
insert into itens_venda values (default, 658, 372, 372, 1, 2.10, 105.40); 
update estoque set quant_venda = quant_venda + 1, quant_atual = quant_atual - 1 where id = 372; 
update estoque_total set total = total - 1 where medicamento_id = 372; 

insert into venda values (659, '2023-02-06 09:04:36', 233.74, null, null); 
insert into itens_venda values (default, 659, 450, 450, 2, 1.30, 42.74); 
update estoque set quant_venda = quant_venda + 2, quant_atual = quant_atual - 2 where id = 450; 
update estoque_total set total = total - 2 where medicamento_id = 450; 
insert into itens_venda values (default, 659, 237, 237, 1, 0.00, 135.23); 
update estoque set quant_venda = quant_venda + 1, quant_atual = quant_atual - 1 where id = 237; 
update estoque_total set total = total - 1 where medicamento_id = 237; 
insert into itens_venda values (default, 659, 461, 461, 3, 0.00, 55.77); 
update estoque set quant_venda = quant_venda + 3, quant_atual = quant_atual - 3 where id = 461; 
update estoque_total set total = total - 3 where medicamento_id = 461; 

insert into venda values (660, '2023-02-06 10:06:58', 122.28, 7, null); 
insert into itens_venda values (default, 660, 209, 209, 2, 3.60, 88.44); 
update estoque set quant_venda = quant_venda + 2, quant_atual = quant_atual - 2 where id = 209; 
update estoque_total set total = total - 2 where medicamento_id = 209; 
insert into itens_venda values (default, 660, 505, 505, 1, 0.00, 33.84); 
update estoque set quant_venda = quant_venda + 1, quant_atual = quant_atual - 1 where id = 505; 
update estoque_total set total = total - 1 where medicamento_id = 505; 

insert into venda values (661, '2023-02-06 11:09:18', 32.81, 14, null); 
insert into itens_venda values (default, 661, 374, 374, 1, 1.30, 32.81); 
update estoque set quant_venda = quant_venda + 1, quant_atual = quant_atual - 1 where id = 374; 
update estoque_total set total = total - 1 where medicamento_id = 374; 

insert into venda values (662, '2023-02-06 11:39:33', 61.61, 18, null); 
insert into itens_venda values (default, 662, 302, 302, 3, 1.20, 39.99); 
update estoque set quant_venda = quant_venda + 3, quant_atual = quant_atual - 3 where id = 302; 
update estoque_total set total = total - 3 where medicamento_id = 302; 
insert into itens_venda values (default, 662, 450, 450, 1, 0.40, 21.62); 
update estoque set quant_venda = quant_venda + 1, quant_atual = quant_atual - 1 where id = 450; 
update estoque_total set total = total - 1 where medicamento_id = 450; 

insert into venda values (663, '2023-02-06 12:14:28', 30.34, 8, null); 
insert into itens_venda values (default, 663, 494, 494, 2, 2.60, 30.34); 
update estoque set quant_venda = quant_venda + 2, quant_atual = quant_atual - 2 where id = 494; 
update estoque_total set total = total - 2 where medicamento_id = 494; 

insert into venda values (664, '2023-02-06 12:43:36', 168.15, null, null); 
insert into itens_venda values (default, 664, 60, 60, 1, 0.00, 168.15); 
update estoque set quant_venda = quant_venda + 1, quant_atual = quant_atual - 1 where id = 60; 
update estoque_total set total = total - 1 where medicamento_id = 60; 

insert into venda values (665, '2023-02-06 13:05:05', 464.71, null, null); 
insert into itens_venda values (default, 665, 200, 200, 1, 4.80, 117.53); 
update estoque set quant_venda = quant_venda + 1, quant_atual = quant_atual - 1 where id = 200; 
update estoque_total set total = total - 1 where medicamento_id = 200; 
insert into itens_venda values (default, 665, 160, 160, 1, 5.90, 291.30); 
update estoque set quant_venda = quant_venda + 1, quant_atual = quant_atual - 1 where id = 160; 
update estoque_total set total = total - 1 where medicamento_id = 160; 
insert into itens_venda values (default, 665, 325, 325, 1, 1.10, 55.88); 
update estoque set quant_venda = quant_venda + 1, quant_atual = quant_atual - 1 where id = 325; 
update estoque_total set total = total - 1 where medicamento_id = 325; 

insert into venda values (666, '2023-02-06 13:15:44', 160.37, null, null); 
insert into itens_venda values (default, 666, 350, 350, 1, 2.40, 121.04); 
update estoque set quant_venda = quant_venda + 1, quant_atual = quant_atual - 1 where id = 350; 
update estoque_total set total = total - 1 where medicamento_id = 350; 
insert into itens_venda values (default, 666, 504, 504, 1, 0.20, 6.55); 
update estoque set quant_venda = quant_venda + 1, quant_atual = quant_atual - 1 where id = 504; 
update estoque_total set total = total - 1 where medicamento_id = 504; 
insert into itens_venda values (default, 666, 431, 431, 3, 1.00, 32.78); 
update estoque set quant_venda = quant_venda + 3, quant_atual = quant_atual - 3 where id = 431; 
update estoque_total set total = total - 3 where medicamento_id = 431; 

insert into venda values (667, '2023-02-06 14:06:08', 73.56, null, null); 
insert into itens_venda values (default, 667, 501, 501, 1, 0.00, 23.09); 
update estoque set quant_venda = quant_venda + 1, quant_atual = quant_atual - 1 where id = 501; 
update estoque_total set total = total - 1 where medicamento_id = 501; 
insert into itens_venda values (default, 667, 437, 437, 1, 0.20, 25.98); 
update estoque set quant_venda = quant_venda + 1, quant_atual = quant_atual - 1 where id = 437; 
update estoque_total set total = total - 1 where medicamento_id = 437; 
insert into itens_venda values (default, 667, 380, 380, 3, 0.20, 24.49); 
update estoque set quant_venda = quant_venda + 3, quant_atual = quant_atual - 3 where id = 380; 
update estoque_total set total = total - 3 where medicamento_id = 380; 

insert into venda values (668, '2023-02-06 14:42:10', 77.25, null, null); 
insert into itens_venda values (default, 668, 459, 459, 1, 1.00, 32.92); 
update estoque set quant_venda = quant_venda + 1, quant_atual = quant_atual - 1 where id = 459; 
update estoque_total set total = total - 1 where medicamento_id = 459; 
insert into itens_venda values (default, 668, 492, 492, 1, 0.00, 44.33); 
update estoque set quant_venda = quant_venda + 1, quant_atual = quant_atual - 1 where id = 492; 
update estoque_total set total = total - 1 where medicamento_id = 492; 

insert into venda values (669, '2023-02-07 07:07:14', 332.12, null, null); 
insert into itens_venda values (default, 669, 488, 488, 2, 0.90, 97.56); 
update estoque set quant_venda = quant_venda + 2, quant_atual = quant_atual - 2 where id = 488; 
update estoque_total set total = total - 2 where medicamento_id = 488; 
insert into itens_venda values (default, 669, 499, 499, 2, 3.10, 74.44); 
update estoque set quant_venda = quant_venda + 2, quant_atual = quant_atual - 2 where id = 499; 
update estoque_total set total = total - 2 where medicamento_id = 499; 
insert into itens_venda values (default, 669, 163, 163, 1, 4.90, 160.12); 
update estoque set quant_venda = quant_venda + 1, quant_atual = quant_atual - 1 where id = 163; 
update estoque_total set total = total - 1 where medicamento_id = 163; 

insert into venda values (670, '2023-02-07 08:05:34', 115.46, 19, null); 
insert into itens_venda values (default, 670, 445, 445, 2, 0.70, 35.72); 
update estoque set quant_venda = quant_venda + 2, quant_atual = quant_atual - 2 where id = 445; 
update estoque_total set total = total - 2 where medicamento_id = 445; 
insert into itens_venda values (default, 670, 177, 177, 1, 1.60, 79.74); 
update estoque set quant_venda = quant_venda + 1, quant_atual = quant_atual - 1 where id = 177; 
update estoque_total set total = total - 1 where medicamento_id = 177; 

insert into venda values (671, '2023-02-07 08:49:56', 312.25, 3, 23); 
insert into itens_venda values (default, 671, 262, 262, 1, 1.70, 19.81); 
update estoque set quant_venda = quant_venda + 1, quant_atual = quant_atual - 1 where id = 262; 
update estoque_total set total = total - 1 where medicamento_id = 262; 
insert into itens_venda values (default, 671, 99, 99, 1, 12.10, 292.44); 
update estoque set quant_venda = quant_venda + 1, quant_atual = quant_atual - 1 where id = 99; 
update estoque_total set total = total - 1 where medicamento_id = 99; 

insert into venda values (672, '2023-02-07 09:05:28', 10.64, null, null); 
insert into itens_venda values (default, 672, 486, 486, 1, 0.30, 10.64); 
update estoque set quant_venda = quant_venda + 1, quant_atual = quant_atual - 1 where id = 486; 
update estoque_total set total = total - 1 where medicamento_id = 486; 

insert into venda values (673, '2023-02-07 09:09:34', 162.11, null, null); 
insert into itens_venda values (default, 673, 465, 465, 1, 3.60, 118.62); 
update estoque set quant_venda = quant_venda + 1, quant_atual = quant_atual - 1 where id = 465; 
update estoque_total set total = total - 1 where medicamento_id = 465; 
insert into itens_venda values (default, 673, 471, 471, 1, 0.10, 17.79); 
update estoque set quant_venda = quant_venda + 1, quant_atual = quant_atual - 1 where id = 471; 
update estoque_total set total = total - 1 where medicamento_id = 471; 
insert into itens_venda values (default, 673, 463, 463, 2, 1.00, 25.70); 
update estoque set quant_venda = quant_venda + 2, quant_atual = quant_atual - 2 where id = 463; 
update estoque_total set total = total - 2 where medicamento_id = 463; 

insert into venda values (674, '2023-02-07 10:05:32', 203.11, null, null); 
insert into itens_venda values (default, 674, 387, 387, 1, 1.30, 63.80); 
update estoque set quant_venda = quant_venda + 1, quant_atual = quant_atual - 1 where id = 387; 
update estoque_total set total = total - 1 where medicamento_id = 387; 
insert into itens_venda values (default, 674, 122, 122, 1, 1.40, 139.31); 
update estoque set quant_venda = quant_venda + 1, quant_atual = quant_atual - 1 where id = 122; 
update estoque_total set total = total - 1 where medicamento_id = 122; 

insert into venda values (675, '2023-02-07 10:25:58', 89.70, 16, null); 
insert into itens_venda values (default, 675, 386, 386, 2, 2.50, 34.22); 
update estoque set quant_venda = quant_venda + 2, quant_atual = quant_atual - 2 where id = 386; 
update estoque_total set total = total - 2 where medicamento_id = 386; 
insert into itens_venda values (default, 675, 244, 244, 2, 4.80, 55.48); 
update estoque set quant_venda = quant_venda + 2, quant_atual = quant_atual - 2 where id = 244; 
update estoque_total set total = total - 2 where medicamento_id = 244; 

insert into venda values (676, '2023-02-07 11:45:28', 91.52, 10, null); 
insert into itens_venda values (default, 676, 264, 264, 2, 6.80, 91.52); 
update estoque set quant_venda = quant_venda + 2, quant_atual = quant_atual - 2 where id = 264; 
update estoque_total set total = total - 2 where medicamento_id = 264; 

insert into venda values (677, '2023-02-07 12:50:15', 204.35, null, null); 
insert into itens_venda values (default, 677, 281, 281, 2, 1.10, 113.08); 
update estoque set quant_venda = quant_venda + 2, quant_atual = quant_atual - 2 where id = 281; 
update estoque_total set total = total - 2 where medicamento_id = 281; 
insert into itens_venda values (default, 677, 373, 373, 2, 0.00, 69.46); 
update estoque set quant_venda = quant_venda + 2, quant_atual = quant_atual - 2 where id = 373; 
update estoque_total set total = total - 2 where medicamento_id = 373; 
insert into itens_venda values (default, 677, 502, 502, 1, 0.00, 21.81); 
update estoque set quant_venda = quant_venda + 1, quant_atual = quant_atual - 1 where id = 502; 
update estoque_total set total = total - 1 where medicamento_id = 502; 

insert into venda values (678, '2023-02-07 14:02:43', 298.30, 9, null); 
insert into itens_venda values (default, 678, 363, 363, 2, 7.20, 136.88); 
update estoque set quant_venda = quant_venda + 2, quant_atual = quant_atual - 2 where id = 363; 
update estoque_total set total = total - 2 where medicamento_id = 363; 
insert into itens_venda values (default, 678, 415, 415, 1, 6.10, 147.52); 
update estoque set quant_venda = quant_venda + 1, quant_atual = quant_atual - 1 where id = 415; 
update estoque_total set total = total - 1 where medicamento_id = 415; 
insert into itens_venda values (default, 678, 376, 376, 1, 1.00, 13.90); 
update estoque set quant_venda = quant_venda + 1, quant_atual = quant_atual - 1 where id = 376; 
update estoque_total set total = total - 1 where medicamento_id = 376; 

insert into venda values (679, '2023-02-09 06:50:33', 358.89, null, 23); 
insert into itens_venda values (default, 679, 338, 338, 2, 0.00, 193.38); 
update estoque set quant_venda = quant_venda + 2, quant_atual = quant_atual - 2 where id = 338; 
update estoque_total set total = total - 2 where medicamento_id = 338; 
insert into itens_venda values (default, 679, 69, 69, 1, 5.10, 165.51); 
update estoque set quant_venda = quant_venda + 1, quant_atual = quant_atual - 1 where id = 69; 
update estoque_total set total = total - 1 where medicamento_id = 69; 

insert into venda values (680, '2023-02-09 08:04:52', 315.67, null, null); 
insert into itens_venda values (default, 680, 452, 452, 1, 0.00, 59.67); 
update estoque set quant_venda = quant_venda + 1, quant_atual = quant_atual - 1 where id = 452; 
update estoque_total set total = total - 1 where medicamento_id = 452; 
insert into itens_venda values (default, 680, 442, 442, 3, 2.00, 67.12); 
update estoque set quant_venda = quant_venda + 3, quant_atual = quant_atual - 3 where id = 442; 
update estoque_total set total = total - 3 where medicamento_id = 442; 
insert into itens_venda values (default, 680, 362, 362, 1, 0.00, 188.88); 
update estoque set quant_venda = quant_venda + 1, quant_atual = quant_atual - 1 where id = 362; 
update estoque_total set total = total - 1 where medicamento_id = 362; 

insert into venda values (681, '2023-02-09 09:05:37', 253.71, null, 23); 
insert into itens_venda values (default, 681, 265, 265, 2, 5.50, 133.30); 
update estoque set quant_venda = quant_venda + 2, quant_atual = quant_atual - 2 where id = 265; 
update estoque_total set total = total - 2 where medicamento_id = 265; 
insert into itens_venda values (default, 681, 471, 471, 3, 1.00, 52.67); 
update estoque set quant_venda = quant_venda + 3, quant_atual = quant_atual - 3 where id = 471; 
update estoque_total set total = total - 3 where medicamento_id = 471; 
insert into itens_venda values (default, 681, 457, 457, 2, 0.60, 67.74); 
update estoque set quant_venda = quant_venda + 2, quant_atual = quant_atual - 2 where id = 457; 
update estoque_total set total = total - 2 where medicamento_id = 457; 

insert into venda values (682, '2023-02-09 10:04:13', 10.68, null, null); 
insert into itens_venda values (default, 682, 495, 495, 1, 0.00, 10.68); 
update estoque set quant_venda = quant_venda + 1, quant_atual = quant_atual - 1 where id = 495; 
update estoque_total set total = total - 1 where medicamento_id = 495; 

insert into venda values (683, '2023-02-09 10:16:24', 248.53, 15, null); 
insert into itens_venda values (default, 683, 368, 368, 1, 0.00, 15.78); 
update estoque set quant_venda = quant_venda + 1, quant_atual = quant_atual - 1 where id = 368; 
update estoque_total set total = total - 1 where medicamento_id = 368; 
insert into itens_venda values (default, 683, 304, 304, 2, 2.70, 52.22); 
update estoque set quant_venda = quant_venda + 2, quant_atual = quant_atual - 2 where id = 304; 
update estoque_total set total = total - 2 where medicamento_id = 304; 
insert into itens_venda values (default, 683, 487, 487, 1, 7.50, 180.53); 
update estoque set quant_venda = quant_venda + 1, quant_atual = quant_atual - 1 where id = 487; 
update estoque_total set total = total - 1 where medicamento_id = 487; 

insert into venda values (684, '2023-02-09 10:16:56', 340.50, 12, null); 
insert into itens_venda values (default, 684, 257, 257, 1, 3.40, 340.50); 
update estoque set quant_venda = quant_venda + 1, quant_atual = quant_atual - 1 where id = 257; 
update estoque_total set total = total - 1 where medicamento_id = 257; 

insert into venda values (685, '2023-02-09 11:17:06', 25.52, null, null); 
insert into itens_venda values (default, 685, 335, 335, 1, 0.00, 25.52); 
update estoque set quant_venda = quant_venda + 1, quant_atual = quant_atual - 1 where id = 335; 
update estoque_total set total = total - 1 where medicamento_id = 335; 

insert into venda values (686, '2023-02-09 12:23:50', 65.04, null, null); 
insert into itens_venda values (default, 686, 477, 477, 1, 0.00, 65.04); 
update estoque set quant_venda = quant_venda + 1, quant_atual = quant_atual - 1 where id = 477; 
update estoque_total set total = total - 1 where medicamento_id = 477; 

insert into venda values (687, '2023-02-09 13:04:10', 60.53, 20, null); 
insert into itens_venda values (default, 687, 231, 231, 1, 0.00, 60.53); 
update estoque set quant_venda = quant_venda + 1, quant_atual = quant_atual - 1 where id = 231; 
update estoque_total set total = total - 1 where medicamento_id = 231; 

insert into venda values (688, '2023-02-09 13:33:40', 127.92, 4, null); 
insert into itens_venda values (default, 688, 446, 446, 1, 3.90, 127.92); 
update estoque set quant_venda = quant_venda + 1, quant_atual = quant_atual - 1 where id = 446; 
update estoque_total set total = total - 1 where medicamento_id = 446; 

insert into venda values (689, '2023-02-09 14:43:44', 60.28, null, null); 
insert into itens_venda values (default, 689, 328, 328, 2, 0.00, 60.28); 
update estoque set quant_venda = quant_venda + 2, quant_atual = quant_atual - 2 where id = 328; 
update estoque_total set total = total - 2 where medicamento_id = 328; 

insert into venda values (690, '2023-02-09 15:15:43', 82.24, null, null); 
insert into itens_venda values (default, 690, 478, 478, 1, 0.00, 57.52); 
update estoque set quant_venda = quant_venda + 1, quant_atual = quant_atual - 1 where id = 478; 
update estoque_total set total = total - 1 where medicamento_id = 478; 
insert into itens_venda values (default, 690, 291, 291, 2, 1.00, 24.72); 
update estoque set quant_venda = quant_venda + 2, quant_atual = quant_atual - 2 where id = 291; 
update estoque_total set total = total - 2 where medicamento_id = 291; 

insert into venda values (691, '2023-02-09 15:38:05', 195.97, null, 21); 
insert into itens_venda values (default, 691, 501, 501, 3, 1.30, 67.97); 
update estoque set quant_venda = quant_venda + 3, quant_atual = quant_atual - 3 where id = 501; 
update estoque_total set total = total - 3 where medicamento_id = 501; 
insert into itens_venda values (default, 691, 290, 290, 2, 1.20, 60.84); 
update estoque set quant_venda = quant_venda + 2, quant_atual = quant_atual - 2 where id = 290; 
update estoque_total set total = total - 2 where medicamento_id = 290; 
insert into itens_venda values (default, 691, 175, 175, 2, 0.60, 67.16); 
update estoque set quant_venda = quant_venda + 2, quant_atual = quant_atual - 2 where id = 175; 
update estoque_total set total = total - 2 where medicamento_id = 175; 

insert into venda values (692, '2023-02-10 08:04:40', 104.30, 15, null); 
insert into itens_venda values (default, 692, 372, 372, 1, 3.20, 104.30); 
update estoque set quant_venda = quant_venda + 1, quant_atual = quant_atual - 1 where id = 372; 
update estoque_total set total = total - 1 where medicamento_id = 372; 

insert into venda values (693, '2023-02-10 09:58:30', 237.08, null, null); 
insert into itens_venda values (default, 693, 497, 497, 2, 0.70, 74.50); 
update estoque set quant_venda = quant_venda + 2, quant_atual = quant_atual - 2 where id = 497; 
update estoque_total set total = total - 2 where medicamento_id = 497; 
insert into itens_venda values (default, 693, 147, 147, 1, 0.00, 162.58); 
update estoque set quant_venda = quant_venda + 1, quant_atual = quant_atual - 1 where id = 147; 
update estoque_total set total = total - 1 where medicamento_id = 147; 

insert into venda values (694, '2023-02-10 10:38:43', 110.54, 5, null); 
insert into itens_venda values (default, 694, 456, 456, 2, 0.70, 76.22); 
update estoque set quant_venda = quant_venda + 2, quant_atual = quant_atual - 2 where id = 456; 
update estoque_total set total = total - 2 where medicamento_id = 456; 
insert into itens_venda values (default, 694, 445, 445, 2, 2.10, 34.32); 
update estoque set quant_venda = quant_venda + 2, quant_atual = quant_atual - 2 where id = 445; 
update estoque_total set total = total - 2 where medicamento_id = 445; 

insert into venda values (695, '2023-02-10 12:33:00', 35.26, 12, null); 
insert into itens_venda values (default, 695, 426, 426, 1, 1.00, 35.26); 
update estoque set quant_venda = quant_venda + 1, quant_atual = quant_atual - 1 where id = 426; 
update estoque_total set total = total - 1 where medicamento_id = 426; 

insert into venda values (696, '2023-02-10 13:27:32', 119.62, null, 24); 
insert into itens_venda values (default, 696, 473, 473, 1, 1.90, 47.26); 
update estoque set quant_venda = quant_venda + 1, quant_atual = quant_atual - 1 where id = 473; 
update estoque_total set total = total - 1 where medicamento_id = 473; 
insert into itens_venda values (default, 696, 354, 354, 1, 0.70, 72.36); 
update estoque set quant_venda = quant_venda + 1, quant_atual = quant_atual - 1 where id = 354; 
update estoque_total set total = total - 1 where medicamento_id = 354; 

insert into venda values (697, '2023-02-10 14:29:59', 225.16, null, 22); 
insert into itens_venda values (default, 697, 477, 477, 1, 1.90, 63.14); 
update estoque set quant_venda = quant_venda + 1, quant_atual = quant_atual - 1 where id = 477; 
update estoque_total set total = total - 1 where medicamento_id = 477; 
insert into itens_venda values (default, 697, 330, 330, 2, 3.30, 162.02); 
update estoque set quant_venda = quant_venda + 2, quant_atual = quant_atual - 2 where id = 330; 
update estoque_total set total = total - 2 where medicamento_id = 330; 

insert into venda values (698, '2023-02-10 16:18:13', 161.72, null, null); 
insert into itens_venda values (default, 698, 163, 163, 1, 3.30, 161.72); 
update estoque set quant_venda = quant_venda + 1, quant_atual = quant_atual - 1 where id = 163; 
update estoque_total set total = total - 1 where medicamento_id = 163; 

insert into venda values (699, '2023-02-11 06:30:16', 102.92, 7, null); 
insert into itens_venda values (default, 699, 473, 473, 2, 8.80, 89.52); 
update estoque set quant_venda = quant_venda + 2, quant_atual = quant_atual - 2 where id = 473; 
update estoque_total set total = total - 2 where medicamento_id = 473; 
insert into itens_venda values (default, 699, 504, 504, 2, 0.10, 13.40); 
update estoque set quant_venda = quant_venda + 2, quant_atual = quant_atual - 2 where id = 504; 
update estoque_total set total = total - 2 where medicamento_id = 504; 

insert into venda values (700, '2023-02-11 07:54:28', 173.89, 2, 21); 
insert into itens_venda values (default, 700, 150, 150, 1, 7.20, 173.89); 
update estoque set quant_venda = quant_venda + 1, quant_atual = quant_atual - 1 where id = 150; 
update estoque_total set total = total - 1 where medicamento_id = 150; 

insert into venda values (701, '2023-02-11 09:22:34', 257.70, null, null); 
insert into itens_venda values (default, 701, 407, 407, 2, 1.30, 138.36); 
update estoque set quant_venda = quant_venda + 2, quant_atual = quant_atual - 2 where id = 407; 
update estoque_total set total = total - 2 where medicamento_id = 407; 
insert into itens_venda values (default, 701, 452, 452, 2, 0.00, 119.34); 
update estoque set quant_venda = quant_venda + 2, quant_atual = quant_atual - 2 where id = 452; 
update estoque_total set total = total - 2 where medicamento_id = 452; 

insert into venda values (702, '2023-02-11 09:38:34', 360.42, null, 21); 
insert into itens_venda values (default, 702, 317, 317, 2, 1.80, 179.00); 
update estoque set quant_venda = quant_venda + 2, quant_atual = quant_atual - 2 where id = 317; 
update estoque_total set total = total - 2 where medicamento_id = 317; 
insert into itens_venda values (default, 702, 499, 499, 1, 0.70, 38.07); 
update estoque set quant_venda = quant_venda + 1, quant_atual = quant_atual - 1 where id = 499; 
update estoque_total set total = total - 1 where medicamento_id = 499; 
insert into itens_venda values (default, 702, 245, 245, 1, 4.40, 143.35); 
update estoque set quant_venda = quant_venda + 1, quant_atual = quant_atual - 1 where id = 245; 
update estoque_total set total = total - 1 where medicamento_id = 245; 

insert into venda values (703, '2023-02-11 10:07:26', 24.51, null, null); 
insert into itens_venda values (default, 703, 429, 429, 1, 0.20, 24.51); 
update estoque set quant_venda = quant_venda + 1, quant_atual = quant_atual - 1 where id = 429; 
update estoque_total set total = total - 1 where medicamento_id = 429; 

insert into venda values (704, '2023-02-11 10:39:21', 150.28, 15, null); 
insert into itens_venda values (default, 704, 364, 364, 1, 2.60, 30.52); 
update estoque set quant_venda = quant_venda + 1, quant_atual = quant_atual - 1 where id = 364; 
update estoque_total set total = total - 1 where medicamento_id = 364; 
insert into itens_venda values (default, 704, 467, 467, 2, 4.90, 119.76); 
update estoque set quant_venda = quant_venda + 2, quant_atual = quant_atual - 2 where id = 467; 
update estoque_total set total = total - 2 where medicamento_id = 467; 

insert into venda values (705, '2023-02-12 06:14:24', 16.37, null, null); 
insert into itens_venda values (default, 705, 494, 494, 1, 0.10, 16.37); 
update estoque set quant_venda = quant_venda + 1, quant_atual = quant_atual - 1 where id = 494; 
update estoque_total set total = total - 1 where medicamento_id = 494; 

insert into venda values (706, '2023-02-12 07:18:43', 115.03, 19, null); 
insert into itens_venda values (default, 706, 463, 463, 3, 2.80, 37.25); 
update estoque set quant_venda = quant_venda + 3, quant_atual = quant_atual - 3 where id = 463; 
update estoque_total set total = total - 3 where medicamento_id = 463; 
insert into itens_venda values (default, 706, 252, 252, 1, 0.20, 27.86); 
update estoque set quant_venda = quant_venda + 1, quant_atual = quant_atual - 1 where id = 252; 
update estoque_total set total = total - 1 where medicamento_id = 252; 
insert into itens_venda values (default, 706, 235, 235, 1, 3.70, 49.92); 
update estoque set quant_venda = quant_venda + 1, quant_atual = quant_atual - 1 where id = 235; 
update estoque_total set total = total - 1 where medicamento_id = 235; 

insert into venda values (707, '2023-02-12 08:25:54', 310.40, 1, null); 
insert into itens_venda values (default, 707, 470, 470, 1, 2.60, 84.80); 
update estoque set quant_venda = quant_venda + 1, quant_atual = quant_atual - 1 where id = 470; 
update estoque_total set total = total - 1 where medicamento_id = 470; 
insert into itens_venda values (default, 707, 487, 487, 1, 3.70, 184.33); 
update estoque set quant_venda = quant_venda + 1, quant_atual = quant_atual - 1 where id = 487; 
update estoque_total set total = total - 1 where medicamento_id = 487; 
insert into itens_venda values (default, 707, 395, 395, 1, 0.00, 41.27); 
update estoque set quant_venda = quant_venda + 1, quant_atual = quant_atual - 1 where id = 395; 
update estoque_total set total = total - 1 where medicamento_id = 395; 

insert into venda values (708, '2023-02-12 10:22:15', 82.48, 4, null); 
insert into itens_venda values (default, 708, 384, 384, 2, 5.20, 82.48); 
update estoque set quant_venda = quant_venda + 2, quant_atual = quant_atual - 2 where id = 384; 
update estoque_total set total = total - 2 where medicamento_id = 384; 

insert into venda values (709, '2023-02-12 10:26:29', 39.37, 10, null); 
insert into itens_venda values (default, 709, 439, 439, 1, 1.60, 39.37); 
update estoque set quant_venda = quant_venda + 1, quant_atual = quant_atual - 1 where id = 439; 
update estoque_total set total = total - 1 where medicamento_id = 439; 

insert into venda values (710, '2023-02-12 12:13:12', 144.57, null, null); 
insert into itens_venda values (default, 710, 381, 381, 2, 0.00, 120.78); 
update estoque set quant_venda = quant_venda + 2, quant_atual = quant_atual - 2 where id = 381; 
update estoque_total set total = total - 2 where medicamento_id = 381; 
insert into itens_venda values (default, 710, 331, 331, 1, 0.20, 23.79); 
update estoque set quant_venda = quant_venda + 1, quant_atual = quant_atual - 1 where id = 331; 
update estoque_total set total = total - 1 where medicamento_id = 331; 

insert into venda values (711, '2023-02-12 12:50:24', 255.41, null, 22); 
insert into itens_venda values (default, 711, 381, 381, 2, 3.60, 117.18); 
update estoque set quant_venda = quant_venda + 2, quant_atual = quant_atual - 2 where id = 381; 
update estoque_total set total = total - 2 where medicamento_id = 381; 
insert into itens_venda values (default, 711, 354, 354, 1, 1.40, 71.66); 
update estoque set quant_venda = quant_venda + 1, quant_atual = quant_atual - 1 where id = 354; 
update estoque_total set total = total - 1 where medicamento_id = 354; 
insert into itens_venda values (default, 711, 501, 501, 3, 2.70, 66.57); 
update estoque set quant_venda = quant_venda + 3, quant_atual = quant_atual - 3 where id = 501; 
update estoque_total set total = total - 3 where medicamento_id = 501; 

insert into venda values (712, '2023-02-13 08:20:04', 85.38, null, null); 
insert into itens_venda values (default, 712, 489, 489, 2, 2.60, 85.38); 
update estoque set quant_venda = quant_venda + 2, quant_atual = quant_atual - 2 where id = 489; 
update estoque_total set total = total - 2 where medicamento_id = 489; 

insert into venda values (713, '2023-02-13 08:43:53', 44.42, null, null); 
insert into itens_venda values (default, 713, 326, 326, 1, 1.30, 44.42); 
update estoque set quant_venda = quant_venda + 1, quant_atual = quant_atual - 1 where id = 326; 
update estoque_total set total = total - 1 where medicamento_id = 326; 

insert into venda values (714, '2023-02-13 11:23:30', 137.76, 14, null); 
insert into itens_venda values (default, 714, 360, 360, 1, 10.30, 137.76); 
update estoque set quant_venda = quant_venda + 1, quant_atual = quant_atual - 1 where id = 360; 
update estoque_total set total = total - 1 where medicamento_id = 360; 

insert into venda values (715, '2023-02-14 07:22:45', 210.08, 6, 22); 
insert into itens_venda values (default, 715, 356, 356, 1, 1.10, 113.96); 
update estoque set quant_venda = quant_venda + 1, quant_atual = quant_atual - 1 where id = 356; 
update estoque_total set total = total - 1 where medicamento_id = 356; 
insert into itens_venda values (default, 715, 435, 435, 1, 1.90, 96.12); 
update estoque set quant_venda = quant_venda + 1, quant_atual = quant_atual - 1 where id = 435; 
update estoque_total set total = total - 1 where medicamento_id = 435; 

insert into venda values (716, '2023-02-14 07:35:43', 328.65, null, null); 
insert into itens_venda values (default, 716, 263, 263, 1, 8.40, 203.11); 
update estoque set quant_venda = quant_venda + 1, quant_atual = quant_atual - 1 where id = 263; 
update estoque_total set total = total - 1 where medicamento_id = 263; 
insert into itens_venda values (default, 716, 463, 463, 3, 1.60, 38.45); 
update estoque set quant_venda = quant_venda + 3, quant_atual = quant_atual - 3 where id = 463; 
update estoque_total set total = total - 3 where medicamento_id = 463; 
insert into itens_venda values (default, 716, 369, 369, 1, 2.60, 87.09); 
update estoque set quant_venda = quant_venda + 1, quant_atual = quant_atual - 1 where id = 369; 
update estoque_total set total = total - 1 where medicamento_id = 369; 

insert into venda values (717, '2023-02-14 08:35:56', 191.10, 17, null); 
insert into itens_venda values (default, 717, 477, 477, 2, 11.70, 118.38); 
update estoque set quant_venda = quant_venda + 2, quant_atual = quant_atual - 2 where id = 477; 
update estoque_total set total = total - 2 where medicamento_id = 477; 
insert into itens_venda values (default, 717, 453, 453, 1, 0.00, 6.50); 
update estoque set quant_venda = quant_venda + 1, quant_atual = quant_atual - 1 where id = 453; 
update estoque_total set total = total - 1 where medicamento_id = 453; 
insert into itens_venda values (default, 717, 374, 374, 2, 2.00, 66.22); 
update estoque set quant_venda = quant_venda + 2, quant_atual = quant_atual - 2 where id = 374; 
update estoque_total set total = total - 2 where medicamento_id = 374; 

insert into venda values (718, '2023-02-14 09:50:30', 164.14, 7, null); 
insert into itens_venda values (default, 718, 275, 275, 2, 3.30, 164.14); 
update estoque set quant_venda = quant_venda + 2, quant_atual = quant_atual - 2 where id = 275; 
update estoque_total set total = total - 2 where medicamento_id = 275; 

insert into venda values (719, '2023-02-14 10:13:25', 134.69, null, null); 
insert into itens_venda values (default, 719, 468, 468, 1, 1.70, 57.77); 
update estoque set quant_venda = quant_venda + 1, quant_atual = quant_atual - 1 where id = 468; 
update estoque_total set total = total - 1 where medicamento_id = 468; 
insert into itens_venda values (default, 719, 456, 456, 2, 0.00, 76.92); 
update estoque set quant_venda = quant_venda + 2, quant_atual = quant_atual - 2 where id = 456; 
update estoque_total set total = total - 2 where medicamento_id = 456; 

insert into venda values (720, '2023-02-14 10:37:34', 165.80, 12, 22); 
insert into itens_venda values (default, 720, 354, 354, 1, 2.10, 70.96); 
update estoque set quant_venda = quant_venda + 1, quant_atual = quant_atual - 1 where id = 354; 
update estoque_total set total = total - 1 where medicamento_id = 354; 
insert into itens_venda values (default, 720, 209, 209, 2, 1.80, 90.24); 
update estoque set quant_venda = quant_venda + 2, quant_atual = quant_atual - 2 where id = 209; 
update estoque_total set total = total - 2 where medicamento_id = 209; 
insert into itens_venda values (default, 720, 432, 432, 1, 0.10, 4.60); 
update estoque set quant_venda = quant_venda + 1, quant_atual = quant_atual - 1 where id = 432; 
update estoque_total set total = total - 1 where medicamento_id = 432; 

insert into venda values (721, '2023-02-14 10:48:13', 7.20, 15, null); 
insert into itens_venda values (default, 721, 406, 406, 1, 0.00, 7.20); 
update estoque set quant_venda = quant_venda + 1, quant_atual = quant_atual - 1 where id = 406; 
update estoque_total set total = total - 1 where medicamento_id = 406; 

insert into venda values (722, '2023-02-14 11:22:48', 132.24, null, null); 
insert into itens_venda values (default, 722, 420, 420, 2, 1.30, 132.24); 
update estoque set quant_venda = quant_venda + 2, quant_atual = quant_atual - 2 where id = 420; 
update estoque_total set total = total - 2 where medicamento_id = 420; 

insert into venda values (723, '2023-02-14 12:13:57', 5.30, null, null); 
insert into itens_venda values (default, 723, 227, 227, 2, 0.10, 5.30); 
update estoque set quant_venda = quant_venda + 2, quant_atual = quant_atual - 2 where id = 227; 
update estoque_total set total = total - 2 where medicamento_id = 227; 

insert into venda values (724, '2023-02-14 12:22:29', 41.98, 6, null); 
insert into itens_venda values (default, 724, 442, 442, 2, 4.10, 41.98); 
update estoque set quant_venda = quant_venda + 2, quant_atual = quant_atual - 2 where id = 442; 
update estoque_total set total = total - 2 where medicamento_id = 442; 

insert into venda values (725, '2023-02-15 07:59:07', 260.80, null, null); 
insert into itens_venda values (default, 725, 444, 444, 2, 0.00, 151.18); 
update estoque set quant_venda = quant_venda + 2, quant_atual = quant_atual - 2 where id = 444; 
update estoque_total set total = total - 2 where medicamento_id = 444; 
insert into itens_venda values (default, 725, 462, 462, 2, 0.70, 37.16); 
update estoque set quant_venda = quant_venda + 2, quant_atual = quant_atual - 2 where id = 462; 
update estoque_total set total = total - 2 where medicamento_id = 462; 
insert into itens_venda values (default, 725, 223, 223, 1, 0.00, 72.46); 
update estoque set quant_venda = quant_venda + 1, quant_atual = quant_atual - 1 where id = 223; 
update estoque_total set total = total - 1 where medicamento_id = 223; 

insert into venda values (726, '2023-02-15 10:13:29', 321.18, 18, 24); 
insert into itens_venda values (default, 726, 96, 96, 1, 12.70, 241.34); 
update estoque set quant_venda = quant_venda + 1, quant_atual = quant_atual - 1 where id = 96; 
update estoque_total set total = total - 1 where medicamento_id = 96; 
insert into itens_venda values (default, 726, 306, 306, 1, 3.30, 79.84); 
update estoque set quant_venda = quant_venda + 1, quant_atual = quant_atual - 1 where id = 306; 
update estoque_total set total = total - 1 where medicamento_id = 306; 

insert into venda values (727, '2023-02-15 12:51:52', 277.55, null, null); 
insert into itens_venda values (default, 727, 82, 82, 1, 5.60, 277.55); 
update estoque set quant_venda = quant_venda + 1, quant_atual = quant_atual - 1 where id = 82; 
update estoque_total set total = total - 1 where medicamento_id = 82; 

insert into venda values (728, '2023-02-15 15:34:14', 89.50, null, 21); 
insert into itens_venda values (default, 728, 317, 317, 1, 0.90, 89.50); 
update estoque set quant_venda = quant_venda + 1, quant_atual = quant_atual - 1 where id = 317; 
update estoque_total set total = total - 1 where medicamento_id = 317; 

insert into venda values (729, '2023-02-15 15:50:29', 100.56, 20, null); 
insert into itens_venda values (default, 729, 501, 501, 3, 6.20, 63.07); 
update estoque set quant_venda = quant_venda + 3, quant_atual = quant_atual - 3 where id = 501; 
update estoque_total set total = total - 3 where medicamento_id = 501; 
insert into itens_venda values (default, 729, 481, 481, 2, 0.20, 26.48); 
update estoque set quant_venda = quant_venda + 2, quant_atual = quant_atual - 2 where id = 481; 
update estoque_total set total = total - 2 where medicamento_id = 481; 
insert into itens_venda values (default, 729, 503, 503, 3, 0.00, 11.01); 
update estoque set quant_venda = quant_venda + 3, quant_atual = quant_atual - 3 where id = 503; 
update estoque_total set total = total - 3 where medicamento_id = 503; 

insert into venda values (730, '2023-02-15 17:41:17', 125.20, null, null); 
insert into itens_venda values (default, 730, 493, 493, 1, 0.20, 7.36); 
update estoque set quant_venda = quant_venda + 1, quant_atual = quant_atual - 1 where id = 493; 
update estoque_total set total = total - 1 where medicamento_id = 493; 
insert into itens_venda values (default, 730, 468, 468, 2, 1.10, 117.84); 
update estoque set quant_venda = quant_venda + 2, quant_atual = quant_atual - 2 where id = 468; 
update estoque_total set total = total - 2 where medicamento_id = 468; 

insert into venda values (731, '2023-02-16 07:30:47', 4.60, null, null); 
insert into itens_venda values (default, 731, 432, 432, 1, 0.10, 4.60); 
update estoque set quant_venda = quant_venda + 1, quant_atual = quant_atual - 1 where id = 432; 
update estoque_total set total = total - 1 where medicamento_id = 432; 

insert into venda values (732, '2023-02-16 10:16:21', 125.87, null, null); 
insert into itens_venda values (default, 732, 306, 306, 1, 0.80, 82.34); 
update estoque set quant_venda = quant_venda + 1, quant_atual = quant_atual - 1 where id = 306; 
update estoque_total set total = total - 1 where medicamento_id = 306; 
insert into itens_venda values (default, 732, 492, 492, 1, 0.80, 43.53); 
update estoque set quant_venda = quant_venda + 1, quant_atual = quant_atual - 1 where id = 492; 
update estoque_total set total = total - 1 where medicamento_id = 492; 

insert into venda values (733, '2023-02-16 10:24:53', 51.91, 3, null); 
insert into itens_venda values (default, 733, 383, 383, 1, 0.00, 51.91); 
update estoque set quant_venda = quant_venda + 1, quant_atual = quant_atual - 1 where id = 383; 
update estoque_total set total = total - 1 where medicamento_id = 383; 

insert into venda values (734, '2023-02-16 12:16:46', 137.18, 20, null); 
insert into itens_venda values (default, 734, 463, 463, 1, 1.00, 12.35); 
update estoque set quant_venda = quant_venda + 1, quant_atual = quant_atual - 1 where id = 463; 
update estoque_total set total = total - 1 where medicamento_id = 463; 
insert into itens_venda values (default, 734, 323, 323, 1, 0.00, 17.67); 
update estoque set quant_venda = quant_venda + 1, quant_atual = quant_atual - 1 where id = 323; 
update estoque_total set total = total - 1 where medicamento_id = 323; 
insert into itens_venda values (default, 734, 325, 325, 2, 6.80, 107.16); 
update estoque set quant_venda = quant_venda + 2, quant_atual = quant_atual - 2 where id = 325; 
update estoque_total set total = total - 2 where medicamento_id = 325; 

insert into venda values (735, '2023-02-16 12:47:21', 112.66, 15, null); 
insert into itens_venda values (default, 735, 447, 447, 3, 2.30, 77.29); 
update estoque set quant_venda = quant_venda + 3, quant_atual = quant_atual - 3 where id = 447; 
update estoque_total set total = total - 3 where medicamento_id = 447; 
insert into itens_venda values (default, 735, 378, 378, 1, 2.20, 35.37); 
update estoque set quant_venda = quant_venda + 1, quant_atual = quant_atual - 1 where id = 378; 
update estoque_total set total = total - 1 where medicamento_id = 378; 

insert into venda values (736, '2023-02-17 07:53:19', 174.08, null, null); 
insert into itens_venda values (default, 736, 369, 369, 2, 5.30, 174.08); 
update estoque set quant_venda = quant_venda + 2, quant_atual = quant_atual - 2 where id = 369; 
update estoque_total set total = total - 2 where medicamento_id = 369; 

insert into venda values (737, '2023-02-17 08:47:40', 10.80, 17, null); 
insert into itens_venda values (default, 737, 424, 424, 1, 0.20, 10.80); 
update estoque set quant_venda = quant_venda + 1, quant_atual = quant_atual - 1 where id = 424; 
update estoque_total set total = total - 1 where medicamento_id = 424; 

insert into venda values (738, '2023-02-18 07:04:23', 130.01, null, null); 
insert into itens_venda values (default, 738, 346, 346, 1, 0.80, 44.13); 
update estoque set quant_venda = quant_venda + 1, quant_atual = quant_atual - 1 where id = 346; 
update estoque_total set total = total - 1 where medicamento_id = 346; 
insert into itens_venda values (default, 738, 479, 479, 1, 1.10, 35.59); 
update estoque set quant_venda = quant_venda + 1, quant_atual = quant_atual - 1 where id = 479; 
update estoque_total set total = total - 1 where medicamento_id = 479; 
insert into itens_venda values (default, 738, 438, 438, 1, 2.00, 50.29); 
update estoque set quant_venda = quant_venda + 1, quant_atual = quant_atual - 1 where id = 438; 
update estoque_total set total = total - 1 where medicamento_id = 438; 

insert into venda values (739, '2023-02-18 08:22:48', 117.43, 11, null); 
insert into itens_venda values (default, 739, 363, 363, 1, 2.80, 69.24); 
update estoque set quant_venda = quant_venda + 1, quant_atual = quant_atual - 1 where id = 363; 
update estoque_total set total = total - 1 where medicamento_id = 363; 
insert into itens_venda values (default, 739, 438, 438, 1, 4.10, 48.19); 
update estoque set quant_venda = quant_venda + 1, quant_atual = quant_atual - 1 where id = 438; 
update estoque_total set total = total - 1 where medicamento_id = 438; 

insert into venda values (740, '2023-02-18 09:28:55', 130.52, 3, null); 
insert into itens_venda values (default, 740, 446, 446, 1, 1.30, 130.52); 
update estoque set quant_venda = quant_venda + 1, quant_atual = quant_atual - 1 where id = 446; 
update estoque_total set total = total - 1 where medicamento_id = 446; 

insert into venda values (741, '2023-02-18 10:23:03', 77.26, null, null); 
insert into itens_venda values (default, 741, 441, 441, 1, 0.00, 28.50); 
update estoque set quant_venda = quant_venda + 1, quant_atual = quant_atual - 1 where id = 441; 
update estoque_total set total = total - 1 where medicamento_id = 441; 
insert into itens_venda values (default, 741, 473, 473, 1, 0.40, 48.76); 
update estoque set quant_venda = quant_venda + 1, quant_atual = quant_atual - 1 where id = 473; 
update estoque_total set total = total - 1 where medicamento_id = 473; 

insert into venda values (742, '2023-02-18 10:39:49', 49.23, null, null); 
insert into itens_venda values (default, 742, 488, 488, 1, 0.00, 49.23); 
update estoque set quant_venda = quant_venda + 1, quant_atual = quant_atual - 1 where id = 488; 
update estoque_total set total = total - 1 where medicamento_id = 488; 

insert into venda values (743, '2023-02-18 11:53:00', 177.00, 3, null); 
insert into itens_venda values (default, 743, 283, 283, 1, 2.50, 49.40); 
update estoque set quant_venda = quant_venda + 1, quant_atual = quant_atual - 1 where id = 283; 
update estoque_total set total = total - 1 where medicamento_id = 283; 
insert into itens_venda values (default, 743, 504, 504, 2, 0.50, 13.00); 
update estoque set quant_venda = quant_venda + 2, quant_atual = quant_atual - 2 where id = 504; 
update estoque_total set total = total - 2 where medicamento_id = 504; 
insert into itens_venda values (default, 743, 129, 129, 2, 0.00, 114.60); 
update estoque set quant_venda = quant_venda + 2, quant_atual = quant_atual - 2 where id = 129; 
update estoque_total set total = total - 2 where medicamento_id = 129; 

insert into venda values (744, '2023-02-18 13:12:25', 201.68, null, null); 
insert into itens_venda values (default, 744, 362, 362, 1, 0.00, 188.88); 
update estoque set quant_venda = quant_venda + 1, quant_atual = quant_atual - 1 where id = 362; 
update estoque_total set total = total - 1 where medicamento_id = 362; 
insert into itens_venda values (default, 744, 453, 453, 2, 0.20, 12.80); 
update estoque set quant_venda = quant_venda + 2, quant_atual = quant_atual - 2 where id = 453; 
update estoque_total set total = total - 2 where medicamento_id = 453; 

insert into venda values (745, '2023-02-18 14:24:43', 477.76, null, 24); 
insert into itens_venda values (default, 745, 389, 389, 1, 0.90, 31.50); 
update estoque set quant_venda = quant_venda + 1, quant_atual = quant_atual - 1 where id = 389; 
update estoque_total set total = total - 1 where medicamento_id = 389; 
insert into itens_venda values (default, 745, 288, 288, 3, 0.00, 49.02); 
update estoque set quant_venda = quant_venda + 3, quant_atual = quant_atual - 3 where id = 288; 
update estoque_total set total = total - 3 where medicamento_id = 288; 
insert into itens_venda values (default, 745, 4, 4, 1, 4.00, 397.24); 
update estoque set quant_venda = quant_venda + 1, quant_atual = quant_atual - 1 where id = 4; 
update estoque_total set total = total - 1 where medicamento_id = 4; 

insert into venda values (746, '2023-02-18 15:32:51', 29.63, null, null); 
insert into itens_venda values (default, 746, 493, 493, 2, 0.60, 14.52); 
update estoque set quant_venda = quant_venda + 2, quant_atual = quant_atual - 2 where id = 493; 
update estoque_total set total = total - 2 where medicamento_id = 493; 
insert into itens_venda values (default, 746, 311, 311, 1, 0.10, 15.11); 
update estoque set quant_venda = quant_venda + 1, quant_atual = quant_atual - 1 where id = 311; 
update estoque_total set total = total - 1 where medicamento_id = 311; 

insert into venda values (747, '2023-02-18 15:44:23', 49.41, null, null); 
insert into itens_venda values (default, 747, 494, 494, 3, 0.00, 49.41); 
update estoque set quant_venda = quant_venda + 3, quant_atual = quant_atual - 3 where id = 494; 
update estoque_total set total = total - 3 where medicamento_id = 494; 

insert into venda values (748, '2023-02-18 16:24:56', 59.11, null, null); 
insert into itens_venda values (default, 748, 313, 313, 1, 0.00, 41.54); 
update estoque set quant_venda = quant_venda + 1, quant_atual = quant_atual - 1 where id = 313; 
update estoque_total set total = total - 1 where medicamento_id = 313; 
insert into itens_venda values (default, 748, 323, 323, 1, 0.10, 17.57); 
update estoque set quant_venda = quant_venda + 1, quant_atual = quant_atual - 1 where id = 323; 
update estoque_total set total = total - 1 where medicamento_id = 323; 

insert into venda values (749, '2023-02-18 16:38:04', 131.77, null, 22); 
insert into itens_venda values (default, 749, 306, 306, 1, 0.00, 83.14); 
update estoque set quant_venda = quant_venda + 1, quant_atual = quant_atual - 1 where id = 306; 
update estoque_total set total = total - 1 where medicamento_id = 306; 
insert into itens_venda values (default, 749, 366, 366, 1, 0.90, 48.63); 
update estoque set quant_venda = quant_venda + 1, quant_atual = quant_atual - 1 where id = 366; 
update estoque_total set total = total - 1 where medicamento_id = 366; 

insert into venda values (750, '2023-02-18 17:18:42', 175.12, null, null); 
insert into itens_venda values (default, 750, 231, 231, 2, 2.40, 118.66); 
update estoque set quant_venda = quant_venda + 2, quant_atual = quant_atual - 2 where id = 231; 
update estoque_total set total = total - 2 where medicamento_id = 231; 
insert into itens_venda values (default, 750, 495, 495, 2, 0.80, 20.56); 
update estoque set quant_venda = quant_venda + 2, quant_atual = quant_atual - 2 where id = 495; 
update estoque_total set total = total - 2 where medicamento_id = 495; 
insert into itens_venda values (default, 750, 425, 425, 1, 0.30, 35.90); 
update estoque set quant_venda = quant_venda + 1, quant_atual = quant_atual - 1 where id = 425; 
update estoque_total set total = total - 1 where medicamento_id = 425; 

insert into venda values (751, '2023-02-19 08:42:03', 15.66, 2, null); 
insert into itens_venda values (default, 751, 380, 380, 2, 0.80, 15.66); 
update estoque set quant_venda = quant_venda + 2, quant_atual = quant_atual - 2 where id = 380; 
update estoque_total set total = total - 2 where medicamento_id = 380; 

insert into venda values (752, '2023-02-19 10:01:07', 385.26, null, null); 
insert into itens_venda values (default, 752, 415, 415, 1, 1.50, 152.12); 
update estoque set quant_venda = quant_venda + 1, quant_atual = quant_atual - 1 where id = 415; 
update estoque_total set total = total - 1 where medicamento_id = 415; 
insert into itens_venda values (default, 752, 295, 295, 2, 7.80, 187.36); 
update estoque set quant_venda = quant_venda + 2, quant_atual = quant_atual - 2 where id = 295; 
update estoque_total set total = total - 2 where medicamento_id = 295; 
insert into itens_venda values (default, 752, 501, 501, 2, 0.40, 45.78); 
update estoque set quant_venda = quant_venda + 2, quant_atual = quant_atual - 2 where id = 501; 
update estoque_total set total = total - 2 where medicamento_id = 501; 

insert into venda values (753, '2023-02-19 11:21:56', 126.06, 16, null); 
insert into itens_venda values (default, 753, 227, 227, 1, 0.00, 2.70); 
update estoque set quant_venda = quant_venda + 1, quant_atual = quant_atual - 1 where id = 227; 
update estoque_total set total = total - 1 where medicamento_id = 227; 
insert into itens_venda values (default, 753, 343, 343, 2, 0.60, 62.28); 
update estoque set quant_venda = quant_venda + 2, quant_atual = quant_atual - 2 where id = 343; 
update estoque_total set total = total - 2 where medicamento_id = 343; 
insert into itens_venda values (default, 753, 349, 349, 2, 1.20, 61.08); 
update estoque set quant_venda = quant_venda + 2, quant_atual = quant_atual - 2 where id = 349; 
update estoque_total set total = total - 2 where medicamento_id = 349; 

insert into venda values (754, '2023-02-19 11:24:25', 160.73, null, null); 
insert into itens_venda values (default, 754, 371, 371, 1, 5.50, 132.03); 
update estoque set quant_venda = quant_venda + 1, quant_atual = quant_atual - 1 where id = 371; 
update estoque_total set total = total - 1 where medicamento_id = 371; 
insert into itens_venda values (default, 754, 376, 376, 2, 1.10, 28.70); 
update estoque set quant_venda = quant_venda + 2, quant_atual = quant_atual - 2 where id = 376; 
update estoque_total set total = total - 2 where medicamento_id = 376; 

insert into venda values (755, '2023-02-19 12:29:41', 37.78, null, null); 
insert into itens_venda values (default, 755, 449, 449, 2, 1.50, 37.78); 
update estoque set quant_venda = quant_venda + 2, quant_atual = quant_atual - 2 where id = 449; 
update estoque_total set total = total - 2 where medicamento_id = 449; 

insert into venda values (756, '2023-02-20 06:40:35', 341.23, 5, null); 
insert into itens_venda values (default, 756, 158, 158, 1, 2.30, 116.30); 
update estoque set quant_venda = quant_venda + 1, quant_atual = quant_atual - 1 where id = 158; 
update estoque_total set total = total - 1 where medicamento_id = 158; 
insert into itens_venda values (default, 756, 307, 307, 1, 16.90, 224.93); 
update estoque set quant_venda = quant_venda + 1, quant_atual = quant_atual - 1 where id = 307; 
update estoque_total set total = total - 1 where medicamento_id = 307; 

insert into venda values (757, '2023-02-20 07:56:50', 21.81, 5, null); 
insert into itens_venda values (default, 757, 502, 502, 1, 0.00, 21.81); 
update estoque set quant_venda = quant_venda + 1, quant_atual = quant_atual - 1 where id = 502; 
update estoque_total set total = total - 1 where medicamento_id = 502; 

insert into venda values (758, '2023-02-20 09:15:28', 123.50, null, null); 
insert into itens_venda values (default, 758, 499, 499, 2, 2.30, 75.24); 
update estoque set quant_venda = quant_venda + 2, quant_atual = quant_atual - 2 where id = 499; 
update estoque_total set total = total - 2 where medicamento_id = 499; 
insert into itens_venda values (default, 758, 473, 473, 1, 0.90, 48.26); 
update estoque set quant_venda = quant_venda + 1, quant_atual = quant_atual - 1 where id = 473; 
update estoque_total set total = total - 1 where medicamento_id = 473; 

insert into venda values (759, '2023-02-20 10:10:09', 119.08, null, null); 
insert into itens_venda values (default, 759, 430, 430, 2, 0.00, 49.42); 
update estoque set quant_venda = quant_venda + 2, quant_atual = quant_atual - 2 where id = 430; 
update estoque_total set total = total - 2 where medicamento_id = 430; 
insert into itens_venda values (default, 759, 223, 223, 1, 2.80, 69.66); 
update estoque set quant_venda = quant_venda + 1, quant_atual = quant_atual - 1 where id = 223; 
update estoque_total set total = total - 1 where medicamento_id = 223; 

insert into venda values (760, '2023-02-20 11:16:11', 167.83, 9, 23); 
insert into itens_venda values (default, 760, 501, 501, 3, 4.80, 64.47); 
update estoque set quant_venda = quant_venda + 3, quant_atual = quant_atual - 3 where id = 501; 
update estoque_total set total = total - 3 where medicamento_id = 501; 
insert into itens_venda values (default, 760, 217, 217, 2, 1.50, 20.60); 
update estoque set quant_venda = quant_venda + 2, quant_atual = quant_atual - 2 where id = 217; 
update estoque_total set total = total - 2 where medicamento_id = 217; 
insert into itens_venda values (default, 760, 346, 346, 2, 7.10, 82.76); 
update estoque set quant_venda = quant_venda + 2, quant_atual = quant_atual - 2 where id = 346; 
update estoque_total set total = total - 2 where medicamento_id = 346; 

insert into venda values (761, '2023-02-20 11:21:09', 185.72, null, null); 
insert into itens_venda values (default, 761, 496, 496, 2, 0.00, 14.74); 
update estoque set quant_venda = quant_venda + 2, quant_atual = quant_atual - 2 where id = 496; 
update estoque_total set total = total - 2 where medicamento_id = 496; 
insert into itens_venda values (default, 761, 235, 235, 2, 0.00, 107.24); 
update estoque set quant_venda = quant_venda + 2, quant_atual = quant_atual - 2 where id = 235; 
update estoque_total set total = total - 2 where medicamento_id = 235; 
insert into itens_venda values (default, 761, 477, 477, 1, 1.30, 63.74); 
update estoque set quant_venda = quant_venda + 1, quant_atual = quant_atual - 1 where id = 477; 
update estoque_total set total = total - 1 where medicamento_id = 477; 

insert into venda values (762, '2023-02-20 11:36:56', 87.84, null, null); 
insert into itens_venda values (default, 762, 481, 481, 3, 1.20, 38.82); 
update estoque set quant_venda = quant_venda + 3, quant_atual = quant_atual - 3 where id = 481; 
update estoque_total set total = total - 3 where medicamento_id = 481; 
insert into itens_venda values (default, 762, 429, 429, 2, 0.40, 49.02); 
update estoque set quant_venda = quant_venda + 2, quant_atual = quant_atual - 2 where id = 429; 
update estoque_total set total = total - 2 where medicamento_id = 429; 

insert into venda values (763, '2023-02-20 12:28:03', 119.74, null, null); 
insert into itens_venda values (default, 763, 434, 434, 2, 0.00, 65.32); 
update estoque set quant_venda = quant_venda + 2, quant_atual = quant_atual - 2 where id = 434; 
update estoque_total set total = total - 2 where medicamento_id = 434; 
insert into itens_venda values (default, 763, 304, 304, 2, 0.50, 54.42); 
update estoque set quant_venda = quant_venda + 2, quant_atual = quant_atual - 2 where id = 304; 
update estoque_total set total = total - 2 where medicamento_id = 304; 

insert into venda values (764, '2023-02-20 13:12:15', 25.25, 2, null); 
insert into itens_venda values (default, 764, 418, 418, 1, 2.40, 25.25); 
update estoque set quant_venda = quant_venda + 1, quant_atual = quant_atual - 1 where id = 418; 
update estoque_total set total = total - 1 where medicamento_id = 418; 

insert into venda values (765, '2023-02-21 07:14:41', 158.67, 5, null); 
insert into itens_venda values (default, 765, 459, 459, 2, 0.00, 67.84); 
update estoque set quant_venda = quant_venda + 2, quant_atual = quant_atual - 2 where id = 459; 
update estoque_total set total = total - 2 where medicamento_id = 459; 
insert into itens_venda values (default, 765, 480, 480, 2, 2.50, 60.58); 
update estoque set quant_venda = quant_venda + 2, quant_atual = quant_atual - 2 where id = 480; 
update estoque_total set total = total - 2 where medicamento_id = 480; 
insert into itens_venda values (default, 765, 464, 464, 1, 2.20, 30.25); 
update estoque set quant_venda = quant_venda + 1, quant_atual = quant_atual - 1 where id = 464; 
update estoque_total set total = total - 1 where medicamento_id = 464; 

insert into venda values (766, '2023-02-21 08:17:19', 67.46, null, null); 
insert into itens_venda values (default, 766, 373, 373, 2, 2.00, 67.46); 
update estoque set quant_venda = quant_venda + 2, quant_atual = quant_atual - 2 where id = 373; 
update estoque_total set total = total - 2 where medicamento_id = 373; 

insert into venda values (767, '2023-02-21 08:50:59', 170.78, null, 22); 
insert into itens_venda values (default, 767, 477, 477, 1, 0.60, 64.44); 
update estoque set quant_venda = quant_venda + 1, quant_atual = quant_atual - 1 where id = 477; 
update estoque_total set total = total - 1 where medicamento_id = 477; 
insert into itens_venda values (default, 767, 308, 308, 2, 0.00, 106.34); 
update estoque set quant_venda = quant_venda + 2, quant_atual = quant_atual - 2 where id = 308; 
update estoque_total set total = total - 2 where medicamento_id = 308; 

insert into venda values (768, '2023-02-21 10:13:50', 158.34, 2, null); 
insert into itens_venda values (default, 768, 408, 408, 1, 1.10, 115.43); 
update estoque set quant_venda = quant_venda + 1, quant_atual = quant_atual - 1 where id = 408; 
update estoque_total set total = total - 1 where medicamento_id = 408; 
insert into itens_venda values (default, 768, 342, 342, 1, 0.00, 42.91); 
update estoque set quant_venda = quant_venda + 1, quant_atual = quant_atual - 1 where id = 342; 
update estoque_total set total = total - 1 where medicamento_id = 342; 

insert into venda values (769, '2023-02-21 11:16:49', 125.17, 2, null); 
insert into itens_venda values (default, 769, 476, 476, 2, 0.90, 47.44); 
update estoque set quant_venda = quant_venda + 2, quant_atual = quant_atual - 2 where id = 476; 
update estoque_total set total = total - 2 where medicamento_id = 476; 
insert into itens_venda values (default, 769, 490, 490, 1, 2.00, 50.03); 
update estoque set quant_venda = quant_venda + 1, quant_atual = quant_atual - 1 where id = 490; 
update estoque_total set total = total - 1 where medicamento_id = 490; 
insert into itens_venda values (default, 769, 441, 441, 1, 0.80, 27.70); 
update estoque set quant_venda = quant_venda + 1, quant_atual = quant_atual - 1 where id = 441; 
update estoque_total set total = total - 1 where medicamento_id = 441; 

insert into venda values (770, '2023-02-21 11:45:43', 281.34, 19, null); 
insert into itens_venda values (default, 770, 300, 300, 1, 10.00, 240.00); 
update estoque set quant_venda = quant_venda + 1, quant_atual = quant_atual - 1 where id = 300; 
update estoque_total set total = total - 1 where medicamento_id = 300; 
insert into itens_venda values (default, 770, 471, 471, 1, 1.60, 16.29); 
update estoque set quant_venda = quant_venda + 1, quant_atual = quant_atual - 1 where id = 471; 
update estoque_total set total = total - 1 where medicamento_id = 471; 
insert into itens_venda values (default, 770, 433, 433, 1, 2.10, 25.05); 
update estoque set quant_venda = quant_venda + 1, quant_atual = quant_atual - 1 where id = 433; 
update estoque_total set total = total - 1 where medicamento_id = 433; 

insert into venda values (771, '2023-02-21 12:02:45', 115.35, null, null); 
insert into itens_venda values (default, 771, 457, 457, 2, 0.00, 68.34); 
update estoque set quant_venda = quant_venda + 2, quant_atual = quant_atual - 2 where id = 457; 
update estoque_total set total = total - 2 where medicamento_id = 457; 
insert into itens_venda values (default, 771, 500, 500, 3, 0.90, 47.01); 
update estoque set quant_venda = quant_venda + 3, quant_atual = quant_atual - 3 where id = 500; 
update estoque_total set total = total - 3 where medicamento_id = 500; 

insert into venda values (772, '2023-02-21 12:57:45', 187.30, 15, 22); 
insert into itens_venda values (default, 772, 276, 276, 2, 5.70, 66.50); 
update estoque set quant_venda = quant_venda + 2, quant_atual = quant_atual - 2 where id = 276; 
update estoque_total set total = total - 2 where medicamento_id = 276; 
insert into itens_venda values (default, 772, 473, 473, 2, 1.90, 96.42); 
update estoque set quant_venda = quant_venda + 2, quant_atual = quant_atual - 2 where id = 473; 
update estoque_total set total = total - 2 where medicamento_id = 473; 
insert into itens_venda values (default, 772, 437, 437, 1, 1.80, 24.38); 
update estoque set quant_venda = quant_venda + 1, quant_atual = quant_atual - 1 where id = 437; 
update estoque_total set total = total - 1 where medicamento_id = 437; 

insert into venda values (773, '2023-02-21 13:20:28', 86.11, 14, null); 
insert into itens_venda values (default, 773, 324, 324, 3, 4.60, 53.96); 
update estoque set quant_venda = quant_venda + 3, quant_atual = quant_atual - 3 where id = 324; 
update estoque_total set total = total - 3 where medicamento_id = 324; 
insert into itens_venda values (default, 773, 464, 464, 1, 0.30, 32.15); 
update estoque set quant_venda = quant_venda + 1, quant_atual = quant_atual - 1 where id = 464; 
update estoque_total set total = total - 1 where medicamento_id = 464; 

insert into venda values (774, '2023-02-21 14:38:02', 47.96, null, null); 
insert into itens_venda values (default, 774, 294, 294, 3, 1.90, 47.96); 
update estoque set quant_venda = quant_venda + 3, quant_atual = quant_atual - 3 where id = 294; 
update estoque_total set total = total - 3 where medicamento_id = 294; 

insert into venda values (775, '2023-02-21 15:23:57', 268.11, null, null); 
insert into itens_venda values (default, 775, 272, 272, 1, 8.20, 268.11); 
update estoque set quant_venda = quant_venda + 1, quant_atual = quant_atual - 1 where id = 272; 
update estoque_total set total = total - 1 where medicamento_id = 272; 

insert into venda values (776, '2023-02-21 15:29:50', 35.99, null, null); 
insert into itens_venda values (default, 776, 479, 479, 1, 0.70, 35.99); 
update estoque set quant_venda = quant_venda + 1, quant_atual = quant_atual - 1 where id = 479; 
update estoque_total set total = total - 1 where medicamento_id = 479; 

insert into venda values (777, '2023-02-22 07:48:35', 112.57, null, null); 
insert into itens_venda values (default, 777, 483, 483, 1, 1.00, 49.21); 
update estoque set quant_venda = quant_venda + 1, quant_atual = quant_atual - 1 where id = 483; 
update estoque_total set total = total - 1 where medicamento_id = 483; 
insert into itens_venda values (default, 777, 364, 364, 1, 0.60, 32.52); 
update estoque set quant_venda = quant_venda + 1, quant_atual = quant_atual - 1 where id = 364; 
update estoque_total set total = total - 1 where medicamento_id = 364; 
insert into itens_venda values (default, 777, 349, 349, 1, 0.30, 30.84); 
update estoque set quant_venda = quant_venda + 1, quant_atual = quant_atual - 1 where id = 349; 
update estoque_total set total = total - 1 where medicamento_id = 349; 

insert into venda values (778, '2023-02-22 08:59:52', 159.48, null, null); 
insert into itens_venda values (default, 778, 177, 177, 2, 3.20, 159.48); 
update estoque set quant_venda = quant_venda + 2, quant_atual = quant_atual - 2 where id = 177; 
update estoque_total set total = total - 2 where medicamento_id = 177; 

insert into venda values (779, '2023-02-22 10:01:44', 345.13, null, 25); 
insert into itens_venda values (default, 779, 235, 235, 2, 0.00, 107.24); 
update estoque set quant_venda = quant_venda + 2, quant_atual = quant_atual - 2 where id = 235; 
update estoque_total set total = total - 2 where medicamento_id = 235; 
insert into itens_venda values (default, 779, 254, 254, 1, 4.80, 237.89); 
update estoque set quant_venda = quant_venda + 1, quant_atual = quant_atual - 1 where id = 254; 
update estoque_total set total = total - 1 where medicamento_id = 254; 

insert into venda values (780, '2023-02-22 12:33:47', 45.16, null, 21); 
insert into itens_venda values (default, 780, 424, 424, 3, 0.30, 32.70); 
update estoque set quant_venda = quant_venda + 3, quant_atual = quant_atual - 3 where id = 424; 
update estoque_total set total = total - 3 where medicamento_id = 424; 
insert into itens_venda values (default, 780, 204, 204, 1, 0.00, 12.46); 
update estoque set quant_venda = quant_venda + 1, quant_atual = quant_atual - 1 where id = 204; 
update estoque_total set total = total - 1 where medicamento_id = 204; 

insert into venda values (781, '2023-02-22 14:17:40', 98.05, 1, null); 
insert into itens_venda values (default, 781, 440, 440, 2, 6.30, 72.52); 
update estoque set quant_venda = quant_venda + 2, quant_atual = quant_atual - 2 where id = 440; 
update estoque_total set total = total - 2 where medicamento_id = 440; 
insert into itens_venda values (default, 781, 447, 447, 1, 1.00, 25.53); 
update estoque set quant_venda = quant_venda + 1, quant_atual = quant_atual - 1 where id = 447; 
update estoque_total set total = total - 1 where medicamento_id = 447; 

insert into venda values (782, '2023-02-22 14:17:56', 235.52, 16, 25); 
insert into itens_venda values (default, 782, 109, 109, 1, 12.80, 147.25); 
update estoque set quant_venda = quant_venda + 1, quant_atual = quant_atual - 1 where id = 109; 
update estoque_total set total = total - 1 where medicamento_id = 109; 
insert into itens_venda values (default, 782, 450, 450, 1, 0.60, 21.42); 
update estoque set quant_venda = quant_venda + 1, quant_atual = quant_atual - 1 where id = 450; 
update estoque_total set total = total - 1 where medicamento_id = 450; 
insert into itens_venda values (default, 782, 152, 152, 1, 0.60, 66.85); 
update estoque set quant_venda = quant_venda + 1, quant_atual = quant_atual - 1 where id = 152; 
update estoque_total set total = total - 1 where medicamento_id = 152; 

insert into venda values (783, '2023-02-23 06:36:33', 81.30, 18, null); 
insert into itens_venda values (default, 783, 470, 470, 1, 6.10, 81.30); 
update estoque set quant_venda = quant_venda + 1, quant_atual = quant_atual - 1 where id = 470; 
update estoque_total set total = total - 1 where medicamento_id = 470; 

insert into venda values (784, '2023-02-23 07:42:10', 37.40, null, null); 
insert into itens_venda values (default, 784, 414, 414, 1, 1.10, 37.40); 
update estoque set quant_venda = quant_venda + 1, quant_atual = quant_atual - 1 where id = 414; 
update estoque_total set total = total - 1 where medicamento_id = 414; 

insert into venda values (785, '2023-02-24 06:20:02', 146.18, null, null); 
insert into itens_venda values (default, 785, 349, 349, 1, 0.00, 31.14); 
update estoque set quant_venda = quant_venda + 1, quant_atual = quant_atual - 1 where id = 349; 
update estoque_total set total = total - 1 where medicamento_id = 349; 
insert into itens_venda values (default, 785, 478, 478, 2, 0.00, 115.04); 
update estoque set quant_venda = quant_venda + 2, quant_atual = quant_atual - 2 where id = 478; 
update estoque_total set total = total - 2 where medicamento_id = 478; 

insert into venda values (786, '2023-02-24 07:13:15', 431.51, 9, 21); 
insert into itens_venda values (default, 786, 121, 121, 1, 6.00, 60.92); 
update estoque set quant_venda = quant_venda + 1, quant_atual = quant_atual - 1 where id = 121; 
update estoque_total set total = total - 1 where medicamento_id = 121; 
insert into itens_venda values (default, 786, 50, 50, 1, 23.80, 274.17); 
update estoque set quant_venda = quant_venda + 1, quant_atual = quant_atual - 1 where id = 50; 
update estoque_total set total = total - 1 where medicamento_id = 50; 
insert into itens_venda values (default, 786, 473, 473, 2, 1.90, 96.42); 
update estoque set quant_venda = quant_venda + 2, quant_atual = quant_atual - 2 where id = 473; 
update estoque_total set total = total - 2 where medicamento_id = 473; 

insert into venda values (787, '2023-02-24 07:29:25', 174.80, 5, null); 
insert into itens_venda values (default, 787, 470, 470, 2, 0.00, 174.80); 
update estoque set quant_venda = quant_venda + 2, quant_atual = quant_atual - 2 where id = 470; 
update estoque_total set total = total - 2 where medicamento_id = 470; 

insert into venda values (788, '2023-02-24 08:06:21', 111.32, 18, null); 
insert into itens_venda values (default, 788, 465, 465, 1, 10.90, 111.32); 
update estoque set quant_venda = quant_venda + 1, quant_atual = quant_atual - 1 where id = 465; 
update estoque_total set total = total - 1 where medicamento_id = 465; 

insert into venda values (789, '2023-02-24 08:14:20', 245.37, 1, 21); 
insert into itens_venda values (default, 789, 358, 358, 1, 1.10, 35.89); 
update estoque set quant_venda = quant_venda + 1, quant_atual = quant_atual - 1 where id = 358; 
update estoque_total set total = total - 1 where medicamento_id = 358; 
insert into itens_venda values (default, 789, 482, 482, 2, 1.90, 30.84); 
update estoque set quant_venda = quant_venda + 2, quant_atual = quant_atual - 2 where id = 482; 
update estoque_total set total = total - 2 where medicamento_id = 482; 
insert into itens_venda values (default, 789, 413, 413, 2, 1.80, 178.64); 
update estoque set quant_venda = quant_venda + 2, quant_atual = quant_atual - 2 where id = 413; 
update estoque_total set total = total - 2 where medicamento_id = 413; 

insert into venda values (790, '2023-02-24 08:40:05', 103.22, null, null); 
insert into itens_venda values (default, 790, 321, 321, 2, 0.50, 55.60); 
update estoque set quant_venda = quant_venda + 2, quant_atual = quant_atual - 2 where id = 321; 
update estoque_total set total = total - 2 where medicamento_id = 321; 
insert into itens_venda values (default, 790, 288, 288, 3, 1.40, 47.62); 
update estoque set quant_venda = quant_venda + 3, quant_atual = quant_atual - 3 where id = 288; 
update estoque_total set total = total - 3 where medicamento_id = 288; 

insert into venda values (791, '2023-02-24 09:04:00', 42.66, null, null); 
insert into itens_venda values (default, 791, 305, 305, 1, 0.80, 42.66); 
update estoque set quant_venda = quant_venda + 1, quant_atual = quant_atual - 1 where id = 305; 
update estoque_total set total = total - 1 where medicamento_id = 305; 

insert into venda values (792, '2023-02-24 09:24:13', 63.94, 20, null); 
insert into itens_venda values (default, 792, 247, 247, 1, 5.50, 63.94); 
update estoque set quant_venda = quant_venda + 1, quant_atual = quant_atual - 1 where id = 247; 
update estoque_total set total = total - 1 where medicamento_id = 247; 

insert into venda values (793, '2023-02-25 08:09:42', 159.15, null, 25); 
insert into itens_venda values (default, 793, 447, 447, 3, 2.30, 77.29); 
update estoque set quant_venda = quant_venda + 3, quant_atual = quant_atual - 3 where id = 447; 
update estoque_total set total = total - 3 where medicamento_id = 447; 
insert into itens_venda values (default, 793, 330, 330, 1, 0.80, 81.86); 
update estoque set quant_venda = quant_venda + 1, quant_atual = quant_atual - 1 where id = 330; 
update estoque_total set total = total - 1 where medicamento_id = 330; 

insert into venda values (794, '2023-02-25 09:02:30', 88.29, null, null); 
insert into itens_venda values (default, 794, 271, 271, 1, 1.80, 88.29); 
update estoque set quant_venda = quant_venda + 1, quant_atual = quant_atual - 1 where id = 271; 
update estoque_total set total = total - 1 where medicamento_id = 271; 

insert into venda values (795, '2023-02-25 11:01:58', 223.64, null, null); 
insert into itens_venda values (default, 795, 436, 436, 1, 0.60, 65.14); 
update estoque set quant_venda = quant_venda + 1, quant_atual = quant_atual - 1 where id = 436; 
update estoque_total set total = total - 1 where medicamento_id = 436; 
insert into itens_venda values (default, 795, 480, 480, 2, 0.00, 63.08); 
update estoque set quant_venda = quant_venda + 2, quant_atual = quant_atual - 2 where id = 480; 
update estoque_total set total = total - 2 where medicamento_id = 480; 
insert into itens_venda values (default, 795, 473, 473, 2, 2.90, 95.42); 
update estoque set quant_venda = quant_venda + 2, quant_atual = quant_atual - 2 where id = 473; 
update estoque_total set total = total - 2 where medicamento_id = 473; 

insert into venda values (796, '2023-02-25 13:18:28', 295.76, 20, 24); 
insert into itens_venda values (default, 796, 471, 471, 2, 2.50, 33.28); 
update estoque set quant_venda = quant_venda + 2, quant_atual = quant_atual - 2 where id = 471; 
update estoque_total set total = total - 2 where medicamento_id = 471; 
insert into itens_venda values (default, 796, 109, 109, 1, 4.80, 155.25); 
update estoque set quant_venda = quant_venda + 1, quant_atual = quant_atual - 1 where id = 109; 
update estoque_total set total = total - 1 where medicamento_id = 109; 
insert into itens_venda values (default, 796, 408, 408, 1, 9.30, 107.23); 
update estoque set quant_venda = quant_venda + 1, quant_atual = quant_atual - 1 where id = 408; 
update estoque_total set total = total - 1 where medicamento_id = 408; 

insert into venda values (797, '2023-02-25 13:48:04', 99.06, null, null); 
insert into itens_venda values (default, 797, 460, 460, 2, 3.00, 72.32); 
update estoque set quant_venda = quant_venda + 2, quant_atual = quant_atual - 2 where id = 460; 
update estoque_total set total = total - 2 where medicamento_id = 460; 
insert into itens_venda values (default, 797, 352, 352, 1, 0.20, 26.74); 
update estoque set quant_venda = quant_venda + 1, quant_atual = quant_atual - 1 where id = 352; 
update estoque_total set total = total - 1 where medicamento_id = 352; 

insert into venda values (798, '2023-02-26 06:05:32', 16.06, null, null); 
insert into itens_venda values (default, 798, 380, 380, 2, 0.40, 16.06); 
update estoque set quant_venda = quant_venda + 2, quant_atual = quant_atual - 2 where id = 380; 
update estoque_total set total = total - 2 where medicamento_id = 380; 

insert into venda values (799, '2023-02-26 08:27:45', 181.42, null, 25); 
insert into itens_venda values (default, 799, 310, 310, 1, 3.70, 119.74); 
update estoque set quant_venda = quant_venda + 1, quant_atual = quant_atual - 1 where id = 310; 
update estoque_total set total = total - 1 where medicamento_id = 310; 
insert into itens_venda values (default, 799, 343, 343, 2, 1.20, 61.68); 
update estoque set quant_venda = quant_venda + 2, quant_atual = quant_atual - 2 where id = 343; 
update estoque_total set total = total - 2 where medicamento_id = 343; 

insert into venda values (800, '2023-02-26 09:11:12', 244.38, null, null); 
insert into itens_venda values (default, 800, 166, 166, 1, 2.40, 244.38); 
update estoque set quant_venda = quant_venda + 1, quant_atual = quant_atual - 1 where id = 166; 
update estoque_total set total = total - 1 where medicamento_id = 166; 

insert into venda values (801, '2023-02-26 11:01:40', 236.10, 13, 23); 
insert into itens_venda values (default, 801, 217, 217, 1, 0.00, 11.05); 
update estoque set quant_venda = quant_venda + 1, quant_atual = quant_atual - 1 where id = 217; 
update estoque_total set total = total - 1 where medicamento_id = 217; 
insert into itens_venda values (default, 801, 240, 240, 2, 3.00, 58.36); 
update estoque set quant_venda = quant_venda + 2, quant_atual = quant_atual - 2 where id = 240; 
update estoque_total set total = total - 2 where medicamento_id = 240; 
insert into itens_venda values (default, 801, 150, 150, 1, 14.40, 166.69); 
update estoque set quant_venda = quant_venda + 1, quant_atual = quant_atual - 1 where id = 150; 
update estoque_total set total = total - 1 where medicamento_id = 150; 

insert into venda values (802, '2023-02-26 12:34:41', 82.76, 4, null); 
insert into itens_venda values (default, 802, 322, 322, 3, 1.60, 82.76); 
update estoque set quant_venda = quant_venda + 3, quant_atual = quant_atual - 3 where id = 322; 
update estoque_total set total = total - 3 where medicamento_id = 322; 

insert into venda values (803, '2023-02-26 13:22:16', 301.26, 3, null); 
insert into itens_venda values (default, 803, 300, 300, 1, 5.00, 245.00); 
update estoque set quant_venda = quant_venda + 1, quant_atual = quant_atual - 1 where id = 300; 
update estoque_total set total = total - 1 where medicamento_id = 300; 
insert into itens_venda values (default, 803, 324, 324, 3, 2.30, 56.26); 
update estoque set quant_venda = quant_venda + 3, quant_atual = quant_atual - 3 where id = 324; 
update estoque_total set total = total - 3 where medicamento_id = 324; 

insert into venda values (804, '2023-02-27 07:55:51', 84.82, 10, null); 
insert into itens_venda values (default, 804, 368, 368, 1, 0.90, 14.88); 
update estoque set quant_venda = quant_venda + 1, quant_atual = quant_atual - 1 where id = 368; 
update estoque_total set total = total - 1 where medicamento_id = 368; 
insert into itens_venda values (default, 804, 495, 495, 1, 0.60, 10.08); 
update estoque set quant_venda = quant_venda + 1, quant_atual = quant_atual - 1 where id = 495; 
update estoque_total set total = total - 1 where medicamento_id = 495; 
insert into itens_venda values (default, 804, 287, 287, 1, 3.10, 59.86); 
update estoque set quant_venda = quant_venda + 1, quant_atual = quant_atual - 1 where id = 287; 
update estoque_total set total = total - 1 where medicamento_id = 287; 

insert into venda values (805, '2023-02-27 10:12:23', 271.24, null, null); 
insert into itens_venda values (default, 805, 497, 497, 2, 2.20, 73.00); 
update estoque set quant_venda = quant_venda + 2, quant_atual = quant_atual - 2 where id = 497; 
update estoque_total set total = total - 2 where medicamento_id = 497; 
insert into itens_venda values (default, 805, 258, 258, 2, 3.80, 123.10); 
update estoque set quant_venda = quant_venda + 2, quant_atual = quant_atual - 2 where id = 258; 
update estoque_total set total = total - 2 where medicamento_id = 258; 
insert into itens_venda values (default, 805, 378, 378, 2, 0.00, 75.14); 
update estoque set quant_venda = quant_venda + 2, quant_atual = quant_atual - 2 where id = 378; 
update estoque_total set total = total - 2 where medicamento_id = 378; 

insert into venda values (806, '2023-02-28 06:29:33', 154.27, 3, null); 
insert into itens_venda values (default, 806, 385, 385, 1, 1.50, 19.99); 
update estoque set quant_venda = quant_venda + 1, quant_atual = quant_atual - 1 where id = 385; 
update estoque_total set total = total - 1 where medicamento_id = 385; 
insert into itens_venda values (default, 806, 288, 288, 3, 4.40, 44.62); 
update estoque set quant_venda = quant_venda + 3, quant_atual = quant_atual - 3 where id = 288; 
update estoque_total set total = total - 3 where medicamento_id = 288; 
insert into itens_venda values (default, 806, 488, 488, 2, 8.80, 89.66); 
update estoque set quant_venda = quant_venda + 2, quant_atual = quant_atual - 2 where id = 488; 
update estoque_total set total = total - 2 where medicamento_id = 488; 

insert into venda values (807, '2023-02-28 07:43:00', 359.47, null, 22); 
insert into itens_venda values (default, 807, 202, 202, 1, 0.00, 280.33); 
update estoque set quant_venda = quant_venda + 1, quant_atual = quant_atual - 1 where id = 202; 
update estoque_total set total = total - 1 where medicamento_id = 202; 
insert into itens_venda values (default, 807, 111, 111, 2, 0.00, 79.14); 
update estoque set quant_venda = quant_venda + 2, quant_atual = quant_atual - 2 where id = 111; 
update estoque_total set total = total - 2 where medicamento_id = 111; 

insert into venda values (808, '2023-02-28 08:34:30', 137.54, null, null); 
insert into itens_venda values (default, 808, 498, 498, 2, 0.00, 70.86); 
update estoque set quant_venda = quant_venda + 2, quant_atual = quant_atual - 2 where id = 498; 
update estoque_total set total = total - 2 where medicamento_id = 498; 
insert into itens_venda values (default, 808, 401, 401, 2, 0.60, 66.68); 
update estoque set quant_venda = quant_venda + 2, quant_atual = quant_atual - 2 where id = 401; 
update estoque_total set total = total - 2 where medicamento_id = 401; 

insert into venda values (809, '2023-02-28 08:53:37', 342.97, 7, 22); 
insert into itens_venda values (default, 809, 268, 268, 1, 14.50, 276.57); 
update estoque set quant_venda = quant_venda + 1, quant_atual = quant_atual - 1 where id = 268; 
update estoque_total set total = total - 1 where medicamento_id = 268; 
insert into itens_venda values (default, 809, 286, 286, 2, 2.70, 66.40); 
update estoque set quant_venda = quant_venda + 2, quant_atual = quant_atual - 2 where id = 286; 
update estoque_total set total = total - 2 where medicamento_id = 286; 

insert into venda values (810, '2023-02-28 09:34:30', 65.79, null, null); 
insert into itens_venda values (default, 810, 472, 472, 1, 0.00, 29.32); 
update estoque set quant_venda = quant_venda + 1, quant_atual = quant_atual - 1 where id = 472; 
update estoque_total set total = total - 1 where medicamento_id = 472; 
insert into itens_venda values (default, 810, 378, 378, 1, 1.10, 36.47); 
update estoque set quant_venda = quant_venda + 1, quant_atual = quant_atual - 1 where id = 378; 
update estoque_total set total = total - 1 where medicamento_id = 378; 

insert into venda values (811, '2023-02-28 09:58:29', 147.66, null, null); 
insert into itens_venda values (default, 811, 251, 251, 2, 1.40, 147.66); 
update estoque set quant_venda = quant_venda + 2, quant_atual = quant_atual - 2 where id = 251; 
update estoque_total set total = total - 2 where medicamento_id = 251; 

insert into venda values (812, '2023-02-28 10:49:47', 319.62, 11, 22); 
insert into itens_venda values (default, 812, 247, 247, 2, 12.40, 126.48); 
update estoque set quant_venda = quant_venda + 2, quant_atual = quant_atual - 2 where id = 247; 
update estoque_total set total = total - 2 where medicamento_id = 247; 
insert into itens_venda values (default, 812, 367, 367, 2, 1.90, 193.14); 
update estoque set quant_venda = quant_venda + 2, quant_atual = quant_atual - 2 where id = 367; 
update estoque_total set total = total - 2 where medicamento_id = 367; 

insert into venda values (813, '2023-02-28 11:40:59', 155.40, 19, null); 
insert into itens_venda values (default, 813, 436, 436, 1, 3.90, 61.84); 
update estoque set quant_venda = quant_venda + 1, quant_atual = quant_atual - 1 where id = 436; 
update estoque_total set total = total - 1 where medicamento_id = 436; 
insert into itens_venda values (default, 813, 488, 488, 2, 4.90, 93.56); 
update estoque set quant_venda = quant_venda + 2, quant_atual = quant_atual - 2 where id = 488; 
update estoque_total set total = total - 2 where medicamento_id = 488; 

insert into venda values (814, '2023-02-28 12:03:50', 134.33, null, null); 
insert into itens_venda values (default, 814, 297, 297, 1, 2.30, 56.21); 
update estoque set quant_venda = quant_venda + 1, quant_atual = quant_atual - 1 where id = 297; 
update estoque_total set total = total - 1 where medicamento_id = 297; 
insert into itens_venda values (default, 814, 440, 440, 2, 0.70, 78.12); 
update estoque set quant_venda = quant_venda + 2, quant_atual = quant_atual - 2 where id = 440; 
update estoque_total set total = total - 2 where medicamento_id = 440; 

insert into venda values (815, '2023-02-28 13:17:58', 132.24, 6, 21); 
insert into itens_venda values (default, 815, 406, 406, 1, 0.50, 6.70); 
update estoque set quant_venda = quant_venda + 1, quant_atual = quant_atual - 1 where id = 406; 
update estoque_total set total = total - 1 where medicamento_id = 406; 
insert into itens_venda values (default, 815, 219, 219, 1, 5.50, 87.26); 
update estoque set quant_venda = quant_venda + 1, quant_atual = quant_atual - 1 where id = 219; 
update estoque_total set total = total - 1 where medicamento_id = 219; 
insert into itens_venda values (default, 815, 291, 291, 3, 0.30, 38.28); 
update estoque set quant_venda = quant_venda + 3, quant_atual = quant_atual - 3 where id = 291; 
update estoque_total set total = total - 3 where medicamento_id = 291; 

insert into venda values (816, '2023-03-01 08:20:55', 139.56, null, 22); 
insert into itens_venda values (default, 816, 404, 404, 1, 0.40, 15.80); 
update estoque set quant_venda = quant_venda + 1, quant_atual = quant_atual - 1 where id = 404; 
update estoque_total set total = total - 1 where medicamento_id = 404; 
insert into itens_venda values (default, 816, 357, 357, 2, 0.00, 123.76); 
update estoque set quant_venda = quant_venda + 2, quant_atual = quant_atual - 2 where id = 357; 
update estoque_total set total = total - 2 where medicamento_id = 357; 

insert into venda values (817, '2023-03-01 10:30:21', 428.19, null, 25); 
insert into itens_venda values (default, 817, 395, 395, 2, 2.40, 80.14); 
update estoque set quant_venda = quant_venda + 2, quant_atual = quant_atual - 2 where id = 395; 
update estoque_total set total = total - 2 where medicamento_id = 395; 
insert into itens_venda values (default, 817, 191, 191, 1, 14.40, 348.05); 
update estoque set quant_venda = quant_venda + 1, quant_atual = quant_atual - 1 where id = 191; 
update estoque_total set total = total - 1 where medicamento_id = 191; 

insert into venda values (818, '2023-03-01 12:48:41', 29.52, 13, null); 
insert into itens_venda values (default, 818, 474, 474, 2, 0.20, 29.52); 
update estoque set quant_venda = quant_venda + 2, quant_atual = quant_atual - 2 where id = 474; 
update estoque_total set total = total - 2 where medicamento_id = 474; 

insert into venda values (819, '2023-03-01 14:18:27', 21.22, 5, 24); 
insert into itens_venda values (default, 819, 117, 117, 3, 2.00, 21.22); 
update estoque set quant_venda = quant_venda + 3, quant_atual = quant_atual - 3 where id = 117; 
update estoque_total set total = total - 3 where medicamento_id = 117; 

insert into venda values (820, '2023-03-02 07:33:56', 715.31, null, 24); 
insert into itens_venda values (default, 820, 501, 501, 2, 0.00, 46.18); 
update estoque set quant_venda = quant_venda + 2, quant_atual = quant_atual - 2 where id = 501; 
update estoque_total set total = total - 2 where medicamento_id = 501; 
insert into itens_venda values (default, 820, 95, 95, 1, 6.40, 313.88); 
update estoque set quant_venda = quant_venda + 1, quant_atual = quant_atual - 1 where id = 95; 
update estoque_total set total = total - 1 where medicamento_id = 95; 
insert into itens_venda values (default, 820, 191, 191, 1, 7.20, 355.25); 
update estoque set quant_venda = quant_venda + 1, quant_atual = quant_atual - 1 where id = 191; 
update estoque_total set total = total - 1 where medicamento_id = 191; 

insert into venda values (821, '2023-03-02 08:01:46', 168.55, 16, null); 
insert into itens_venda values (default, 821, 282, 282, 2, 9.60, 97.68); 
update estoque set quant_venda = quant_venda + 2, quant_atual = quant_atual - 2 where id = 282; 
update estoque_total set total = total - 2 where medicamento_id = 282; 
insert into itens_venda values (default, 821, 494, 494, 1, 1.10, 15.37); 
update estoque set quant_venda = quant_venda + 1, quant_atual = quant_atual - 1 where id = 494; 
update estoque_total set total = total - 1 where medicamento_id = 494; 
insert into itens_venda values (default, 821, 475, 475, 3, 4.80, 55.50); 
update estoque set quant_venda = quant_venda + 3, quant_atual = quant_atual - 3 where id = 475; 
update estoque_total set total = total - 3 where medicamento_id = 475; 

insert into venda values (822, '2023-03-02 09:01:47', 227.31, null, 25); 
insert into itens_venda values (default, 822, 462, 462, 3, 0.00, 56.79); 
update estoque set quant_venda = quant_venda + 3, quant_atual = quant_atual - 3 where id = 462; 
update estoque_total set total = total - 3 where medicamento_id = 462; 
insert into itens_venda values (default, 822, 336, 336, 2, 3.00, 73.08); 
update estoque set quant_venda = quant_venda + 2, quant_atual = quant_atual - 2 where id = 336; 
update estoque_total set total = total - 2 where medicamento_id = 336; 
insert into itens_venda values (default, 822, 66, 66, 2, 3.00, 97.44); 
update estoque set quant_venda = quant_venda + 2, quant_atual = quant_atual - 2 where id = 66; 
update estoque_total set total = total - 2 where medicamento_id = 66; 

insert into venda values (823, '2023-03-03 06:15:47', 156.78, 18, null); 
insert into itens_venda values (default, 823, 264, 264, 2, 6.80, 91.52); 
update estoque set quant_venda = quant_venda + 2, quant_atual = quant_atual - 2 where id = 264; 
update estoque_total set total = total - 2 where medicamento_id = 264; 
insert into itens_venda values (default, 823, 264, 264, 1, 4.40, 44.76); 
update estoque set quant_venda = quant_venda + 1, quant_atual = quant_atual - 1 where id = 264; 
update estoque_total set total = total - 1 where medicamento_id = 264; 
insert into itens_venda values (default, 823, 351, 351, 1, 1.30, 20.50); 
update estoque set quant_venda = quant_venda + 1, quant_atual = quant_atual - 1 where id = 351; 
update estoque_total set total = total - 1 where medicamento_id = 351; 

insert into venda values (824, '2023-03-03 07:29:35', 138.42, 4, 23); 
insert into itens_venda values (default, 824, 330, 330, 1, 4.10, 78.56); 
update estoque set quant_venda = quant_venda + 1, quant_atual = quant_atual - 1 where id = 330; 
update estoque_total set total = total - 1 where medicamento_id = 330; 
insert into itens_venda values (default, 824, 339, 339, 2, 4.50, 59.86); 
update estoque set quant_venda = quant_venda + 2, quant_atual = quant_atual - 2 where id = 339; 
update estoque_total set total = total - 2 where medicamento_id = 339; 

insert into venda values (825, '2023-03-03 08:23:07', 15.49, null, null); 
insert into itens_venda values (default, 825, 485, 485, 1, 0.60, 15.49); 
update estoque set quant_venda = quant_venda + 1, quant_atual = quant_atual - 1 where id = 485; 
update estoque_total set total = total - 1 where medicamento_id = 485; 

insert into venda values (826, '2023-03-03 09:02:27', 95.56, 6, null); 
insert into itens_venda values (default, 826, 488, 488, 2, 2.90, 95.56); 
update estoque set quant_venda = quant_venda + 2, quant_atual = quant_atual - 2 where id = 488; 
update estoque_total set total = total - 2 where medicamento_id = 488; 

insert into venda values (827, '2023-03-03 10:19:18', 227.82, 2, null); 
insert into itens_venda values (default, 827, 360, 360, 1, 7.40, 140.66); 
update estoque set quant_venda = quant_venda + 1, quant_atual = quant_atual - 1 where id = 360; 
update estoque_total set total = total - 1 where medicamento_id = 360; 
insert into itens_venda values (default, 827, 472, 472, 3, 0.80, 87.16); 
update estoque set quant_venda = quant_venda + 3, quant_atual = quant_atual - 3 where id = 472; 
update estoque_total set total = total - 3 where medicamento_id = 472; 

insert into venda values (828, '2023-03-03 11:00:01', 66.34, 17, null); 
insert into itens_venda values (default, 828, 382, 382, 2, 2.70, 66.34); 
update estoque set quant_venda = quant_venda + 2, quant_atual = quant_atual - 2 where id = 382; 
update estoque_total set total = total - 2 where medicamento_id = 382; 

insert into venda values (829, '2023-03-03 11:24:31', 117.28, 9, null); 
insert into itens_venda values (default, 829, 410, 410, 1, 3.20, 103.58); 
update estoque set quant_venda = quant_venda + 1, quant_atual = quant_atual - 1 where id = 410; 
update estoque_total set total = total - 1 where medicamento_id = 410; 
insert into itens_venda values (default, 829, 432, 432, 3, 0.40, 13.70); 
update estoque set quant_venda = quant_venda + 3, quant_atual = quant_atual - 3 where id = 432; 
update estoque_total set total = total - 3 where medicamento_id = 432; 

insert into venda values (830, '2023-03-03 12:06:42', 139.66, null, null); 
insert into itens_venda values (default, 830, 407, 407, 2, 0.00, 139.66); 
update estoque set quant_venda = quant_venda + 2, quant_atual = quant_atual - 2 where id = 407; 
update estoque_total set total = total - 2 where medicamento_id = 407; 

insert into venda values (831, '2023-03-03 12:21:36', 65.98, null, null); 
insert into itens_venda values (default, 831, 401, 401, 2, 1.30, 65.98); 
update estoque set quant_venda = quant_venda + 2, quant_atual = quant_atual - 2 where id = 401; 
update estoque_total set total = total - 2 where medicamento_id = 401; 

insert into venda values (832, '2023-03-03 13:19:41', 329.35, null, 23); 
insert into itens_venda values (default, 832, 420, 420, 2, 4.00, 129.54); 
update estoque set quant_venda = quant_venda + 2, quant_atual = quant_atual - 2 where id = 420; 
update estoque_total set total = total - 2 where medicamento_id = 420; 
insert into itens_venda values (default, 832, 355, 355, 3, 0.70, 77.63); 
update estoque set quant_venda = quant_venda + 3, quant_atual = quant_atual - 3 where id = 355; 
update estoque_total set total = total - 3 where medicamento_id = 355; 
insert into itens_venda values (default, 832, 285, 285, 1, 0.00, 122.18); 
update estoque set quant_venda = quant_venda + 1, quant_atual = quant_atual - 1 where id = 285; 
update estoque_total set total = total - 1 where medicamento_id = 285; 

insert into venda values (833, '2023-03-03 13:44:50', 246.98, null, 21); 
insert into itens_venda values (default, 833, 282, 282, 2, 3.20, 104.08); 
update estoque set quant_venda = quant_venda + 2, quant_atual = quant_atual - 2 where id = 282; 
update estoque_total set total = total - 2 where medicamento_id = 282; 
insert into itens_venda values (default, 833, 86, 86, 1, 1.40, 142.90); 
update estoque set quant_venda = quant_venda + 1, quant_atual = quant_atual - 1 where id = 86; 
update estoque_total set total = total - 1 where medicamento_id = 86; 

insert into venda values (834, '2023-03-03 15:01:16', 339.08, null, 25); 
insert into itens_venda values (default, 834, 96, 96, 1, 0.00, 254.04); 
update estoque set quant_venda = quant_venda + 1, quant_atual = quant_atual - 1 where id = 96; 
update estoque_total set total = total - 1 where medicamento_id = 96; 
insert into itens_venda values (default, 834, 138, 138, 2, 3.50, 85.04); 
update estoque set quant_venda = quant_venda + 2, quant_atual = quant_atual - 2 where id = 138; 
update estoque_total set total = total - 2 where medicamento_id = 138; 

insert into venda values (835, '2023-03-04 06:12:55', 159.82, null, null); 
insert into itens_venda values (default, 835, 372, 372, 1, 4.30, 103.20); 
update estoque set quant_venda = quant_venda + 1, quant_atual = quant_atual - 1 where id = 372; 
update estoque_total set total = total - 1 where medicamento_id = 372; 
insert into itens_venda values (default, 835, 449, 449, 3, 2.30, 56.62); 
update estoque set quant_venda = quant_venda + 3, quant_atual = quant_atual - 3 where id = 449; 
update estoque_total set total = total - 3 where medicamento_id = 449; 

insert into venda values (836, '2023-03-04 08:33:17', 288.25, 17, 23); 
insert into itens_venda values (default, 836, 478, 478, 1, 4.00, 53.52); 
update estoque set quant_venda = quant_venda + 1, quant_atual = quant_atual - 1 where id = 478; 
update estoque_total set total = total - 1 where medicamento_id = 478; 
insert into itens_venda values (default, 836, 359, 359, 1, 6.30, 84.28); 
update estoque set quant_venda = quant_venda + 1, quant_atual = quant_atual - 1 where id = 359; 
update estoque_total set total = total - 1 where medicamento_id = 359; 
insert into itens_venda values (default, 836, 109, 109, 1, 9.60, 150.45); 
update estoque set quant_venda = quant_venda + 1, quant_atual = quant_atual - 1 where id = 109; 
update estoque_total set total = total - 1 where medicamento_id = 109; 

insert into venda values (837, '2023-03-04 10:05:21', 153.44, null, null); 
insert into itens_venda values (default, 837, 376, 376, 1, 0.10, 14.80); 
update estoque set quant_venda = quant_venda + 1, quant_atual = quant_atual - 1 where id = 376; 
update estoque_total set total = total - 1 where medicamento_id = 376; 
insert into itens_venda values (default, 837, 411, 411, 2, 5.70, 138.64); 
update estoque set quant_venda = quant_venda + 2, quant_atual = quant_atual - 2 where id = 411; 
update estoque_total set total = total - 2 where medicamento_id = 411; 

insert into venda values (838, '2023-03-04 11:43:59', 147.52, 9, null); 
insert into itens_venda values (default, 838, 415, 415, 1, 6.10, 147.52); 
update estoque set quant_venda = quant_venda + 1, quant_atual = quant_atual - 1 where id = 415; 
update estoque_total set total = total - 1 where medicamento_id = 415; 

insert into venda values (839, '2023-03-05 08:22:39', 124.88, null, null); 
insert into itens_venda values (default, 839, 466, 466, 1, 0.00, 124.88); 
update estoque set quant_venda = quant_venda + 1, quant_atual = quant_atual - 1 where id = 466; 
update estoque_total set total = total - 1 where medicamento_id = 466; 

insert into venda values (840, '2023-03-05 08:50:09', 87.42, null, 21); 
insert into itens_venda values (default, 840, 290, 290, 2, 1.80, 60.24); 
update estoque set quant_venda = quant_venda + 2, quant_atual = quant_atual - 2 where id = 290; 
update estoque_total set total = total - 2 where medicamento_id = 290; 
insert into itens_venda values (default, 840, 419, 419, 1, 0.20, 27.18); 
update estoque set quant_venda = quant_venda + 1, quant_atual = quant_atual - 1 where id = 419; 
update estoque_total set total = total - 1 where medicamento_id = 419; 

insert into venda values (841, '2023-03-05 10:28:32', 102.19, 10, null); 
insert into itens_venda values (default, 841, 315, 315, 2, 0.00, 67.76); 
update estoque set quant_venda = quant_venda + 2, quant_atual = quant_atual - 2 where id = 315; 
update estoque_total set total = total - 2 where medicamento_id = 315; 
insert into itens_venda values (default, 841, 498, 498, 1, 1.00, 34.43); 
update estoque set quant_venda = quant_venda + 1, quant_atual = quant_atual - 1 where id = 498; 
update estoque_total set total = total - 1 where medicamento_id = 498; 

insert into venda values (842, '2023-03-05 12:12:29', 86.96, null, null); 
insert into itens_venda values (default, 842, 492, 492, 2, 1.70, 86.96); 
update estoque set quant_venda = quant_venda + 2, quant_atual = quant_atual - 2 where id = 492; 
update estoque_total set total = total - 2 where medicamento_id = 492; 

insert into venda values (843, '2023-03-06 07:30:03', 55.77, null, null); 
insert into itens_venda values (default, 843, 461, 461, 3, 0.00, 55.77); 
update estoque set quant_venda = quant_venda + 3, quant_atual = quant_atual - 3 where id = 461; 
update estoque_total set total = total - 3 where medicamento_id = 461; 

insert into venda values (844, '2023-03-06 09:20:28', 63.72, null, null); 
insert into itens_venda values (default, 844, 364, 364, 1, 0.60, 32.52); 
update estoque set quant_venda = quant_venda + 1, quant_atual = quant_atual - 1 where id = 364; 
update estoque_total set total = total - 1 where medicamento_id = 364; 
insert into itens_venda values (default, 844, 404, 404, 2, 1.20, 31.20); 
update estoque set quant_venda = quant_venda + 2, quant_atual = quant_atual - 2 where id = 404; 
update estoque_total set total = total - 2 where medicamento_id = 404; 

insert into venda values (845, '2023-03-07 08:33:29', 279.30, 14, 23); 
insert into itens_venda values (default, 845, 358, 358, 2, 4.40, 69.58); 
update estoque set quant_venda = quant_venda + 2, quant_atual = quant_atual - 2 where id = 358; 
update estoque_total set total = total - 2 where medicamento_id = 358; 
insert into itens_venda values (default, 845, 328, 328, 1, 1.80, 28.34); 
update estoque set quant_venda = quant_venda + 1, quant_atual = quant_atual - 1 where id = 328; 
update estoque_total set total = total - 1 where medicamento_id = 328; 
insert into itens_venda values (default, 845, 362, 362, 1, 7.50, 181.38); 
update estoque set quant_venda = quant_venda + 1, quant_atual = quant_atual - 1 where id = 362; 
update estoque_total set total = total - 1 where medicamento_id = 362; 

insert into venda values (846, '2023-03-07 09:49:39', 282.24, null, null); 
insert into itens_venda values (default, 846, 344, 344, 2, 2.10, 68.40); 
update estoque set quant_venda = quant_venda + 2, quant_atual = quant_atual - 2 where id = 344; 
update estoque_total set total = total - 2 where medicamento_id = 344; 
insert into itens_venda values (default, 846, 323, 323, 2, 1.00, 34.34); 
update estoque set quant_venda = quant_venda + 2, quant_atual = quant_atual - 2 where id = 323; 
update estoque_total set total = total - 2 where medicamento_id = 323; 
insert into itens_venda values (default, 846, 316, 316, 1, 0.00, 179.50); 
update estoque set quant_venda = quant_venda + 1, quant_atual = quant_atual - 1 where id = 316; 
update estoque_total set total = total - 1 where medicamento_id = 316; 

insert into venda values (847, '2023-03-07 10:00:19', 72.17, null, null); 
insert into itens_venda values (default, 847, 411, 411, 1, 0.00, 72.17); 
update estoque set quant_venda = quant_venda + 1, quant_atual = quant_atual - 1 where id = 411; 
update estoque_total set total = total - 1 where medicamento_id = 411; 

insert into venda values (848, '2023-03-07 11:36:08', 92.76, 18, null); 
insert into itens_venda values (default, 848, 449, 449, 3, 2.30, 56.62); 
update estoque set quant_venda = quant_venda + 3, quant_atual = quant_atual - 3 where id = 449; 
update estoque_total set total = total - 3 where medicamento_id = 449; 
insert into itens_venda values (default, 848, 379, 379, 3, 1.90, 36.14); 
update estoque set quant_venda = quant_venda + 3, quant_atual = quant_atual - 3 where id = 379; 
update estoque_total set total = total - 3 where medicamento_id = 379; 

insert into venda values (849, '2023-03-07 12:10:42', 65.14, null, null); 
insert into itens_venda values (default, 849, 436, 436, 1, 0.60, 65.14); 
update estoque set quant_venda = quant_venda + 1, quant_atual = quant_atual - 1 where id = 436; 
update estoque_total set total = total - 1 where medicamento_id = 436; 

insert into venda values (850, '2023-03-07 13:08:06', 144.78, 13, null); 
insert into itens_venda values (default, 850, 331, 331, 3, 3.50, 68.47); 
update estoque set quant_venda = quant_venda + 3, quant_atual = quant_atual - 3 where id = 331; 
update estoque_total set total = total - 3 where medicamento_id = 331; 
insert into itens_venda values (default, 850, 478, 478, 1, 2.30, 55.22); 
update estoque set quant_venda = quant_venda + 1, quant_atual = quant_atual - 1 where id = 478; 
update estoque_total set total = total - 1 where medicamento_id = 478; 
insert into itens_venda values (default, 850, 385, 385, 1, 0.40, 21.09); 
update estoque set quant_venda = quant_venda + 1, quant_atual = quant_atual - 1 where id = 385; 
update estoque_total set total = total - 1 where medicamento_id = 385; 

insert into venda values (851, '2023-03-08 08:32:07', 455.82, null, 21); 
insert into itens_venda values (default, 851, 125, 125, 2, 1.30, 130.98); 
update estoque set quant_venda = quant_venda + 2, quant_atual = quant_atual - 2 where id = 125; 
update estoque_total set total = total - 2 where medicamento_id = 125; 
insert into itens_venda values (default, 851, 301, 301, 1, 11.50, 278.44); 
update estoque set quant_venda = quant_venda + 1, quant_atual = quant_atual - 1 where id = 301; 
update estoque_total set total = total - 1 where medicamento_id = 301; 
insert into itens_venda values (default, 851, 443, 443, 2, 0.40, 46.40); 
update estoque set quant_venda = quant_venda + 2, quant_atual = quant_atual - 2 where id = 443; 
update estoque_total set total = total - 2 where medicamento_id = 443; 

insert into venda values (852, '2023-03-08 09:23:07', 247.97, null, 22); 
insert into itens_venda values (default, 852, 274, 274, 1, 1.40, 34.70); 
update estoque set quant_venda = quant_venda + 1, quant_atual = quant_atual - 1 where id = 274; 
update estoque_total set total = total - 1 where medicamento_id = 274; 
insert into itens_venda values (default, 852, 236, 236, 1, 1.30, 131.51); 
update estoque set quant_venda = quant_venda + 1, quant_atual = quant_atual - 1 where id = 236; 
update estoque_total set total = total - 1 where medicamento_id = 236; 
insert into itens_venda values (default, 852, 353, 353, 2, 1.60, 81.76); 
update estoque set quant_venda = quant_venda + 2, quant_atual = quant_atual - 2 where id = 353; 
update estoque_total set total = total - 2 where medicamento_id = 353; 

insert into venda values (853, '2023-03-08 11:16:37', 266.63, null, 25); 
insert into itens_venda values (default, 853, 211, 211, 1, 4.80, 238.69); 
update estoque set quant_venda = quant_venda + 1, quant_atual = quant_atual - 1 where id = 211; 
update estoque_total set total = total - 1 where medicamento_id = 211; 
insert into itens_venda values (default, 853, 341, 341, 2, 1.10, 27.94); 
update estoque set quant_venda = quant_venda + 2, quant_atual = quant_atual - 2 where id = 341; 
update estoque_total set total = total - 2 where medicamento_id = 341; 

insert into venda values (854, '2023-03-08 12:08:16', 178.00, null, null); 
insert into itens_venda values (default, 854, 349, 349, 1, 1.20, 29.94); 
update estoque set quant_venda = quant_venda + 1, quant_atual = quant_atual - 1 where id = 349; 
update estoque_total set total = total - 1 where medicamento_id = 349; 
insert into itens_venda values (default, 854, 360, 360, 1, 0.00, 148.06); 
update estoque set quant_venda = quant_venda + 1, quant_atual = quant_atual - 1 where id = 360; 
update estoque_total set total = total - 1 where medicamento_id = 360; 

insert into venda values (855, '2023-03-09 06:10:11', 178.94, 6, 22); 
insert into itens_venda values (default, 855, 225, 225, 1, 12.10, 122.37); 
update estoque set quant_venda = quant_venda + 1, quant_atual = quant_atual - 1 where id = 225; 
update estoque_total set total = total - 1 where medicamento_id = 225; 
insert into itens_venda values (default, 855, 468, 468, 1, 2.90, 56.57); 
update estoque set quant_venda = quant_venda + 1, quant_atual = quant_atual - 1 where id = 468; 
update estoque_total set total = total - 1 where medicamento_id = 468; 

insert into venda values (856, '2023-03-09 07:07:07', 144.48, null, 22); 
insert into itens_venda values (default, 856, 121, 121, 2, 5.30, 128.54); 
update estoque set quant_venda = quant_venda + 2, quant_atual = quant_atual - 2 where id = 121; 
update estoque_total set total = total - 2 where medicamento_id = 121; 
insert into itens_venda values (default, 856, 284, 284, 1, 0.40, 15.94); 
update estoque set quant_venda = quant_venda + 1, quant_atual = quant_atual - 1 where id = 284; 
update estoque_total set total = total - 1 where medicamento_id = 284; 

insert into venda values (857, '2023-03-09 07:21:17', 45.36, null, null); 
insert into itens_venda values (default, 857, 218, 218, 2, 1.40, 45.36); 
update estoque set quant_venda = quant_venda + 2, quant_atual = quant_atual - 2 where id = 218; 
update estoque_total set total = total - 2 where medicamento_id = 218; 

insert into venda values (858, '2023-03-09 08:14:18', 31.08, null, null); 
insert into itens_venda values (default, 858, 398, 398, 2, 0.00, 31.08); 
update estoque set quant_venda = quant_venda + 2, quant_atual = quant_atual - 2 where id = 398; 
update estoque_total set total = total - 2 where medicamento_id = 398; 

insert into venda values (859, '2023-03-09 09:26:53', 194.84, null, null); 
insert into itens_venda values (default, 859, 92, 92, 1, 0.90, 47.34); 
update estoque set quant_venda = quant_venda + 1, quant_atual = quant_atual - 1 where id = 92; 
update estoque_total set total = total - 1 where medicamento_id = 92; 
insert into itens_venda values (default, 859, 297, 297, 2, 2.30, 114.72); 
update estoque set quant_venda = quant_venda + 2, quant_atual = quant_atual - 2 where id = 297; 
update estoque_total set total = total - 2 where medicamento_id = 297; 
insert into itens_venda values (default, 859, 431, 431, 3, 1.00, 32.78); 
update estoque set quant_venda = quant_venda + 3, quant_atual = quant_atual - 3 where id = 431; 
update estoque_total set total = total - 3 where medicamento_id = 431; 

insert into venda values (860, '2023-03-09 09:46:10', 108.42, null, null); 
insert into itens_venda values (default, 860, 395, 395, 2, 0.00, 82.54); 
update estoque set quant_venda = quant_venda + 2, quant_atual = quant_atual - 2 where id = 395; 
update estoque_total set total = total - 2 where medicamento_id = 395; 
insert into itens_venda values (default, 860, 481, 481, 2, 0.80, 25.88); 
update estoque set quant_venda = quant_venda + 2, quant_atual = quant_atual - 2 where id = 481; 
update estoque_total set total = total - 2 where medicamento_id = 481; 

insert into venda values (861, '2023-03-09 10:19:33', 156.82, null, null); 
insert into itens_venda values (default, 861, 467, 467, 1, 1.20, 61.13); 
update estoque set quant_venda = quant_venda + 1, quant_atual = quant_atual - 1 where id = 467; 
update estoque_total set total = total - 1 where medicamento_id = 467; 
insert into itens_venda values (default, 861, 496, 496, 2, 0.50, 14.24); 
update estoque set quant_venda = quant_venda + 2, quant_atual = quant_atual - 2 where id = 496; 
update estoque_total set total = total - 2 where medicamento_id = 496; 
insert into itens_venda values (default, 861, 433, 433, 3, 0.00, 81.45); 
update estoque set quant_venda = quant_venda + 3, quant_atual = quant_atual - 3 where id = 433; 
update estoque_total set total = total - 3 where medicamento_id = 433; 

insert into venda values (862, '2023-03-09 11:11:42', 200.38, 11, 23); 
insert into itens_venda values (default, 862, 108, 108, 1, 10.50, 200.38); 
update estoque set quant_venda = quant_venda + 1, quant_atual = quant_atual - 1 where id = 108; 
update estoque_total set total = total - 1 where medicamento_id = 108; 

insert into venda values (863, '2023-03-09 11:52:49', 105.70, null, null); 
insert into itens_venda values (default, 863, 495, 495, 2, 0.80, 20.56); 
update estoque set quant_venda = quant_venda + 2, quant_atual = quant_atual - 2 where id = 495; 
update estoque_total set total = total - 2 where medicamento_id = 495; 
insert into itens_venda values (default, 863, 403, 403, 1, 0.90, 24.01); 
update estoque set quant_venda = quant_venda + 1, quant_atual = quant_atual - 1 where id = 403; 
update estoque_total set total = total - 1 where medicamento_id = 403; 
insert into itens_venda values (default, 863, 467, 467, 1, 1.20, 61.13); 
update estoque set quant_venda = quant_venda + 1, quant_atual = quant_atual - 1 where id = 467; 
update estoque_total set total = total - 1 where medicamento_id = 467; 

insert into venda values (864, '2023-03-09 12:06:09', 294.13, null, 25); 
insert into itens_venda values (default, 864, 79, 79, 1, 0.00, 126.01); 
update estoque set quant_venda = quant_venda + 1, quant_atual = quant_atual - 1 where id = 79; 
update estoque_total set total = total - 1 where medicamento_id = 79; 
insert into itens_venda values (default, 864, 383, 383, 2, 3.10, 100.72); 
update estoque set quant_venda = quant_venda + 2, quant_atual = quant_atual - 2 where id = 383; 
update estoque_total set total = total - 2 where medicamento_id = 383; 
insert into itens_venda values (default, 864, 265, 265, 1, 2.00, 67.40); 
update estoque set quant_venda = quant_venda + 1, quant_atual = quant_atual - 1 where id = 265; 
update estoque_total set total = total - 1 where medicamento_id = 265; 

insert into venda values (865, '2023-03-09 13:10:13', 226.31, 13, null); 
insert into itens_venda values (default, 865, 267, 267, 1, 0.00, 177.13); 
update estoque set quant_venda = quant_venda + 1, quant_atual = quant_atual - 1 where id = 267; 
update estoque_total set total = total - 1 where medicamento_id = 267; 
insert into itens_venda values (default, 865, 471, 471, 2, 0.30, 35.48); 
update estoque set quant_venda = quant_venda + 2, quant_atual = quant_atual - 2 where id = 471; 
update estoque_total set total = total - 2 where medicamento_id = 471; 
insert into itens_venda values (default, 865, 432, 432, 3, 0.40, 13.70); 
update estoque set quant_venda = quant_venda + 3, quant_atual = quant_atual - 3 where id = 432; 
update estoque_total set total = total - 3 where medicamento_id = 432; 

insert into venda values (866, '2023-03-10 07:26:49', 120.90, null, null); 
insert into itens_venda values (default, 866, 67, 67, 1, 3.70, 120.90); 
update estoque set quant_venda = quant_venda + 1, quant_atual = quant_atual - 1 where id = 67; 
update estoque_total set total = total - 1 where medicamento_id = 67; 

insert into venda values (867, '2023-03-10 09:21:25', 85.30, 3, null); 
insert into itens_venda values (default, 867, 488, 488, 1, 2.40, 46.83); 
update estoque set quant_venda = quant_venda + 1, quant_atual = quant_atual - 1 where id = 488; 
update estoque_total set total = total - 1 where medicamento_id = 488; 
insert into itens_venda values (default, 867, 499, 499, 1, 0.30, 38.47); 
update estoque set quant_venda = quant_venda + 1, quant_atual = quant_atual - 1 where id = 499; 
update estoque_total set total = total - 1 where medicamento_id = 499; 

insert into venda values (868, '2023-03-11 06:04:17', 72.59, null, null); 
insert into itens_venda values (default, 868, 444, 444, 1, 3.00, 72.59); 
update estoque set quant_venda = quant_venda + 1, quant_atual = quant_atual - 1 where id = 444; 
update estoque_total set total = total - 1 where medicamento_id = 444; 

insert into venda values (869, '2023-03-11 06:05:09', 170.41, null, 23); 
insert into itens_venda values (default, 869, 178, 178, 1, 1.30, 65.48); 
update estoque set quant_venda = quant_venda + 1, quant_atual = quant_atual - 1 where id = 178; 
update estoque_total set total = total - 1 where medicamento_id = 178; 
insert into itens_venda values (default, 869, 482, 482, 1, 0.10, 16.27); 
update estoque set quant_venda = quant_venda + 1, quant_atual = quant_atual - 1 where id = 482; 
update estoque_total set total = total - 1 where medicamento_id = 482; 
insert into itens_venda values (default, 869, 492, 492, 2, 0.00, 88.66); 
update estoque set quant_venda = quant_venda + 2, quant_atual = quant_atual - 2 where id = 492; 
update estoque_total set total = total - 2 where medicamento_id = 492; 

insert into venda values (870, '2023-03-11 06:28:41', 394.44, 5, 21); 
insert into itens_venda values (default, 870, 31, 31, 1, 0.00, 394.44); 
update estoque set quant_venda = quant_venda + 1, quant_atual = quant_atual - 1 where id = 31; 
update estoque_total set total = total - 1 where medicamento_id = 31; 

insert into venda values (871, '2023-03-11 06:41:05', 150.46, null, null); 
insert into itens_venda values (default, 871, 425, 425, 2, 0.70, 71.70); 
update estoque set quant_venda = quant_venda + 2, quant_atual = quant_atual - 2 where id = 425; 
update estoque_total set total = total - 2 where medicamento_id = 425; 
insert into itens_venda values (default, 871, 212, 212, 1, 0.00, 62.27); 
update estoque set quant_venda = quant_venda + 1, quant_atual = quant_atual - 1 where id = 212; 
update estoque_total set total = total - 1 where medicamento_id = 212; 
insert into itens_venda values (default, 871, 448, 448, 1, 0.00, 16.49); 
update estoque set quant_venda = quant_venda + 1, quant_atual = quant_atual - 1 where id = 448; 
update estoque_total set total = total - 1 where medicamento_id = 448; 

insert into venda values (872, '2023-03-11 07:03:39', 251.95, null, 25); 
insert into itens_venda values (default, 872, 254, 254, 1, 7.20, 235.49); 
update estoque set quant_venda = quant_venda + 1, quant_atual = quant_atual - 1 where id = 254; 
update estoque_total set total = total - 1 where medicamento_id = 254; 
insert into itens_venda values (default, 872, 380, 380, 2, 0.00, 16.46); 
update estoque set quant_venda = quant_venda + 2, quant_atual = quant_atual - 2 where id = 380; 
update estoque_total set total = total - 2 where medicamento_id = 380; 

insert into venda values (873, '2023-03-11 07:05:22', 160.50, null, 24); 
insert into itens_venda values (default, 873, 484, 484, 1, 0.10, 16.42); 
update estoque set quant_venda = quant_venda + 1, quant_atual = quant_atual - 1 where id = 484; 
update estoque_total set total = total - 1 where medicamento_id = 484; 
insert into itens_venda values (default, 873, 341, 341, 1, 0.00, 14.52); 
update estoque set quant_venda = quant_venda + 1, quant_atual = quant_atual - 1 where id = 341; 
update estoque_total set total = total - 1 where medicamento_id = 341; 
insert into itens_venda values (default, 873, 178, 178, 2, 4.00, 129.56); 
update estoque set quant_venda = quant_venda + 2, quant_atual = quant_atual - 2 where id = 178; 
update estoque_total set total = total - 2 where medicamento_id = 178; 

insert into venda values (874, '2023-03-11 07:33:55', 133.02, 9, null); 
insert into itens_venda values (default, 874, 452, 452, 2, 10.70, 108.64); 
update estoque set quant_venda = quant_venda + 2, quant_atual = quant_atual - 2 where id = 452; 
update estoque_total set total = total - 2 where medicamento_id = 452; 
insert into itens_venda values (default, 874, 437, 437, 1, 1.80, 24.38); 
update estoque set quant_venda = quant_venda + 1, quant_atual = quant_atual - 1 where id = 437; 
update estoque_total set total = total - 1 where medicamento_id = 437; 

insert into venda values (875, '2023-03-11 07:53:54', 319.06, 19, null); 
insert into itens_venda values (default, 875, 183, 183, 2, 5.30, 61.92); 
update estoque set quant_venda = quant_venda + 2, quant_atual = quant_atual - 2 where id = 183; 
update estoque_total set total = total - 2 where medicamento_id = 183; 
insert into itens_venda values (default, 875, 387, 387, 2, 0.00, 130.20); 
update estoque set quant_venda = quant_venda + 2, quant_atual = quant_atual - 2 where id = 387; 
update estoque_total set total = total - 2 where medicamento_id = 387; 
insert into itens_venda values (default, 875, 420, 420, 2, 6.60, 126.94); 
update estoque set quant_venda = quant_venda + 2, quant_atual = quant_atual - 2 where id = 420; 
update estoque_total set total = total - 2 where medicamento_id = 420; 

insert into venda values (876, '2023-03-11 09:05:49', 82.86, null, null); 
insert into itens_venda values (default, 876, 335, 335, 2, 0.00, 51.04); 
update estoque set quant_venda = quant_venda + 2, quant_atual = quant_atual - 2 where id = 335; 
update estoque_total set total = total - 2 where medicamento_id = 335; 
insert into itens_venda values (default, 876, 364, 364, 1, 1.30, 31.82); 
update estoque set quant_venda = quant_venda + 1, quant_atual = quant_atual - 1 where id = 364; 
update estoque_total set total = total - 1 where medicamento_id = 364; 

insert into venda values (877, '2023-03-11 09:08:41', 222.51, 8, null); 
insert into itens_venda values (default, 877, 380, 380, 3, 0.70, 23.99); 
update estoque set quant_venda = quant_venda + 3, quant_atual = quant_atual - 3 where id = 380; 
update estoque_total set total = total - 3 where medicamento_id = 380; 
insert into itens_venda values (default, 877, 146, 146, 1, 8.10, 154.48); 
update estoque set quant_venda = quant_venda + 1, quant_atual = quant_atual - 1 where id = 146; 
update estoque_total set total = total - 1 where medicamento_id = 146; 
insert into itens_venda values (default, 877, 368, 368, 3, 3.30, 44.04); 
update estoque set quant_venda = quant_venda + 3, quant_atual = quant_atual - 3 where id = 368; 
update estoque_total set total = total - 3 where medicamento_id = 368; 

insert into venda values (878, '2023-03-11 09:29:51', 35.86, 15, null); 
insert into itens_venda values (default, 878, 456, 456, 1, 2.60, 35.86); 
update estoque set quant_venda = quant_venda + 1, quant_atual = quant_atual - 1 where id = 456; 
update estoque_total set total = total - 1 where medicamento_id = 456; 

insert into venda values (879, '2023-03-12 08:01:44', 129.16, 5, null); 
insert into itens_venda values (default, 879, 399, 399, 2, 1.00, 102.70); 
update estoque set quant_venda = quant_venda + 2, quant_atual = quant_atual - 2 where id = 399; 
update estoque_total set total = total - 2 where medicamento_id = 399; 
insert into itens_venda values (default, 879, 302, 302, 2, 1.00, 26.46); 
update estoque set quant_venda = quant_venda + 2, quant_atual = quant_atual - 2 where id = 302; 
update estoque_total set total = total - 2 where medicamento_id = 302; 

insert into venda values (880, '2023-03-12 09:37:19', 82.66, null, 21); 
insert into itens_venda values (default, 880, 330, 330, 1, 0.00, 82.66); 
update estoque set quant_venda = quant_venda + 1, quant_atual = quant_atual - 1 where id = 330; 
update estoque_total set total = total - 1 where medicamento_id = 330; 

insert into venda values (881, '2023-03-12 11:10:40', 175.81, null, null); 
insert into itens_venda values (default, 881, 492, 492, 1, 0.00, 44.33); 
update estoque set quant_venda = quant_venda + 1, quant_atual = quant_atual - 1 where id = 492; 
update estoque_total set total = total - 1 where medicamento_id = 492; 
insert into itens_venda values (default, 881, 436, 436, 2, 0.00, 131.48); 
update estoque set quant_venda = quant_venda + 2, quant_atual = quant_atual - 2 where id = 436; 
update estoque_total set total = total - 2 where medicamento_id = 436; 

insert into venda values (882, '2023-03-12 11:20:10', 33.03, 14, null); 
insert into itens_venda values (default, 882, 498, 498, 1, 2.40, 33.03); 
update estoque set quant_venda = quant_venda + 1, quant_atual = quant_atual - 1 where id = 498; 
update estoque_total set total = total - 1 where medicamento_id = 498; 

insert into venda values (883, '2023-03-12 12:04:47', 115.04, 15, null); 
insert into itens_venda values (default, 883, 478, 478, 2, 0.00, 115.04); 
update estoque set quant_venda = quant_venda + 2, quant_atual = quant_atual - 2 where id = 478; 
update estoque_total set total = total - 2 where medicamento_id = 478; 

insert into venda values (884, '2023-03-12 12:12:13', 66.71, null, null); 
insert into itens_venda values (default, 884, 45, 45, 1, 1.30, 66.71); 
update estoque set quant_venda = quant_venda + 1, quant_atual = quant_atual - 1 where id = 45; 
update estoque_total set total = total - 1 where medicamento_id = 45; 

insert into venda values (885, '2023-03-14 07:22:35', 179.15, 13, 25); 
insert into itens_venda values (default, 885, 505, 505, 1, 2.70, 31.14); 
update estoque set quant_venda = quant_venda + 1, quant_atual = quant_atual - 1 where id = 505; 
update estoque_total set total = total - 1 where medicamento_id = 505; 
insert into itens_venda values (default, 885, 503, 503, 1, 0.20, 3.47); 
update estoque set quant_venda = quant_venda + 1, quant_atual = quant_atual - 1 where id = 503; 
update estoque_total set total = total - 1 where medicamento_id = 503; 
insert into itens_venda values (default, 885, 260, 260, 2, 7.60, 144.54); 
update estoque set quant_venda = quant_venda + 2, quant_atual = quant_atual - 2 where id = 260; 
update estoque_total set total = total - 2 where medicamento_id = 260; 

insert into venda values (886, '2023-03-14 08:31:21', 230.14, null, null); 
insert into itens_venda values (default, 886, 88, 88, 1, 1.60, 163.46); 
update estoque set quant_venda = quant_venda + 1, quant_atual = quant_atual - 1 where id = 88; 
update estoque_total set total = total - 1 where medicamento_id = 88; 
insert into itens_venda values (default, 886, 401, 401, 2, 0.60, 66.68); 
update estoque set quant_venda = quant_venda + 2, quant_atual = quant_atual - 2 where id = 401; 
update estoque_total set total = total - 2 where medicamento_id = 401; 

insert into venda values (887, '2023-03-14 11:03:52', 66.64, null, 24); 
insert into itens_venda values (default, 887, 274, 274, 1, 0.00, 36.10); 
update estoque set quant_venda = quant_venda + 1, quant_atual = quant_atual - 1 where id = 274; 
update estoque_total set total = total - 1 where medicamento_id = 274; 
insert into itens_venda values (default, 887, 343, 343, 1, 0.90, 30.54); 
update estoque set quant_venda = quant_venda + 1, quant_atual = quant_atual - 1 where id = 343; 
update estoque_total set total = total - 1 where medicamento_id = 343; 

insert into venda values (888, '2023-03-14 12:14:22', 184.68, null, null); 
insert into itens_venda values (default, 888, 501, 501, 1, 0.40, 22.69); 
update estoque set quant_venda = quant_venda + 1, quant_atual = quant_atual - 1 where id = 501; 
update estoque_total set total = total - 1 where medicamento_id = 501; 
insert into itens_venda values (default, 888, 464, 464, 1, 0.00, 32.45); 
update estoque set quant_venda = quant_venda + 1, quant_atual = quant_atual - 1 where id = 464; 
update estoque_total set total = total - 1 where medicamento_id = 464; 
insert into itens_venda values (default, 888, 420, 420, 2, 4.00, 129.54); 
update estoque set quant_venda = quant_venda + 2, quant_atual = quant_atual - 2 where id = 420; 
update estoque_total set total = total - 2 where medicamento_id = 420; 

insert into venda values (889, '2023-03-14 14:12:47', 79.98, 11, null); 
insert into itens_venda values (default, 889, 252, 252, 3, 4.20, 79.98); 
update estoque set quant_venda = quant_venda + 3, quant_atual = quant_atual - 3 where id = 252; 
update estoque_total set total = total - 3 where medicamento_id = 252; 

insert into venda values (890, '2023-03-14 15:23:50', 318.67, null, 25); 
insert into itens_venda values (default, 890, 492, 492, 2, 2.60, 86.06); 
update estoque set quant_venda = quant_venda + 2, quant_atual = quant_atual - 2 where id = 492; 
update estoque_total set total = total - 2 where medicamento_id = 492; 
insert into itens_venda values (default, 890, 492, 492, 1, 1.30, 43.03); 
update estoque set quant_venda = quant_venda + 1, quant_atual = quant_atual - 1 where id = 492; 
update estoque_total set total = total - 1 where medicamento_id = 492; 
insert into itens_venda values (default, 890, 338, 338, 2, 3.80, 189.58); 
update estoque set quant_venda = quant_venda + 2, quant_atual = quant_atual - 2 where id = 338; 
update estoque_total set total = total - 2 where medicamento_id = 338; 

insert into venda values (891, '2023-03-14 16:50:28', 144.98, 8, null); 
insert into itens_venda values (default, 891, 443, 443, 1, 0.90, 22.50); 
update estoque set quant_venda = quant_venda + 1, quant_atual = quant_atual - 1 where id = 443; 
update estoque_total set total = total - 1 where medicamento_id = 443; 
insert into itens_venda values (default, 891, 466, 466, 1, 2.40, 122.48); 
update estoque set quant_venda = quant_venda + 1, quant_atual = quant_atual - 1 where id = 466; 
update estoque_total set total = total - 1 where medicamento_id = 466; 

insert into venda values (892, '2023-03-15 06:21:11', 115.96, 11, 24); 
insert into itens_venda values (default, 892, 347, 347, 2, 8.70, 115.96); 
update estoque set quant_venda = quant_venda + 2, quant_atual = quant_atual - 2 where id = 347; 
update estoque_total set total = total - 2 where medicamento_id = 347; 

insert into venda values (893, '2023-03-15 07:25:11', 98.14, null, null); 
insert into itens_venda values (default, 893, 495, 495, 1, 0.20, 10.48); 
update estoque set quant_venda = quant_venda + 1, quant_atual = quant_atual - 1 where id = 495; 
update estoque_total set total = total - 1 where medicamento_id = 495; 
insert into itens_venda values (default, 893, 492, 492, 1, 0.80, 43.53); 
update estoque set quant_venda = quant_venda + 1, quant_atual = quant_atual - 1 where id = 492; 
update estoque_total set total = total - 1 where medicamento_id = 492; 
insert into itens_venda values (default, 893, 346, 346, 1, 0.80, 44.13); 
update estoque set quant_venda = quant_venda + 1, quant_atual = quant_atual - 1 where id = 346; 
update estoque_total set total = total - 1 where medicamento_id = 346; 

insert into venda values (894, '2023-03-15 08:17:01', 148.50, null, null); 
insert into itens_venda values (default, 894, 492, 492, 2, 0.00, 88.66); 
update estoque set quant_venda = quant_venda + 2, quant_atual = quant_atual - 2 where id = 492; 
update estoque_total set total = total - 2 where medicamento_id = 492; 
insert into itens_venda values (default, 894, 303, 303, 2, 1.80, 59.84); 
update estoque set quant_venda = quant_venda + 2, quant_atual = quant_atual - 2 where id = 303; 
update estoque_total set total = total - 2 where medicamento_id = 303; 

insert into venda values (895, '2023-03-15 08:58:54', 110.85, null, null); 
insert into itens_venda values (default, 895, 456, 456, 1, 0.70, 37.76); 
update estoque set quant_venda = quant_venda + 1, quant_atual = quant_atual - 1 where id = 456; 
update estoque_total set total = total - 1 where medicamento_id = 456; 
insert into itens_venda values (default, 895, 471, 471, 2, 1.40, 34.38); 
update estoque set quant_venda = quant_venda + 2, quant_atual = quant_atual - 2 where id = 471; 
update estoque_total set total = total - 2 where medicamento_id = 471; 
insert into itens_venda values (default, 895, 440, 440, 1, 0.70, 38.71); 
update estoque set quant_venda = quant_venda + 1, quant_atual = quant_atual - 1 where id = 440; 
update estoque_total set total = total - 1 where medicamento_id = 440; 

insert into venda values (896, '2023-03-15 10:00:50', 54.72, 17, null); 
insert into itens_venda values (default, 896, 478, 478, 1, 2.80, 54.72); 
update estoque set quant_venda = quant_venda + 1, quant_atual = quant_atual - 1 where id = 478; 
update estoque_total set total = total - 1 where medicamento_id = 478; 

insert into venda values (897, '2023-03-15 10:20:54', 277.18, null, null); 
insert into itens_venda values (default, 897, 363, 363, 2, 5.70, 138.38); 
update estoque set quant_venda = quant_venda + 2, quant_atual = quant_atual - 2 where id = 363; 
update estoque_total set total = total - 2 where medicamento_id = 363; 
insert into itens_venda values (default, 897, 269, 269, 2, 0.00, 76.92); 
update estoque set quant_venda = quant_venda + 2, quant_atual = quant_atual - 2 where id = 269; 
update estoque_total set total = total - 2 where medicamento_id = 269; 
insert into itens_venda values (default, 897, 480, 480, 2, 1.20, 61.88); 
update estoque set quant_venda = quant_venda + 2, quant_atual = quant_atual - 2 where id = 480; 
update estoque_total set total = total - 2 where medicamento_id = 480; 

insert into venda values (898, '2023-03-15 11:00:25', 170.25, null, null); 
insert into itens_venda values (default, 898, 311, 311, 3, 1.30, 44.33); 
update estoque set quant_venda = quant_venda + 3, quant_atual = quant_atual - 3 where id = 311; 
update estoque_total set total = total - 3 where medicamento_id = 311; 
insert into itens_venda values (default, 898, 244, 244, 2, 0.60, 59.68); 
update estoque set quant_venda = quant_venda + 2, quant_atual = quant_atual - 2 where id = 244; 
update estoque_total set total = total - 2 where medicamento_id = 244; 
insert into itens_venda values (default, 898, 364, 364, 2, 0.00, 66.24); 
update estoque set quant_venda = quant_venda + 2, quant_atual = quant_atual - 2 where id = 364; 
update estoque_total set total = total - 2 where medicamento_id = 364; 

insert into venda values (899, '2023-03-15 11:08:17', 124.81, null, null); 
insert into itens_venda values (default, 899, 79, 79, 1, 1.20, 124.81); 
update estoque set quant_venda = quant_venda + 1, quant_atual = quant_atual - 1 where id = 79; 
update estoque_total set total = total - 1 where medicamento_id = 79; 

insert into venda values (900, '2023-03-15 11:59:11', 138.32, null, null); 
insert into itens_venda values (default, 900, 453, 453, 2, 0.10, 12.90); 
update estoque set quant_venda = quant_venda + 2, quant_atual = quant_atual - 2 where id = 453; 
update estoque_total set total = total - 2 where medicamento_id = 453; 
insert into itens_venda values (default, 900, 297, 297, 2, 4.60, 112.42); 
update estoque set quant_venda = quant_venda + 2, quant_atual = quant_atual - 2 where id = 297; 
update estoque_total set total = total - 2 where medicamento_id = 297; 
insert into itens_venda values (default, 900, 453, 453, 2, 0.00, 13.00); 
update estoque set quant_venda = quant_venda + 2, quant_atual = quant_atual - 2 where id = 453; 
update estoque_total set total = total - 2 where medicamento_id = 453; 

insert into venda values (901, '2023-03-16 06:49:58', 177.92, null, null); 
insert into itens_venda values (default, 901, 66, 66, 2, 0.00, 100.44); 
update estoque set quant_venda = quant_venda + 2, quant_atual = quant_atual - 2 where id = 66; 
update estoque_total set total = total - 2 where medicamento_id = 66; 
insert into itens_venda values (default, 901, 345, 345, 3, 0.70, 77.48); 
update estoque set quant_venda = quant_venda + 3, quant_atual = quant_atual - 3 where id = 345; 
update estoque_total set total = total - 3 where medicamento_id = 345; 

insert into venda values (902, '2023-03-16 08:57:35', 304.10, 20, 25); 
insert into itens_venda values (default, 902, 167, 167, 1, 8.70, 210.42); 
update estoque set quant_venda = quant_venda + 1, quant_atual = quant_atual - 1 where id = 167; 
update estoque_total set total = total - 1 where medicamento_id = 167; 
insert into itens_venda values (default, 902, 217, 217, 2, 1.10, 21.00); 
update estoque set quant_venda = quant_venda + 2, quant_atual = quant_atual - 2 where id = 217; 
update estoque_total set total = total - 2 where medicamento_id = 217; 
insert into itens_venda values (default, 902, 479, 479, 2, 0.70, 72.68); 
update estoque set quant_venda = quant_venda + 2, quant_atual = quant_atual - 2 where id = 479; 
update estoque_total set total = total - 2 where medicamento_id = 479; 

insert into venda values (903, '2023-03-16 10:10:49', 406.88, null, 25); 
insert into itens_venda values (default, 903, 94, 94, 1, 9.50, 310.47); 
update estoque set quant_venda = quant_venda + 1, quant_atual = quant_atual - 1 where id = 94; 
update estoque_total set total = total - 1 where medicamento_id = 94; 
insert into itens_venda values (default, 903, 407, 407, 1, 0.60, 69.23); 
update estoque set quant_venda = quant_venda + 1, quant_atual = quant_atual - 1 where id = 407; 
update estoque_total set total = total - 1 where medicamento_id = 407; 
insert into itens_venda values (default, 903, 419, 419, 1, 0.20, 27.18); 
update estoque set quant_venda = quant_venda + 1, quant_atual = quant_atual - 1 where id = 419; 
update estoque_total set total = total - 1 where medicamento_id = 419; 

insert into venda values (904, '2023-03-16 10:25:56', 398.98, null, null); 
insert into itens_venda values (default, 904, 472, 472, 2, 0.50, 58.14); 
update estoque set quant_venda = quant_venda + 2, quant_atual = quant_atual - 2 where id = 472; 
update estoque_total set total = total - 2 where medicamento_id = 472; 
insert into itens_venda values (default, 904, 176, 176, 1, 0.00, 340.84); 
update estoque set quant_venda = quant_venda + 1, quant_atual = quant_atual - 1 where id = 176; 
update estoque_total set total = total - 1 where medicamento_id = 176; 

insert into venda values (905, '2023-03-16 11:42:30', 86.19, null, null); 
insert into itens_venda values (default, 905, 369, 369, 1, 3.50, 86.19); 
update estoque set quant_venda = quant_venda + 1, quant_atual = quant_atual - 1 where id = 369; 
update estoque_total set total = total - 1 where medicamento_id = 369; 

insert into venda values (906, '2023-03-17 06:46:23', 60.12, 5, null); 
insert into itens_venda values (default, 906, 434, 434, 2, 5.20, 60.12); 
update estoque set quant_venda = quant_venda + 2, quant_atual = quant_atual - 2 where id = 434; 
update estoque_total set total = total - 2 where medicamento_id = 434; 

insert into venda values (907, '2023-03-17 07:22:17', 103.88, null, null); 
insert into itens_venda values (default, 907, 298, 298, 1, 2.10, 103.88); 
update estoque set quant_venda = quant_venda + 1, quant_atual = quant_atual - 1 where id = 298; 
update estoque_total set total = total - 1 where medicamento_id = 298; 

insert into venda values (908, '2023-03-17 07:55:04', 98.46, null, null); 
insert into itens_venda values (default, 908, 488, 488, 2, 0.00, 98.46); 
update estoque set quant_venda = quant_venda + 2, quant_atual = quant_atual - 2 where id = 488; 
update estoque_total set total = total - 2 where medicamento_id = 488; 

insert into venda values (909, '2023-03-17 09:03:04', 121.13, null, null); 
insert into itens_venda values (default, 909, 200, 200, 1, 1.20, 121.13); 
update estoque set quant_venda = quant_venda + 1, quant_atual = quant_atual - 1 where id = 200; 
update estoque_total set total = total - 1 where medicamento_id = 200; 

insert into venda values (910, '2023-03-17 09:51:08', 178.01, 12, 24); 
insert into itens_venda values (default, 910, 443, 443, 3, 0.00, 70.20); 
update estoque set quant_venda = quant_venda + 3, quant_atual = quant_atual - 3 where id = 443; 
update estoque_total set total = total - 3 where medicamento_id = 443; 
insert into itens_venda values (default, 910, 149, 149, 3, 3.30, 79.47); 
update estoque set quant_venda = quant_venda + 3, quant_atual = quant_atual - 3 where id = 149; 
update estoque_total set total = total - 3 where medicamento_id = 149; 
insert into itens_venda values (default, 910, 349, 349, 1, 2.80, 28.34); 
update estoque set quant_venda = quant_venda + 1, quant_atual = quant_atual - 1 where id = 349; 
update estoque_total set total = total - 1 where medicamento_id = 349; 

insert into venda values (911, '2023-03-17 10:22:37', 257.36, 9, null); 
insert into itens_venda values (default, 911, 350, 350, 1, 1.20, 122.24); 
update estoque set quant_venda = quant_venda + 1, quant_atual = quant_atual - 1 where id = 350; 
update estoque_total set total = total - 1 where medicamento_id = 350; 
insert into itens_venda values (default, 911, 491, 491, 2, 4.50, 108.40); 
update estoque set quant_venda = quant_venda + 2, quant_atual = quant_atual - 2 where id = 491; 
update estoque_total set total = total - 2 where medicamento_id = 491; 
insert into itens_venda values (default, 911, 322, 322, 1, 1.40, 26.72); 
update estoque set quant_venda = quant_venda + 1, quant_atual = quant_atual - 1 where id = 322; 
update estoque_total set total = total - 1 where medicamento_id = 322; 

insert into venda values (912, '2023-03-17 10:26:21', 362.90, 1, null); 
insert into itens_venda values (default, 912, 404, 404, 2, 0.60, 31.80); 
update estoque set quant_venda = quant_venda + 2, quant_atual = quant_atual - 2 where id = 404; 
update estoque_total set total = total - 2 where medicamento_id = 404; 
insert into itens_venda values (default, 912, 396, 396, 1, 10.20, 331.10); 
update estoque set quant_venda = quant_venda + 1, quant_atual = quant_atual - 1 where id = 396; 
update estoque_total set total = total - 1 where medicamento_id = 396; 

insert into venda values (913, '2023-03-17 11:16:38', 278.77, null, null); 
insert into itens_venda values (default, 913, 461, 461, 3, 0.00, 55.77); 
update estoque set quant_venda = quant_venda + 3, quant_atual = quant_atual - 3 where id = 461; 
update estoque_total set total = total - 3 where medicamento_id = 461; 
insert into itens_venda values (default, 913, 237, 237, 1, 5.40, 129.83); 
update estoque set quant_venda = quant_venda + 1, quant_atual = quant_atual - 1 where id = 237; 
update estoque_total set total = total - 1 where medicamento_id = 237; 
insert into itens_venda values (default, 913, 59, 59, 1, 1.80, 93.17); 
update estoque set quant_venda = quant_venda + 1, quant_atual = quant_atual - 1 where id = 59; 
update estoque_total set total = total - 1 where medicamento_id = 59; 

insert into venda values (914, '2023-03-17 12:02:51', 58.48, 16, null); 
insert into itens_venda values (default, 914, 328, 328, 2, 1.80, 58.48); 
update estoque set quant_venda = quant_venda + 2, quant_atual = quant_atual - 2 where id = 328; 
update estoque_total set total = total - 2 where medicamento_id = 328; 

insert into venda values (915, '2023-03-17 12:34:53', 202.18, 16, null); 
insert into itens_venda values (default, 915, 404, 404, 1, 0.90, 15.30); 
update estoque set quant_venda = quant_venda + 1, quant_atual = quant_atual - 1 where id = 404; 
update estoque_total set total = total - 1 where medicamento_id = 404; 
insert into itens_venda values (default, 915, 228, 228, 1, 1.80, 186.88); 
update estoque set quant_venda = quant_venda + 1, quant_atual = quant_atual - 1 where id = 228; 
update estoque_total set total = total - 1 where medicamento_id = 228; 

insert into venda values (916, '2023-03-17 13:13:54', 83.98, 17, null); 
insert into itens_venda values (default, 916, 426, 426, 2, 0.70, 71.82); 
update estoque set quant_venda = quant_venda + 2, quant_atual = quant_atual - 2 where id = 426; 
update estoque_total set total = total - 2 where medicamento_id = 426; 
insert into itens_venda values (default, 916, 220, 220, 1, 0.10, 12.16); 
update estoque set quant_venda = quant_venda + 1, quant_atual = quant_atual - 1 where id = 220; 
update estoque_total set total = total - 1 where medicamento_id = 220; 

insert into venda values (917, '2023-03-18 07:45:12', 133.07, null, 25); 
insert into itens_venda values (default, 917, 130, 130, 1, 0.00, 100.99); 
update estoque set quant_venda = quant_venda + 1, quant_atual = quant_atual - 1 where id = 130; 
update estoque_total set total = total - 1 where medicamento_id = 130; 
insert into itens_venda values (default, 917, 288, 288, 2, 0.60, 32.08); 
update estoque set quant_venda = quant_venda + 2, quant_atual = quant_atual - 2 where id = 288; 
update estoque_total set total = total - 2 where medicamento_id = 288; 

insert into venda values (918, '2023-03-19 06:16:12', 332.06, null, null); 
insert into itens_venda values (default, 918, 497, 497, 1, 1.50, 36.10); 
update estoque set quant_venda = quant_venda + 1, quant_atual = quant_atual - 1 where id = 497; 
update estoque_total set total = total - 1 where medicamento_id = 497; 
insert into itens_venda values (default, 918, 143, 143, 1, 3.80, 190.56); 
update estoque set quant_venda = quant_venda + 1, quant_atual = quant_atual - 1 where id = 143; 
update estoque_total set total = total - 1 where medicamento_id = 143; 
insert into itens_venda values (default, 918, 372, 372, 1, 2.10, 105.40); 
update estoque set quant_venda = quant_venda + 1, quant_atual = quant_atual - 1 where id = 372; 
update estoque_total set total = total - 1 where medicamento_id = 372; 

insert into venda values (919, '2023-03-19 06:40:16', 86.92, null, null); 
insert into itens_venda values (default, 919, 305, 305, 2, 0.00, 86.92); 
update estoque set quant_venda = quant_venda + 2, quant_atual = quant_atual - 2 where id = 305; 
update estoque_total set total = total - 2 where medicamento_id = 305; 

insert into venda values (920, '2023-03-19 07:47:13', 154.98, null, null); 
insert into itens_venda values (default, 920, 499, 499, 1, 1.10, 37.67); 
update estoque set quant_venda = quant_venda + 1, quant_atual = quant_atual - 1 where id = 499; 
update estoque_total set total = total - 1 where medicamento_id = 499; 
insert into itens_venda values (default, 920, 503, 503, 3, 0.20, 10.81); 
update estoque set quant_venda = quant_venda + 3, quant_atual = quant_atual - 3 where id = 503; 
update estoque_total set total = total - 3 where medicamento_id = 503; 
insert into itens_venda values (default, 920, 372, 372, 1, 1.00, 106.50); 
update estoque set quant_venda = quant_venda + 1, quant_atual = quant_atual - 1 where id = 372; 
update estoque_total set total = total - 1 where medicamento_id = 372; 

insert into venda values (921, '2023-03-19 08:19:58', 244.42, 14, 21); 
insert into itens_venda values (default, 921, 308, 308, 2, 2.10, 104.24); 
update estoque set quant_venda = quant_venda + 2, quant_atual = quant_atual - 2 where id = 308; 
update estoque_total set total = total - 2 where medicamento_id = 308; 
insert into itens_venda values (default, 921, 218, 218, 2, 3.20, 43.56); 
update estoque set quant_venda = quant_venda + 2, quant_atual = quant_atual - 2 where id = 218; 
update estoque_total set total = total - 2 where medicamento_id = 218; 
insert into itens_venda values (default, 921, 182, 182, 2, 7.20, 96.62); 
update estoque set quant_venda = quant_venda + 2, quant_atual = quant_atual - 2 where id = 182; 
update estoque_total set total = total - 2 where medicamento_id = 182; 

insert into venda values (922, '2023-03-19 08:37:55', 589.06, null, 25); 
insert into itens_venda values (default, 922, 466, 466, 1, 0.00, 124.88); 
update estoque set quant_venda = quant_venda + 1, quant_atual = quant_atual - 1 where id = 466; 
update estoque_total set total = total - 1 where medicamento_id = 466; 
insert into itens_venda values (default, 922, 106, 106, 1, 3.90, 390.54); 
update estoque set quant_venda = quant_venda + 1, quant_atual = quant_atual - 1 where id = 106; 
update estoque_total set total = total - 1 where medicamento_id = 106; 
insert into itens_venda values (default, 922, 378, 378, 2, 1.50, 73.64); 
update estoque set quant_venda = quant_venda + 2, quant_atual = quant_atual - 2 where id = 378; 
update estoque_total set total = total - 2 where medicamento_id = 378; 

insert into venda values (923, '2023-03-19 08:57:53', 359.66, null, null); 
insert into itens_venda values (default, 923, 20, 20, 1, 8.70, 209.28); 
update estoque set quant_venda = quant_venda + 1, quant_atual = quant_atual - 1 where id = 20; 
update estoque_total set total = total - 1 where medicamento_id = 20; 
insert into itens_venda values (default, 923, 417, 417, 2, 0.20, 29.28); 
update estoque set quant_venda = quant_venda + 2, quant_atual = quant_atual - 2 where id = 417; 
update estoque_total set total = total - 2 where medicamento_id = 417; 
insert into itens_venda values (default, 923, 246, 246, 2, 2.40, 121.10); 
update estoque set quant_venda = quant_venda + 2, quant_atual = quant_atual - 2 where id = 246; 
update estoque_total set total = total - 2 where medicamento_id = 246; 

insert into venda values (924, '2023-03-19 09:08:10', 118.02, null, null); 
insert into itens_venda values (default, 924, 299, 299, 2, 0.60, 67.80); 
update estoque set quant_venda = quant_venda + 2, quant_atual = quant_atual - 2 where id = 299; 
update estoque_total set total = total - 2 where medicamento_id = 299; 
insert into itens_venda values (default, 924, 355, 355, 2, 2.00, 50.22); 
update estoque set quant_venda = quant_venda + 2, quant_atual = quant_atual - 2 where id = 355; 
update estoque_total set total = total - 2 where medicamento_id = 355; 

insert into venda values (925, '2023-03-19 09:09:29', 103.92, null, 24); 
insert into itens_venda values (default, 925, 495, 495, 3, 1.20, 30.84); 
update estoque set quant_venda = quant_venda + 3, quant_atual = quant_atual - 3 where id = 495; 
update estoque_total set total = total - 3 where medicamento_id = 495; 
insert into itens_venda values (default, 925, 336, 336, 2, 3.00, 73.08); 
update estoque set quant_venda = quant_venda + 2, quant_atual = quant_atual - 2 where id = 336; 
update estoque_total set total = total - 2 where medicamento_id = 336; 

insert into venda values (926, '2023-03-19 09:12:28', 43.93, null, null); 
insert into itens_venda values (default, 926, 492, 492, 1, 0.40, 43.93); 
update estoque set quant_venda = quant_venda + 1, quant_atual = quant_atual - 1 where id = 492; 
update estoque_total set total = total - 1 where medicamento_id = 492; 

insert into venda values (927, '2023-03-19 09:22:10', 126.23, null, null); 
insert into itens_venda values (default, 927, 429, 429, 3, 2.20, 71.93); 
update estoque set quant_venda = quant_venda + 3, quant_atual = quant_atual - 3 where id = 429; 
update estoque_total set total = total - 3 where medicamento_id = 429; 
insert into itens_venda values (default, 927, 433, 433, 2, 0.00, 54.30); 
update estoque set quant_venda = quant_venda + 2, quant_atual = quant_atual - 2 where id = 433; 
update estoque_total set total = total - 2 where medicamento_id = 433; 

insert into venda values (928, '2023-03-20 07:18:48', 251.38, null, null); 
insert into itens_venda values (default, 928, 387, 387, 2, 0.00, 130.20); 
update estoque set quant_venda = quant_venda + 2, quant_atual = quant_atual - 2 where id = 387; 
update estoque_total set total = total - 2 where medicamento_id = 387; 
insert into itens_venda values (default, 928, 466, 466, 1, 3.70, 121.18); 
update estoque set quant_venda = quant_venda + 1, quant_atual = quant_atual - 1 where id = 466; 
update estoque_total set total = total - 1 where medicamento_id = 466; 

insert into venda values (929, '2023-03-20 08:23:05', 98.32, null, null); 
insert into itens_venda values (default, 929, 473, 473, 2, 0.00, 98.32); 
update estoque set quant_venda = quant_venda + 2, quant_atual = quant_atual - 2 where id = 473; 
update estoque_total set total = total - 2 where medicamento_id = 473; 

insert into venda values (930, '2023-03-20 08:47:38', 316.98, null, null); 
insert into itens_venda values (default, 930, 300, 300, 1, 5.00, 245.00); 
update estoque set quant_venda = quant_venda + 1, quant_atual = quant_atual - 1 where id = 300; 
update estoque_total set total = total - 1 where medicamento_id = 300; 
insert into itens_venda values (default, 930, 479, 479, 2, 1.40, 71.98); 
update estoque set quant_venda = quant_venda + 2, quant_atual = quant_atual - 2 where id = 479; 
update estoque_total set total = total - 2 where medicamento_id = 479; 

insert into venda values (931, '2023-03-20 10:55:50', 41.21, null, null); 
insert into itens_venda values (default, 931, 342, 342, 1, 1.70, 41.21); 
update estoque set quant_venda = quant_venda + 1, quant_atual = quant_atual - 1 where id = 342; 
update estoque_total set total = total - 1 where medicamento_id = 342; 

insert into venda values (932, '2023-03-20 12:05:19', 516.74, null, null); 
insert into itens_venda values (default, 932, 77, 77, 1, 2.30, 234.87); 
update estoque set quant_venda = quant_venda + 1, quant_atual = quant_atual - 1 where id = 77; 
update estoque_total set total = total - 1 where medicamento_id = 77; 
insert into itens_venda values (default, 932, 65, 65, 1, 0.00, 77.21); 
update estoque set quant_venda = quant_venda + 1, quant_atual = quant_atual - 1 where id = 65; 
update estoque_total set total = total - 1 where medicamento_id = 65; 
insert into itens_venda values (default, 932, 320, 320, 1, 4.10, 204.66); 
update estoque set quant_venda = quant_venda + 1, quant_atual = quant_atual - 1 where id = 320; 
update estoque_total set total = total - 1 where medicamento_id = 320; 

insert into venda values (933, '2023-03-20 13:01:15', 228.56, null, null); 
insert into itens_venda values (default, 933, 242, 242, 2, 0.20, 12.10); 
update estoque set quant_venda = quant_venda + 2, quant_atual = quant_atual - 2 where id = 242; 
update estoque_total set total = total - 2 where medicamento_id = 242; 
insert into itens_venda values (default, 933, 390, 390, 2, 2.20, 74.42); 
update estoque set quant_venda = quant_venda + 2, quant_atual = quant_atual - 2 where id = 390; 
update estoque_total set total = total - 2 where medicamento_id = 390; 
insert into itens_venda values (default, 933, 157, 157, 2, 4.30, 142.04); 
update estoque set quant_venda = quant_venda + 2, quant_atual = quant_atual - 2 where id = 157; 
update estoque_total set total = total - 2 where medicamento_id = 157; 

insert into venda values (934, '2023-03-21 06:10:08', 19.50, null, null); 
insert into itens_venda values (default, 934, 453, 453, 3, 0.00, 19.50); 
update estoque set quant_venda = quant_venda + 3, quant_atual = quant_atual - 3 where id = 453; 
update estoque_total set total = total - 3 where medicamento_id = 453; 

insert into venda values (935, '2023-03-21 06:47:26', 133.17, null, null); 
insert into itens_venda values (default, 935, 482, 482, 2, 0.60, 32.14); 
update estoque set quant_venda = quant_venda + 2, quant_atual = quant_atual - 2 where id = 482; 
update estoque_total set total = total - 2 where medicamento_id = 482; 
insert into itens_venda values (default, 935, 441, 441, 1, 0.00, 28.50); 
update estoque set quant_venda = quant_venda + 1, quant_atual = quant_atual - 1 where id = 441; 
update estoque_total set total = total - 1 where medicamento_id = 441; 
insert into itens_venda values (default, 935, 403, 403, 3, 2.20, 72.53); 
update estoque set quant_venda = quant_venda + 3, quant_atual = quant_atual - 3 where id = 403; 
update estoque_total set total = total - 3 where medicamento_id = 403; 

insert into venda values (936, '2023-03-21 08:10:15', 130.80, null, null); 
insert into itens_venda values (default, 936, 348, 348, 2, 1.40, 45.58); 
update estoque set quant_venda = quant_venda + 2, quant_atual = quant_atual - 2 where id = 348; 
update estoque_total set total = total - 2 where medicamento_id = 348; 
insert into itens_venda values (default, 936, 305, 305, 2, 1.70, 85.22); 
update estoque set quant_venda = quant_venda + 2, quant_atual = quant_atual - 2 where id = 305; 
update estoque_total set total = total - 2 where medicamento_id = 305; 

insert into venda values (937, '2023-03-21 08:55:21', 37.36, 14, null); 
insert into itens_venda values (default, 937, 456, 456, 1, 1.10, 37.36); 
update estoque set quant_venda = quant_venda + 1, quant_atual = quant_atual - 1 where id = 456; 
update estoque_total set total = total - 1 where medicamento_id = 456; 

insert into venda values (938, '2023-03-21 10:02:44', 170.82, 13, null); 
insert into itens_venda values (default, 938, 159, 159, 1, 4.00, 96.70); 
update estoque set quant_venda = quant_venda + 1, quant_atual = quant_atual - 1 where id = 159; 
update estoque_total set total = total - 1 where medicamento_id = 159; 
insert into itens_venda values (default, 938, 469, 469, 1, 4.30, 43.58); 
update estoque set quant_venda = quant_venda + 1, quant_atual = quant_atual - 1 where id = 469; 
update estoque_total set total = total - 1 where medicamento_id = 469; 
insert into itens_venda values (default, 938, 349, 349, 1, 0.60, 30.54); 
update estoque set quant_venda = quant_venda + 1, quant_atual = quant_atual - 1 where id = 349; 
update estoque_total set total = total - 1 where medicamento_id = 349; 

insert into venda values (939, '2023-03-21 11:16:26', 140.66, 10, null); 
insert into itens_venda values (default, 939, 360, 360, 1, 7.40, 140.66); 
update estoque set quant_venda = quant_venda + 1, quant_atual = quant_atual - 1 where id = 360; 
update estoque_total set total = total - 1 where medicamento_id = 360; 

insert into venda values (940, '2023-03-21 12:18:02', 45.01, 18, null); 
insert into itens_venda values (default, 940, 494, 494, 3, 4.40, 45.01); 
update estoque set quant_venda = quant_venda + 3, quant_atual = quant_atual - 3 where id = 494; 
update estoque_total set total = total - 3 where medicamento_id = 494; 

insert into venda values (941, '2023-03-21 13:31:26', 259.18, null, null); 
insert into itens_venda values (default, 941, 479, 479, 1, 0.30, 36.39); 
update estoque set quant_venda = quant_venda + 1, quant_atual = quant_atual - 1 where id = 479; 
update estoque_total set total = total - 1 where medicamento_id = 479; 
insert into itens_venda values (default, 941, 362, 362, 1, 1.80, 187.08); 
update estoque set quant_venda = quant_venda + 1, quant_atual = quant_atual - 1 where id = 362; 
update estoque_total set total = total - 1 where medicamento_id = 362; 
insert into itens_venda values (default, 941, 405, 405, 1, 0.30, 35.71); 
update estoque set quant_venda = quant_venda + 1, quant_atual = quant_atual - 1 where id = 405; 
update estoque_total set total = total - 1 where medicamento_id = 405; 

insert into venda values (942, '2023-03-21 14:27:58', 224.48, null, 21); 
insert into itens_venda values (default, 942, 440, 440, 2, 2.30, 76.52); 
update estoque set quant_venda = quant_venda + 2, quant_atual = quant_atual - 2 where id = 440; 
update estoque_total set total = total - 2 where medicamento_id = 440; 
insert into itens_venda values (default, 942, 141, 141, 2, 0.90, 98.94); 
update estoque set quant_venda = quant_venda + 2, quant_atual = quant_atual - 2 where id = 141; 
update estoque_total set total = total - 2 where medicamento_id = 141; 
insert into itens_venda values (default, 942, 428, 428, 3, 0.90, 49.02); 
update estoque set quant_venda = quant_venda + 3, quant_atual = quant_atual - 3 where id = 428; 
update estoque_total set total = total - 3 where medicamento_id = 428; 

insert into venda values (943, '2023-03-21 14:29:58', 50.66, 5, null); 
insert into itens_venda values (default, 943, 296, 296, 1, 3.80, 50.66); 
update estoque set quant_venda = quant_venda + 1, quant_atual = quant_atual - 1 where id = 296; 
update estoque_total set total = total - 1 where medicamento_id = 296; 

insert into venda values (944, '2023-03-21 15:38:22', 97.12, null, null); 
insert into itens_venda values (default, 944, 435, 435, 1, 0.90, 97.12); 
update estoque set quant_venda = quant_venda + 1, quant_atual = quant_atual - 1 where id = 435; 
update estoque_total set total = total - 1 where medicamento_id = 435; 

insert into venda values (945, '2023-03-21 15:52:05', 87.18, null, null); 
insert into itens_venda values (default, 945, 489, 489, 2, 0.80, 87.18); 
update estoque set quant_venda = quant_venda + 2, quant_atual = quant_atual - 2 where id = 489; 
update estoque_total set total = total - 2 where medicamento_id = 489; 

insert into venda values (946, '2023-03-21 16:29:30', 174.84, 18, null); 
insert into itens_venda values (default, 946, 59, 59, 2, 15.10, 174.84); 
update estoque set quant_venda = quant_venda + 2, quant_atual = quant_atual - 2 where id = 59; 
update estoque_total set total = total - 2 where medicamento_id = 59; 

insert into venda values (947, '2023-03-22 06:10:15', 193.84, 7, null); 
insert into itens_venda values (default, 947, 179, 179, 2, 4.90, 93.36); 
update estoque set quant_venda = quant_venda + 2, quant_atual = quant_atual - 2 where id = 179; 
update estoque_total set total = total - 2 where medicamento_id = 179; 
insert into itens_venda values (default, 947, 438, 438, 2, 4.10, 100.48); 
update estoque set quant_venda = quant_venda + 2, quant_atual = quant_atual - 2 where id = 438; 
update estoque_total set total = total - 2 where medicamento_id = 438; 

insert into venda values (948, '2023-03-22 08:40:27', 174.80, null, null); 
insert into itens_venda values (default, 948, 470, 470, 2, 0.00, 174.80); 
update estoque set quant_venda = quant_venda + 2, quant_atual = quant_atual - 2 where id = 470; 
update estoque_total set total = total - 2 where medicamento_id = 470; 

insert into venda values (949, '2023-03-22 11:12:24', 608.08, null, 23); 
insert into itens_venda values (default, 949, 21, 21, 1, 0.00, 314.75); 
update estoque set quant_venda = quant_venda + 1, quant_atual = quant_atual - 1 where id = 21; 
update estoque_total set total = total - 1 where medicamento_id = 21; 
insert into itens_venda values (default, 949, 202, 202, 1, 8.40, 271.93); 
update estoque set quant_venda = quant_venda + 1, quant_atual = quant_atual - 1 where id = 202; 
update estoque_total set total = total - 1 where medicamento_id = 202; 
insert into itens_venda values (default, 949, 351, 351, 1, 0.40, 21.40); 
update estoque set quant_venda = quant_venda + 1, quant_atual = quant_atual - 1 where id = 351; 
update estoque_total set total = total - 1 where medicamento_id = 351; 

insert into venda values (950, '2023-03-22 13:41:29', 104.24, 16, 25); 
insert into itens_venda values (default, 950, 308, 308, 2, 2.10, 104.24); 
update estoque set quant_venda = quant_venda + 2, quant_atual = quant_atual - 2 where id = 308; 
update estoque_total set total = total - 2 where medicamento_id = 308; 

insert into venda values (951, '2023-03-22 16:23:44', 57.42, 17, null); 
insert into itens_venda values (default, 951, 248, 248, 1, 0.70, 24.31); 
update estoque set quant_venda = quant_venda + 1, quant_atual = quant_atual - 1 where id = 248; 
update estoque_total set total = total - 1 where medicamento_id = 248; 
insert into itens_venda values (default, 951, 504, 504, 3, 1.20, 19.05); 
update estoque set quant_venda = quant_venda + 3, quant_atual = quant_atual - 3 where id = 504; 
update estoque_total set total = total - 3 where medicamento_id = 504; 
insert into itens_venda values (default, 951, 474, 474, 1, 0.80, 14.06); 
update estoque set quant_venda = quant_venda + 1, quant_atual = quant_atual - 1 where id = 474; 
update estoque_total set total = total - 1 where medicamento_id = 474; 

insert into venda values (952, '2023-03-23 06:59:02', 64.80, null, null); 
insert into itens_venda values (default, 952, 389, 389, 2, 0.00, 64.80); 
update estoque set quant_venda = quant_venda + 2, quant_atual = quant_atual - 2 where id = 389; 
update estoque_total set total = total - 2 where medicamento_id = 389; 

insert into venda values (953, '2023-03-23 07:11:50', 419.05, null, 25); 
insert into itens_venda values (default, 953, 399, 399, 2, 0.00, 103.70); 
update estoque set quant_venda = quant_venda + 2, quant_atual = quant_atual - 2 where id = 399; 
update estoque_total set total = total - 2 where medicamento_id = 399; 
insert into itens_venda values (default, 953, 34, 34, 1, 13.10, 315.35); 
update estoque set quant_venda = quant_venda + 1, quant_atual = quant_atual - 1 where id = 34; 
update estoque_total set total = total - 1 where medicamento_id = 34; 

insert into venda values (954, '2023-03-23 08:14:19', 76.68, null, null); 
insert into itens_venda values (default, 954, 345, 345, 3, 1.50, 76.68); 
update estoque set quant_venda = quant_venda + 3, quant_atual = quant_atual - 3 where id = 345; 
update estoque_total set total = total - 3 where medicamento_id = 345; 

insert into venda values (955, '2023-03-23 08:41:39', 87.39, 3, null); 
insert into itens_venda values (default, 955, 271, 271, 1, 2.70, 87.39); 
update estoque set quant_venda = quant_venda + 1, quant_atual = quant_atual - 1 where id = 271; 
update estoque_total set total = total - 1 where medicamento_id = 271; 

insert into venda values (956, '2023-03-23 10:00:59', 133.50, null, null); 
insert into itens_venda values (default, 956, 250, 250, 1, 3.50, 84.85); 
update estoque set quant_venda = quant_venda + 1, quant_atual = quant_atual - 1 where id = 250; 
update estoque_total set total = total - 1 where medicamento_id = 250; 
insert into itens_venda values (default, 956, 374, 374, 1, 1.00, 33.11); 
update estoque set quant_venda = quant_venda + 1, quant_atual = quant_atual - 1 where id = 374; 
update estoque_total set total = total - 1 where medicamento_id = 374; 
insert into itens_venda values (default, 956, 398, 398, 1, 0.00, 15.54); 
update estoque set quant_venda = quant_venda + 1, quant_atual = quant_atual - 1 where id = 398; 
update estoque_total set total = total - 1 where medicamento_id = 398; 

insert into venda values (957, '2023-03-23 10:46:04', 195.12, null, null); 
insert into itens_venda values (default, 957, 323, 323, 2, 0.00, 35.34); 
update estoque set quant_venda = quant_venda + 2, quant_atual = quant_atual - 2 where id = 323; 
update estoque_total set total = total - 2 where medicamento_id = 323; 
insert into itens_venda values (default, 957, 256, 256, 2, 0.00, 159.78); 
update estoque set quant_venda = quant_venda + 2, quant_atual = quant_atual - 2 where id = 256; 
update estoque_total set total = total - 2 where medicamento_id = 256; 

insert into venda values (958, '2023-03-23 11:16:38', 16.87, 11, null); 
insert into itens_venda values (default, 958, 402, 402, 1, 0.00, 16.87); 
update estoque set quant_venda = quant_venda + 1, quant_atual = quant_atual - 1 where id = 402; 
update estoque_total set total = total - 1 where medicamento_id = 402; 

insert into venda values (959, '2023-03-23 12:03:15', 99.96, null, null); 
insert into itens_venda values (default, 959, 490, 490, 2, 4.10, 99.96); 
update estoque set quant_venda = quant_venda + 2, quant_atual = quant_atual - 2 where id = 490; 
update estoque_total set total = total - 2 where medicamento_id = 490; 

insert into venda values (960, '2023-03-23 12:08:09', 383.68, null, 25); 
insert into itens_venda values (default, 960, 481, 481, 1, 0.20, 13.14); 
update estoque set quant_venda = quant_venda + 1, quant_atual = quant_atual - 1 where id = 481; 
update estoque_total set total = total - 1 where medicamento_id = 481; 
insert into itens_venda values (default, 960, 197, 197, 1, 8.20, 265.36); 
update estoque set quant_venda = quant_venda + 1, quant_atual = quant_atual - 1 where id = 197; 
update estoque_total set total = total - 1 where medicamento_id = 197; 
insert into itens_venda values (default, 960, 282, 282, 2, 2.10, 105.18); 
update estoque set quant_venda = quant_venda + 2, quant_atual = quant_atual - 2 where id = 282; 
update estoque_total set total = total - 2 where medicamento_id = 282; 

insert into venda values (961, '2023-03-23 12:14:21', 531.45, null, null); 
insert into itens_venda values (default, 961, 231, 231, 1, 1.80, 58.73); 
update estoque set quant_venda = quant_venda + 1, quant_atual = quant_atual - 1 where id = 231; 
update estoque_total set total = total - 1 where medicamento_id = 231; 
insert into itens_venda values (default, 961, 304, 304, 3, 0.00, 82.38); 
update estoque set quant_venda = quant_venda + 3, quant_atual = quant_atual - 3 where id = 304; 
update estoque_total set total = total - 3 where medicamento_id = 304; 
insert into itens_venda values (default, 961, 259, 259, 1, 3.90, 390.34); 
update estoque set quant_venda = quant_venda + 1, quant_atual = quant_atual - 1 where id = 259; 
update estoque_total set total = total - 1 where medicamento_id = 259; 

insert into venda values (962, '2023-03-23 13:14:29', 474.34, null, null); 
insert into itens_venda values (default, 962, 364, 364, 2, 2.60, 63.64); 
update estoque set quant_venda = quant_venda + 2, quant_atual = quant_atual - 2 where id = 364; 
update estoque_total set total = total - 2 where medicamento_id = 364; 
insert into itens_venda values (default, 962, 56, 56, 1, 17.10, 410.70); 
update estoque set quant_venda = quant_venda + 1, quant_atual = quant_atual - 1 where id = 56; 
update estoque_total set total = total - 1 where medicamento_id = 56; 

insert into venda values (963, '2023-03-24 07:20:23', 237.34, null, null); 
insert into itens_venda values (default, 963, 370, 370, 1, 0.00, 237.34); 
update estoque set quant_venda = quant_venda + 1, quant_atual = quant_atual - 1 where id = 370; 
update estoque_total set total = total - 1 where medicamento_id = 370; 

insert into venda values (964, '2023-03-24 09:30:49', 118.54, null, null); 
insert into itens_venda values (default, 964, 350, 350, 1, 4.90, 118.54); 
update estoque set quant_venda = quant_venda + 1, quant_atual = quant_atual - 1 where id = 350; 
update estoque_total set total = total - 1 where medicamento_id = 350; 

insert into venda values (965, '2023-03-25 06:06:27', 58.62, 2, null); 
insert into itens_venda values (default, 965, 393, 393, 1, 0.70, 23.82); 
update estoque set quant_venda = quant_venda + 1, quant_atual = quant_atual - 1 where id = 393; 
update estoque_total set total = total - 1 where medicamento_id = 393; 
insert into itens_venda values (default, 965, 458, 458, 1, 1.40, 34.80); 
update estoque set quant_venda = quant_venda + 1, quant_atual = quant_atual - 1 where id = 458; 
update estoque_total set total = total - 1 where medicamento_id = 458; 

insert into venda values (966, '2023-03-25 06:40:19', 178.17, 13, 21); 
insert into itens_venda values (default, 966, 164, 164, 2, 7.90, 124.52); 
update estoque set quant_venda = quant_venda + 2, quant_atual = quant_atual - 2 where id = 164; 
update estoque_total set total = total - 2 where medicamento_id = 164; 
insert into itens_venda values (default, 966, 491, 491, 1, 2.80, 53.65); 
update estoque set quant_venda = quant_venda + 1, quant_atual = quant_atual - 1 where id = 491; 
update estoque_total set total = total - 1 where medicamento_id = 491; 

insert into venda values (967, '2023-03-25 07:14:43', 98.88, null, null); 
insert into itens_venda values (default, 967, 505, 505, 2, 2.70, 64.98); 
update estoque set quant_venda = quant_venda + 2, quant_atual = quant_atual - 2 where id = 505; 
update estoque_total set total = total - 2 where medicamento_id = 505; 
insert into itens_venda values (default, 967, 299, 299, 1, 0.30, 33.90); 
update estoque set quant_venda = quant_venda + 1, quant_atual = quant_atual - 1 where id = 299; 
update estoque_total set total = total - 1 where medicamento_id = 299; 

insert into venda values (968, '2023-03-25 08:09:41', 162.53, null, null); 
insert into itens_venda values (default, 968, 491, 491, 2, 4.50, 108.40); 
update estoque set quant_venda = quant_venda + 2, quant_atual = quant_atual - 2 where id = 491; 
update estoque_total set total = total - 2 where medicamento_id = 491; 
insert into itens_venda values (default, 968, 445, 445, 3, 0.50, 54.13); 
update estoque set quant_venda = quant_venda + 3, quant_atual = quant_atual - 3 where id = 445; 
update estoque_total set total = total - 3 where medicamento_id = 445; 

insert into venda values (969, '2023-03-25 09:17:34', 244.82, 17, 24); 
insert into itens_venda values (default, 969, 150, 150, 1, 3.60, 177.49); 
update estoque set quant_venda = quant_venda + 1, quant_atual = quant_atual - 1 where id = 150; 
update estoque_total set total = total - 1 where medicamento_id = 150; 
insert into itens_venda values (default, 969, 432, 432, 3, 0.90, 13.20); 
update estoque set quant_venda = quant_venda + 3, quant_atual = quant_atual - 3 where id = 432; 
update estoque_total set total = total - 3 where medicamento_id = 432; 
insert into itens_venda values (default, 969, 375, 375, 3, 5.30, 54.13); 
update estoque set quant_venda = quant_venda + 3, quant_atual = quant_atual - 3 where id = 375; 
update estoque_total set total = total - 3 where medicamento_id = 375; 

insert into venda values (970, '2023-03-25 10:15:41', 225.63, null, null); 
insert into itens_venda values (default, 970, 180, 180, 1, 3.40, 168.84); 
update estoque set quant_venda = quant_venda + 1, quant_atual = quant_atual - 1 where id = 180; 
update estoque_total set total = total - 1 where medicamento_id = 180; 
insert into itens_venda values (default, 970, 462, 462, 3, 0.00, 56.79); 
update estoque set quant_venda = quant_venda + 3, quant_atual = quant_atual - 3 where id = 462; 
update estoque_total set total = total - 3 where medicamento_id = 462; 

insert into venda values (971, '2023-03-25 11:32:02', 56.77, 18, null); 
insert into itens_venda values (default, 971, 452, 452, 1, 2.90, 56.77); 
update estoque set quant_venda = quant_venda + 1, quant_atual = quant_atual - 1 where id = 452; 
update estoque_total set total = total - 1 where medicamento_id = 452; 

insert into venda values (972, '2023-03-25 12:43:16', 29.52, null, null); 
insert into itens_venda values (default, 972, 474, 474, 2, 0.20, 29.52); 
update estoque set quant_venda = quant_venda + 2, quant_atual = quant_atual - 2 where id = 474; 
update estoque_total set total = total - 2 where medicamento_id = 474; 

insert into venda values (973, '2023-03-25 13:30:37', 27.94, null, null); 
insert into itens_venda values (default, 973, 341, 341, 2, 1.10, 27.94); 
update estoque set quant_venda = quant_venda + 2, quant_atual = quant_atual - 2 where id = 341; 
update estoque_total set total = total - 2 where medicamento_id = 341; 

insert into venda values (974, '2023-03-25 13:40:53', 351.64, 9, null); 
insert into itens_venda values (default, 974, 384, 384, 2, 1.70, 85.98); 
update estoque set quant_venda = quant_venda + 2, quant_atual = quant_atual - 2 where id = 384; 
update estoque_total set total = total - 2 where medicamento_id = 384; 
insert into itens_venda values (default, 974, 435, 435, 2, 15.60, 180.44); 
update estoque set quant_venda = quant_venda + 2, quant_atual = quant_atual - 2 where id = 435; 
update estoque_total set total = total - 2 where medicamento_id = 435; 
insert into itens_venda values (default, 974, 305, 305, 2, 1.70, 85.22); 
update estoque set quant_venda = quant_venda + 2, quant_atual = quant_atual - 2 where id = 305; 
update estoque_total set total = total - 2 where medicamento_id = 305; 

insert into venda values (975, '2023-03-25 14:30:51', 46.01, null, null); 
insert into itens_venda values (default, 975, 503, 503, 3, 0.20, 10.81); 
update estoque set quant_venda = quant_venda + 3, quant_atual = quant_atual - 3 where id = 503; 
update estoque_total set total = total - 3 where medicamento_id = 503; 
insert into itens_venda values (default, 975, 425, 425, 1, 1.00, 35.20); 
update estoque set quant_venda = quant_venda + 1, quant_atual = quant_atual - 1 where id = 425; 
update estoque_total set total = total - 1 where medicamento_id = 425; 

insert into venda values (976, '2023-03-25 15:33:10', 10.40, null, null); 
insert into itens_venda values (default, 976, 292, 292, 1, 0.30, 10.40); 
update estoque set quant_venda = quant_venda + 1, quant_atual = quant_atual - 1 where id = 292; 
update estoque_total set total = total - 1 where medicamento_id = 292; 

insert into venda values (977, '2023-03-25 16:39:51', 188.33, null, 23); 
insert into itens_venda values (default, 977, 503, 503, 2, 0.10, 7.24); 
update estoque set quant_venda = quant_venda + 2, quant_atual = quant_atual - 2 where id = 503; 
update estoque_total set total = total - 2 where medicamento_id = 503; 
insert into itens_venda values (default, 977, 150, 150, 1, 0.00, 181.09); 
update estoque set quant_venda = quant_venda + 1, quant_atual = quant_atual - 1 where id = 150; 
update estoque_total set total = total - 1 where medicamento_id = 150; 

insert into venda values (978, '2023-03-26 06:05:46', 273.75, null, 22); 
insert into itens_venda values (default, 978, 102, 102, 1, 5.60, 182.90); 
update estoque set quant_venda = quant_venda + 1, quant_atual = quant_atual - 1 where id = 102; 
update estoque_total set total = total - 1 where medicamento_id = 102; 
insert into itens_venda values (default, 978, 311, 311, 1, 0.40, 14.81); 
update estoque set quant_venda = quant_venda + 1, quant_atual = quant_atual - 1 where id = 311; 
update estoque_total set total = total - 1 where medicamento_id = 311; 
insert into itens_venda values (default, 978, 499, 499, 2, 1.50, 76.04); 
update estoque set quant_venda = quant_venda + 2, quant_atual = quant_atual - 2 where id = 499; 
update estoque_total set total = total - 2 where medicamento_id = 499; 

insert into venda values (979, '2023-03-26 06:24:20', 323.41, null, null); 
insert into itens_venda values (default, 979, 67, 67, 1, 3.70, 120.90); 
update estoque set quant_venda = quant_venda + 1, quant_atual = quant_atual - 1 where id = 67; 
update estoque_total set total = total - 1 where medicamento_id = 67; 
insert into itens_venda values (default, 979, 245, 245, 1, 0.00, 147.75); 
update estoque set quant_venda = quant_venda + 1, quant_atual = quant_atual - 1 where id = 245; 
update estoque_total set total = total - 1 where medicamento_id = 245; 
insert into itens_venda values (default, 979, 419, 419, 2, 0.00, 54.76); 
update estoque set quant_venda = quant_venda + 2, quant_atual = quant_atual - 2 where id = 419; 
update estoque_total set total = total - 2 where medicamento_id = 419; 

insert into venda values (980, '2023-03-26 06:36:22', 19.50, null, null); 
insert into itens_venda values (default, 980, 453, 453, 3, 0.00, 19.50); 
update estoque set quant_venda = quant_venda + 3, quant_atual = quant_atual - 3 where id = 453; 
update estoque_total set total = total - 3 where medicamento_id = 453; 

insert into venda values (981, '2023-03-26 07:06:11', 235.88, 9, null); 
insert into itens_venda values (default, 981, 480, 480, 2, 4.40, 58.68); 
update estoque set quant_venda = quant_venda + 2, quant_atual = quant_atual - 2 where id = 480; 
update estoque_total set total = total - 2 where medicamento_id = 480; 
insert into itens_venda values (default, 981, 478, 478, 2, 8.00, 107.04); 
update estoque set quant_venda = quant_venda + 2, quant_atual = quant_atual - 2 where id = 478; 
update estoque_total set total = total - 2 where medicamento_id = 478; 
insert into itens_venda values (default, 981, 498, 498, 2, 0.70, 70.16); 
update estoque set quant_venda = quant_venda + 2, quant_atual = quant_atual - 2 where id = 498; 
update estoque_total set total = total - 2 where medicamento_id = 498; 

insert into venda values (982, '2023-03-26 08:14:22', 113.96, null, 24); 
insert into itens_venda values (default, 982, 393, 393, 2, 0.00, 49.04); 
update estoque set quant_venda = quant_venda + 2, quant_atual = quant_atual - 2 where id = 393; 
update estoque_total set total = total - 2 where medicamento_id = 393; 
insert into itens_venda values (default, 982, 274, 274, 1, 0.70, 35.40); 
update estoque set quant_venda = quant_venda + 1, quant_atual = quant_atual - 1 where id = 274; 
update estoque_total set total = total - 1 where medicamento_id = 274; 
insert into itens_venda values (default, 982, 474, 474, 2, 0.20, 29.52); 
update estoque set quant_venda = quant_venda + 2, quant_atual = quant_atual - 2 where id = 474; 
update estoque_total set total = total - 2 where medicamento_id = 474; 

insert into venda values (983, '2023-03-26 09:18:50', 365.28, null, 25); 
insert into itens_venda values (default, 983, 187, 187, 2, 0.00, 74.02); 
update estoque set quant_venda = quant_venda + 2, quant_atual = quant_atual - 2 where id = 187; 
update estoque_total set total = total - 2 where medicamento_id = 187; 
insert into itens_venda values (default, 983, 108, 108, 1, 8.40, 202.48); 
update estoque set quant_venda = quant_venda + 1, quant_atual = quant_atual - 1 where id = 108; 
update estoque_total set total = total - 1 where medicamento_id = 108; 
insert into itens_venda values (default, 983, 359, 359, 1, 1.80, 88.78); 
update estoque set quant_venda = quant_venda + 1, quant_atual = quant_atual - 1 where id = 359; 
update estoque_total set total = total - 1 where medicamento_id = 359; 

insert into venda values (984, '2023-03-26 09:54:40', 72.26, null, null); 
insert into itens_venda values (default, 984, 392, 392, 3, 0.40, 41.48); 
update estoque set quant_venda = quant_venda + 3, quant_atual = quant_atual - 3 where id = 392; 
update estoque_total set total = total - 3 where medicamento_id = 392; 
insert into itens_venda values (default, 984, 475, 475, 1, 0.00, 20.10); 
update estoque set quant_venda = quant_venda + 1, quant_atual = quant_atual - 1 where id = 475; 
update estoque_total set total = total - 1 where medicamento_id = 475; 
insert into itens_venda values (default, 984, 495, 495, 1, 0.00, 10.68); 
update estoque set quant_venda = quant_venda + 1, quant_atual = quant_atual - 1 where id = 495; 
update estoque_total set total = total - 1 where medicamento_id = 495; 

insert into venda values (985, '2023-03-26 10:03:53', 78.13, 8, null); 
insert into itens_venda values (default, 985, 402, 402, 1, 1.10, 15.77); 
update estoque set quant_venda = quant_venda + 1, quant_atual = quant_atual - 1 where id = 402; 
update estoque_total set total = total - 1 where medicamento_id = 402; 
insert into itens_venda values (default, 985, 175, 175, 2, 5.40, 62.36); 
update estoque set quant_venda = quant_venda + 2, quant_atual = quant_atual - 2 where id = 175; 
update estoque_total set total = total - 2 where medicamento_id = 175; 

insert into venda values (986, '2023-03-26 10:25:31', 189.40, 14, null); 
insert into itens_venda values (default, 986, 352, 352, 1, 1.30, 25.64); 
update estoque set quant_venda = quant_venda + 1, quant_atual = quant_atual - 1 where id = 352; 
update estoque_total set total = total - 1 where medicamento_id = 352; 
insert into itens_venda values (default, 986, 454, 454, 2, 14.20, 163.76); 
update estoque set quant_venda = quant_venda + 2, quant_atual = quant_atual - 2 where id = 454; 
update estoque_total set total = total - 2 where medicamento_id = 454; 

insert into venda values (987, '2023-03-26 10:56:43', 87.35, null, null); 
insert into itens_venda values (default, 987, 380, 380, 1, 0.10, 8.13); 
update estoque set quant_venda = quant_venda + 1, quant_atual = quant_atual - 1 where id = 380; 
update estoque_total set total = total - 1 where medicamento_id = 380; 
insert into itens_venda values (default, 987, 321, 321, 2, 0.50, 55.60); 
update estoque set quant_venda = quant_venda + 2, quant_atual = quant_atual - 2 where id = 321; 
update estoque_total set total = total - 2 where medicamento_id = 321; 
insert into itens_venda values (default, 987, 393, 393, 1, 0.90, 23.62); 
update estoque set quant_venda = quant_venda + 1, quant_atual = quant_atual - 1 where id = 393; 
update estoque_total set total = total - 1 where medicamento_id = 393; 

insert into venda values (988, '2023-03-26 11:55:03', 230.26, null, null); 
insert into itens_venda values (default, 988, 171, 171, 2, 0.00, 142.58); 
update estoque set quant_venda = quant_venda + 2, quant_atual = quant_atual - 2 where id = 171; 
update estoque_total set total = total - 2 where medicamento_id = 171; 
insert into itens_venda values (default, 988, 353, 353, 1, 0.80, 40.88); 
update estoque set quant_venda = quant_venda + 1, quant_atual = quant_atual - 1 where id = 353; 
update estoque_total set total = total - 1 where medicamento_id = 353; 
insert into itens_venda values (default, 988, 443, 443, 2, 0.00, 46.80); 
update estoque set quant_venda = quant_venda + 2, quant_atual = quant_atual - 2 where id = 443; 
update estoque_total set total = total - 2 where medicamento_id = 443; 

insert into venda values (989, '2023-03-26 13:10:34', 198.09, null, 23); 
insert into itens_venda values (default, 989, 379, 379, 3, 0.00, 38.04); 
update estoque set quant_venda = quant_venda + 3, quant_atual = quant_atual - 3 where id = 379; 
update estoque_total set total = total - 3 where medicamento_id = 379; 
insert into itens_venda values (default, 989, 109, 109, 1, 0.00, 160.05); 
update estoque set quant_venda = quant_venda + 1, quant_atual = quant_atual - 1 where id = 109; 
update estoque_total set total = total - 1 where medicamento_id = 109; 

insert into venda values (990, '2023-03-27 07:59:14', 40.20, null, null); 
insert into itens_venda values (default, 990, 475, 475, 2, 0.00, 40.20); 
update estoque set quant_venda = quant_venda + 2, quant_atual = quant_atual - 2 where id = 475; 
update estoque_total set total = total - 2 where medicamento_id = 475; 

insert into venda values (991, '2023-03-27 08:28:53', 641.20, null, 22); 
insert into itens_venda values (default, 991, 470, 470, 2, 5.20, 169.60); 
update estoque set quant_venda = quant_venda + 2, quant_atual = quant_atual - 2 where id = 470; 
update estoque_total set total = total - 2 where medicamento_id = 470; 
insert into itens_venda values (default, 991, 317, 317, 2, 0.00, 180.80); 
update estoque set quant_venda = quant_venda + 2, quant_atual = quant_atual - 2 where id = 317; 
update estoque_total set total = total - 2 where medicamento_id = 317; 
insert into itens_venda values (default, 991, 173, 173, 1, 0.00, 290.80); 
update estoque set quant_venda = quant_venda + 1, quant_atual = quant_atual - 1 where id = 173; 
update estoque_total set total = total - 1 where medicamento_id = 173; 

insert into venda values (992, '2023-03-27 11:01:15', 411.82, 3, 21); 
insert into itens_venda values (default, 992, 215, 215, 1, 19.70, 199.20); 
update estoque set quant_venda = quant_venda + 1, quant_atual = quant_atual - 1 where id = 215; 
update estoque_total set total = total - 1 where medicamento_id = 215; 
insert into itens_venda values (default, 992, 167, 167, 1, 6.50, 212.62); 
update estoque set quant_venda = quant_venda + 1, quant_atual = quant_atual - 1 where id = 167; 
update estoque_total set total = total - 1 where medicamento_id = 167; 

insert into venda values (993, '2023-03-27 12:02:36', 186.70, null, 22); 
insert into itens_venda values (default, 993, 102, 102, 1, 1.80, 186.70); 
update estoque set quant_venda = quant_venda + 1, quant_atual = quant_atual - 1 where id = 102; 
update estoque_total set total = total - 1 where medicamento_id = 102; 

insert into venda values (994, '2023-03-28 08:24:16', 147.64, 12, 22); 
insert into itens_venda values (default, 994, 260, 260, 2, 4.50, 147.64); 
update estoque set quant_venda = quant_venda + 2, quant_atual = quant_atual - 2 where id = 260; 
update estoque_total set total = total - 2 where medicamento_id = 260; 

insert into venda values (995, '2023-03-28 10:01:08', 19.64, null, null); 
insert into itens_venda values (default, 995, 449, 449, 1, 0.00, 19.64); 
update estoque set quant_venda = quant_venda + 1, quant_atual = quant_atual - 1 where id = 449; 
update estoque_total set total = total - 1 where medicamento_id = 449; 

insert into venda values (996, '2023-03-28 10:34:12', 312.89, null, null); 
insert into itens_venda values (default, 996, 452, 452, 2, 4.70, 114.64); 
update estoque set quant_venda = quant_venda + 2, quant_atual = quant_atual - 2 where id = 452; 
update estoque_total set total = total - 2 where medicamento_id = 452; 
insert into itens_venda values (default, 996, 488, 488, 1, 0.00, 49.23); 
update estoque set quant_venda = quant_venda + 1, quant_atual = quant_atual - 1 where id = 488; 
update estoque_total set total = total - 1 where medicamento_id = 488; 
insert into itens_venda values (default, 996, 415, 415, 1, 4.60, 149.02); 
update estoque set quant_venda = quant_venda + 1, quant_atual = quant_atual - 1 where id = 415; 
update estoque_total set total = total - 1 where medicamento_id = 415; 

insert into venda values (997, '2023-03-28 12:17:17', 270.29, null, null); 
insert into itens_venda values (default, 997, 331, 331, 2, 0.90, 47.08); 
update estoque set quant_venda = quant_venda + 2, quant_atual = quant_atual - 2 where id = 331; 
update estoque_total set total = total - 2 where medicamento_id = 331; 
insert into itens_venda values (default, 997, 177, 177, 2, 0.00, 162.68); 
update estoque set quant_venda = quant_venda + 2, quant_atual = quant_atual - 2 where id = 177; 
update estoque_total set total = total - 2 where medicamento_id = 177; 
insert into itens_venda values (default, 997, 467, 467, 1, 1.80, 60.53); 
update estoque set quant_venda = quant_venda + 1, quant_atual = quant_atual - 1 where id = 467; 
update estoque_total set total = total - 1 where medicamento_id = 467; 

insert into venda values (998, '2023-03-28 15:02:15', 188.68, null, null); 
insert into itens_venda values (default, 998, 228, 228, 1, 0.00, 188.68); 
update estoque set quant_venda = quant_venda + 1, quant_atual = quant_atual - 1 where id = 228; 
update estoque_total set total = total - 1 where medicamento_id = 228; 

insert into venda values (999, '2023-03-29 06:46:54', 177.34, null, 25); 
insert into itens_venda values (default, 999, 137, 137, 1, 0.00, 78.14); 
update estoque set quant_venda = quant_venda + 1, quant_atual = quant_atual - 1 where id = 137; 
update estoque_total set total = total - 1 where medicamento_id = 137; 
insert into itens_venda values (default, 999, 401, 401, 2, 2.60, 64.68); 
update estoque set quant_venda = quant_venda + 2, quant_atual = quant_atual - 2 where id = 401; 
update estoque_total set total = total - 2 where medicamento_id = 401; 
insert into itens_venda values (default, 999, 382, 382, 1, 0.00, 34.52); 
update estoque set quant_venda = quant_venda + 1, quant_atual = quant_atual - 1 where id = 382; 
update estoque_total set total = total - 1 where medicamento_id = 382; 

insert into venda values (1000, '2023-03-29 06:49:02', 291.30, 8, null); 
insert into itens_venda values (default, 1000, 160, 160, 1, 5.90, 291.30); 
update estoque set quant_venda = quant_venda + 1, quant_atual = quant_atual - 1 where id = 160; 
update estoque_total set total = total - 1 where medicamento_id = 160; 

insert into venda values (1001, '2023-03-29 07:13:00', 179.67, null, null); 
insert into itens_venda values (default, 1001, 446, 446, 1, 0.00, 131.82); 
update estoque set quant_venda = quant_venda + 1, quant_atual = quant_atual - 1 where id = 446; 
update estoque_total set total = total - 1 where medicamento_id = 446; 
insert into itens_venda values (default, 1001, 482, 482, 1, 0.10, 16.27); 
update estoque set quant_venda = quant_venda + 1, quant_atual = quant_atual - 1 where id = 482; 
update estoque_total set total = total - 1 where medicamento_id = 482; 
insert into itens_venda values (default, 1001, 485, 485, 2, 0.60, 31.58); 
update estoque set quant_venda = quant_venda + 2, quant_atual = quant_atual - 2 where id = 485; 
update estoque_total set total = total - 2 where medicamento_id = 485; 

insert into venda values (1002, '2023-03-29 08:24:33', 263.85, null, 22); 
insert into itens_venda values (default, 1002, 361, 361, 1, 3.70, 186.08); 
update estoque set quant_venda = quant_venda + 1, quant_atual = quant_atual - 1 where id = 361; 
update estoque_total set total = total - 1 where medicamento_id = 361; 
insert into itens_venda values (default, 1002, 326, 326, 1, 0.40, 45.32); 
update estoque set quant_venda = quant_venda + 1, quant_atual = quant_atual - 1 where id = 326; 
update estoque_total set total = total - 1 where medicamento_id = 326; 
insert into itens_venda values (default, 1002, 206, 206, 1, 1.30, 32.45); 
update estoque set quant_venda = quant_venda + 1, quant_atual = quant_atual - 1 where id = 206; 
update estoque_total set total = total - 1 where medicamento_id = 206; 

insert into venda values (1003, '2023-03-29 09:00:56', 123.47, 20, null); 
insert into itens_venda values (default, 1003, 497, 497, 1, 3.30, 34.30); 
update estoque set quant_venda = quant_venda + 1, quant_atual = quant_atual - 1 where id = 497; 
update estoque_total set total = total - 1 where medicamento_id = 497; 
insert into itens_venda values (default, 1003, 494, 494, 1, 0.30, 16.17); 
update estoque set quant_venda = quant_venda + 1, quant_atual = quant_atual - 1 where id = 494; 
update estoque_total set total = total - 1 where medicamento_id = 494; 
insert into itens_venda values (default, 1003, 497, 497, 2, 2.20, 73.00); 
update estoque set quant_venda = quant_venda + 2, quant_atual = quant_atual - 2 where id = 497; 
update estoque_total set total = total - 2 where medicamento_id = 497; 

insert into venda values (1004, '2023-03-29 09:25:17', 386.64, null, 23); 
insert into itens_venda values (default, 1004, 106, 106, 1, 7.80, 386.64); 
update estoque set quant_venda = quant_venda + 1, quant_atual = quant_atual - 1 where id = 106; 
update estoque_total set total = total - 1 where medicamento_id = 106; 

insert into venda values (1005, '2023-03-29 10:31:27', 21.80, null, null); 
insert into itens_venda values (default, 1005, 351, 351, 1, 0.00, 21.80); 
update estoque set quant_venda = quant_venda + 1, quant_atual = quant_atual - 1 where id = 351; 
update estoque_total set total = total - 1 where medicamento_id = 351; 

insert into venda values (1006, '2023-03-29 10:53:56', 57.77, null, null); 
insert into itens_venda values (default, 1006, 468, 468, 1, 1.70, 57.77); 
update estoque set quant_venda = quant_venda + 1, quant_atual = quant_atual - 1 where id = 468; 
update estoque_total set total = total - 1 where medicamento_id = 468; 

insert into venda values (1007, '2023-03-30 07:05:47', 61.53, 9, null); 
insert into itens_venda values (default, 1007, 502, 502, 3, 3.90, 61.53); 
update estoque set quant_venda = quant_venda + 3, quant_atual = quant_atual - 3 where id = 502; 
update estoque_total set total = total - 3 where medicamento_id = 502; 

insert into venda values (1008, '2023-03-30 09:11:20', 148.06, null, null); 
insert into itens_venda values (default, 1008, 360, 360, 1, 0.00, 148.06); 
update estoque set quant_venda = quant_venda + 1, quant_atual = quant_atual - 1 where id = 360; 
update estoque_total set total = total - 1 where medicamento_id = 360; 

insert into venda values (1009, '2023-03-30 10:39:30', 202.91, 2, 22); 
insert into itens_venda values (default, 1009, 297, 297, 1, 0.50, 58.01); 
update estoque set quant_venda = quant_venda + 1, quant_atual = quant_atual - 1 where id = 297; 
update estoque_total set total = total - 1 where medicamento_id = 297; 
insert into itens_venda values (default, 1009, 356, 356, 1, 5.70, 109.36); 
update estoque set quant_venda = quant_venda + 1, quant_atual = quant_atual - 1 where id = 356; 
update estoque_total set total = total - 1 where medicamento_id = 356; 
insert into itens_venda values (default, 1009, 397, 397, 2, 0.70, 35.54); 
update estoque set quant_venda = quant_venda + 2, quant_atual = quant_atual - 2 where id = 397; 
update estoque_total set total = total - 2 where medicamento_id = 397; 

insert into venda values (1010, '2023-03-30 12:32:04', 244.30, 5, null); 
insert into itens_venda values (default, 1010, 361, 361, 1, 5.60, 184.18); 
update estoque set quant_venda = quant_venda + 1, quant_atual = quant_atual - 1 where id = 361; 
update estoque_total set total = total - 1 where medicamento_id = 361; 
insert into itens_venda values (default, 1010, 242, 242, 2, 0.30, 12.00); 
update estoque set quant_venda = quant_venda + 2, quant_atual = quant_atual - 2 where id = 242; 
update estoque_total set total = total - 2 where medicamento_id = 242; 
insert into itens_venda values (default, 1010, 284, 284, 3, 0.90, 48.12); 
update estoque set quant_venda = quant_venda + 3, quant_atual = quant_atual - 3 where id = 284; 
update estoque_total set total = total - 3 where medicamento_id = 284; 

insert into venda values (1011, '2023-03-30 14:42:42', 21.22, null, null); 
insert into itens_venda values (default, 1011, 450, 450, 1, 0.80, 21.22); 
update estoque set quant_venda = quant_venda + 1, quant_atual = quant_atual - 1 where id = 450; 
update estoque_total set total = total - 1 where medicamento_id = 450; 

insert into venda values (1012, '2023-03-30 16:28:42', 36.45, 17, null); 
insert into itens_venda values (default, 1012, 463, 463, 3, 3.60, 36.45); 
update estoque set quant_venda = quant_venda + 3, quant_atual = quant_atual - 3 where id = 463; 
update estoque_total set total = total - 3 where medicamento_id = 463; 

insert into venda values (1013, '2023-03-31 06:54:54', 103.08, 3, null); 
insert into itens_venda values (default, 1013, 183, 183, 2, 2.00, 65.22); 
update estoque set quant_venda = quant_venda + 2, quant_atual = quant_atual - 2 where id = 183; 
update estoque_total set total = total - 2 where medicamento_id = 183; 
insert into itens_venda values (default, 1013, 462, 462, 2, 0.00, 37.86); 
update estoque set quant_venda = quant_venda + 2, quant_atual = quant_atual - 2 where id = 462; 
update estoque_total set total = total - 2 where medicamento_id = 462; 

insert into venda values (1014, '2023-03-31 09:37:14', 3.47, 17, null); 
insert into itens_venda values (default, 1014, 503, 503, 1, 0.20, 3.47); 
update estoque set quant_venda = quant_venda + 1, quant_atual = quant_atual - 1 where id = 503; 
update estoque_total set total = total - 1 where medicamento_id = 503; 

insert into venda values (1015, '2023-04-01 06:01:04', 45.96, 8, null); 
insert into itens_venda values (default, 1015, 294, 294, 3, 3.90, 45.96); 
update estoque set quant_venda = quant_venda + 3, quant_atual = quant_atual - 3 where id = 294; 
update estoque_total set total = total - 3 where medicamento_id = 294; 

insert into venda values (1016, '2023-04-01 06:15:49', 92.35, null, 24); 
insert into itens_venda values (default, 1016, 457, 457, 1, 1.30, 32.87); 
update estoque set quant_venda = quant_venda + 1, quant_atual = quant_atual - 1 where id = 457; 
update estoque_total set total = total - 1 where medicamento_id = 457; 
insert into itens_venda values (default, 1016, 357, 357, 1, 2.40, 59.48); 
update estoque set quant_venda = quant_venda + 1, quant_atual = quant_atual - 1 where id = 357; 
update estoque_total set total = total - 1 where medicamento_id = 357; 

insert into venda values (1017, '2023-04-01 06:23:00', 147.08, 8, null); 
insert into itens_venda values (default, 1017, 350, 350, 1, 7.40, 116.04); 
update estoque set quant_venda = quant_venda + 1, quant_atual = quant_atual - 1 where id = 350; 
update estoque_total set total = total - 1 where medicamento_id = 350; 
insert into itens_venda values (default, 1017, 401, 401, 1, 2.60, 31.04); 
update estoque set quant_venda = quant_venda + 1, quant_atual = quant_atual - 1 where id = 401; 
update estoque_total set total = total - 1 where medicamento_id = 401; 

insert into venda values (1018, '2023-04-01 07:25:29', 224.06, null, null); 
insert into itens_venda values (default, 1018, 407, 407, 2, 0.00, 139.66); 
update estoque set quant_venda = quant_venda + 2, quant_atual = quant_atual - 2 where id = 407; 
update estoque_total set total = total - 2 where medicamento_id = 407; 
insert into itens_venda values (default, 1018, 288, 288, 3, 0.40, 48.62); 
update estoque set quant_venda = quant_venda + 3, quant_atual = quant_atual - 3 where id = 288; 
update estoque_total set total = total - 3 where medicamento_id = 288; 
insert into itens_venda values (default, 1018, 461, 461, 2, 1.40, 35.78); 
update estoque set quant_venda = quant_venda + 2, quant_atual = quant_atual - 2 where id = 461; 
update estoque_total set total = total - 2 where medicamento_id = 461; 

insert into venda values (1019, '2023-04-01 07:49:44', 195.91, null, null); 
insert into itens_venda values (default, 1019, 373, 373, 1, 0.00, 34.73); 
update estoque set quant_venda = quant_venda + 1, quant_atual = quant_atual - 1 where id = 373; 
update estoque_total set total = total - 1 where medicamento_id = 373; 
insert into itens_venda values (default, 1019, 415, 415, 1, 0.00, 153.62); 
update estoque set quant_venda = quant_venda + 1, quant_atual = quant_atual - 1 where id = 415; 
update estoque_total set total = total - 1 where medicamento_id = 415; 
insert into itens_venda values (default, 1019, 493, 493, 1, 0.00, 7.56); 
update estoque set quant_venda = quant_venda + 1, quant_atual = quant_atual - 1 where id = 493; 
update estoque_total set total = total - 1 where medicamento_id = 493; 

insert into venda values (1020, '2023-04-01 08:08:21', 387.31, null, null); 
insert into itens_venda values (default, 1020, 483, 483, 1, 0.00, 50.21); 
update estoque set quant_venda = quant_venda + 1, quant_atual = quant_atual - 1 where id = 483; 
update estoque_total set total = total - 1 where medicamento_id = 483; 
insert into itens_venda values (default, 1020, 257, 257, 1, 6.80, 337.10); 
update estoque set quant_venda = quant_venda + 1, quant_atual = quant_atual - 1 where id = 257; 
update estoque_total set total = total - 1 where medicamento_id = 257; 

insert into venda values (1021, '2023-04-01 09:10:07', 243.00, 2, 21); 
insert into itens_venda values (default, 1021, 310, 310, 1, 0.00, 123.44); 
update estoque set quant_venda = quant_venda + 1, quant_atual = quant_atual - 1 where id = 310; 
update estoque_total set total = total - 1 where medicamento_id = 310; 
insert into itens_venda values (default, 1021, 326, 326, 2, 2.70, 88.74); 
update estoque set quant_venda = quant_venda + 2, quant_atual = quant_atual - 2 where id = 326; 
update estoque_total set total = total - 2 where medicamento_id = 326; 
insert into itens_venda values (default, 1021, 364, 364, 1, 2.30, 30.82); 
update estoque set quant_venda = quant_venda + 1, quant_atual = quant_atual - 1 where id = 364; 
update estoque_total set total = total - 1 where medicamento_id = 364; 

insert into venda values (1022, '2023-04-01 09:57:09', 119.13, null, null); 
insert into itens_venda values (default, 1022, 376, 376, 3, 1.70, 43.00); 
update estoque set quant_venda = quant_venda + 3, quant_atual = quant_atual - 3 where id = 376; 
update estoque_total set total = total - 3 where medicamento_id = 376; 
insert into itens_venda values (default, 1022, 489, 489, 1, 1.30, 42.69); 
update estoque set quant_venda = quant_venda + 1, quant_atual = quant_atual - 1 where id = 489; 
update estoque_total set total = total - 1 where medicamento_id = 489; 
insert into itens_venda values (default, 1022, 402, 402, 2, 0.30, 33.44); 
update estoque set quant_venda = quant_venda + 2, quant_atual = quant_atual - 2 where id = 402; 
update estoque_total set total = total - 2 where medicamento_id = 402; 

insert into venda values (1023, '2023-04-01 11:12:07', 201.79, null, 24); 
insert into itens_venda values (default, 1023, 189, 189, 1, 6.20, 201.79); 
update estoque set quant_venda = quant_venda + 1, quant_atual = quant_atual - 1 where id = 189; 
update estoque_total set total = total - 1 where medicamento_id = 189; 

insert into venda values (1024, '2023-04-01 11:37:35', 31.36, null, null); 
insert into itens_venda values (default, 1024, 434, 434, 1, 1.30, 31.36); 
update estoque set quant_venda = quant_venda + 1, quant_atual = quant_atual - 1 where id = 434; 
update estoque_total set total = total - 1 where medicamento_id = 434; 

insert into venda values (1025, '2023-04-01 12:46:42', 246.78, null, null); 
insert into itens_venda values (default, 1025, 166, 166, 1, 0.00, 246.78); 
update estoque set quant_venda = quant_venda + 1, quant_atual = quant_atual - 1 where id = 166; 
update estoque_total set total = total - 1 where medicamento_id = 166; 

insert into venda values (1026, '2023-04-02 06:53:29', 32.40, 18, null); 
insert into itens_venda values (default, 1026, 329, 329, 1, 1.70, 32.40); 
update estoque set quant_venda = quant_venda + 1, quant_atual = quant_atual - 1 where id = 329; 
update estoque_total set total = total - 1 where medicamento_id = 329; 

insert into venda values (1027, '2023-04-02 07:19:07', 40.28, 4, null); 
insert into itens_venda values (default, 1027, 392, 392, 3, 1.60, 40.28); 
update estoque set quant_venda = quant_venda + 3, quant_atual = quant_atual - 3 where id = 392; 
update estoque_total set total = total - 3 where medicamento_id = 392; 

insert into venda values (1028, '2023-04-02 10:00:19', 375.63, null, null); 
insert into itens_venda values (default, 1028, 266, 266, 1, 2.30, 117.57); 
update estoque set quant_venda = quant_venda + 1, quant_atual = quant_atual - 1 where id = 266; 
update estoque_total set total = total - 1 where medicamento_id = 266; 
insert into itens_venda values (default, 1028, 491, 491, 2, 0.00, 112.90); 
update estoque set quant_venda = quant_venda + 2, quant_atual = quant_atual - 2 where id = 491; 
update estoque_total set total = total - 2 where medicamento_id = 491; 
insert into itens_venda values (default, 1028, 360, 360, 1, 2.90, 145.16); 
update estoque set quant_venda = quant_venda + 1, quant_atual = quant_atual - 1 where id = 360; 
update estoque_total set total = total - 1 where medicamento_id = 360; 

insert into venda values (1029, '2023-04-02 11:30:22', 35.37, 20, null); 
insert into itens_venda values (default, 1029, 499, 499, 1, 3.40, 35.37); 
update estoque set quant_venda = quant_venda + 1, quant_atual = quant_atual - 1 where id = 499; 
update estoque_total set total = total - 1 where medicamento_id = 499; 

insert into venda values (1030, '2023-04-03 07:09:29', 98.24, 12, null); 
insert into itens_venda values (default, 1030, 346, 346, 2, 1.70, 88.16); 
update estoque set quant_venda = quant_venda + 2, quant_atual = quant_atual - 2 where id = 346; 
update estoque_total set total = total - 2 where medicamento_id = 346; 
insert into itens_venda values (default, 1030, 495, 495, 1, 0.60, 10.08); 
update estoque set quant_venda = quant_venda + 1, quant_atual = quant_atual - 1 where id = 495; 
update estoque_total set total = total - 1 where medicamento_id = 495; 

insert into venda values (1031, '2023-04-04 06:22:16', 411.14, 3, 24); 
insert into itens_venda values (default, 1031, 205, 205, 1, 3.70, 182.94); 
update estoque set quant_venda = quant_venda + 1, quant_atual = quant_atual - 1 where id = 205; 
update estoque_total set total = total - 1 where medicamento_id = 205; 
insert into itens_venda values (default, 1031, 362, 362, 1, 1.80, 187.08); 
update estoque set quant_venda = quant_venda + 1, quant_atual = quant_atual - 1 where id = 362; 
update estoque_total set total = total - 1 where medicamento_id = 362; 
insert into itens_venda values (default, 1031, 188, 188, 2, 2.10, 41.12); 
update estoque set quant_venda = quant_venda + 2, quant_atual = quant_atual - 2 where id = 188; 
update estoque_total set total = total - 2 where medicamento_id = 188; 

insert into venda values (1032, '2023-04-04 07:42:04', 331.55, 19, null); 
insert into itens_venda values (default, 1032, 300, 300, 1, 5.00, 245.00); 
update estoque set quant_venda = quant_venda + 1, quant_atual = quant_atual - 1 where id = 300; 
update estoque_total set total = total - 1 where medicamento_id = 300; 
insert into itens_venda values (default, 1032, 348, 348, 1, 1.10, 22.39); 
update estoque set quant_venda = quant_venda + 1, quant_atual = quant_atual - 1 where id = 348; 
update estoque_total set total = total - 1 where medicamento_id = 348; 
insert into itens_venda values (default, 1032, 450, 450, 3, 1.90, 64.16); 
update estoque set quant_venda = quant_venda + 3, quant_atual = quant_atual - 3 where id = 450; 
update estoque_total set total = total - 3 where medicamento_id = 450; 

insert into venda values (1033, '2023-04-04 08:12:58', 48.19, null, null); 
insert into itens_venda values (default, 1033, 377, 377, 3, 2.00, 48.19); 
update estoque set quant_venda = quant_venda + 3, quant_atual = quant_atual - 3 where id = 377; 
update estoque_total set total = total - 3 where medicamento_id = 377; 

insert into venda values (1034, '2023-04-04 09:30:17', 137.40, null, null); 
insert into itens_venda values (default, 1034, 445, 445, 1, 0.10, 18.11); 
update estoque set quant_venda = quant_venda + 1, quant_atual = quant_atual - 1 where id = 445; 
update estoque_total set total = total - 1 where medicamento_id = 445; 
insert into itens_venda values (default, 1034, 451, 451, 3, 2.30, 55.45); 
update estoque set quant_venda = quant_venda + 3, quant_atual = quant_atual - 3 where id = 451; 
update estoque_total set total = total - 3 where medicamento_id = 451; 
insert into itens_venda values (default, 1034, 436, 436, 1, 1.90, 63.84); 
update estoque set quant_venda = quant_venda + 1, quant_atual = quant_atual - 1 where id = 436; 
update estoque_total set total = total - 1 where medicamento_id = 436; 

insert into venda values (1035, '2023-04-04 10:04:24', 562.99, null, null); 
insert into itens_venda values (default, 1035, 195, 195, 1, 7.70, 250.75); 
update estoque set quant_venda = quant_venda + 1, quant_atual = quant_atual - 1 where id = 195; 
update estoque_total set total = total - 1 where medicamento_id = 195; 
insert into itens_venda values (default, 1035, 163, 163, 1, 4.90, 160.12); 
update estoque set quant_venda = quant_venda + 1, quant_atual = quant_atual - 1 where id = 163; 
update estoque_total set total = total - 1 where medicamento_id = 163; 
insert into itens_venda values (default, 1035, 415, 415, 1, 1.50, 152.12); 
update estoque set quant_venda = quant_venda + 1, quant_atual = quant_atual - 1 where id = 415; 
update estoque_total set total = total - 1 where medicamento_id = 415; 

insert into venda values (1036, '2023-04-04 11:22:59', 180.66, 13, null); 
insert into itens_venda values (default, 1036, 252, 252, 3, 3.30, 80.88); 
update estoque set quant_venda = quant_venda + 3, quant_atual = quant_atual - 3 where id = 252; 
update estoque_total set total = total - 3 where medicamento_id = 252; 
insert into itens_venda values (default, 1036, 282, 282, 2, 7.50, 99.78); 
update estoque set quant_venda = quant_venda + 2, quant_atual = quant_atual - 2 where id = 282; 
update estoque_total set total = total - 2 where medicamento_id = 282; 

insert into venda values (1037, '2023-04-04 12:22:18', 28.77, null, null); 
insert into itens_venda values (default, 1037, 402, 402, 1, 0.30, 16.57); 
update estoque set quant_venda = quant_venda + 1, quant_atual = quant_atual - 1 where id = 402; 
update estoque_total set total = total - 1 where medicamento_id = 402; 
insert into itens_venda values (default, 1037, 242, 242, 2, 0.10, 12.20); 
update estoque set quant_venda = quant_venda + 2, quant_atual = quant_atual - 2 where id = 242; 
update estoque_total set total = total - 2 where medicamento_id = 242; 

insert into venda values (1038, '2023-04-04 13:28:31', 59.66, null, 21); 
insert into itens_venda values (default, 1038, 417, 417, 2, 1.10, 28.38); 
update estoque set quant_venda = quant_venda + 2, quant_atual = quant_atual - 2 where id = 417; 
update estoque_total set total = total - 2 where medicamento_id = 417; 
insert into itens_venda values (default, 1038, 339, 339, 1, 0.90, 31.28); 
update estoque set quant_venda = quant_venda + 1, quant_atual = quant_atual - 1 where id = 339; 
update estoque_total set total = total - 1 where medicamento_id = 339; 

insert into venda values (1039, '2023-04-04 13:38:10', 328.26, 6, null); 
insert into itens_venda values (default, 1039, 93, 93, 1, 11.30, 115.21); 
update estoque set quant_venda = quant_venda + 1, quant_atual = quant_atual - 1 where id = 93; 
update estoque_total set total = total - 1 where medicamento_id = 93; 
insert into itens_venda values (default, 1039, 98, 98, 1, 21.00, 213.05); 
update estoque set quant_venda = quant_venda + 1, quant_atual = quant_atual - 1 where id = 98; 
update estoque_total set total = total - 1 where medicamento_id = 98; 

insert into venda values (1040, '2023-04-04 14:19:34', 21.61, null, 24); 
insert into itens_venda values (default, 1040, 188, 188, 1, 0.00, 21.61); 
update estoque set quant_venda = quant_venda + 1, quant_atual = quant_atual - 1 where id = 188; 
update estoque_total set total = total - 1 where medicamento_id = 188; 

insert into venda values (1041, '2023-04-04 14:29:32', 119.58, 18, null); 
insert into itens_venda values (default, 1041, 381, 381, 2, 1.20, 119.58); 
update estoque set quant_venda = quant_venda + 2, quant_atual = quant_atual - 2 where id = 381; 
update estoque_total set total = total - 2 where medicamento_id = 381; 

insert into venda values (1042, '2023-04-04 14:54:29', 334.55, 7, 22); 
insert into itens_venda values (default, 1042, 369, 369, 2, 16.10, 163.28); 
update estoque set quant_venda = quant_venda + 2, quant_atual = quant_atual - 2 where id = 369; 
update estoque_total set total = total - 2 where medicamento_id = 369; 
insert into itens_venda values (default, 1042, 330, 330, 2, 6.60, 158.72); 
update estoque set quant_venda = quant_venda + 2, quant_atual = quant_atual - 2 where id = 330; 
update estoque_total set total = total - 2 where medicamento_id = 330; 
insert into itens_venda values (default, 1042, 463, 463, 1, 0.80, 12.55); 
update estoque set quant_venda = quant_venda + 1, quant_atual = quant_atual - 1 where id = 463; 
update estoque_total set total = total - 1 where medicamento_id = 463; 

insert into venda values (1043, '2023-04-04 15:27:09', 103.06, 18, null); 
insert into itens_venda values (default, 1043, 431, 431, 1, 0.30, 10.96); 
update estoque set quant_venda = quant_venda + 1, quant_atual = quant_atual - 1 where id = 431; 
update estoque_total set total = total - 1 where medicamento_id = 431; 
insert into itens_venda values (default, 1043, 474, 474, 2, 2.00, 27.72); 
update estoque set quant_venda = quant_venda + 2, quant_atual = quant_atual - 2 where id = 474; 
update estoque_total set total = total - 2 where medicamento_id = 474; 
insert into itens_venda values (default, 1043, 505, 505, 2, 3.30, 64.38); 
update estoque set quant_venda = quant_venda + 2, quant_atual = quant_atual - 2 where id = 505; 
update estoque_total set total = total - 2 where medicamento_id = 505; 

insert into venda values (1044, '2023-04-05 07:34:01', 236.57, null, null); 
insert into itens_venda values (default, 1044, 350, 350, 1, 0.00, 123.44); 
update estoque set quant_venda = quant_venda + 1, quant_atual = quant_atual - 1 where id = 350; 
update estoque_total set total = total - 1 where medicamento_id = 350; 
insert into itens_venda values (default, 1044, 408, 408, 1, 3.40, 113.13); 
update estoque set quant_venda = quant_venda + 1, quant_atual = quant_atual - 1 where id = 408; 
update estoque_total set total = total - 1 where medicamento_id = 408; 

insert into venda values (1045, '2023-04-05 09:16:33', 86.67, 13, null); 
insert into itens_venda values (default, 1045, 475, 475, 1, 1.40, 18.70); 
update estoque set quant_venda = quant_venda + 1, quant_atual = quant_atual - 1 where id = 475; 
update estoque_total set total = total - 1 where medicamento_id = 475; 
insert into itens_venda values (default, 1045, 395, 395, 1, 1.60, 39.67); 
update estoque set quant_venda = quant_venda + 1, quant_atual = quant_atual - 1 where id = 395; 
update estoque_total set total = total - 1 where medicamento_id = 395; 
insert into itens_venda values (default, 1045, 441, 441, 1, 0.20, 28.30); 
update estoque set quant_venda = quant_venda + 1, quant_atual = quant_atual - 1 where id = 441; 
update estoque_total set total = total - 1 where medicamento_id = 441; 

insert into venda values (1046, '2023-04-05 10:56:24', 426.57, null, null); 
insert into itens_venda values (default, 1046, 396, 396, 1, 3.40, 337.90); 
update estoque set quant_venda = quant_venda + 1, quant_atual = quant_atual - 1 where id = 396; 
update estoque_total set total = total - 1 where medicamento_id = 396; 
insert into itens_venda values (default, 1046, 430, 430, 3, 1.40, 72.73); 
update estoque set quant_venda = quant_venda + 3, quant_atual = quant_atual - 3 where id = 430; 
update estoque_total set total = total - 3 where medicamento_id = 430; 
insert into itens_venda values (default, 1046, 288, 288, 1, 0.40, 15.94); 
update estoque set quant_venda = quant_venda + 1, quant_atual = quant_atual - 1 where id = 288; 
update estoque_total set total = total - 1 where medicamento_id = 288; 

insert into venda values (1047, '2023-04-06 07:01:24', 420.25, null, 25); 
insert into itens_venda values (default, 1047, 467, 467, 1, 0.60, 61.73); 
update estoque set quant_venda = quant_venda + 1, quant_atual = quant_atual - 1 where id = 467; 
update estoque_total set total = total - 1 where medicamento_id = 467; 
insert into itens_venda values (default, 1047, 268, 268, 1, 11.60, 279.47); 
update estoque set quant_venda = quant_venda + 1, quant_atual = quant_atual - 1 where id = 268; 
update estoque_total set total = total - 1 where medicamento_id = 268; 
insert into itens_venda values (default, 1047, 433, 433, 3, 2.40, 79.05); 
update estoque set quant_venda = quant_venda + 3, quant_atual = quant_atual - 3 where id = 433; 
update estoque_total set total = total - 3 where medicamento_id = 433; 

insert into venda values (1048, '2023-04-06 08:31:10', 237.04, null, null); 
insert into itens_venda values (default, 1048, 500, 500, 3, 0.40, 47.51); 
update estoque set quant_venda = quant_venda + 3, quant_atual = quant_atual - 3 where id = 500; 
update estoque_total set total = total - 3 where medicamento_id = 500; 
insert into itens_venda values (default, 1048, 478, 478, 2, 2.30, 112.74); 
update estoque set quant_venda = quant_venda + 2, quant_atual = quant_atual - 2 where id = 478; 
update estoque_total set total = total - 2 where medicamento_id = 478; 
insert into itens_venda values (default, 1048, 256, 256, 1, 3.10, 76.79); 
update estoque set quant_venda = quant_venda + 1, quant_atual = quant_atual - 1 where id = 256; 
update estoque_total set total = total - 1 where medicamento_id = 256; 

insert into venda values (1049, '2023-04-06 08:51:45', 125.84, 6, null); 
insert into itens_venda values (default, 1049, 322, 322, 3, 5.00, 79.36); 
update estoque set quant_venda = quant_venda + 3, quant_atual = quant_atual - 3 where id = 322; 
update estoque_total set total = total - 3 where medicamento_id = 322; 
insert into itens_venda values (default, 1049, 469, 469, 1, 1.40, 46.48); 
update estoque set quant_venda = quant_venda + 1, quant_atual = quant_atual - 1 where id = 469; 
update estoque_total set total = total - 1 where medicamento_id = 469; 

insert into venda values (1050, '2023-04-08 07:22:48', 267.04, 11, 25); 
insert into itens_venda values (default, 1050, 283, 283, 2, 5.10, 98.70); 
update estoque set quant_venda = quant_venda + 2, quant_atual = quant_atual - 2 where id = 283; 
update estoque_total set total = total - 2 where medicamento_id = 283; 
insert into itens_venda values (default, 1050, 439, 439, 2, 4.00, 77.94); 
update estoque set quant_venda = quant_venda + 2, quant_atual = quant_atual - 2 where id = 439; 
update estoque_total set total = total - 2 where medicamento_id = 439; 
insert into itens_venda values (default, 1050, 317, 317, 1, 0.00, 90.40); 
update estoque set quant_venda = quant_venda + 1, quant_atual = quant_atual - 1 where id = 317; 
update estoque_total set total = total - 1 where medicamento_id = 317; 

insert into venda values (1051, '2023-04-08 07:28:04', 88.42, null, null); 
insert into itens_venda values (default, 1051, 413, 413, 1, 1.80, 88.42); 
update estoque set quant_venda = quant_venda + 1, quant_atual = quant_atual - 1 where id = 413; 
update estoque_total set total = total - 1 where medicamento_id = 413; 

insert into venda values (1052, '2023-04-08 07:51:18', 102.00, 10, null); 
insert into itens_venda values (default, 1052, 243, 243, 2, 6.90, 70.06); 
update estoque set quant_venda = quant_venda + 2, quant_atual = quant_atual - 2 where id = 243; 
update estoque_total set total = total - 2 where medicamento_id = 243; 
insert into itens_venda values (default, 1052, 500, 500, 2, 0.00, 31.94); 
update estoque set quant_venda = quant_venda + 2, quant_atual = quant_atual - 2 where id = 500; 
update estoque_total set total = total - 2 where medicamento_id = 500; 

insert into venda values (1053, '2023-04-08 08:22:14', 40.20, null, null); 
insert into itens_venda values (default, 1053, 475, 475, 2, 0.00, 40.20); 
update estoque set quant_venda = quant_venda + 2, quant_atual = quant_atual - 2 where id = 475; 
update estoque_total set total = total - 2 where medicamento_id = 475; 

insert into venda values (1054, '2023-04-08 09:10:04', 89.32, null, null); 
insert into itens_venda values (default, 1054, 337, 337, 2, 0.90, 89.32); 
update estoque set quant_venda = quant_venda + 2, quant_atual = quant_atual - 2 where id = 337; 
update estoque_total set total = total - 2 where medicamento_id = 337; 

insert into venda values (1055, '2023-04-08 09:12:35', 132.81, null, null); 
insert into itens_venda values (default, 1055, 433, 433, 3, 0.00, 81.45); 
update estoque set quant_venda = quant_venda + 3, quant_atual = quant_atual - 3 where id = 433; 
update estoque_total set total = total - 3 where medicamento_id = 433; 
insert into itens_venda values (default, 1055, 324, 324, 1, 0.30, 19.22); 
update estoque set quant_venda = quant_venda + 1, quant_atual = quant_atual - 1 where id = 324; 
update estoque_total set total = total - 1 where medicamento_id = 324; 
insert into itens_venda values (default, 1055, 482, 482, 2, 0.60, 32.14); 
update estoque set quant_venda = quant_venda + 2, quant_atual = quant_atual - 2 where id = 482; 
update estoque_total set total = total - 2 where medicamento_id = 482; 

insert into venda values (1056, '2023-04-08 09:27:01', 87.68, null, null); 
insert into itens_venda values (default, 1056, 384, 384, 2, 0.00, 87.68); 
update estoque set quant_venda = quant_venda + 2, quant_atual = quant_atual - 2 where id = 384; 
update estoque_total set total = total - 2 where medicamento_id = 384; 

insert into venda values (1057, '2023-04-08 10:11:44', 178.85, null, null); 
insert into itens_venda values (default, 1057, 327, 327, 1, 0.00, 31.62); 
update estoque set quant_venda = quant_venda + 1, quant_atual = quant_atual - 1 where id = 327; 
update estoque_total set total = total - 1 where medicamento_id = 327; 
insert into itens_venda values (default, 1057, 498, 498, 1, 0.00, 35.43); 
update estoque set quant_venda = quant_venda + 1, quant_atual = quant_atual - 1 where id = 498; 
update estoque_total set total = total - 1 where medicamento_id = 498; 
insert into itens_venda values (default, 1057, 491, 491, 2, 1.10, 111.80); 
update estoque set quant_venda = quant_venda + 2, quant_atual = quant_atual - 2 where id = 491; 
update estoque_total set total = total - 2 where medicamento_id = 491; 

insert into venda values (1058, '2023-04-08 11:16:34', 179.44, null, 25); 
insert into itens_venda values (default, 1058, 472, 472, 2, 2.30, 56.34); 
update estoque set quant_venda = quant_venda + 2, quant_atual = quant_atual - 2 where id = 472; 
update estoque_total set total = total - 2 where medicamento_id = 472; 
insert into itens_venda values (default, 1058, 401, 401, 2, 2.00, 65.28); 
update estoque set quant_venda = quant_venda + 2, quant_atual = quant_atual - 2 where id = 401; 
update estoque_total set total = total - 2 where medicamento_id = 401; 
insert into itens_venda values (default, 1058, 113, 113, 2, 0.50, 57.82); 
update estoque set quant_venda = quant_venda + 2, quant_atual = quant_atual - 2 where id = 113; 
update estoque_total set total = total - 2 where medicamento_id = 113; 

insert into venda values (1059, '2023-04-08 11:40:44', 185.21, null, null); 
insert into itens_venda values (default, 1059, 154, 154, 1, 2.00, 66.65); 
update estoque set quant_venda = quant_venda + 1, quant_atual = quant_atual - 1 where id = 154; 
update estoque_total set total = total - 1 where medicamento_id = 154; 
insert into itens_venda values (default, 1059, 264, 264, 1, 0.90, 48.26); 
update estoque set quant_venda = quant_venda + 1, quant_atual = quant_atual - 1 where id = 264; 
update estoque_total set total = total - 1 where medicamento_id = 264; 
insert into itens_venda values (default, 1059, 425, 425, 2, 2.10, 70.30); 
update estoque set quant_venda = quant_venda + 2, quant_atual = quant_atual - 2 where id = 425; 
update estoque_total set total = total - 2 where medicamento_id = 425; 

insert into venda values (1060, '2023-04-08 13:04:01', 53.48, null, null); 
insert into itens_venda values (default, 1060, 386, 386, 1, 0.30, 18.06); 
update estoque set quant_venda = quant_venda + 1, quant_atual = quant_atual - 1 where id = 386; 
update estoque_total set total = total - 1 where medicamento_id = 386; 
insert into itens_venda values (default, 1060, 445, 445, 2, 1.00, 35.42); 
update estoque set quant_venda = quant_venda + 2, quant_atual = quant_atual - 2 where id = 445; 
update estoque_total set total = total - 2 where medicamento_id = 445; 

insert into venda values (1061, '2023-04-08 14:24:00', 206.48, null, null); 
insert into itens_venda values (default, 1061, 503, 503, 2, 0.00, 7.34); 
update estoque set quant_venda = quant_venda + 2, quant_atual = quant_atual - 2 where id = 503; 
update estoque_total set total = total - 2 where medicamento_id = 503; 
insert into itens_venda values (default, 1061, 364, 364, 2, 0.60, 65.64); 
update estoque set quant_venda = quant_venda + 2, quant_atual = quant_atual - 2 where id = 364; 
update estoque_total set total = total - 2 where medicamento_id = 364; 
insert into itens_venda values (default, 1061, 400, 400, 1, 2.70, 133.50); 
update estoque set quant_venda = quant_venda + 1, quant_atual = quant_atual - 1 where id = 400; 
update estoque_total set total = total - 1 where medicamento_id = 400; 

insert into venda values (1062, '2023-04-08 15:27:01', 206.42, null, 23); 
insert into itens_venda values (default, 1062, 141, 141, 2, 1.90, 97.94); 
update estoque set quant_venda = quant_venda + 2, quant_atual = quant_atual - 2 where id = 141; 
update estoque_total set total = total - 2 where medicamento_id = 141; 
insert into itens_venda values (default, 1062, 318, 318, 2, 3.30, 108.48); 
update estoque set quant_venda = quant_venda + 2, quant_atual = quant_atual - 2 where id = 318; 
update estoque_total set total = total - 2 where medicamento_id = 318; 

insert into venda values (1063, '2023-04-09 06:39:02', 83.03, null, null); 
insert into itens_venda values (default, 1063, 385, 385, 1, 0.20, 21.29); 
update estoque set quant_venda = quant_venda + 1, quant_atual = quant_atual - 1 where id = 385; 
update estoque_total set total = total - 1 where medicamento_id = 385; 
insert into itens_venda values (default, 1063, 376, 376, 2, 0.50, 29.30); 
update estoque set quant_venda = quant_venda + 2, quant_atual = quant_atual - 2 where id = 376; 
update estoque_total set total = total - 2 where medicamento_id = 376; 
insert into itens_venda values (default, 1063, 365, 365, 2, 0.60, 32.44); 
update estoque set quant_venda = quant_venda + 2, quant_atual = quant_atual - 2 where id = 365; 
update estoque_total set total = total - 2 where medicamento_id = 365; 

insert into venda values (1064, '2023-04-09 06:48:07', 214.69, 17, 21); 
insert into itens_venda values (default, 1064, 366, 366, 1, 0.40, 49.13); 
update estoque set quant_venda = quant_venda + 1, quant_atual = quant_atual - 1 where id = 366; 
update estoque_total set total = total - 1 where medicamento_id = 366; 
insert into itens_venda values (default, 1064, 454, 454, 2, 12.40, 165.56); 
update estoque set quant_venda = quant_venda + 2, quant_atual = quant_atual - 2 where id = 454; 
update estoque_total set total = total - 2 where medicamento_id = 454; 

insert into venda values (1065, '2023-04-09 07:15:12', 165.37, 17, null); 
insert into itens_venda values (default, 1065, 193, 193, 1, 3.30, 165.37); 
update estoque set quant_venda = quant_venda + 1, quant_atual = quant_atual - 1 where id = 193; 
update estoque_total set total = total - 1 where medicamento_id = 193; 

insert into venda values (1066, '2023-04-09 08:32:21', 110.70, null, null); 
insert into itens_venda values (default, 1066, 491, 491, 2, 2.20, 110.70); 
update estoque set quant_venda = quant_venda + 2, quant_atual = quant_atual - 2 where id = 491; 
update estoque_total set total = total - 2 where medicamento_id = 491; 

insert into venda values (1067, '2023-04-09 09:30:12', 246.80, 9, 23); 
insert into itens_venda values (default, 1067, 317, 317, 2, 10.80, 170.00); 
update estoque set quant_venda = quant_venda + 2, quant_atual = quant_atual - 2 where id = 317; 
update estoque_total set total = total - 2 where medicamento_id = 317; 
insert into itens_venda values (default, 1067, 440, 440, 1, 3.10, 36.31); 
update estoque set quant_venda = quant_venda + 1, quant_atual = quant_atual - 1 where id = 440; 
update estoque_total set total = total - 1 where medicamento_id = 440; 
insert into itens_venda values (default, 1067, 489, 489, 1, 3.50, 40.49); 
update estoque set quant_venda = quant_venda + 1, quant_atual = quant_atual - 1 where id = 489; 
update estoque_total set total = total - 1 where medicamento_id = 489; 

insert into venda values (1068, '2023-04-09 10:02:19', 32.18, null, null); 
insert into itens_venda values (default, 1068, 485, 485, 2, 0.00, 32.18); 
update estoque set quant_venda = quant_venda + 2, quant_atual = quant_atual - 2 where id = 485; 
update estoque_total set total = total - 2 where medicamento_id = 485; 

insert into venda values (1069, '2023-04-09 10:34:10', 91.15, null, null); 
insert into itens_venda values (default, 1069, 334, 334, 1, 1.80, 60.73); 
update estoque set quant_venda = quant_venda + 1, quant_atual = quant_atual - 1 where id = 334; 
update estoque_total set total = total - 1 where medicamento_id = 334; 
insert into itens_venda values (default, 1069, 311, 311, 2, 0.00, 30.42); 
update estoque set quant_venda = quant_venda + 2, quant_atual = quant_atual - 2 where id = 311; 
update estoque_total set total = total - 2 where medicamento_id = 311; 

insert into venda values (1070, '2023-04-09 11:37:38', 224.51, null, null); 
insert into itens_venda values (default, 1070, 478, 478, 2, 2.30, 112.74); 
update estoque set quant_venda = quant_venda + 2, quant_atual = quant_atual - 2 where id = 478; 
update estoque_total set total = total - 2 where medicamento_id = 478; 
insert into itens_venda values (default, 1070, 480, 480, 2, 0.00, 63.08); 
update estoque set quant_venda = quant_venda + 2, quant_atual = quant_atual - 2 where id = 480; 
update estoque_total set total = total - 2 where medicamento_id = 480; 
insert into itens_venda values (default, 1070, 377, 377, 3, 1.50, 48.69); 
update estoque set quant_venda = quant_venda + 3, quant_atual = quant_atual - 3 where id = 377; 
update estoque_total set total = total - 3 where medicamento_id = 377; 

insert into venda values (1071, '2023-04-09 12:49:35', 184.55, null, 22); 
insert into itens_venda values (default, 1071, 493, 493, 3, 0.00, 22.68); 
update estoque set quant_venda = quant_venda + 3, quant_atual = quant_atual - 3 where id = 493; 
update estoque_total set total = total - 3 where medicamento_id = 493; 
insert into itens_venda values (default, 1071, 502, 502, 2, 0.40, 43.22); 
update estoque set quant_venda = quant_venda + 2, quant_atual = quant_atual - 2 where id = 502; 
update estoque_total set total = total - 2 where medicamento_id = 502; 
insert into itens_venda values (default, 1071, 333, 333, 1, 2.40, 118.65); 
update estoque set quant_venda = quant_venda + 1, quant_atual = quant_atual - 1 where id = 333; 
update estoque_total set total = total - 1 where medicamento_id = 333; 

insert into venda values (1072, '2023-04-09 12:52:03', 197.08, 8, 25); 
insert into itens_venda values (default, 1072, 241, 241, 2, 3.90, 74.84); 
update estoque set quant_venda = quant_venda + 2, quant_atual = quant_atual - 2 where id = 241; 
update estoque_total set total = total - 2 where medicamento_id = 241; 
insert into itens_venda values (default, 1072, 310, 310, 1, 1.20, 122.24); 
update estoque set quant_venda = quant_venda + 1, quant_atual = quant_atual - 1 where id = 310; 
update estoque_total set total = total - 1 where medicamento_id = 310; 

insert into venda values (1073, '2023-04-09 13:38:33', 37.00, null, null); 
insert into itens_venda values (default, 1073, 451, 451, 2, 1.50, 37.00); 
update estoque set quant_venda = quant_venda + 2, quant_atual = quant_atual - 2 where id = 451; 
update estoque_total set total = total - 2 where medicamento_id = 451; 

insert into venda values (1074, '2023-04-09 14:27:31', 124.88, null, null); 
insert into itens_venda values (default, 1074, 332, 332, 2, 1.20, 124.88); 
update estoque set quant_venda = quant_venda + 2, quant_atual = quant_atual - 2 where id = 332; 
update estoque_total set total = total - 2 where medicamento_id = 332; 

insert into venda values (1075, '2023-04-10 07:10:40', 322.78, null, null); 
insert into itens_venda values (default, 1075, 327, 327, 2, 1.20, 62.04); 
update estoque set quant_venda = quant_venda + 2, quant_atual = quant_atual - 2 where id = 327; 
update estoque_total set total = total - 2 where medicamento_id = 327; 
insert into itens_venda values (default, 1075, 443, 443, 1, 0.00, 23.40); 
update estoque set quant_venda = quant_venda + 1, quant_atual = quant_atual - 1 where id = 443; 
update estoque_total set total = total - 1 where medicamento_id = 443; 
insert into itens_venda values (default, 1075, 370, 370, 1, 0.00, 237.34); 
update estoque set quant_venda = quant_venda + 1, quant_atual = quant_atual - 1 where id = 370; 
update estoque_total set total = total - 1 where medicamento_id = 370; 

insert into venda values (1076, '2023-04-11 07:33:07', 271.05, null, 25); 
insert into itens_venda values (default, 1076, 288, 288, 3, 0.00, 49.02); 
update estoque set quant_venda = quant_venda + 3, quant_atual = quant_atual - 3 where id = 288; 
update estoque_total set total = total - 3 where medicamento_id = 288; 
insert into itens_venda values (default, 1076, 170, 170, 2, 6.10, 147.30); 
update estoque set quant_venda = quant_venda + 2, quant_atual = quant_atual - 2 where id = 170; 
update estoque_total set total = total - 2 where medicamento_id = 170; 
insert into itens_venda values (default, 1076, 403, 403, 3, 0.00, 74.73); 
update estoque set quant_venda = quant_venda + 3, quant_atual = quant_atual - 3 where id = 403; 
update estoque_total set total = total - 3 where medicamento_id = 403; 

insert into venda values (1077, '2023-04-11 08:50:06', 138.36, null, null); 
insert into itens_venda values (default, 1077, 407, 407, 2, 1.30, 138.36); 
update estoque set quant_venda = quant_venda + 2, quant_atual = quant_atual - 2 where id = 407; 
update estoque_total set total = total - 2 where medicamento_id = 407; 

insert into venda values (1078, '2023-04-11 09:05:28', 112.52, null, 24); 
insert into itens_venda values (default, 1078, 185, 185, 2, 1.90, 47.90); 
update estoque set quant_venda = quant_venda + 2, quant_atual = quant_atual - 2 where id = 185; 
update estoque_total set total = total - 2 where medicamento_id = 185; 
insert into itens_venda values (default, 1078, 389, 389, 1, 0.00, 32.40); 
update estoque set quant_venda = quant_venda + 1, quant_atual = quant_atual - 1 where id = 389; 
update estoque_total set total = total - 1 where medicamento_id = 389; 
insert into itens_venda values (default, 1078, 364, 364, 1, 0.90, 32.22); 
update estoque set quant_venda = quant_venda + 1, quant_atual = quant_atual - 1 where id = 364; 
update estoque_total set total = total - 1 where medicamento_id = 364; 

insert into venda values (1079, '2023-04-11 11:47:07', 147.03, 7, 22); 
insert into itens_venda values (default, 1079, 234, 234, 2, 1.70, 87.56); 
update estoque set quant_venda = quant_venda + 2, quant_atual = quant_atual - 2 where id = 234; 
update estoque_total set total = total - 2 where medicamento_id = 234; 
insert into itens_venda values (default, 1079, 238, 238, 2, 2.50, 25.92); 
update estoque set quant_venda = quant_venda + 2, quant_atual = quant_atual - 2 where id = 238; 
update estoque_total set total = total - 2 where medicamento_id = 238; 
insert into itens_venda values (default, 1079, 286, 286, 1, 1.00, 33.55); 
update estoque set quant_venda = quant_venda + 1, quant_atual = quant_atual - 1 where id = 286; 
update estoque_total set total = total - 1 where medicamento_id = 286; 

insert into venda values (1080, '2023-04-11 13:13:41', 24.20, null, 24); 
insert into itens_venda values (default, 1080, 185, 185, 1, 0.70, 24.20); 
update estoque set quant_venda = quant_venda + 1, quant_atual = quant_atual - 1 where id = 185; 
update estoque_total set total = total - 1 where medicamento_id = 185; 

insert into venda values (1081, '2023-04-11 14:31:32', 31.58, null, 21); 
insert into itens_venda values (default, 1081, 339, 339, 1, 0.60, 31.58); 
update estoque set quant_venda = quant_venda + 1, quant_atual = quant_atual - 1 where id = 339; 
update estoque_total set total = total - 1 where medicamento_id = 339; 

insert into venda values (1082, '2023-04-12 06:03:40', 133.54, null, null); 
insert into itens_venda values (default, 1082, 420, 420, 2, 0.00, 133.54); 
update estoque set quant_venda = quant_venda + 2, quant_atual = quant_atual - 2 where id = 420; 
update estoque_total set total = total - 2 where medicamento_id = 420; 

insert into venda values (1083, '2023-04-12 06:59:57', 332.99, null, null); 
insert into itens_venda values (default, 1083, 307, 307, 1, 0.00, 241.83); 
update estoque set quant_venda = quant_venda + 1, quant_atual = quant_atual - 1 where id = 307; 
update estoque_total set total = total - 1 where medicamento_id = 307; 
insert into itens_venda values (default, 1083, 322, 322, 2, 1.10, 55.14); 
update estoque set quant_venda = quant_venda + 2, quant_atual = quant_atual - 2 where id = 322; 
update estoque_total set total = total - 2 where medicamento_id = 322; 
insert into itens_venda values (default, 1083, 386, 386, 2, 0.70, 36.02); 
update estoque set quant_venda = quant_venda + 2, quant_atual = quant_atual - 2 where id = 386; 
update estoque_total set total = total - 2 where medicamento_id = 386; 

insert into venda values (1084, '2023-04-12 08:08:54', 339.46, 1, null); 
insert into itens_venda values (default, 1084, 478, 478, 1, 2.30, 55.22); 
update estoque set quant_venda = quant_venda + 1, quant_atual = quant_atual - 1 where id = 478; 
update estoque_total set total = total - 1 where medicamento_id = 478; 
insert into itens_venda values (default, 1084, 301, 301, 1, 5.70, 284.24); 
update estoque set quant_venda = quant_venda + 1, quant_atual = quant_atual - 1 where id = 301; 
update estoque_total set total = total - 1 where medicamento_id = 301; 

insert into venda values (1085, '2023-04-12 09:31:37', 109.58, null, null); 
insert into itens_venda values (default, 1085, 318, 318, 2, 2.20, 109.58); 
update estoque set quant_venda = quant_venda + 2, quant_atual = quant_atual - 2 where id = 318; 
update estoque_total set total = total - 2 where medicamento_id = 318; 

insert into venda values (1086, '2023-04-12 09:58:00', 49.42, null, null); 
insert into itens_venda values (default, 1086, 403, 403, 2, 0.40, 49.42); 
update estoque set quant_venda = quant_venda + 2, quant_atual = quant_atual - 2 where id = 403; 
update estoque_total set total = total - 2 where medicamento_id = 403; 

insert into venda values (1087, '2023-04-12 10:11:34', 31.62, 19, null); 
insert into itens_venda values (default, 1087, 327, 327, 1, 0.00, 31.62); 
update estoque set quant_venda = quant_venda + 1, quant_atual = quant_atual - 1 where id = 327; 
update estoque_total set total = total - 1 where medicamento_id = 327; 

insert into venda values (1088, '2023-04-12 10:14:53', 108.52, null, null); 
insert into itens_venda values (default, 1088, 295, 295, 1, 0.00, 97.58); 
update estoque set quant_venda = quant_venda + 1, quant_atual = quant_atual - 1 where id = 295; 
update estoque_total set total = total - 1 where medicamento_id = 295; 
insert into itens_venda values (default, 1088, 486, 486, 1, 0.00, 10.94); 
update estoque set quant_venda = quant_venda + 1, quant_atual = quant_atual - 1 where id = 486; 
update estoque_total set total = total - 1 where medicamento_id = 486; 

insert into venda values (1089, '2023-04-12 10:23:45', 89.10, null, 21); 
insert into itens_venda values (default, 1089, 504, 504, 2, 0.40, 13.10); 
update estoque set quant_venda = quant_venda + 2, quant_atual = quant_atual - 2 where id = 504; 
update estoque_total set total = total - 2 where medicamento_id = 504; 
insert into itens_venda values (default, 1089, 170, 170, 1, 0.70, 76.00); 
update estoque set quant_venda = quant_venda + 1, quant_atual = quant_atual - 1 where id = 170; 
update estoque_total set total = total - 1 where medicamento_id = 170; 

insert into venda values (1090, '2023-04-12 10:32:20', 38.18, null, null); 
insert into itens_venda values (default, 1090, 449, 449, 2, 1.10, 38.18); 
update estoque set quant_venda = quant_venda + 2, quant_atual = quant_atual - 2 where id = 449; 
update estoque_total set total = total - 2 where medicamento_id = 449; 

insert into venda values (1091, '2023-04-12 11:20:21', 33.62, null, null); 
insert into itens_venda values (default, 1091, 459, 459, 1, 0.30, 33.62); 
update estoque set quant_venda = quant_venda + 1, quant_atual = quant_atual - 1 where id = 459; 
update estoque_total set total = total - 1 where medicamento_id = 459; 

insert into venda values (1092, '2023-04-13 08:22:10', 102.48, 11, null); 
insert into itens_venda values (default, 1092, 278, 278, 2, 0.00, 70.08); 
update estoque set quant_venda = quant_venda + 2, quant_atual = quant_atual - 2 where id = 278; 
update estoque_total set total = total - 2 where medicamento_id = 278; 
insert into itens_venda values (default, 1092, 329, 329, 1, 1.70, 32.40); 
update estoque set quant_venda = quant_venda + 1, quant_atual = quant_atual - 1 where id = 329; 
update estoque_total set total = total - 1 where medicamento_id = 329; 

insert into venda values (1093, '2023-04-13 10:41:16', 129.54, null, null); 
insert into itens_venda values (default, 1093, 420, 420, 2, 4.00, 129.54); 
update estoque set quant_venda = quant_venda + 2, quant_atual = quant_atual - 2 where id = 420; 
update estoque_total set total = total - 2 where medicamento_id = 420; 

insert into venda values (1094, '2023-04-14 08:35:29', 104.58, null, null); 
insert into itens_venda values (default, 1094, 503, 503, 2, 0.20, 7.14); 
update estoque set quant_venda = quant_venda + 2, quant_atual = quant_atual - 2 where id = 503; 
update estoque_total set total = total - 2 where medicamento_id = 503; 
insert into itens_venda values (default, 1094, 255, 255, 2, 4.00, 97.44); 
update estoque set quant_venda = quant_venda + 2, quant_atual = quant_atual - 2 where id = 255; 
update estoque_total set total = total - 2 where medicamento_id = 255; 

insert into venda values (1095, '2023-04-14 10:32:59', 95.34, null, null); 
insert into itens_venda values (default, 1095, 493, 493, 2, 0.30, 14.82); 
update estoque set quant_venda = quant_venda + 2, quant_atual = quant_atual - 2 where id = 493; 
update estoque_total set total = total - 2 where medicamento_id = 493; 
insert into itens_venda values (default, 1095, 496, 496, 1, 0.20, 7.17); 
update estoque set quant_venda = quant_venda + 1, quant_atual = quant_atual - 1 where id = 496; 
update estoque_total set total = total - 1 where medicamento_id = 496; 
insert into itens_venda values (default, 1095, 409, 409, 3, 0.00, 73.35); 
update estoque set quant_venda = quant_venda + 3, quant_atual = quant_atual - 3 where id = 409; 
update estoque_total set total = total - 3 where medicamento_id = 409; 

insert into venda values (1096, '2023-04-14 11:35:05', 63.34, null, null); 
insert into itens_venda values (default, 1096, 450, 450, 1, 0.00, 22.02); 
update estoque set quant_venda = quant_venda + 1, quant_atual = quant_atual - 1 where id = 450; 
update estoque_total set total = total - 1 where medicamento_id = 450; 
insert into itens_venda values (default, 1096, 262, 262, 2, 1.70, 41.32); 
update estoque set quant_venda = quant_venda + 2, quant_atual = quant_atual - 2 where id = 262; 
update estoque_total set total = total - 2 where medicamento_id = 262; 

insert into venda values (1097, '2023-04-14 13:58:00', 97.29, null, null); 
insert into itens_venda values (default, 1097, 445, 445, 2, 0.30, 36.12); 
update estoque set quant_venda = quant_venda + 2, quant_atual = quant_atual - 2 where id = 445; 
update estoque_total set total = total - 2 where medicamento_id = 445; 
insert into itens_venda values (default, 1097, 314, 314, 3, 1.80, 61.17); 
update estoque set quant_venda = quant_venda + 3, quant_atual = quant_atual - 3 where id = 314; 
update estoque_total set total = total - 3 where medicamento_id = 314; 

insert into venda values (1098, '2023-04-14 16:15:52', 355.20, 20, 24); 
insert into itens_venda values (default, 1098, 446, 446, 1, 7.90, 123.92); 
update estoque set quant_venda = quant_venda + 1, quant_atual = quant_atual - 1 where id = 446; 
update estoque_total set total = total - 1 where medicamento_id = 446; 
insert into itens_venda values (default, 1098, 210, 210, 1, 22.80, 231.28); 
update estoque set quant_venda = quant_venda + 1, quant_atual = quant_atual - 1 where id = 210; 
update estoque_total set total = total - 1 where medicamento_id = 210; 

insert into venda values (1099, '2023-04-15 08:06:47', 256.52, null, 21); 
insert into itens_venda values (default, 1099, 366, 366, 2, 0.00, 99.06); 
update estoque set quant_venda = quant_venda + 2, quant_atual = quant_atual - 2 where id = 366; 
update estoque_total set total = total - 2 where medicamento_id = 366; 
insert into itens_venda values (default, 1099, 233, 233, 1, 0.00, 25.98); 
update estoque set quant_venda = quant_venda + 1, quant_atual = quant_atual - 1 where id = 233; 
update estoque_total set total = total - 1 where medicamento_id = 233; 
insert into itens_venda values (default, 1099, 436, 436, 2, 0.00, 131.48); 
update estoque set quant_venda = quant_venda + 2, quant_atual = quant_atual - 2 where id = 436; 
update estoque_total set total = total - 2 where medicamento_id = 436; 

insert into venda values (1100, '2023-04-15 10:28:50', 163.74, 15, null); 
insert into itens_venda values (default, 1100, 226, 226, 2, 16.10, 163.74); 
update estoque set quant_venda = quant_venda + 2, quant_atual = quant_atual - 2 where id = 226; 
update estoque_total set total = total - 2 where medicamento_id = 226; 

insert into venda values (1101, '2023-04-15 12:13:24', 43.22, 6, null); 
insert into itens_venda values (default, 1101, 502, 502, 2, 0.40, 43.22); 
update estoque set quant_venda = quant_venda + 2, quant_atual = quant_atual - 2 where id = 502; 
update estoque_total set total = total - 2 where medicamento_id = 502; 

insert into venda values (1102, '2023-04-15 12:14:59', 127.12, null, null); 
insert into itens_venda values (default, 1102, 275, 275, 1, 0.00, 83.72); 
update estoque set quant_venda = quant_venda + 1, quant_atual = quant_atual - 1 where id = 275; 
update estoque_total set total = total - 1 where medicamento_id = 275; 
insert into itens_venda values (default, 1102, 376, 376, 3, 1.30, 43.40); 
update estoque set quant_venda = quant_venda + 3, quant_atual = quant_atual - 3 where id = 376; 
update estoque_total set total = total - 3 where medicamento_id = 376; 

insert into venda values (1103, '2023-04-15 14:51:20', 62.94, null, null); 
insert into itens_venda values (default, 1103, 340, 340, 3, 0.60, 62.94); 
update estoque set quant_venda = quant_venda + 3, quant_atual = quant_atual - 3 where id = 340; 
update estoque_total set total = total - 3 where medicamento_id = 340; 

insert into venda values (1104, '2023-04-15 16:25:17', 50.17, null, null); 
insert into itens_venda values (default, 1104, 455, 455, 1, 0.00, 50.17); 
update estoque set quant_venda = quant_venda + 1, quant_atual = quant_atual - 1 where id = 455; 
update estoque_total set total = total - 1 where medicamento_id = 455; 

insert into venda values (1105, '2023-04-15 16:39:28', 3.67, null, null); 
insert into itens_venda values (default, 1105, 503, 503, 1, 0.00, 3.67); 
update estoque set quant_venda = quant_venda + 1, quant_atual = quant_atual - 1 where id = 503; 
update estoque_total set total = total - 1 where medicamento_id = 503; 

insert into venda values (1106, '2023-04-16 06:51:40', 118.18, 3, null); 
insert into itens_venda values (default, 1106, 459, 459, 1, 0.00, 33.92); 
update estoque set quant_venda = quant_venda + 1, quant_atual = quant_atual - 1 where id = 459; 
update estoque_total set total = total - 1 where medicamento_id = 459; 
insert into itens_venda values (default, 1106, 492, 492, 2, 4.40, 84.26); 
update estoque set quant_venda = quant_venda + 2, quant_atual = quant_atual - 2 where id = 492; 
update estoque_total set total = total - 2 where medicamento_id = 492; 

insert into venda values (1107, '2023-04-16 08:05:00', 198.28, null, null); 
insert into itens_venda values (default, 1107, 92, 92, 2, 0.90, 95.58); 
update estoque set quant_venda = quant_venda + 2, quant_atual = quant_atual - 2 where id = 92; 
update estoque_total set total = total - 2 where medicamento_id = 92; 
insert into itens_venda values (default, 1107, 399, 399, 2, 1.00, 102.70); 
update estoque set quant_venda = quant_venda + 2, quant_atual = quant_atual - 2 where id = 399; 
update estoque_total set total = total - 2 where medicamento_id = 399; 

insert into venda values (1108, '2023-04-16 08:07:45', 54.13, 11, null); 
insert into itens_venda values (default, 1108, 492, 492, 1, 3.50, 40.83); 
update estoque set quant_venda = quant_venda + 1, quant_atual = quant_atual - 1 where id = 492; 
update estoque_total set total = total - 1 where medicamento_id = 492; 
insert into itens_venda values (default, 1108, 504, 504, 2, 0.20, 13.30); 
update estoque set quant_venda = quant_venda + 2, quant_atual = quant_atual - 2 where id = 504; 
update estoque_total set total = total - 2 where medicamento_id = 504; 

insert into venda values (1109, '2023-04-16 08:17:52', 320.62, 16, null); 
insert into itens_venda values (default, 1109, 454, 454, 2, 12.40, 165.56); 
update estoque set quant_venda = quant_venda + 2, quant_atual = quant_atual - 2 where id = 454; 
update estoque_total set total = total - 2 where medicamento_id = 454; 
insert into itens_venda values (default, 1109, 450, 450, 2, 3.90, 40.14); 
update estoque set quant_venda = quant_venda + 2, quant_atual = quant_atual - 2 where id = 450; 
update estoque_total set total = total - 2 where medicamento_id = 450; 
insert into itens_venda values (default, 1109, 465, 465, 1, 7.30, 114.92); 
update estoque set quant_venda = quant_venda + 1, quant_atual = quant_atual - 1 where id = 465; 
update estoque_total set total = total - 1 where medicamento_id = 465; 

insert into venda values (1110, '2023-04-16 08:59:30', 453.96, 9, null); 
insert into itens_venda values (default, 1110, 230, 230, 1, 3.90, 392.68); 
update estoque set quant_venda = quant_venda + 1, quant_atual = quant_atual - 1 where id = 230; 
update estoque_total set total = total - 1 where medicamento_id = 230; 
insert into itens_venda values (default, 1110, 480, 480, 2, 1.80, 61.28); 
update estoque set quant_venda = quant_venda + 2, quant_atual = quant_atual - 2 where id = 480; 
update estoque_total set total = total - 2 where medicamento_id = 480; 

insert into venda values (1111, '2023-04-16 09:41:22', 63.76, null, 25); 
insert into itens_venda values (default, 1111, 339, 339, 2, 0.60, 63.76); 
update estoque set quant_venda = quant_venda + 2, quant_atual = quant_atual - 2 where id = 339; 
update estoque_total set total = total - 2 where medicamento_id = 339; 

insert into venda values (1112, '2023-04-16 10:30:28', 288.25, null, 21); 
insert into itens_venda values (default, 1112, 486, 486, 3, 0.90, 31.92); 
update estoque set quant_venda = quant_venda + 3, quant_atual = quant_atual - 3 where id = 486; 
update estoque_total set total = total - 3 where medicamento_id = 486; 
insert into itens_venda values (default, 1112, 274, 274, 2, 2.10, 70.10); 
update estoque set quant_venda = quant_venda + 2, quant_atual = quant_atual - 2 where id = 274; 
update estoque_total set total = total - 2 where medicamento_id = 274; 
insert into itens_venda values (default, 1112, 487, 487, 1, 1.80, 186.23); 
update estoque set quant_venda = quant_venda + 1, quant_atual = quant_atual - 1 where id = 487; 
update estoque_total set total = total - 1 where medicamento_id = 487; 

insert into venda values (1113, '2023-04-16 10:52:33', 141.60, null, null); 
insert into itens_venda values (default, 1113, 446, 446, 1, 2.60, 129.22); 
update estoque set quant_venda = quant_venda + 1, quant_atual = quant_atual - 1 where id = 446; 
update estoque_total set total = total - 1 where medicamento_id = 446; 
insert into itens_venda values (default, 1113, 379, 379, 1, 0.30, 12.38); 
update estoque set quant_venda = quant_venda + 1, quant_atual = quant_atual - 1 where id = 379; 
update estoque_total set total = total - 1 where medicamento_id = 379; 

insert into venda values (1114, '2023-04-16 11:35:00', 91.99, 13, null); 
insert into itens_venda values (default, 1114, 434, 434, 1, 2.90, 29.76); 
update estoque set quant_venda = quant_venda + 1, quant_atual = quant_atual - 1 where id = 434; 
update estoque_total set total = total - 1 where medicamento_id = 434; 
insert into itens_venda values (default, 1114, 243, 243, 1, 2.60, 35.88); 
update estoque set quant_venda = quant_venda + 1, quant_atual = quant_atual - 1 where id = 243; 
update estoque_total set total = total - 1 where medicamento_id = 243; 
insert into itens_venda values (default, 1114, 418, 418, 1, 1.30, 26.35); 
update estoque set quant_venda = quant_venda + 1, quant_atual = quant_atual - 1 where id = 418; 
update estoque_total set total = total - 1 where medicamento_id = 418; 

insert into venda values (1115, '2023-04-16 12:46:42', 97.42, 13, null); 
insert into itens_venda values (default, 1115, 473, 473, 2, 0.90, 97.42); 
update estoque set quant_venda = quant_venda + 2, quant_atual = quant_atual - 2 where id = 473; 
update estoque_total set total = total - 2 where medicamento_id = 473; 

insert into venda values (1116, '2023-04-16 14:00:47', 209.04, 5, null); 
insert into itens_venda values (default, 1116, 435, 435, 1, 8.80, 89.22); 
update estoque set quant_venda = quant_venda + 1, quant_atual = quant_atual - 1 where id = 435; 
update estoque_total set total = total - 1 where medicamento_id = 435; 
insert into itens_venda values (default, 1116, 465, 465, 1, 2.40, 119.82); 
update estoque set quant_venda = quant_venda + 1, quant_atual = quant_atual - 1 where id = 465; 
update estoque_total set total = total - 1 where medicamento_id = 465; 

insert into venda values (1117, '2023-04-16 14:41:28', 423.81, null, 24); 
insert into itens_venda values (default, 1117, 279, 279, 2, 1.70, 57.34); 
update estoque set quant_venda = quant_venda + 2, quant_atual = quant_atual - 2 where id = 279; 
update estoque_total set total = total - 2 where medicamento_id = 279; 
insert into itens_venda values (default, 1117, 254, 254, 1, 2.40, 240.29); 
update estoque set quant_venda = quant_venda + 1, quant_atual = quant_atual - 1 where id = 254; 
update estoque_total set total = total - 1 where medicamento_id = 254; 
insert into itens_venda values (default, 1117, 477, 477, 2, 3.90, 126.18); 
update estoque set quant_venda = quant_venda + 2, quant_atual = quant_atual - 2 where id = 477; 
update estoque_total set total = total - 2 where medicamento_id = 477; 

insert into venda values (1118, '2023-04-17 06:49:29', 7.56, null, null); 
insert into itens_venda values (default, 1118, 493, 493, 1, 0.00, 7.56); 
update estoque set quant_venda = quant_venda + 1, quant_atual = quant_atual - 1 where id = 493; 
update estoque_total set total = total - 1 where medicamento_id = 493; 

insert into venda values (1119, '2023-04-17 07:42:07', 247.83, null, null); 
insert into itens_venda values (default, 1119, 462, 462, 3, 0.50, 56.29); 
update estoque set quant_venda = quant_venda + 3, quant_atual = quant_atual - 3 where id = 462; 
update estoque_total set total = total - 3 where medicamento_id = 462; 
insert into itens_venda values (default, 1119, 327, 327, 2, 2.50, 60.74); 
update estoque set quant_venda = quant_venda + 2, quant_atual = quant_atual - 2 where id = 327; 
update estoque_total set total = total - 2 where medicamento_id = 327; 
insert into itens_venda values (default, 1119, 400, 400, 1, 5.40, 130.80); 
update estoque set quant_venda = quant_venda + 1, quant_atual = quant_atual - 1 where id = 400; 
update estoque_total set total = total - 1 where medicamento_id = 400; 

insert into venda values (1120, '2023-04-17 09:00:20', 27.02, null, null); 
insert into itens_venda values (default, 1120, 322, 322, 1, 1.10, 27.02); 
update estoque set quant_venda = quant_venda + 1, quant_atual = quant_atual - 1 where id = 322; 
update estoque_total set total = total - 1 where medicamento_id = 322; 

insert into venda values (1121, '2023-04-17 09:27:28', 155.59, null, null); 
insert into itens_venda values (default, 1121, 140, 140, 1, 0.00, 155.59); 
update estoque set quant_venda = quant_venda + 1, quant_atual = quant_atual - 1 where id = 140; 
update estoque_total set total = total - 1 where medicamento_id = 140; 

insert into venda values (1122, '2023-04-17 09:51:29', 147.67, null, null); 
insert into itens_venda values (default, 1122, 501, 501, 2, 1.80, 44.38); 
update estoque set quant_venda = quant_venda + 2, quant_atual = quant_atual - 2 where id = 501; 
update estoque_total set total = total - 2 where medicamento_id = 501; 
insert into itens_venda values (default, 1122, 305, 305, 2, 0.00, 86.92); 
update estoque set quant_venda = quant_venda + 2, quant_atual = quant_atual - 2 where id = 305; 
update estoque_total set total = total - 2 where medicamento_id = 305; 
insert into itens_venda values (default, 1122, 482, 482, 1, 0.00, 16.37); 
update estoque set quant_venda = quant_venda + 1, quant_atual = quant_atual - 1 where id = 482; 
update estoque_total set total = total - 1 where medicamento_id = 482; 

insert into venda values (1123, '2023-04-17 10:25:15', 124.53, null, null); 
insert into itens_venda values (default, 1123, 355, 355, 1, 1.00, 25.11); 
update estoque set quant_venda = quant_venda + 1, quant_atual = quant_atual - 1 where id = 355; 
update estoque_total set total = total - 1 where medicamento_id = 355; 
insert into itens_venda values (default, 1123, 483, 483, 2, 1.00, 99.42); 
update estoque set quant_venda = quant_venda + 2, quant_atual = quant_atual - 2 where id = 483; 
update estoque_total set total = total - 2 where medicamento_id = 483; 

insert into venda values (1124, '2023-04-17 11:45:48', 99.52, 1, 21); 
insert into itens_venda values (default, 1124, 449, 449, 3, 1.70, 57.22); 
update estoque set quant_venda = quant_venda + 3, quant_atual = quant_atual - 3 where id = 449; 
update estoque_total set total = total - 3 where medicamento_id = 449; 
insert into itens_venda values (default, 1124, 184, 184, 2, 0.00, 42.30); 
update estoque set quant_venda = quant_venda + 2, quant_atual = quant_atual - 2 where id = 184; 
update estoque_total set total = total - 2 where medicamento_id = 184; 

insert into venda values (1125, '2023-04-17 11:59:05', 33.42, 10, null); 
insert into itens_venda values (default, 1125, 386, 386, 2, 3.30, 33.42); 
update estoque set quant_venda = quant_venda + 2, quant_atual = quant_atual - 2 where id = 386; 
update estoque_total set total = total - 2 where medicamento_id = 386; 

insert into venda values (1126, '2023-04-17 13:02:08', 198.91, 5, null); 
insert into itens_venda values (default, 1126, 263, 263, 1, 12.60, 198.91); 
update estoque set quant_venda = quant_venda + 1, quant_atual = quant_atual - 1 where id = 263; 
update estoque_total set total = total - 1 where medicamento_id = 263; 

insert into venda values (1127, '2023-04-18 06:44:12', 31.36, 3, null); 
insert into itens_venda values (default, 1127, 434, 434, 1, 1.30, 31.36); 
update estoque set quant_venda = quant_venda + 1, quant_atual = quant_atual - 1 where id = 434; 
update estoque_total set total = total - 1 where medicamento_id = 434; 

insert into venda values (1128, '2023-04-18 08:04:18', 137.07, null, null); 
insert into itens_venda values (default, 1128, 419, 419, 3, 1.60, 80.54); 
update estoque set quant_venda = quant_venda + 3, quant_atual = quant_atual - 3 where id = 419; 
update estoque_total set total = total - 3 where medicamento_id = 419; 
insert into itens_venda values (default, 1128, 433, 433, 1, 0.50, 26.65); 
update estoque set quant_venda = quant_venda + 1, quant_atual = quant_atual - 1 where id = 433; 
update estoque_total set total = total - 1 where medicamento_id = 433; 
insert into itens_venda values (default, 1128, 398, 398, 2, 1.20, 29.88); 
update estoque set quant_venda = quant_venda + 2, quant_atual = quant_atual - 2 where id = 398; 
update estoque_total set total = total - 2 where medicamento_id = 398; 

insert into venda values (1129, '2023-04-18 08:15:58', 71.54, null, null); 
insert into itens_venda values (default, 1129, 450, 450, 2, 0.80, 43.24); 
update estoque set quant_venda = quant_venda + 2, quant_atual = quant_atual - 2 where id = 450; 
update estoque_total set total = total - 2 where medicamento_id = 450; 
insert into itens_venda values (default, 1129, 441, 441, 1, 0.20, 28.30); 
update estoque set quant_venda = quant_venda + 1, quant_atual = quant_atual - 1 where id = 441; 
update estoque_total set total = total - 1 where medicamento_id = 441; 

insert into venda values (1130, '2023-04-18 08:39:40', 84.16, null, null); 
insert into itens_venda values (default, 1130, 473, 473, 1, 1.90, 47.26); 
update estoque set quant_venda = quant_venda + 1, quant_atual = quant_atual - 1 where id = 473; 
update estoque_total set total = total - 1 where medicamento_id = 473; 
insert into itens_venda values (default, 1130, 497, 497, 1, 0.70, 36.90); 
update estoque set quant_venda = quant_venda + 1, quant_atual = quant_atual - 1 where id = 497; 
update estoque_total set total = total - 1 where medicamento_id = 497; 

insert into venda values (1131, '2023-04-18 09:10:59', 151.23, 6, null); 
insert into itens_venda values (default, 1131, 439, 439, 1, 1.20, 39.77); 
update estoque set quant_venda = quant_venda + 1, quant_atual = quant_atual - 1 where id = 439; 
update estoque_total set total = total - 1 where medicamento_id = 439; 
insert into itens_venda values (default, 1131, 505, 505, 1, 0.00, 33.84); 
update estoque set quant_venda = quant_venda + 1, quant_atual = quant_atual - 1 where id = 505; 
update estoque_total set total = total - 1 where medicamento_id = 505; 
insert into itens_venda values (default, 1131, 352, 352, 3, 3.20, 77.62); 
update estoque set quant_venda = quant_venda + 3, quant_atual = quant_atual - 3 where id = 352; 
update estoque_total set total = total - 3 where medicamento_id = 352; 

insert into venda values (1132, '2023-04-18 10:12:07', 51.36, null, null); 
insert into itens_venda values (default, 1132, 437, 437, 2, 1.00, 51.36); 
update estoque set quant_venda = quant_venda + 2, quant_atual = quant_atual - 2 where id = 437; 
update estoque_total set total = total - 2 where medicamento_id = 437; 

insert into venda values (1133, '2023-04-18 10:24:50', 390.54, 2, 24); 
insert into itens_venda values (default, 1133, 106, 106, 1, 3.90, 390.54); 
update estoque set quant_venda = quant_venda + 1, quant_atual = quant_atual - 1 where id = 106; 
update estoque_total set total = total - 1 where medicamento_id = 106; 

insert into venda values (1134, '2023-04-18 11:47:21', 364.46, 2, null); 
insert into itens_venda values (default, 1134, 370, 370, 1, 9.40, 227.94); 
update estoque set quant_venda = quant_venda + 1, quant_atual = quant_atual - 1 where id = 370; 
update estoque_total set total = total - 1 where medicamento_id = 370; 
insert into itens_venda values (default, 1134, 468, 468, 2, 7.10, 111.84); 
update estoque set quant_venda = quant_venda + 2, quant_atual = quant_atual - 2 where id = 468; 
update estoque_total set total = total - 2 where medicamento_id = 468; 
insert into itens_venda values (default, 1134, 437, 437, 1, 1.50, 24.68); 
update estoque set quant_venda = quant_venda + 1, quant_atual = quant_atual - 1 where id = 437; 
update estoque_total set total = total - 1 where medicamento_id = 437; 

insert into venda values (1135, '2023-04-18 13:09:27', 108.73, 3, null); 
insert into itens_venda values (default, 1135, 489, 489, 1, 0.40, 43.59); 
update estoque set quant_venda = quant_venda + 1, quant_atual = quant_atual - 1 where id = 489; 
update estoque_total set total = total - 1 where medicamento_id = 489; 
insert into itens_venda values (default, 1135, 436, 436, 1, 0.60, 65.14); 
update estoque set quant_venda = quant_venda + 1, quant_atual = quant_atual - 1 where id = 436; 
update estoque_total set total = total - 1 where medicamento_id = 436; 

insert into venda values (1136, '2023-04-18 14:23:06', 181.70, 13, 24); 
insert into itens_venda values (default, 1136, 204, 204, 2, 1.20, 23.72); 
update estoque set quant_venda = quant_venda + 2, quant_atual = quant_atual - 2 where id = 204; 
update estoque_total set total = total - 2 where medicamento_id = 204; 
insert into itens_venda values (default, 1136, 406, 406, 1, 0.40, 6.80); 
update estoque set quant_venda = quant_venda + 1, quant_atual = quant_atual - 1 where id = 406; 
update estoque_total set total = total - 1 where medicamento_id = 406; 
insert into itens_venda values (default, 1136, 444, 444, 2, 0.00, 151.18); 
update estoque set quant_venda = quant_venda + 2, quant_atual = quant_atual - 2 where id = 444; 
update estoque_total set total = total - 2 where medicamento_id = 444; 

insert into venda values (1137, '2023-04-18 14:33:18', 214.55, 16, null); 
insert into itens_venda values (default, 1137, 124, 124, 1, 5.50, 87.29); 
update estoque set quant_venda = quant_venda + 1, quant_atual = quant_atual - 1 where id = 124; 
update estoque_total set total = total - 1 where medicamento_id = 124; 
insert into itens_venda values (default, 1137, 483, 483, 1, 0.00, 50.21); 
update estoque set quant_venda = quant_venda + 1, quant_atual = quant_atual - 1 where id = 483; 
update estoque_total set total = total - 1 where medicamento_id = 483; 
insert into itens_venda values (default, 1137, 312, 312, 3, 2.30, 77.05); 
update estoque set quant_venda = quant_venda + 3, quant_atual = quant_atual - 3 where id = 312; 
update estoque_total set total = total - 3 where medicamento_id = 312; 

insert into venda values (1138, '2023-04-18 15:10:35', 570.71, null, 25); 
insert into itens_venda values (default, 1138, 197, 197, 1, 10.90, 262.66); 
update estoque set quant_venda = quant_venda + 1, quant_atual = quant_atual - 1 where id = 197; 
update estoque_total set total = total - 1 where medicamento_id = 197; 
insert into itens_venda values (default, 1138, 91, 91, 1, 2.50, 251.63); 
update estoque set quant_venda = quant_venda + 1, quant_atual = quant_atual - 1 where id = 91; 
update estoque_total set total = total - 1 where medicamento_id = 91; 
insert into itens_venda values (default, 1138, 478, 478, 1, 1.10, 56.42); 
update estoque set quant_venda = quant_venda + 1, quant_atual = quant_atual - 1 where id = 478; 
update estoque_total set total = total - 1 where medicamento_id = 478; 

insert into venda values (1139, '2023-04-19 06:50:56', 457.06, null, 21); 
insert into itens_venda values (default, 1139, 433, 433, 1, 0.20, 26.95); 
update estoque set quant_venda = quant_venda + 1, quant_atual = quant_atual - 1 where id = 433; 
update estoque_total set total = total - 1 where medicamento_id = 433; 
insert into itens_venda values (default, 1139, 195, 195, 1, 7.70, 250.75); 
update estoque set quant_venda = quant_venda + 1, quant_atual = quant_atual - 1 where id = 195; 
update estoque_total set total = total - 1 where medicamento_id = 195; 
insert into itens_venda values (default, 1139, 359, 359, 2, 1.80, 179.36); 
update estoque set quant_venda = quant_venda + 2, quant_atual = quant_atual - 2 where id = 359; 
update estoque_total set total = total - 2 where medicamento_id = 359; 

insert into venda values (1140, '2023-04-19 07:09:45', 184.94, null, null); 
insert into itens_venda values (default, 1140, 402, 402, 3, 0.50, 50.11); 
update estoque set quant_venda = quant_venda + 3, quant_atual = quant_atual - 3 where id = 402; 
update estoque_total set total = total - 3 where medicamento_id = 402; 
insert into itens_venda values (default, 1140, 371, 371, 1, 2.70, 134.83); 
update estoque set quant_venda = quant_venda + 1, quant_atual = quant_atual - 1 where id = 371; 
update estoque_total set total = total - 1 where medicamento_id = 371; 

insert into venda values (1141, '2023-04-20 06:51:09', 42.36, null, null); 
insert into itens_venda values (default, 1141, 340, 340, 2, 0.00, 42.36); 
update estoque set quant_venda = quant_venda + 2, quant_atual = quant_atual - 2 where id = 340; 
update estoque_total set total = total - 2 where medicamento_id = 340; 

insert into venda values (1142, '2023-04-20 07:52:29', 75.84, 17, null); 
insert into itens_venda values (default, 1142, 169, 169, 2, 0.70, 75.84); 
update estoque set quant_venda = quant_venda + 2, quant_atual = quant_atual - 2 where id = 169; 
update estoque_total set total = total - 2 where medicamento_id = 169; 

insert into venda values (1143, '2023-04-20 09:07:30', 341.86, 17, 22); 
insert into itens_venda values (default, 1143, 438, 438, 1, 1.50, 50.79); 
update estoque set quant_venda = quant_venda + 1, quant_atual = quant_atual - 1 where id = 438; 
update estoque_total set total = total - 1 where medicamento_id = 438; 
insert into itens_venda values (default, 1143, 268, 268, 1, 0.00, 291.07); 
update estoque set quant_venda = quant_venda + 1, quant_atual = quant_atual - 1 where id = 268; 
update estoque_total set total = total - 1 where medicamento_id = 268; 

insert into venda values (1144, '2023-04-20 10:13:30', 413.90, null, null); 
insert into itens_venda values (default, 1144, 173, 173, 1, 0.00, 290.80); 
update estoque set quant_venda = quant_venda + 1, quant_atual = quant_atual - 1 where id = 173; 
update estoque_total set total = total - 1 where medicamento_id = 173; 
insert into itens_venda values (default, 1144, 264, 264, 1, 0.90, 48.26); 
update estoque set quant_venda = quant_venda + 1, quant_atual = quant_atual - 1 where id = 264; 
update estoque_total set total = total - 1 where medicamento_id = 264; 
insert into itens_venda values (default, 1144, 233, 233, 3, 3.10, 74.84); 
update estoque set quant_venda = quant_venda + 3, quant_atual = quant_atual - 3 where id = 233; 
update estoque_total set total = total - 3 where medicamento_id = 233; 

insert into venda values (1145, '2023-04-20 11:08:27', 63.34, 14, null); 
insert into itens_venda values (default, 1145, 311, 311, 2, 0.00, 30.42); 
update estoque set quant_venda = quant_venda + 2, quant_atual = quant_atual - 2 where id = 311; 
update estoque_total set total = total - 2 where medicamento_id = 311; 
insert into itens_venda values (default, 1145, 459, 459, 1, 1.00, 32.92); 
update estoque set quant_venda = quant_venda + 1, quant_atual = quant_atual - 1 where id = 459; 
update estoque_total set total = total - 1 where medicamento_id = 459; 

insert into venda values (1146, '2023-04-20 11:39:30', 61.33, null, null); 
insert into itens_venda values (default, 1146, 334, 334, 1, 1.20, 61.33); 
update estoque set quant_venda = quant_venda + 1, quant_atual = quant_atual - 1 where id = 334; 
update estoque_total set total = total - 1 where medicamento_id = 334; 

insert into venda values (1147, '2023-04-20 12:58:24', 32.45, 8, null); 
insert into itens_venda values (default, 1147, 464, 464, 1, 0.00, 32.45); 
update estoque set quant_venda = quant_venda + 1, quant_atual = quant_atual - 1 where id = 464; 
update estoque_total set total = total - 1 where medicamento_id = 464; 

insert into venda values (1148, '2023-04-20 14:05:11', 327.70, null, null); 
insert into itens_venda values (default, 1148, 396, 396, 1, 13.60, 327.70); 
update estoque set quant_venda = quant_venda + 1, quant_atual = quant_atual - 1 where id = 396; 
update estoque_total set total = total - 1 where medicamento_id = 396; 

insert into venda values (1149, '2023-04-20 14:28:20', 89.92, null, null); 
insert into itens_venda values (default, 1149, 226, 226, 1, 0.00, 89.92); 
update estoque set quant_venda = quant_venda + 1, quant_atual = quant_atual - 1 where id = 226; 
update estoque_total set total = total - 1 where medicamento_id = 226; 

insert into venda values (1150, '2023-04-20 14:36:36', 76.54, null, null); 
insert into itens_venda values (default, 1150, 340, 340, 3, 0.00, 63.54); 
update estoque set quant_venda = quant_venda + 3, quant_atual = quant_atual - 3 where id = 340; 
update estoque_total set total = total - 3 where medicamento_id = 340; 
insert into itens_venda values (default, 1150, 453, 453, 2, 0.00, 13.00); 
update estoque set quant_venda = quant_venda + 2, quant_atual = quant_atual - 2 where id = 453; 
update estoque_total set total = total - 2 where medicamento_id = 453; 

insert into venda values (1151, '2023-04-21 06:20:18', 179.43, 7, null); 
insert into itens_venda values (default, 1151, 438, 438, 2, 7.30, 97.28); 
update estoque set quant_venda = quant_venda + 2, quant_atual = quant_atual - 2 where id = 438; 
update estoque_total set total = total - 2 where medicamento_id = 438; 
insert into itens_venda values (default, 1151, 355, 355, 1, 0.20, 25.91); 
update estoque set quant_venda = quant_venda + 1, quant_atual = quant_atual - 1 where id = 355; 
update estoque_total set total = total - 1 where medicamento_id = 355; 
insert into itens_venda values (default, 1151, 322, 322, 2, 0.00, 56.24); 
update estoque set quant_venda = quant_venda + 2, quant_atual = quant_atual - 2 where id = 322; 
update estoque_total set total = total - 2 where medicamento_id = 322; 

insert into venda values (1152, '2023-04-21 06:39:58', 116.91, null, 25); 
insert into itens_venda values (default, 1152, 346, 346, 1, 1.30, 43.63); 
update estoque set quant_venda = quant_venda + 1, quant_atual = quant_atual - 1 where id = 346; 
update estoque_total set total = total - 1 where medicamento_id = 346; 
insert into itens_venda values (default, 1152, 358, 358, 2, 0.70, 73.28); 
update estoque set quant_venda = quant_venda + 2, quant_atual = quant_atual - 2 where id = 358; 
update estoque_total set total = total - 2 where medicamento_id = 358; 

insert into venda values (1153, '2023-04-21 06:43:49', 49.02, 19, null); 
insert into itens_venda values (default, 1153, 430, 430, 2, 0.40, 49.02); 
update estoque set quant_venda = quant_venda + 2, quant_atual = quant_atual - 2 where id = 430; 
update estoque_total set total = total - 2 where medicamento_id = 430; 

insert into venda values (1154, '2023-04-21 06:58:03', 32.44, 14, null); 
insert into itens_venda values (default, 1154, 484, 484, 2, 0.60, 32.44); 
update estoque set quant_venda = quant_venda + 2, quant_atual = quant_atual - 2 where id = 484; 
update estoque_total set total = total - 2 where medicamento_id = 484; 

insert into venda values (1155, '2023-04-21 07:16:27', 272.79, null, 21); 
insert into itens_venda values (default, 1155, 189, 189, 1, 0.00, 207.99); 
update estoque set quant_venda = quant_venda + 1, quant_atual = quant_atual - 1 where id = 189; 
update estoque_total set total = total - 1 where medicamento_id = 189; 
insert into itens_venda values (default, 1155, 389, 389, 2, 0.00, 64.80); 
update estoque set quant_venda = quant_venda + 2, quant_atual = quant_atual - 2 where id = 389; 
update estoque_total set total = total - 2 where medicamento_id = 389; 

insert into venda values (1156, '2023-04-21 07:27:36', 145.38, 4, null); 
insert into itens_venda values (default, 1156, 340, 340, 1, 0.40, 20.78); 
update estoque set quant_venda = quant_venda + 1, quant_atual = quant_atual - 1 where id = 340; 
update estoque_total set total = total - 1 where medicamento_id = 340; 
insert into itens_venda values (default, 1156, 67, 67, 1, 0.00, 124.60); 
update estoque set quant_venda = quant_venda + 1, quant_atual = quant_atual - 1 where id = 67; 
update estoque_total set total = total - 1 where medicamento_id = 67; 

insert into venda values (1157, '2023-04-21 07:55:19', 69.12, null, null); 
insert into itens_venda values (default, 1157, 442, 442, 3, 0.00, 69.12); 
update estoque set quant_venda = quant_venda + 3, quant_atual = quant_atual - 3 where id = 442; 
update estoque_total set total = total - 3 where medicamento_id = 442; 

insert into venda values (1158, '2023-04-21 08:36:36', 291.70, null, null); 
insert into itens_venda values (default, 1158, 381, 381, 2, 2.40, 118.38); 
update estoque set quant_venda = quant_venda + 2, quant_atual = quant_atual - 2 where id = 381; 
update estoque_total set total = total - 2 where medicamento_id = 381; 
insert into itens_venda values (default, 1158, 132, 132, 2, 2.90, 95.78); 
update estoque set quant_venda = quant_venda + 2, quant_atual = quant_atual - 2 where id = 132; 
update estoque_total set total = total - 2 where medicamento_id = 132; 
insert into itens_venda values (default, 1158, 499, 499, 2, 0.00, 77.54); 
update estoque set quant_venda = quant_venda + 2, quant_atual = quant_atual - 2 where id = 499; 
update estoque_total set total = total - 2 where medicamento_id = 499; 

insert into venda values (1159, '2023-04-21 08:48:14', 35.20, null, null); 
insert into itens_venda values (default, 1159, 458, 458, 1, 1.00, 35.20); 
update estoque set quant_venda = quant_venda + 1, quant_atual = quant_atual - 1 where id = 458; 
update estoque_total set total = total - 1 where medicamento_id = 458; 

insert into venda values (1160, '2023-04-21 09:20:50', 123.00, 6, 24); 
insert into itens_venda values (default, 1160, 490, 490, 1, 4.60, 47.43); 
update estoque set quant_venda = quant_venda + 1, quant_atual = quant_atual - 1 where id = 490; 
update estoque_total set total = total - 1 where medicamento_id = 490; 
insert into itens_venda values (default, 1160, 504, 504, 1, 0.30, 6.45); 
update estoque set quant_venda = quant_venda + 1, quant_atual = quant_atual - 1 where id = 504; 
update estoque_total set total = total - 1 where medicamento_id = 504; 
insert into itens_venda values (default, 1160, 181, 181, 2, 2.80, 69.12); 
update estoque set quant_venda = quant_venda + 2, quant_atual = quant_atual - 2 where id = 181; 
update estoque_total set total = total - 2 where medicamento_id = 181; 

insert into venda values (1161, '2023-04-21 10:00:45', 38.48, 4, null); 
insert into itens_venda values (default, 1161, 243, 243, 1, 0.00, 38.48); 
update estoque set quant_venda = quant_venda + 1, quant_atual = quant_atual - 1 where id = 243; 
update estoque_total set total = total - 1 where medicamento_id = 243; 

insert into venda values (1162, '2023-04-21 10:33:39', 30.84, null, null); 
insert into itens_venda values (default, 1162, 495, 495, 3, 1.20, 30.84); 
update estoque set quant_venda = quant_venda + 3, quant_atual = quant_atual - 3 where id = 495; 
update estoque_total set total = total - 3 where medicamento_id = 495; 

insert into venda values (1163, '2023-04-21 11:43:10', 117.94, null, null); 
insert into itens_venda values (default, 1163, 474, 474, 2, 1.10, 28.62); 
update estoque set quant_venda = quant_venda + 2, quant_atual = quant_atual - 2 where id = 474; 
update estoque_total set total = total - 2 where medicamento_id = 474; 
insert into itens_venda values (default, 1163, 413, 413, 1, 0.90, 89.32); 
update estoque set quant_venda = quant_venda + 1, quant_atual = quant_atual - 1 where id = 413; 
update estoque_total set total = total - 1 where medicamento_id = 413; 

insert into venda values (1164, '2023-04-22 06:11:38', 178.41, 16, null); 
insert into itens_venda values (default, 1164, 476, 476, 2, 0.40, 47.94); 
update estoque set quant_venda = quant_venda + 2, quant_atual = quant_atual - 2 where id = 476; 
update estoque_total set total = total - 2 where medicamento_id = 476; 
insert into itens_venda values (default, 1164, 501, 501, 3, 6.20, 63.07); 
update estoque set quant_venda = quant_venda + 3, quant_atual = quant_atual - 3 where id = 501; 
update estoque_total set total = total - 3 where medicamento_id = 501; 
insert into itens_venda values (default, 1164, 458, 458, 2, 5.00, 67.40); 
update estoque set quant_venda = quant_venda + 2, quant_atual = quant_atual - 2 where id = 458; 
update estoque_total set total = total - 2 where medicamento_id = 458; 

insert into venda values (1165, '2023-04-22 08:02:43', 109.30, 6, null); 
insert into itens_venda values (default, 1165, 376, 376, 3, 3.50, 41.20); 
update estoque set quant_venda = quant_venda + 3, quant_atual = quant_atual - 3 where id = 376; 
update estoque_total set total = total - 3 where medicamento_id = 376; 
insert into itens_venda values (default, 1165, 458, 458, 2, 4.30, 68.10); 
update estoque set quant_venda = quant_venda + 2, quant_atual = quant_atual - 2 where id = 458; 
update estoque_total set total = total - 2 where medicamento_id = 458; 

insert into venda values (1166, '2023-04-23 06:35:53', 185.52, null, 25); 
insert into itens_venda values (default, 1166, 219, 219, 2, 0.00, 185.52); 
update estoque set quant_venda = quant_venda + 2, quant_atual = quant_atual - 2 where id = 219; 
update estoque_total set total = total - 2 where medicamento_id = 219; 

insert into venda values (1167, '2023-04-23 08:06:39', 381.56, null, 22); 
insert into itens_venda values (default, 1167, 272, 272, 1, 11.00, 265.31); 
update estoque set quant_venda = quant_venda + 1, quant_atual = quant_atual - 1 where id = 272; 
update estoque_total set total = total - 1 where medicamento_id = 272; 
insert into itens_venda values (default, 1167, 333, 333, 1, 4.80, 116.25); 
update estoque set quant_venda = quant_venda + 1, quant_atual = quant_atual - 1 where id = 333; 
update estoque_total set total = total - 1 where medicamento_id = 333; 

insert into venda values (1168, '2023-04-23 10:28:35', 139.80, 4, null); 
insert into itens_venda values (default, 1168, 378, 378, 1, 3.30, 34.27); 
update estoque set quant_venda = quant_venda + 1, quant_atual = quant_atual - 1 where id = 378; 
update estoque_total set total = total - 1 where medicamento_id = 378; 
insert into itens_venda values (default, 1168, 500, 500, 1, 0.10, 15.87); 
update estoque set quant_venda = quant_venda + 1, quant_atual = quant_atual - 1 where id = 500; 
update estoque_total set total = total - 1 where medicamento_id = 500; 
insert into itens_venda values (default, 1168, 488, 488, 2, 8.80, 89.66); 
update estoque set quant_venda = quant_venda + 2, quant_atual = quant_atual - 2 where id = 488; 
update estoque_total set total = total - 2 where medicamento_id = 488; 

insert into venda values (1169, '2023-04-23 11:11:54', 93.79, null, 24); 
insert into itens_venda values (default, 1169, 338, 338, 1, 2.90, 93.79); 
update estoque set quant_venda = quant_venda + 1, quant_atual = quant_atual - 1 where id = 338; 
update estoque_total set total = total - 1 where medicamento_id = 338; 

insert into venda values (1170, '2023-04-23 11:17:00', 84.82, 18, null); 
insert into itens_venda values (default, 1170, 373, 373, 2, 4.80, 64.66); 
update estoque set quant_venda = quant_venda + 2, quant_atual = quant_atual - 2 where id = 373; 
update estoque_total set total = total - 2 where medicamento_id = 373; 
insert into itens_venda values (default, 1170, 495, 495, 2, 1.20, 20.16); 
update estoque set quant_venda = quant_venda + 2, quant_atual = quant_atual - 2 where id = 495; 
update estoque_total set total = total - 2 where medicamento_id = 495; 

insert into venda values (1171, '2023-04-24 07:06:19', 34.11, null, null); 
insert into itens_venda values (default, 1171, 374, 374, 1, 0.00, 34.11); 
update estoque set quant_venda = quant_venda + 1, quant_atual = quant_atual - 1 where id = 374; 
update estoque_total set total = total - 1 where medicamento_id = 374; 

insert into venda values (1172, '2023-04-24 08:22:55', 148.90, null, null); 
insert into itens_venda values (default, 1172, 208, 208, 1, 0.00, 53.48); 
update estoque set quant_venda = quant_venda + 1, quant_atual = quant_atual - 1 where id = 208; 
update estoque_total set total = total - 1 where medicamento_id = 208; 
insert into itens_venda values (default, 1172, 473, 473, 2, 2.90, 95.42); 
update estoque set quant_venda = quant_venda + 2, quant_atual = quant_atual - 2 where id = 473; 
update estoque_total set total = total - 2 where medicamento_id = 473; 

insert into venda values (1173, '2023-04-24 08:31:24', 239.17, null, null); 
insert into itens_venda values (default, 1173, 226, 226, 2, 3.50, 176.34); 
update estoque set quant_venda = quant_venda + 2, quant_atual = quant_atual - 2 where id = 226; 
update estoque_total set total = total - 2 where medicamento_id = 226; 
insert into itens_venda values (default, 1173, 502, 502, 3, 2.60, 62.83); 
update estoque set quant_venda = quant_venda + 3, quant_atual = quant_atual - 3 where id = 502; 
update estoque_total set total = total - 3 where medicamento_id = 502; 

insert into venda values (1174, '2023-04-24 08:35:31', 144.30, null, null); 
insert into itens_venda values (default, 1174, 55, 55, 1, 1.40, 144.30); 
update estoque set quant_venda = quant_venda + 1, quant_atual = quant_atual - 1 where id = 55; 
update estoque_total set total = total - 1 where medicamento_id = 55; 

insert into venda values (1175, '2023-04-24 09:37:11', 622.24, null, 22); 
insert into itens_venda values (default, 1175, 176, 176, 1, 3.40, 337.44); 
update estoque set quant_venda = quant_venda + 1, quant_atual = quant_atual - 1 where id = 176; 
update estoque_total set total = total - 1 where medicamento_id = 176; 
insert into itens_venda values (default, 1175, 210, 210, 1, 0.00, 254.08); 
update estoque set quant_venda = quant_venda + 1, quant_atual = quant_atual - 1 where id = 210; 
update estoque_total set total = total - 1 where medicamento_id = 210; 
insert into itens_venda values (default, 1175, 290, 290, 1, 0.30, 30.72); 
update estoque set quant_venda = quant_venda + 1, quant_atual = quant_atual - 1 where id = 290; 
update estoque_total set total = total - 1 where medicamento_id = 290; 

insert into venda values (1176, '2023-04-24 09:47:35', 243.51, null, 21); 
insert into itens_venda values (default, 1176, 338, 338, 1, 3.80, 92.89); 
update estoque set quant_venda = quant_venda + 1, quant_atual = quant_atual - 1 where id = 338; 
update estoque_total set total = total - 1 where medicamento_id = 338; 
insert into itens_venda values (default, 1176, 415, 415, 1, 3.00, 150.62); 
update estoque set quant_venda = quant_venda + 1, quant_atual = quant_atual - 1 where id = 415; 
update estoque_total set total = total - 1 where medicamento_id = 415; 

insert into venda values (1177, '2023-04-24 10:00:23', 26.92, 16, null); 
insert into itens_venda values (default, 1177, 279, 279, 1, 2.60, 26.92); 
update estoque set quant_venda = quant_venda + 1, quant_atual = quant_atual - 1 where id = 279; 
update estoque_total set total = total - 1 where medicamento_id = 279; 

insert into venda values (1178, '2023-04-24 10:59:00', 97.25, null, null); 
insert into itens_venda values (default, 1178, 503, 503, 2, 0.00, 7.34); 
update estoque set quant_venda = quant_venda + 2, quant_atual = quant_atual - 2 where id = 503; 
update estoque_total set total = total - 2 where medicamento_id = 503; 
insert into itens_venda values (default, 1178, 502, 502, 3, 1.30, 64.13); 
update estoque set quant_venda = quant_venda + 3, quant_atual = quant_atual - 3 where id = 502; 
update estoque_total set total = total - 3 where medicamento_id = 502; 
insert into itens_venda values (default, 1178, 233, 233, 1, 0.20, 25.78); 
update estoque set quant_venda = quant_venda + 1, quant_atual = quant_atual - 1 where id = 233; 
update estoque_total set total = total - 1 where medicamento_id = 233; 

insert into venda values (1179, '2023-04-24 12:20:51', 177.72, 19, null); 
insert into itens_venda values (default, 1179, 475, 475, 3, 2.40, 57.90); 
update estoque set quant_venda = quant_venda + 3, quant_atual = quant_atual - 3 where id = 475; 
update estoque_total set total = total - 3 where medicamento_id = 475; 
insert into itens_venda values (default, 1179, 465, 465, 1, 2.40, 119.82); 
update estoque set quant_venda = quant_venda + 1, quant_atual = quant_atual - 1 where id = 465; 
update estoque_total set total = total - 1 where medicamento_id = 465; 

insert into venda values (1180, '2023-04-24 13:27:00', 191.16, null, null); 
insert into itens_venda values (default, 1180, 489, 489, 1, 1.70, 42.29); 
update estoque set quant_venda = quant_venda + 1, quant_atual = quant_atual - 1 where id = 489; 
update estoque_total set total = total - 1 where medicamento_id = 489; 
insert into itens_venda values (default, 1180, 119, 119, 1, 6.10, 148.87); 
update estoque set quant_venda = quant_venda + 1, quant_atual = quant_atual - 1 where id = 119; 
update estoque_total set total = total - 1 where medicamento_id = 119; 

insert into venda values (1181, '2023-04-25 06:41:48', 160.26, 14, null); 
insert into itens_venda values (default, 1181, 404, 404, 3, 3.40, 45.20); 
update estoque set quant_venda = quant_venda + 3, quant_atual = quant_atual - 3 where id = 404; 
update estoque_total set total = total - 3 where medicamento_id = 404; 
insert into itens_venda values (default, 1181, 476, 476, 2, 0.00, 48.34); 
update estoque set quant_venda = quant_venda + 2, quant_atual = quant_atual - 2 where id = 476; 
update estoque_total set total = total - 2 where medicamento_id = 476; 
insert into itens_venda values (default, 1181, 426, 426, 2, 5.80, 66.72); 
update estoque set quant_venda = quant_venda + 2, quant_atual = quant_atual - 2 where id = 426; 
update estoque_total set total = total - 2 where medicamento_id = 426; 

insert into venda values (1182, '2023-04-25 08:49:19', 183.55, null, null); 
insert into itens_venda values (default, 1182, 399, 399, 1, 0.50, 51.35); 
update estoque set quant_venda = quant_venda + 1, quant_atual = quant_atual - 1 where id = 399; 
update estoque_total set total = total - 1 where medicamento_id = 399; 
insert into itens_venda values (default, 1182, 400, 400, 1, 4.00, 132.20); 
update estoque set quant_venda = quant_venda + 1, quant_atual = quant_atual - 1 where id = 400; 
update estoque_total set total = total - 1 where medicamento_id = 400; 

insert into venda values (1183, '2023-04-25 09:08:00', 183.44, null, null); 
insert into itens_venda values (default, 1183, 478, 478, 2, 1.10, 113.94); 
update estoque set quant_venda = quant_venda + 2, quant_atual = quant_atual - 2 where id = 478; 
update estoque_total set total = total - 2 where medicamento_id = 478; 
insert into itens_venda values (default, 1183, 443, 443, 3, 0.70, 69.50); 
update estoque set quant_venda = quant_venda + 3, quant_atual = quant_atual - 3 where id = 443; 
update estoque_total set total = total - 3 where medicamento_id = 443; 

insert into venda values (1184, '2023-04-26 06:08:38', 44.30, null, null); 
insert into itens_venda values (default, 1184, 376, 376, 3, 0.40, 44.30); 
update estoque set quant_venda = quant_venda + 3, quant_atual = quant_atual - 3 where id = 376; 
update estoque_total set total = total - 3 where medicamento_id = 376; 

insert into venda values (1185, '2023-04-26 06:56:09', 171.98, null, null); 
insert into itens_venda values (default, 1185, 401, 401, 1, 0.60, 33.04); 
update estoque set quant_venda = quant_venda + 1, quant_atual = quant_atual - 1 where id = 401; 
update estoque_total set total = total - 1 where medicamento_id = 401; 
insert into itens_venda values (default, 1185, 372, 372, 1, 0.00, 107.50); 
update estoque set quant_venda = quant_venda + 1, quant_atual = quant_atual - 1 where id = 372; 
update estoque_total set total = total - 1 where medicamento_id = 372; 
insert into itens_venda values (default, 1185, 495, 495, 3, 0.60, 31.44); 
update estoque set quant_venda = quant_venda + 3, quant_atual = quant_atual - 3 where id = 495; 
update estoque_total set total = total - 3 where medicamento_id = 495; 

insert into venda values (1186, '2023-04-26 07:56:06', 145.93, null, null); 
insert into itens_venda values (default, 1186, 322, 322, 2, 0.00, 56.24); 
update estoque set quant_venda = quant_venda + 2, quant_atual = quant_atual - 2 where id = 322; 
update estoque_total set total = total - 2 where medicamento_id = 322; 
insert into itens_venda values (default, 1186, 369, 369, 1, 0.00, 89.69); 
update estoque set quant_venda = quant_venda + 1, quant_atual = quant_atual - 1 where id = 369; 
update estoque_total set total = total - 1 where medicamento_id = 369; 

insert into venda values (1187, '2023-04-27 07:30:39', 193.91, null, null); 
insert into itens_venda values (default, 1187, 174, 174, 1, 4.80, 116.07); 
update estoque set quant_venda = quant_venda + 1, quant_atual = quant_atual - 1 where id = 174; 
update estoque_total set total = total - 1 where medicamento_id = 174; 
insert into itens_venda values (default, 1187, 437, 437, 3, 0.70, 77.84); 
update estoque set quant_venda = quant_venda + 3, quant_atual = quant_atual - 3 where id = 437; 
update estoque_total set total = total - 3 where medicamento_id = 437; 

insert into venda values (1188, '2023-04-27 09:53:20', 205.72, null, 23); 
insert into itens_venda values (default, 1188, 405, 405, 2, 0.00, 72.02); 
update estoque set quant_venda = quant_venda + 2, quant_atual = quant_atual - 2 where id = 405; 
update estoque_total set total = total - 2 where medicamento_id = 405; 
insert into itens_venda values (default, 1188, 134, 134, 1, 1.30, 133.70); 
update estoque set quant_venda = quant_venda + 1, quant_atual = quant_atual - 1 where id = 134; 
update estoque_total set total = total - 1 where medicamento_id = 134; 

insert into venda values (1189, '2023-04-27 12:16:51', 422.04, 17, null); 
insert into itens_venda values (default, 1189, 487, 487, 1, 11.20, 176.83); 
update estoque set quant_venda = quant_venda + 1, quant_atual = quant_atual - 1 where id = 487; 
update estoque_total set total = total - 1 where medicamento_id = 487; 
insert into itens_venda values (default, 1189, 33, 33, 1, 21.10, 213.71); 
update estoque set quant_venda = quant_venda + 1, quant_atual = quant_atual - 1 where id = 33; 
update estoque_total set total = total - 1 where medicamento_id = 33; 
insert into itens_venda values (default, 1189, 404, 404, 2, 0.90, 31.50); 
update estoque set quant_venda = quant_venda + 2, quant_atual = quant_atual - 2 where id = 404; 
update estoque_total set total = total - 2 where medicamento_id = 404; 

insert into venda values (1190, '2023-04-27 12:25:25', 207.37, null, 23); 
insert into itens_venda values (default, 1190, 490, 490, 2, 0.00, 104.06); 
update estoque set quant_venda = quant_venda + 2, quant_atual = quant_atual - 2 where id = 490; 
update estoque_total set total = total - 2 where medicamento_id = 490; 
insert into itens_venda values (default, 1190, 125, 125, 1, 2.60, 63.54); 
update estoque set quant_venda = quant_venda + 1, quant_atual = quant_atual - 1 where id = 125; 
update estoque_total set total = total - 1 where medicamento_id = 125; 
insert into itens_venda values (default, 1190, 439, 439, 1, 1.20, 39.77); 
update estoque set quant_venda = quant_venda + 1, quant_atual = quant_atual - 1 where id = 439; 
update estoque_total set total = total - 1 where medicamento_id = 439; 

insert into venda values (1191, '2023-04-27 12:45:44', 73.28, 7, null); 
insert into itens_venda values (default, 1191, 313, 313, 1, 0.40, 41.14); 
update estoque set quant_venda = quant_venda + 1, quant_atual = quant_atual - 1 where id = 313; 
update estoque_total set total = total - 1 where medicamento_id = 313; 
insert into itens_venda values (default, 1191, 365, 365, 2, 0.90, 32.14); 
update estoque set quant_venda = quant_venda + 2, quant_atual = quant_atual - 2 where id = 365; 
update estoque_total set total = total - 2 where medicamento_id = 365; 

insert into venda values (1192, '2023-04-28 06:53:23', 197.44, null, 25); 
insert into itens_venda values (default, 1192, 359, 359, 2, 5.40, 175.76); 
update estoque set quant_venda = quant_venda + 2, quant_atual = quant_atual - 2 where id = 359; 
update estoque_total set total = total - 2 where medicamento_id = 359; 
insert into itens_venda values (default, 1192, 486, 486, 2, 0.20, 21.68); 
update estoque set quant_venda = quant_venda + 2, quant_atual = quant_atual - 2 where id = 486; 
update estoque_total set total = total - 2 where medicamento_id = 486; 

insert into venda values (1193, '2023-04-28 07:21:49', 117.88, 4, null); 
insert into itens_venda values (default, 1193, 391, 391, 1, 8.00, 81.00); 
update estoque set quant_venda = quant_venda + 1, quant_atual = quant_atual - 1 where id = 391; 
update estoque_total set total = total - 1 where medicamento_id = 391; 
insert into itens_venda values (default, 1193, 461, 461, 2, 0.30, 36.88); 
update estoque set quant_venda = quant_venda + 2, quant_atual = quant_atual - 2 where id = 461; 
update estoque_total set total = total - 2 where medicamento_id = 461; 

insert into venda values (1194, '2023-04-28 08:38:58', 161.98, null, null); 
insert into itens_venda values (default, 1194, 341, 341, 3, 0.40, 43.16); 
update estoque set quant_venda = quant_venda + 3, quant_atual = quant_atual - 3 where id = 341; 
update estoque_total set total = total - 3 where medicamento_id = 341; 
insert into itens_venda values (default, 1194, 103, 103, 1, 0.00, 118.82); 
update estoque set quant_venda = quant_venda + 1, quant_atual = quant_atual - 1 where id = 103; 
update estoque_total set total = total - 1 where medicamento_id = 103; 

insert into venda values (1195, '2023-04-28 09:54:53', 267.40, null, null); 
insert into itens_venda values (default, 1195, 250, 250, 2, 0.00, 176.70); 
update estoque set quant_venda = quant_venda + 2, quant_atual = quant_atual - 2 where id = 250; 
update estoque_total set total = total - 2 where medicamento_id = 250; 
insert into itens_venda values (default, 1195, 425, 425, 1, 0.30, 35.90); 
update estoque set quant_venda = quant_venda + 1, quant_atual = quant_atual - 1 where id = 425; 
update estoque_total set total = total - 1 where medicamento_id = 425; 
insert into itens_venda values (default, 1195, 441, 441, 2, 2.20, 54.80); 
update estoque set quant_venda = quant_venda + 2, quant_atual = quant_atual - 2 where id = 441; 
update estoque_total set total = total - 2 where medicamento_id = 441; 

insert into venda values (1196, '2023-04-28 11:17:23', 61.13, 13, null); 
insert into itens_venda values (default, 1196, 467, 467, 1, 1.20, 61.13); 
update estoque set quant_venda = quant_venda + 1, quant_atual = quant_atual - 1 where id = 467; 
update estoque_total set total = total - 1 where medicamento_id = 467; 

insert into venda values (1197, '2023-04-28 11:56:34', 234.24, null, 23); 
insert into itens_venda values (default, 1197, 360, 360, 1, 4.40, 143.66); 
update estoque set quant_venda = quant_venda + 1, quant_atual = quant_atual - 1 where id = 360; 
update estoque_total set total = total - 1 where medicamento_id = 360; 
insert into itens_venda values (default, 1197, 359, 359, 1, 0.00, 90.58); 
update estoque set quant_venda = quant_venda + 1, quant_atual = quant_atual - 1 where id = 359; 
update estoque_total set total = total - 1 where medicamento_id = 359; 

insert into venda values (1198, '2023-04-28 13:15:42', 257.01, 3, null); 
insert into itens_venda values (default, 1198, 272, 272, 1, 19.30, 257.01); 
update estoque set quant_venda = quant_venda + 1, quant_atual = quant_atual - 1 where id = 272; 
update estoque_total set total = total - 1 where medicamento_id = 272; 

insert into venda values (1199, '2023-04-28 13:21:57', 52.51, null, 24); 
insert into itens_venda values (default, 1199, 90, 90, 2, 0.30, 37.14); 
update estoque set quant_venda = quant_venda + 2, quant_atual = quant_atual - 2 where id = 90; 
update estoque_total set total = total - 2 where medicamento_id = 90; 
insert into itens_venda values (default, 1199, 500, 500, 1, 0.60, 15.37); 
update estoque set quant_venda = quant_venda + 1, quant_atual = quant_atual - 1 where id = 500; 
update estoque_total set total = total - 1 where medicamento_id = 500; 

insert into venda values (1200, '2023-04-29 07:35:58', 372.82, 12, null); 
insert into itens_venda values (default, 1200, 160, 160, 1, 20.80, 276.40); 
update estoque set quant_venda = quant_venda + 1, quant_atual = quant_atual - 1 where id = 160; 
update estoque_total set total = total - 1 where medicamento_id = 160; 
insert into itens_venda values (default, 1200, 483, 483, 2, 4.00, 96.42); 
update estoque set quant_venda = quant_venda + 2, quant_atual = quant_atual - 2 where id = 483; 
update estoque_total set total = total - 2 where medicamento_id = 483; 

insert into venda values (1201, '2023-04-29 07:46:57', 64.20, 18, null); 
insert into itens_venda values (default, 1201, 389, 389, 2, 0.60, 64.20); 
update estoque set quant_venda = quant_venda + 2, quant_atual = quant_atual - 2 where id = 389; 
update estoque_total set total = total - 2 where medicamento_id = 389; 

insert into venda values (1202, '2023-04-29 10:14:36', 161.27, null, null); 
insert into itens_venda values (default, 1202, 309, 309, 1, 0.40, 13.60); 
update estoque set quant_venda = quant_venda + 1, quant_atual = quant_atual - 1 where id = 309; 
update estoque_total set total = total - 1 where medicamento_id = 309; 
insert into itens_venda values (default, 1202, 321, 321, 1, 0.20, 27.85); 
update estoque set quant_venda = quant_venda + 1, quant_atual = quant_atual - 1 where id = 321; 
update estoque_total set total = total - 1 where medicamento_id = 321; 
insert into itens_venda values (default, 1202, 465, 465, 1, 2.40, 119.82); 
update estoque set quant_venda = quant_venda + 1, quant_atual = quant_atual - 1 where id = 465; 
update estoque_total set total = total - 1 where medicamento_id = 465; 

insert into venda values (1203, '2023-04-30 06:25:13', 73.23, null, null); 
insert into itens_venda values (default, 1203, 235, 235, 1, 1.60, 52.02); 
update estoque set quant_venda = quant_venda + 1, quant_atual = quant_atual - 1 where id = 235; 
update estoque_total set total = total - 1 where medicamento_id = 235; 
insert into itens_venda values (default, 1203, 502, 502, 1, 0.60, 21.21); 
update estoque set quant_venda = quant_venda + 1, quant_atual = quant_atual - 1 where id = 502; 
update estoque_total set total = total - 1 where medicamento_id = 502; 

insert into venda values (1204, '2023-04-30 07:43:19', 144.12, null, null); 
insert into itens_venda values (default, 1204, 459, 459, 1, 0.00, 33.92); 
update estoque set quant_venda = quant_venda + 1, quant_atual = quant_atual - 1 where id = 459; 
update estoque_total set total = total - 1 where medicamento_id = 459; 
insert into itens_venda values (default, 1204, 451, 451, 2, 0.00, 38.50); 
update estoque set quant_venda = quant_venda + 2, quant_atual = quant_atual - 2 where id = 451; 
update estoque_total set total = total - 2 where medicamento_id = 451; 
insert into itens_venda values (default, 1204, 458, 458, 2, 0.70, 71.70); 
update estoque set quant_venda = quant_venda + 2, quant_atual = quant_atual - 2 where id = 458; 
update estoque_total set total = total - 2 where medicamento_id = 458; 

insert into venda values (1205, '2023-04-30 08:09:07', 41.68, null, null); 
insert into itens_venda values (default, 1205, 353, 353, 1, 0.00, 41.68); 
update estoque set quant_venda = quant_venda + 1, quant_atual = quant_atual - 1 where id = 353; 
update estoque_total set total = total - 1 where medicamento_id = 353; 

insert into venda values (1206, '2023-04-30 09:34:50', 67.22, 9, null); 
insert into itens_venda values (default, 1206, 183, 183, 2, 0.00, 67.22); 
update estoque set quant_venda = quant_venda + 2, quant_atual = quant_atual - 2 where id = 183; 
update estoque_total set total = total - 2 where medicamento_id = 183; 

insert into venda values (1207, '2023-04-30 11:45:51', 178.70, null, 22); 
insert into itens_venda values (default, 1207, 364, 364, 2, 2.60, 63.64); 
update estoque set quant_venda = quant_venda + 2, quant_atual = quant_atual - 2 where id = 364; 
update estoque_total set total = total - 2 where medicamento_id = 364; 
insert into itens_venda values (default, 1207, 356, 356, 1, 0.00, 115.06); 
update estoque set quant_venda = quant_venda + 1, quant_atual = quant_atual - 1 where id = 356; 
update estoque_total set total = total - 1 where medicamento_id = 356; 

insert into venda values (1208, '2023-04-30 13:02:25', 62.48, null, null); 
insert into itens_venda values (default, 1208, 480, 480, 2, 0.60, 62.48); 
update estoque set quant_venda = quant_venda + 2, quant_atual = quant_atual - 2 where id = 480; 
update estoque_total set total = total - 2 where medicamento_id = 480; 

insert into venda values (1209, '2023-05-02 06:09:26', 149.02, null, 24); 
insert into itens_venda values (default, 1209, 83, 83, 1, 3.70, 89.92); 
update estoque set quant_venda = quant_venda + 1, quant_atual = quant_atual - 1 where id = 83; 
update estoque_total set total = total - 1 where medicamento_id = 83; 
insert into itens_venda values (default, 1209, 475, 475, 3, 1.20, 59.10); 
update estoque set quant_venda = quant_venda + 3, quant_atual = quant_atual - 3 where id = 475; 
update estoque_total set total = total - 3 where medicamento_id = 475; 

insert into venda values (1210, '2023-05-02 06:13:07', 87.58, null, null); 
insert into itens_venda values (default, 1210, 114, 114, 2, 1.70, 87.58); 
update estoque set quant_venda = quant_venda + 2, quant_atual = quant_atual - 2 where id = 114; 
update estoque_total set total = total - 2 where medicamento_id = 114; 

insert into venda values (1211, '2023-05-02 06:21:20', 70.20, 19, null); 
insert into itens_venda values (default, 1211, 443, 443, 3, 0.00, 70.20); 
update estoque set quant_venda = quant_venda + 3, quant_atual = quant_atual - 3 where id = 443; 
update estoque_total set total = total - 3 where medicamento_id = 443; 

insert into venda values (1212, '2023-05-02 07:02:05', 217.91, null, null); 
insert into itens_venda values (default, 1212, 351, 351, 3, 2.60, 62.80); 
update estoque set quant_venda = quant_venda + 3, quant_atual = quant_atual - 3 where id = 351; 
update estoque_total set total = total - 3 where medicamento_id = 351; 
insert into itens_venda values (default, 1212, 465, 465, 1, 2.40, 119.82); 
update estoque set quant_venda = quant_venda + 1, quant_atual = quant_atual - 1 where id = 465; 
update estoque_total set total = total - 1 where medicamento_id = 465; 
insert into itens_venda values (default, 1212, 479, 479, 1, 1.40, 35.29); 
update estoque set quant_venda = quant_venda + 1, quant_atual = quant_atual - 1 where id = 479; 
update estoque_total set total = total - 1 where medicamento_id = 479; 

insert into venda values (1213, '2023-05-02 07:32:32', 153.53, null, null); 
insert into itens_venda values (default, 1213, 380, 380, 3, 0.70, 23.99); 
update estoque set quant_venda = quant_venda + 3, quant_atual = quant_atual - 3 where id = 380; 
update estoque_total set total = total - 3 where medicamento_id = 380; 
insert into itens_venda values (default, 1213, 420, 420, 2, 4.00, 129.54); 
update estoque set quant_venda = quant_venda + 2, quant_atual = quant_atual - 2 where id = 420; 
update estoque_total set total = total - 2 where medicamento_id = 420; 

insert into venda values (1214, '2023-05-02 08:38:49', 46.02, null, null); 
insert into itens_venda values (default, 1214, 209, 209, 1, 0.00, 46.02); 
update estoque set quant_venda = quant_venda + 1, quant_atual = quant_atual - 1 where id = 209; 
update estoque_total set total = total - 1 where medicamento_id = 209; 

insert into venda values (1215, '2023-05-02 08:55:27', 57.26, null, null); 
insert into itens_venda values (default, 1215, 394, 394, 2, 0.00, 57.26); 
update estoque set quant_venda = quant_venda + 2, quant_atual = quant_atual - 2 where id = 394; 
update estoque_total set total = total - 2 where medicamento_id = 394; 

insert into venda values (1216, '2023-05-02 10:05:43', 320.82, null, 25); 
insert into itens_venda values (default, 1216, 206, 206, 2, 1.30, 66.20); 
update estoque set quant_venda = quant_venda + 2, quant_atual = quant_atual - 2 where id = 206; 
update estoque_total set total = total - 2 where medicamento_id = 206; 
insert into itens_venda values (default, 1216, 167, 167, 1, 2.10, 217.02); 
update estoque set quant_venda = quant_venda + 1, quant_atual = quant_atual - 1 where id = 167; 
update estoque_total set total = total - 1 where medicamento_id = 167; 
insert into itens_venda values (default, 1216, 497, 497, 1, 0.00, 37.60); 
update estoque set quant_venda = quant_venda + 1, quant_atual = quant_atual - 1 where id = 497; 
update estoque_total set total = total - 1 where medicamento_id = 497; 

insert into venda values (1217, '2023-05-02 10:33:30', 53.64, 6, null); 
insert into itens_venda values (default, 1217, 282, 282, 1, 0.00, 53.64); 
update estoque set quant_venda = quant_venda + 1, quant_atual = quant_atual - 1 where id = 282; 
update estoque_total set total = total - 1 where medicamento_id = 282; 

insert into venda values (1218, '2023-05-03 06:04:33', 119.76, null, null); 
insert into itens_venda values (default, 1218, 467, 467, 2, 4.90, 119.76); 
update estoque set quant_venda = quant_venda + 2, quant_atual = quant_atual - 2 where id = 467; 
update estoque_total set total = total - 2 where medicamento_id = 467; 

insert into venda values (1219, '2023-05-03 08:01:27', 73.43, null, null); 
insert into itens_venda values (default, 1219, 242, 242, 2, 0.00, 12.30); 
update estoque set quant_venda = quant_venda + 2, quant_atual = quant_atual - 2 where id = 242; 
update estoque_total set total = total - 2 where medicamento_id = 242; 
insert into itens_venda values (default, 1219, 467, 467, 1, 1.20, 61.13); 
update estoque set quant_venda = quant_venda + 1, quant_atual = quant_atual - 1 where id = 467; 
update estoque_total set total = total - 1 where medicamento_id = 467; 

insert into venda values (1220, '2023-05-03 09:03:49', 422.24, null, 23); 
insert into itens_venda values (default, 1220, 476, 476, 3, 0.00, 72.51); 
update estoque set quant_venda = quant_venda + 3, quant_atual = quant_atual - 3 where id = 476; 
update estoque_total set total = total - 3 where medicamento_id = 476; 
insert into itens_venda values (default, 1220, 202, 202, 1, 2.80, 277.53); 
update estoque set quant_venda = quant_venda + 1, quant_atual = quant_atual - 1 where id = 202; 
update estoque_total set total = total - 1 where medicamento_id = 202; 
insert into itens_venda values (default, 1220, 497, 497, 2, 3.00, 72.20); 
update estoque set quant_venda = quant_venda + 2, quant_atual = quant_atual - 2 where id = 497; 
update estoque_total set total = total - 2 where medicamento_id = 497; 

insert into venda values (1221, '2023-05-04 06:54:05', 212.58, null, null); 
insert into itens_venda values (default, 1221, 477, 477, 2, 1.30, 128.78); 
update estoque set quant_venda = quant_venda + 2, quant_atual = quant_atual - 2 where id = 477; 
update estoque_total set total = total - 2 where medicamento_id = 477; 
insert into itens_venda values (default, 1221, 441, 441, 3, 1.70, 83.80); 
update estoque set quant_venda = quant_venda + 3, quant_atual = quant_atual - 3 where id = 441; 
update estoque_total set total = total - 3 where medicamento_id = 441; 

insert into venda values (1222, '2023-05-04 07:13:04', 40.07, 14, null); 
insert into itens_venda values (default, 1222, 395, 395, 1, 1.20, 40.07); 
update estoque set quant_venda = quant_venda + 1, quant_atual = quant_atual - 1 where id = 395; 
update estoque_total set total = total - 1 where medicamento_id = 395; 

insert into venda values (1223, '2023-05-04 08:04:15', 222.60, null, null); 
insert into itens_venda values (default, 1223, 294, 294, 3, 0.00, 49.86); 
update estoque set quant_venda = quant_venda + 3, quant_atual = quant_atual - 3 where id = 294; 
update estoque_total set total = total - 3 where medicamento_id = 294; 
insert into itens_venda values (default, 1223, 477, 477, 1, 1.90, 63.14); 
update estoque set quant_venda = quant_venda + 1, quant_atual = quant_atual - 1 where id = 477; 
update estoque_total set total = total - 1 where medicamento_id = 477; 
insert into itens_venda values (default, 1223, 491, 491, 2, 3.30, 109.60); 
update estoque set quant_venda = quant_venda + 2, quant_atual = quant_atual - 2 where id = 491; 
update estoque_total set total = total - 2 where medicamento_id = 491; 

insert into venda values (1224, '2023-05-04 10:20:11', 51.53, 10, null); 
insert into itens_venda values (default, 1224, 490, 490, 1, 0.50, 51.53); 
update estoque set quant_venda = quant_venda + 1, quant_atual = quant_atual - 1 where id = 490; 
update estoque_total set total = total - 1 where medicamento_id = 490; 

insert into venda values (1225, '2023-05-05 06:00:41', 162.85, null, null); 
insert into itens_venda values (default, 1225, 483, 483, 1, 1.00, 49.21); 
update estoque set quant_venda = quant_venda + 1, quant_atual = quant_atual - 1 where id = 483; 
update estoque_total set total = total - 1 where medicamento_id = 483; 
insert into itens_venda values (default, 1225, 319, 319, 2, 4.70, 113.64); 
update estoque set quant_venda = quant_venda + 2, quant_atual = quant_atual - 2 where id = 319; 
update estoque_total set total = total - 2 where medicamento_id = 319; 

insert into venda values (1226, '2023-05-05 07:13:21', 147.30, null, 25); 
insert into itens_venda values (default, 1226, 170, 170, 2, 6.10, 147.30); 
update estoque set quant_venda = quant_venda + 2, quant_atual = quant_atual - 2 where id = 170; 
update estoque_total set total = total - 2 where medicamento_id = 170; 

insert into venda values (1227, '2023-05-05 07:55:18', 96.80, 16, null); 
insert into itens_venda values (default, 1227, 417, 417, 1, 1.00, 13.74); 
update estoque set quant_venda = quant_venda + 1, quant_atual = quant_atual - 1 where id = 417; 
update estoque_total set total = total - 1 where medicamento_id = 417; 
insert into itens_venda values (default, 1227, 234, 234, 2, 6.20, 83.06); 
update estoque set quant_venda = quant_venda + 2, quant_atual = quant_atual - 2 where id = 234; 
update estoque_total set total = total - 2 where medicamento_id = 234; 

insert into venda values (1228, '2023-05-05 08:46:27', 144.52, 15, 23); 
insert into itens_venda values (default, 1228, 170, 170, 1, 3.80, 72.90); 
update estoque set quant_venda = quant_venda + 1, quant_atual = quant_atual - 1 where id = 170; 
update estoque_total set total = total - 1 where medicamento_id = 170; 
insert into itens_venda values (default, 1228, 460, 460, 2, 3.70, 71.62); 
update estoque set quant_venda = quant_venda + 2, quant_atual = quant_atual - 2 where id = 460; 
update estoque_total set total = total - 2 where medicamento_id = 460; 

insert into venda values (1229, '2023-05-05 09:28:39', 271.42, 12, null); 
insert into itens_venda values (default, 1229, 271, 271, 2, 10.80, 169.38); 
update estoque set quant_venda = quant_venda + 2, quant_atual = quant_atual - 2 where id = 271; 
update estoque_total set total = total - 2 where medicamento_id = 271; 
insert into itens_venda values (default, 1229, 497, 497, 2, 1.50, 73.70); 
update estoque set quant_venda = quant_venda + 2, quant_atual = quant_atual - 2 where id = 497; 
update estoque_total set total = total - 2 where medicamento_id = 497; 
insert into itens_venda values (default, 1229, 349, 349, 1, 2.80, 28.34); 
update estoque set quant_venda = quant_venda + 1, quant_atual = quant_atual - 1 where id = 349; 
update estoque_total set total = total - 1 where medicamento_id = 349; 

insert into venda values (1230, '2023-05-05 10:03:12', 64.98, null, null); 
insert into itens_venda values (default, 1230, 505, 505, 2, 2.70, 64.98); 
update estoque set quant_venda = quant_venda + 2, quant_atual = quant_atual - 2 where id = 505; 
update estoque_total set total = total - 2 where medicamento_id = 505; 

insert into venda values (1231, '2023-05-05 11:03:59', 75.33, 5, null); 
insert into itens_venda values (default, 1231, 247, 247, 1, 2.70, 66.74); 
update estoque set quant_venda = quant_venda + 1, quant_atual = quant_atual - 1 where id = 247; 
update estoque_total set total = total - 1 where medicamento_id = 247; 
insert into itens_venda values (default, 1231, 421, 421, 1, 0.60, 8.59); 
update estoque set quant_venda = quant_venda + 1, quant_atual = quant_atual - 1 where id = 421; 
update estoque_total set total = total - 1 where medicamento_id = 421; 

insert into venda values (1232, '2023-05-05 11:59:27', 78.52, null, null); 
insert into itens_venda values (default, 1232, 388, 388, 2, 0.70, 78.52); 
update estoque set quant_venda = quant_venda + 2, quant_atual = quant_atual - 2 where id = 388; 
update estoque_total set total = total - 2 where medicamento_id = 388; 

insert into venda values (1233, '2023-05-05 12:23:23', 250.92, null, 25); 
insert into itens_venda values (default, 1233, 441, 441, 3, 1.70, 83.80); 
update estoque set quant_venda = quant_venda + 3, quant_atual = quant_atual - 3 where id = 441; 
update estoque_total set total = total - 3 where medicamento_id = 441; 
insert into itens_venda values (default, 1233, 286, 286, 2, 2.70, 66.40); 
update estoque set quant_venda = quant_venda + 2, quant_atual = quant_atual - 2 where id = 286; 
update estoque_total set total = total - 2 where medicamento_id = 286; 
insert into itens_venda values (default, 1233, 383, 383, 2, 3.10, 100.72); 
update estoque set quant_venda = quant_venda + 2, quant_atual = quant_atual - 2 where id = 383; 
update estoque_total set total = total - 2 where medicamento_id = 383; 

insert into venda values (1234, '2023-05-05 12:57:06', 49.23, null, null); 
insert into itens_venda values (default, 1234, 488, 488, 1, 0.00, 49.23); 
update estoque set quant_venda = quant_venda + 1, quant_atual = quant_atual - 1 where id = 488; 
update estoque_total set total = total - 1 where medicamento_id = 488; 

insert into venda values (1235, '2023-05-06 08:38:44', 96.32, 15, null); 
insert into itens_venda values (default, 1235, 500, 500, 2, 1.50, 30.44); 
update estoque set quant_venda = quant_venda + 2, quant_atual = quant_atual - 2 where id = 500; 
update estoque_total set total = total - 2 where medicamento_id = 500; 
insert into itens_venda values (default, 1235, 278, 278, 2, 4.20, 65.88); 
update estoque set quant_venda = quant_venda + 2, quant_atual = quant_atual - 2 where id = 278; 
update estoque_total set total = total - 2 where medicamento_id = 278; 

insert into venda values (1236, '2023-05-06 10:17:42', 276.70, null, 25); 
insert into itens_venda values (default, 1236, 469, 469, 2, 0.90, 94.86); 
update estoque set quant_venda = quant_venda + 2, quant_atual = quant_atual - 2 where id = 469; 
update estoque_total set total = total - 2 where medicamento_id = 469; 
insert into itens_venda values (default, 1236, 110, 110, 2, 0.60, 64.66); 
update estoque set quant_venda = quant_venda + 2, quant_atual = quant_atual - 2 where id = 110; 
update estoque_total set total = total - 2 where medicamento_id = 110; 
insert into itens_venda values (default, 1236, 381, 381, 2, 3.60, 117.18); 
update estoque set quant_venda = quant_venda + 2, quant_atual = quant_atual - 2 where id = 381; 
update estoque_total set total = total - 2 where medicamento_id = 381; 

insert into venda values (1237, '2023-05-06 10:37:22', 32.34, 17, null); 
insert into itens_venda values (default, 1237, 401, 401, 1, 1.30, 32.34); 
update estoque set quant_venda = quant_venda + 1, quant_atual = quant_atual - 1 where id = 401; 
update estoque_total set total = total - 1 where medicamento_id = 401; 

insert into venda values (1238, '2023-05-06 11:10:51', 35.02, null, null); 
insert into itens_venda values (default, 1238, 445, 445, 2, 1.40, 35.02); 
update estoque set quant_venda = quant_venda + 2, quant_atual = quant_atual - 2 where id = 445; 
update estoque_total set total = total - 2 where medicamento_id = 445; 

insert into venda values (1239, '2023-05-06 11:21:22', 234.84, 12, null); 
insert into itens_venda values (default, 1239, 376, 376, 2, 2.30, 27.50); 
update estoque set quant_venda = quant_venda + 2, quant_atual = quant_atual - 2 where id = 376; 
update estoque_total set total = total - 2 where medicamento_id = 376; 
insert into itens_venda values (default, 1239, 373, 373, 2, 3.40, 66.06); 
update estoque set quant_venda = quant_venda + 2, quant_atual = quant_atual - 2 where id = 373; 
update estoque_total set total = total - 2 where medicamento_id = 373; 
insert into itens_venda values (default, 1239, 363, 363, 2, 2.80, 141.28); 
update estoque set quant_venda = quant_venda + 2, quant_atual = quant_atual - 2 where id = 363; 
update estoque_total set total = total - 2 where medicamento_id = 363; 

insert into venda values (1240, '2023-05-07 06:45:41', 14.20, 4, null); 
insert into itens_venda values (default, 1240, 406, 406, 2, 0.20, 14.20); 
update estoque set quant_venda = quant_venda + 2, quant_atual = quant_atual - 2 where id = 406; 
update estoque_total set total = total - 2 where medicamento_id = 406; 

insert into venda values (1241, '2023-05-08 08:16:23', 494.08, null, null); 
insert into itens_venda values (default, 1241, 174, 174, 1, 3.60, 117.27); 
update estoque set quant_venda = quant_venda + 1, quant_atual = quant_atual - 1 where id = 174; 
update estoque_total set total = total - 1 where medicamento_id = 174; 
insert into itens_venda values (default, 1241, 171, 171, 2, 2.80, 139.78); 
update estoque set quant_venda = quant_venda + 2, quant_atual = quant_atual - 2 where id = 171; 
update estoque_total set total = total - 2 where medicamento_id = 171; 
insert into itens_venda values (default, 1241, 307, 307, 1, 4.80, 237.03); 
update estoque set quant_venda = quant_venda + 1, quant_atual = quant_atual - 1 where id = 307; 
update estoque_total set total = total - 1 where medicamento_id = 307; 

insert into venda values (1242, '2023-05-08 08:50:09', 295.67, null, null); 
insert into itens_venda values (default, 1242, 174, 174, 1, 0.00, 120.87); 
update estoque set quant_venda = quant_venda + 1, quant_atual = quant_atual - 1 where id = 174; 
update estoque_total set total = total - 1 where medicamento_id = 174; 
insert into itens_venda values (default, 1242, 470, 470, 2, 0.00, 174.80); 
update estoque set quant_venda = quant_venda + 2, quant_atual = quant_atual - 2 where id = 470; 
update estoque_total set total = total - 2 where medicamento_id = 470; 

insert into venda values (1243, '2023-05-08 09:51:29', 135.82, null, null); 
insert into itens_venda values (default, 1243, 479, 479, 2, 1.40, 71.98); 
update estoque set quant_venda = quant_venda + 2, quant_atual = quant_atual - 2 where id = 479; 
update estoque_total set total = total - 2 where medicamento_id = 479; 
insert into itens_venda values (default, 1243, 436, 436, 1, 1.90, 63.84); 
update estoque set quant_venda = quant_venda + 1, quant_atual = quant_atual - 1 where id = 436; 
update estoque_total set total = total - 1 where medicamento_id = 436; 

insert into venda values (1244, '2023-05-08 09:55:05', 236.34, 16, null); 
insert into itens_venda values (default, 1244, 382, 382, 1, 2.00, 32.52); 
update estoque set quant_venda = quant_venda + 1, quant_atual = quant_atual - 1 where id = 382; 
update estoque_total set total = total - 1 where medicamento_id = 382; 
insert into itens_venda values (default, 1244, 167, 167, 1, 15.30, 203.82); 
update estoque set quant_venda = quant_venda + 1, quant_atual = quant_atual - 1 where id = 167; 
update estoque_total set total = total - 1 where medicamento_id = 167; 

insert into venda values (1245, '2023-05-10 08:42:16', 76.56, null, null); 
insert into itens_venda values (default, 1245, 335, 335, 3, 0.00, 76.56); 
update estoque set quant_venda = quant_venda + 3, quant_atual = quant_atual - 3 where id = 335; 
update estoque_total set total = total - 3 where medicamento_id = 335; 

insert into venda values (1246, '2023-05-10 09:54:46', 87.21, null, 23); 
insert into itens_venda values (default, 1246, 261, 261, 1, 1.40, 73.48); 
update estoque set quant_venda = quant_venda + 1, quant_atual = quant_atual - 1 where id = 261; 
update estoque_total set total = total - 1 where medicamento_id = 261; 
insert into itens_venda values (default, 1246, 302, 302, 1, 0.00, 13.73); 
update estoque set quant_venda = quant_venda + 1, quant_atual = quant_atual - 1 where id = 302; 
update estoque_total set total = total - 1 where medicamento_id = 302; 

insert into venda values (1247, '2023-05-10 12:10:20', 87.70, null, 24); 
insert into itens_venda values (default, 1247, 317, 317, 1, 2.70, 87.70); 
update estoque set quant_venda = quant_venda + 1, quant_atual = quant_atual - 1 where id = 317; 
update estoque_total set total = total - 1 where medicamento_id = 317; 

insert into venda values (1248, '2023-05-10 12:43:20', 270.00, null, null); 
insert into itens_venda values (default, 1248, 500, 500, 2, 0.90, 31.04); 
update estoque set quant_venda = quant_venda + 2, quant_atual = quant_atual - 2 where id = 500; 
update estoque_total set total = total - 2 where medicamento_id = 500; 
insert into itens_venda values (default, 1248, 196, 196, 1, 5.60, 183.66); 
update estoque set quant_venda = quant_venda + 1, quant_atual = quant_atual - 1 where id = 196; 
update estoque_total set total = total - 1 where medicamento_id = 196; 
insert into itens_venda values (default, 1248, 441, 441, 2, 1.70, 55.30); 
update estoque set quant_venda = quant_venda + 2, quant_atual = quant_atual - 2 where id = 441; 
update estoque_total set total = total - 2 where medicamento_id = 441; 

insert into venda values (1249, '2023-05-10 15:07:40', 124.77, null, 25); 
insert into itens_venda values (default, 1249, 145, 145, 1, 2.50, 124.77); 
update estoque set quant_venda = quant_venda + 1, quant_atual = quant_atual - 1 where id = 145; 
update estoque_total set total = total - 1 where medicamento_id = 145; 

insert into venda values (1250, '2023-05-13 06:14:38', 196.86, null, null); 
insert into itens_venda values (default, 1250, 489, 489, 1, 0.00, 43.99); 
update estoque set quant_venda = quant_venda + 1, quant_atual = quant_atual - 1 where id = 489; 
update estoque_total set total = total - 1 where medicamento_id = 489; 
insert into itens_venda values (default, 1250, 502, 502, 3, 1.30, 64.13); 
update estoque set quant_venda = quant_venda + 3, quant_atual = quant_atual - 3 where id = 502; 
update estoque_total set total = total - 3 where medicamento_id = 502; 
insert into itens_venda values (default, 1250, 326, 326, 2, 2.70, 88.74); 
update estoque set quant_venda = quant_venda + 2, quant_atual = quant_atual - 2 where id = 326; 
update estoque_total set total = total - 2 where medicamento_id = 326; 

insert into venda values (1251, '2023-05-13 07:00:13', 380.78, null, null); 
insert into itens_venda values (default, 1251, 230, 230, 1, 15.80, 380.78); 
update estoque set quant_venda = quant_venda + 1, quant_atual = quant_atual - 1 where id = 230; 
update estoque_total set total = total - 1 where medicamento_id = 230; 

insert into venda values (1252, '2023-05-13 08:18:26', 31.85, null, null); 
insert into itens_venda values (default, 1252, 464, 464, 1, 0.60, 31.85); 
update estoque set quant_venda = quant_venda + 1, quant_atual = quant_atual - 1 where id = 464; 
update estoque_total set total = total - 1 where medicamento_id = 464; 

insert into venda values (1253, '2023-05-13 08:46:47', 584.96, null, null); 
insert into itens_venda values (default, 1253, 230, 230, 1, 0.00, 396.58); 
update estoque set quant_venda = quant_venda + 1, quant_atual = quant_atual - 1 where id = 230; 
update estoque_total set total = total - 1 where medicamento_id = 230; 
insert into itens_venda values (default, 1253, 390, 390, 2, 2.20, 74.42); 
update estoque set quant_venda = quant_venda + 2, quant_atual = quant_atual - 2 where id = 390; 
update estoque_total set total = total - 2 where medicamento_id = 390; 
insert into itens_venda values (default, 1253, 325, 325, 2, 0.00, 113.96); 
update estoque set quant_venda = quant_venda + 2, quant_atual = quant_atual - 2 where id = 325; 
update estoque_total set total = total - 2 where medicamento_id = 325; 

insert into venda values (1254, '2023-05-13 08:50:15', 210.30, null, null); 
insert into itens_venda values (default, 1254, 161, 161, 2, 0.00, 113.88); 
update estoque set quant_venda = quant_venda + 2, quant_atual = quant_atual - 2 where id = 161; 
update estoque_total set total = total - 2 where medicamento_id = 161; 
insert into itens_venda values (default, 1254, 483, 483, 2, 4.00, 96.42); 
update estoque set quant_venda = quant_venda + 2, quant_atual = quant_atual - 2 where id = 483; 
update estoque_total set total = total - 2 where medicamento_id = 483; 

insert into venda values (1255, '2023-05-13 09:58:32', 237.34, 9, null); 
insert into itens_venda values (default, 1255, 370, 370, 1, 0.00, 237.34); 
update estoque set quant_venda = quant_venda + 1, quant_atual = quant_atual - 1 where id = 370; 
update estoque_total set total = total - 1 where medicamento_id = 370; 

insert into venda values (1256, '2023-05-13 10:54:53', 105.95, null, null); 
insert into itens_venda values (default, 1256, 474, 474, 1, 0.10, 14.76); 
update estoque set quant_venda = quant_venda + 1, quant_atual = quant_atual - 1 where id = 474; 
update estoque_total set total = total - 1 where medicamento_id = 474; 
insert into itens_venda values (default, 1256, 475, 475, 1, 0.20, 19.90); 
update estoque set quant_venda = quant_venda + 1, quant_atual = quant_atual - 1 where id = 475; 
update estoque_total set total = total - 1 where medicamento_id = 475; 
insert into itens_venda values (default, 1256, 171, 171, 1, 0.00, 71.29); 
update estoque set quant_venda = quant_venda + 1, quant_atual = quant_atual - 1 where id = 171; 
update estoque_total set total = total - 1 where medicamento_id = 171; 

insert into venda values (1257, '2023-05-13 11:52:50', 159.68, 6, null); 
insert into itens_venda values (default, 1257, 483, 483, 2, 0.00, 100.42); 
update estoque set quant_venda = quant_venda + 2, quant_atual = quant_atual - 2 where id = 483; 
update estoque_total set total = total - 2 where medicamento_id = 483; 
insert into itens_venda values (default, 1257, 287, 287, 1, 3.70, 59.26); 
update estoque set quant_venda = quant_venda + 1, quant_atual = quant_atual - 1 where id = 287; 
update estoque_total set total = total - 1 where medicamento_id = 287; 

insert into venda values (1258, '2023-05-13 12:14:52', 79.36, null, 23); 
insert into itens_venda values (default, 1258, 330, 330, 1, 3.30, 79.36); 
update estoque set quant_venda = quant_venda + 1, quant_atual = quant_atual - 1 where id = 330; 
update estoque_total set total = total - 1 where medicamento_id = 330; 

insert into venda values (1259, '2023-05-13 12:57:36', 356.28, null, 23); 
insert into itens_venda values (default, 1259, 191, 191, 1, 14.40, 348.05); 
update estoque set quant_venda = quant_venda + 1, quant_atual = quant_atual - 1 where id = 191; 
update estoque_total set total = total - 1 where medicamento_id = 191; 
insert into itens_venda values (default, 1259, 380, 380, 1, 0.00, 8.23); 
update estoque set quant_venda = quant_venda + 1, quant_atual = quant_atual - 1 where id = 380; 
update estoque_total set total = total - 1 where medicamento_id = 380; 

insert into venda values (1260, '2023-05-13 14:15:19', 14.06, 2, null); 
insert into itens_venda values (default, 1260, 474, 474, 1, 0.80, 14.06); 
update estoque set quant_venda = quant_venda + 1, quant_atual = quant_atual - 1 where id = 474; 
update estoque_total set total = total - 1 where medicamento_id = 474; 

insert into venda values (1261, '2023-05-13 15:06:48', 96.12, 18, null); 
insert into itens_venda values (default, 1261, 435, 435, 1, 1.90, 96.12); 
update estoque set quant_venda = quant_venda + 1, quant_atual = quant_atual - 1 where id = 435; 
update estoque_total set total = total - 1 where medicamento_id = 435; 

insert into venda values (1262, '2023-05-14 08:31:38', 269.23, 18, null); 
insert into itens_venda values (default, 1262, 469, 469, 2, 1.90, 93.86); 
update estoque set quant_venda = quant_venda + 2, quant_atual = quant_atual - 2 where id = 469; 
update estoque_total set total = total - 2 where medicamento_id = 469; 
insert into itens_venda values (default, 1262, 371, 371, 1, 5.50, 132.03); 
update estoque set quant_venda = quant_venda + 1, quant_atual = quant_atual - 1 where id = 371; 
update estoque_total set total = total - 1 where medicamento_id = 371; 
insert into itens_venda values (default, 1262, 114, 114, 1, 1.30, 43.34); 
update estoque set quant_venda = quant_venda + 1, quant_atual = quant_atual - 1 where id = 114; 
update estoque_total set total = total - 1 where medicamento_id = 114; 

insert into venda values (1263, '2023-05-14 09:20:35', 50.12, null, null); 
insert into itens_venda values (default, 1263, 345, 345, 2, 2.00, 50.12); 
update estoque set quant_venda = quant_venda + 2, quant_atual = quant_atual - 2 where id = 345; 
update estoque_total set total = total - 2 where medicamento_id = 345; 

insert into venda values (1264, '2023-05-14 10:19:47', 87.32, null, 23); 
insert into itens_venda values (default, 1264, 261, 261, 1, 2.20, 72.68); 
update estoque set quant_venda = quant_venda + 1, quant_atual = quant_atual - 1 where id = 261; 
update estoque_total set total = total - 1 where medicamento_id = 261; 
insert into itens_venda values (default, 1264, 496, 496, 2, 0.10, 14.64); 
update estoque set quant_venda = quant_venda + 2, quant_atual = quant_atual - 2 where id = 496; 
update estoque_total set total = total - 2 where medicamento_id = 496; 

insert into venda values (1265, '2023-05-14 12:53:16', 328.71, null, 22); 
insert into itens_venda values (default, 1265, 306, 306, 2, 1.60, 164.68); 
update estoque set quant_venda = quant_venda + 2, quant_atual = quant_atual - 2 where id = 306; 
update estoque_total set total = total - 2 where medicamento_id = 306; 
insert into itens_venda values (default, 1265, 433, 433, 1, 0.80, 26.35); 
update estoque set quant_venda = quant_venda + 1, quant_atual = quant_atual - 1 where id = 433; 
update estoque_total set total = total - 1 where medicamento_id = 433; 
insert into itens_venda values (default, 1265, 192, 192, 1, 0.00, 137.68); 
update estoque set quant_venda = quant_venda + 1, quant_atual = quant_atual - 1 where id = 192; 
update estoque_total set total = total - 1 where medicamento_id = 192; 

insert into venda values (1266, '2023-05-14 12:56:14', 145.28, 7, 25); 
insert into itens_venda values (default, 1266, 384, 384, 1, 0.80, 43.04); 
update estoque set quant_venda = quant_venda + 1, quant_atual = quant_atual - 1 where id = 384; 
update estoque_total set total = total - 1 where medicamento_id = 384; 
insert into itens_venda values (default, 1266, 264, 264, 1, 3.90, 45.26); 
update estoque set quant_venda = quant_venda + 1, quant_atual = quant_atual - 1 where id = 264; 
update estoque_total set total = total - 1 where medicamento_id = 264; 
insert into itens_venda values (default, 1266, 357, 357, 1, 4.90, 56.98); 
update estoque set quant_venda = quant_venda + 1, quant_atual = quant_atual - 1 where id = 357; 
update estoque_total set total = total - 1 where medicamento_id = 357; 

insert into venda values (1267, '2023-05-15 06:53:00', 408.02, 10, null); 
insert into itens_venda values (default, 1267, 490, 490, 2, 3.10, 100.96); 
update estoque set quant_venda = quant_venda + 2, quant_atual = quant_atual - 2 where id = 490; 
update estoque_total set total = total - 2 where medicamento_id = 490; 
insert into itens_venda values (default, 1267, 413, 413, 2, 12.60, 167.84); 
update estoque set quant_venda = quant_venda + 2, quant_atual = quant_atual - 2 where id = 413; 
update estoque_total set total = total - 2 where medicamento_id = 413; 
insert into itens_venda values (default, 1267, 223, 223, 2, 5.70, 139.22); 
update estoque set quant_venda = quant_venda + 2, quant_atual = quant_atual - 2 where id = 223; 
update estoque_total set total = total - 2 where medicamento_id = 223; 

insert into venda values (1268, '2023-05-15 07:46:21', 113.96, null, 23); 
insert into itens_venda values (default, 1268, 356, 356, 1, 1.10, 113.96); 
update estoque set quant_venda = quant_venda + 1, quant_atual = quant_atual - 1 where id = 356; 
update estoque_total set total = total - 1 where medicamento_id = 356; 

insert into venda values (1269, '2023-05-15 09:09:27', 51.85, 20, null); 
insert into itens_venda values (default, 1269, 399, 399, 1, 0.00, 51.85); 
update estoque set quant_venda = quant_venda + 1, quant_atual = quant_atual - 1 where id = 399; 
update estoque_total set total = total - 1 where medicamento_id = 399; 

insert into venda values (1270, '2023-05-15 10:21:26', 286.14, 10, 23); 
insert into itens_venda values (default, 1270, 210, 210, 1, 0.00, 254.08); 
update estoque set quant_venda = quant_venda + 1, quant_atual = quant_atual - 1 where id = 210; 
update estoque_total set total = total - 1 where medicamento_id = 210; 
insert into itens_venda values (default, 1270, 288, 288, 1, 0.80, 15.54); 
update estoque set quant_venda = quant_venda + 1, quant_atual = quant_atual - 1 where id = 288; 
update estoque_total set total = total - 1 where medicamento_id = 288; 
insert into itens_venda values (default, 1270, 484, 484, 1, 0.00, 16.52); 
update estoque set quant_venda = quant_venda + 1, quant_atual = quant_atual - 1 where id = 484; 
update estoque_total set total = total - 1 where medicamento_id = 484; 

insert into venda values (1271, '2023-05-15 10:30:50', 212.59, null, 24); 
insert into itens_venda values (default, 1271, 150, 150, 1, 3.60, 177.49); 
update estoque set quant_venda = quant_venda + 1, quant_atual = quant_atual - 1 where id = 150; 
update estoque_total set total = total - 1 where medicamento_id = 150; 
insert into itens_venda values (default, 1271, 276, 276, 1, 1.00, 35.10); 
update estoque set quant_venda = quant_venda + 1, quant_atual = quant_atual - 1 where id = 276; 
update estoque_total set total = total - 1 where medicamento_id = 276; 

insert into venda values (1272, '2023-05-15 11:19:08', 102.22, 4, null); 
insert into itens_venda values (default, 1272, 494, 494, 2, 0.60, 32.34); 
update estoque set quant_venda = quant_venda + 2, quant_atual = quant_atual - 2 where id = 494; 
update estoque_total set total = total - 2 where medicamento_id = 494; 
insert into itens_venda values (default, 1272, 264, 264, 1, 0.00, 49.16); 
update estoque set quant_venda = quant_venda + 1, quant_atual = quant_atual - 1 where id = 264; 
update estoque_total set total = total - 1 where medicamento_id = 264; 
insert into itens_venda values (default, 1272, 450, 450, 1, 1.30, 20.72); 
update estoque set quant_venda = quant_venda + 1, quant_atual = quant_atual - 1 where id = 450; 
update estoque_total set total = total - 1 where medicamento_id = 450; 

insert into venda values (1273, '2023-05-15 11:52:03', 189.19, null, null); 
insert into itens_venda values (default, 1273, 368, 368, 3, 0.00, 47.34); 
update estoque set quant_venda = quant_venda + 3, quant_atual = quant_atual - 3 where id = 368; 
update estoque_total set total = total - 3 where medicamento_id = 368; 
insert into itens_venda values (default, 1273, 245, 245, 1, 5.90, 141.85); 
update estoque set quant_venda = quant_venda + 1, quant_atual = quant_atual - 1 where id = 245; 
update estoque_total set total = total - 1 where medicamento_id = 245; 

insert into venda values (1274, '2023-05-15 13:01:33', 320.48, 14, null); 
insert into itens_venda values (default, 1274, 465, 465, 1, 9.70, 112.52); 
update estoque set quant_venda = quant_venda + 1, quant_atual = quant_atual - 1 where id = 465; 
update estoque_total set total = total - 1 where medicamento_id = 465; 
insert into itens_venda values (default, 1274, 298, 298, 1, 6.30, 99.68); 
update estoque set quant_venda = quant_venda + 1, quant_atual = quant_atual - 1 where id = 298; 
update estoque_total set total = total - 1 where medicamento_id = 298; 
insert into itens_venda values (default, 1274, 161, 161, 2, 5.60, 108.28); 
update estoque set quant_venda = quant_venda + 2, quant_atual = quant_atual - 2 where id = 161; 
update estoque_total set total = total - 2 where medicamento_id = 161; 

insert into venda values (1275, '2023-05-15 13:02:57', 149.68, null, null); 
insert into itens_venda values (default, 1275, 428, 428, 1, 0.60, 16.04); 
update estoque set quant_venda = quant_venda + 1, quant_atual = quant_atual - 1 where id = 428; 
update estoque_total set total = total - 1 where medicamento_id = 428; 
insert into itens_venda values (default, 1275, 172, 172, 1, 2.70, 133.64); 
update estoque set quant_venda = quant_venda + 1, quant_atual = quant_atual - 1 where id = 172; 
update estoque_total set total = total - 1 where medicamento_id = 172; 

insert into venda values (1276, '2023-05-16 06:59:19', 316.27, 20, 21); 
insert into itens_venda values (default, 1276, 237, 237, 1, 9.40, 125.83); 
update estoque set quant_venda = quant_venda + 1, quant_atual = quant_atual - 1 where id = 237; 
update estoque_total set total = total - 1 where medicamento_id = 237; 
insert into itens_venda values (default, 1276, 411, 411, 1, 1.40, 70.77); 
update estoque set quant_venda = quant_venda + 1, quant_atual = quant_atual - 1 where id = 411; 
update estoque_total set total = total - 1 where medicamento_id = 411; 
insert into itens_venda values (default, 1276, 145, 145, 1, 7.60, 119.67); 
update estoque set quant_venda = quant_venda + 1, quant_atual = quant_atual - 1 where id = 145; 
update estoque_total set total = total - 1 where medicamento_id = 145; 

insert into venda values (1277, '2023-05-16 07:43:56', 157.71, 7, 23); 
insert into itens_venda values (default, 1277, 231, 231, 1, 1.80, 58.73); 
update estoque set quant_venda = quant_venda + 1, quant_atual = quant_atual - 1 where id = 231; 
update estoque_total set total = total - 1 where medicamento_id = 231; 
insert into itens_venda values (default, 1277, 317, 317, 1, 6.30, 84.10); 
update estoque set quant_venda = quant_venda + 1, quant_atual = quant_atual - 1 where id = 317; 
update estoque_total set total = total - 1 where medicamento_id = 317; 
insert into itens_venda values (default, 1277, 368, 368, 1, 0.90, 14.88); 
update estoque set quant_venda = quant_venda + 1, quant_atual = quant_atual - 1 where id = 368; 
update estoque_total set total = total - 1 where medicamento_id = 368; 

insert into venda values (1278, '2023-05-16 08:02:03', 125.00, 10, null); 
insert into itens_venda values (default, 1278, 476, 476, 3, 2.90, 69.61); 
update estoque set quant_venda = quant_venda + 3, quant_atual = quant_atual - 3 where id = 476; 
update estoque_total set total = total - 3 where medicamento_id = 476; 
insert into itens_venda values (default, 1278, 318, 318, 1, 0.50, 55.39); 
update estoque set quant_venda = quant_venda + 1, quant_atual = quant_atual - 1 where id = 318; 
update estoque_total set total = total - 1 where medicamento_id = 318; 

insert into venda values (1279, '2023-05-16 09:14:22', 44.04, 8, null); 
insert into itens_venda values (default, 1279, 476, 476, 2, 4.30, 44.04); 
update estoque set quant_venda = quant_venda + 2, quant_atual = quant_atual - 2 where id = 476; 
update estoque_total set total = total - 2 where medicamento_id = 476; 

insert into venda values (1280, '2023-05-16 09:33:03', 32.36, null, null); 
insert into itens_venda values (default, 1280, 402, 402, 1, 0.10, 16.77); 
update estoque set quant_venda = quant_venda + 1, quant_atual = quant_atual - 1 where id = 402; 
update estoque_total set total = total - 1 where medicamento_id = 402; 
insert into itens_venda values (default, 1280, 422, 422, 1, 0.40, 15.59); 
update estoque set quant_venda = quant_venda + 1, quant_atual = quant_atual - 1 where id = 422; 
update estoque_total set total = total - 1 where medicamento_id = 422; 

insert into venda values (1281, '2023-05-16 09:55:16', 103.98, null, null); 
insert into itens_venda values (default, 1281, 304, 304, 3, 0.00, 82.38); 
update estoque set quant_venda = quant_venda + 3, quant_atual = quant_atual - 3 where id = 304; 
update estoque_total set total = total - 3 where medicamento_id = 304; 
insert into itens_venda values (default, 1281, 406, 406, 3, 0.00, 21.60); 
update estoque set quant_venda = quant_venda + 3, quant_atual = quant_atual - 3 where id = 406; 
update estoque_total set total = total - 3 where medicamento_id = 406; 

insert into venda values (1282, '2023-05-16 10:47:03', 126.06, null, null); 
insert into itens_venda values (default, 1282, 342, 342, 2, 3.40, 82.42); 
update estoque set quant_venda = quant_venda + 2, quant_atual = quant_atual - 2 where id = 342; 
update estoque_total set total = total - 2 where medicamento_id = 342; 
insert into itens_venda values (default, 1282, 450, 450, 2, 0.40, 43.64); 
update estoque set quant_venda = quant_venda + 2, quant_atual = quant_atual - 2 where id = 450; 
update estoque_total set total = total - 2 where medicamento_id = 450; 

insert into venda values (1283, '2023-05-16 12:07:48', 252.30, 18, 21); 
insert into itens_venda values (default, 1283, 498, 498, 2, 2.10, 68.76); 
update estoque set quant_venda = quant_venda + 2, quant_atual = quant_atual - 2 where id = 498; 
update estoque_total set total = total - 2 where medicamento_id = 498; 
insert into itens_venda values (default, 1283, 83, 83, 2, 3.70, 183.54); 
update estoque set quant_venda = quant_venda + 2, quant_atual = quant_atual - 2 where id = 83; 
update estoque_total set total = total - 2 where medicamento_id = 83; 

insert into venda values (1284, '2023-05-17 06:29:00', 30.34, null, null); 
insert into itens_venda values (default, 1284, 480, 480, 1, 1.20, 30.34); 
update estoque set quant_venda = quant_venda + 1, quant_atual = quant_atual - 1 where id = 480; 
update estoque_total set total = total - 1 where medicamento_id = 480; 

insert into venda values (1285, '2023-05-17 07:26:55', 175.24, null, null); 
insert into itens_venda values (default, 1285, 412, 412, 2, 1.70, 175.24); 
update estoque set quant_venda = quant_venda + 2, quant_atual = quant_atual - 2 where id = 412; 
update estoque_total set total = total - 2 where medicamento_id = 412; 

insert into venda values (1286, '2023-05-17 08:08:55', 204.68, 1, null); 
insert into itens_venda values (default, 1286, 60, 60, 1, 10.00, 158.15); 
update estoque set quant_venda = quant_venda + 1, quant_atual = quant_atual - 1 where id = 60; 
update estoque_total set total = total - 1 where medicamento_id = 60; 
insert into itens_venda values (default, 1286, 505, 505, 1, 3.00, 30.84); 
update estoque set quant_venda = quant_venda + 1, quant_atual = quant_atual - 1 where id = 505; 
update estoque_total set total = total - 1 where medicamento_id = 505; 
insert into itens_venda values (default, 1286, 485, 485, 1, 0.40, 15.69); 
update estoque set quant_venda = quant_venda + 1, quant_atual = quant_atual - 1 where id = 485; 
update estoque_total set total = total - 1 where medicamento_id = 485; 

insert into venda values (1287, '2023-05-17 09:11:19', 27.32, null, null); 
insert into itens_venda values (default, 1287, 417, 417, 1, 0.40, 14.34); 
update estoque set quant_venda = quant_venda + 1, quant_atual = quant_atual - 1 where id = 417; 
update estoque_total set total = total - 1 where medicamento_id = 417; 
insert into itens_venda values (default, 1287, 427, 427, 1, 0.00, 12.98); 
update estoque set quant_venda = quant_venda + 1, quant_atual = quant_atual - 1 where id = 427; 
update estoque_total set total = total - 1 where medicamento_id = 427; 

insert into venda values (1288, '2023-05-17 09:13:17', 152.68, null, null); 
insert into itens_venda values (default, 1288, 452, 452, 2, 0.00, 119.34); 
update estoque set quant_venda = quant_venda + 2, quant_atual = quant_atual - 2 where id = 452; 
update estoque_total set total = total - 2 where medicamento_id = 452; 
insert into itens_venda values (default, 1288, 401, 401, 1, 0.30, 33.34); 
update estoque set quant_venda = quant_venda + 1, quant_atual = quant_atual - 1 where id = 401; 
update estoque_total set total = total - 1 where medicamento_id = 401; 

insert into venda values (1289, '2023-05-17 09:19:48', 232.05, null, null); 
insert into itens_venda values (default, 1289, 246, 246, 1, 1.80, 59.95); 
update estoque set quant_venda = quant_venda + 1, quant_atual = quant_atual - 1 where id = 246; 
update estoque_total set total = total - 1 where medicamento_id = 246; 
insert into itens_venda values (default, 1289, 229, 229, 1, 1.70, 172.10); 
update estoque set quant_venda = quant_venda + 1, quant_atual = quant_atual - 1 where id = 229; 
update estoque_total set total = total - 1 where medicamento_id = 229; 

insert into venda values (1290, '2023-05-17 10:26:11', 310.88, null, 23); 
insert into itens_venda values (default, 1290, 444, 444, 2, 3.00, 148.18); 
update estoque set quant_venda = quant_venda + 2, quant_atual = quant_atual - 2 where id = 444; 
update estoque_total set total = total - 2 where medicamento_id = 444; 
insert into itens_venda values (default, 1290, 192, 192, 1, 0.00, 137.68); 
update estoque set quant_venda = quant_venda + 1, quant_atual = quant_atual - 1 where id = 192; 
update estoque_total set total = total - 1 where medicamento_id = 192; 
insert into itens_venda values (default, 1290, 335, 335, 1, 0.50, 25.02); 
update estoque set quant_venda = quant_venda + 1, quant_atual = quant_atual - 1 where id = 335; 
update estoque_total set total = total - 1 where medicamento_id = 335; 

insert into venda values (1291, '2023-05-17 11:15:52', 285.89, 2, null); 
insert into itens_venda values (default, 1291, 463, 463, 1, 0.10, 13.25); 
update estoque set quant_venda = quant_venda + 1, quant_atual = quant_atual - 1 where id = 463; 
update estoque_total set total = total - 1 where medicamento_id = 463; 
insert into itens_venda values (default, 1291, 301, 301, 1, 17.30, 272.64); 
update estoque set quant_venda = quant_venda + 1, quant_atual = quant_atual - 1 where id = 301; 
update estoque_total set total = total - 1 where medicamento_id = 301; 

insert into venda values (1292, '2023-05-17 12:20:33', 125.46, 14, null); 
insert into itens_venda values (default, 1292, 440, 440, 2, 0.70, 78.12); 
update estoque set quant_venda = quant_venda + 2, quant_atual = quant_atual - 2 where id = 440; 
update estoque_total set total = total - 2 where medicamento_id = 440; 
insert into itens_venda values (default, 1292, 92, 92, 1, 0.90, 47.34); 
update estoque set quant_venda = quant_venda + 1, quant_atual = quant_atual - 1 where id = 92; 
update estoque_total set total = total - 1 where medicamento_id = 92; 

insert into venda values (1293, '2023-05-17 12:58:33', 125.63, 3, null); 
insert into itens_venda values (default, 1293, 243, 243, 2, 6.90, 70.06); 
update estoque set quant_venda = quant_venda + 2, quant_atual = quant_atual - 2 where id = 243; 
update estoque_total set total = total - 2 where medicamento_id = 243; 
insert into itens_venda values (default, 1293, 452, 452, 1, 4.10, 55.57); 
update estoque set quant_venda = quant_venda + 1, quant_atual = quant_atual - 1 where id = 452; 
update estoque_total set total = total - 1 where medicamento_id = 452; 

insert into venda values (1294, '2023-05-17 13:35:13', 68.65, 8, null); 
insert into itens_venda values (default, 1294, 484, 484, 3, 2.40, 47.16); 
update estoque set quant_venda = quant_venda + 3, quant_atual = quant_atual - 3 where id = 484; 
update estoque_total set total = total - 3 where medicamento_id = 484; 
insert into itens_venda values (default, 1294, 501, 501, 1, 1.60, 21.49); 
update estoque set quant_venda = quant_venda + 1, quant_atual = quant_atual - 1 where id = 501; 
update estoque_total set total = total - 1 where medicamento_id = 501; 

insert into venda values (1295, '2023-05-17 13:39:30', 186.00, 20, 24); 
insert into itens_venda values (default, 1295, 473, 473, 1, 0.00, 49.16); 
update estoque set quant_venda = quant_venda + 1, quant_atual = quant_atual - 1 where id = 473; 
update estoque_total set total = total - 1 where medicamento_id = 473; 
insert into itens_venda values (default, 1295, 214, 214, 2, 0.00, 136.84); 
update estoque set quant_venda = quant_venda + 2, quant_atual = quant_atual - 2 where id = 214; 
update estoque_total set total = total - 2 where medicamento_id = 214; 

insert into venda values (1296, '2023-05-18 07:47:23', 270.72, 15, null); 
insert into itens_venda values (default, 1296, 459, 459, 2, 1.30, 66.54); 
update estoque set quant_venda = quant_venda + 2, quant_atual = quant_atual - 2 where id = 459; 
update estoque_total set total = total - 2 where medicamento_id = 459; 
insert into itens_venda values (default, 1296, 71, 71, 1, 15.30, 204.18); 
update estoque set quant_venda = quant_venda + 1, quant_atual = quant_atual - 1 where id = 71; 
update estoque_total set total = total - 1 where medicamento_id = 71; 

insert into venda values (1297, '2023-05-19 07:02:22', 114.66, null, null); 
insert into itens_venda values (default, 1297, 235, 235, 1, 0.00, 53.62); 
update estoque set quant_venda = quant_venda + 1, quant_atual = quant_atual - 1 where id = 235; 
update estoque_total set total = total - 1 where medicamento_id = 235; 
insert into itens_venda values (default, 1297, 303, 303, 2, 0.60, 61.04); 
update estoque set quant_venda = quant_venda + 2, quant_atual = quant_atual - 2 where id = 303; 
update estoque_total set total = total - 2 where medicamento_id = 303; 

insert into venda values (1298, '2023-05-19 07:39:47', 69.40, 15, 25); 
insert into itens_venda values (default, 1298, 274, 274, 2, 2.80, 69.40); 
update estoque set quant_venda = quant_venda + 2, quant_atual = quant_atual - 2 where id = 274; 
update estoque_total set total = total - 2 where medicamento_id = 274; 

insert into venda values (1299, '2023-05-19 08:36:04', 170.86, null, null); 
insert into itens_venda values (default, 1299, 454, 454, 2, 7.10, 170.86); 
update estoque set quant_venda = quant_venda + 2, quant_atual = quant_atual - 2 where id = 454; 
update estoque_total set total = total - 2 where medicamento_id = 454; 

insert into venda values (1300, '2023-05-19 09:28:45', 280.82, 11, null); 
insert into itens_venda values (default, 1300, 46, 46, 1, 4.10, 203.32); 
update estoque set quant_venda = quant_venda + 1, quant_atual = quant_atual - 1 where id = 46; 
update estoque_total set total = total - 1 where medicamento_id = 46; 
insert into itens_venda values (default, 1300, 428, 428, 3, 3.90, 46.02); 
update estoque set quant_venda = quant_venda + 3, quant_atual = quant_atual - 3 where id = 428; 
update estoque_total set total = total - 3 where medicamento_id = 428; 
insert into itens_venda values (default, 1300, 431, 431, 3, 2.30, 31.48); 
update estoque set quant_venda = quant_venda + 3, quant_atual = quant_atual - 3 where id = 431; 
update estoque_total set total = total - 3 where medicamento_id = 431; 

insert into venda values (1301, '2023-05-19 10:02:04', 120.80, null, null); 
insert into itens_venda values (default, 1301, 454, 454, 1, 1.70, 87.28); 
update estoque set quant_venda = quant_venda + 1, quant_atual = quant_atual - 1 where id = 454; 
update estoque_total set total = total - 1 where medicamento_id = 454; 
insert into itens_venda values (default, 1301, 382, 382, 1, 1.00, 33.52); 
update estoque set quant_venda = quant_venda + 1, quant_atual = quant_atual - 1 where id = 382; 
update estoque_total set total = total - 1 where medicamento_id = 382; 

insert into venda values (1302, '2023-05-19 10:50:42', 15.23, 6, null); 
insert into itens_venda values (default, 1302, 377, 377, 1, 1.50, 15.23); 
update estoque set quant_venda = quant_venda + 1, quant_atual = quant_atual - 1 where id = 377; 
update estoque_total set total = total - 1 where medicamento_id = 377; 

insert into venda values (1303, '2023-05-19 12:07:27', 229.35, null, null); 
insert into itens_venda values (default, 1303, 444, 444, 2, 6.00, 145.18); 
update estoque set quant_venda = quant_venda + 2, quant_atual = quant_atual - 2 where id = 444; 
update estoque_total set total = total - 2 where medicamento_id = 444; 
insert into itens_venda values (default, 1303, 482, 482, 3, 1.90, 47.21); 
update estoque set quant_venda = quant_venda + 3, quant_atual = quant_atual - 3 where id = 482; 
update estoque_total set total = total - 3 where medicamento_id = 482; 
insert into itens_venda values (default, 1303, 456, 456, 1, 1.50, 36.96); 
update estoque set quant_venda = quant_venda + 1, quant_atual = quant_atual - 1 where id = 456; 
update estoque_total set total = total - 1 where medicamento_id = 456; 

insert into venda values (1304, '2023-05-19 12:15:29', 229.94, null, null); 
insert into itens_venda values (default, 1304, 390, 390, 1, 1.10, 37.21); 
update estoque set quant_venda = quant_venda + 1, quant_atual = quant_atual - 1 where id = 390; 
update estoque_total set total = total - 1 where medicamento_id = 390; 
insert into itens_venda values (default, 1304, 172, 172, 1, 4.00, 132.34); 
update estoque set quant_venda = quant_venda + 1, quant_atual = quant_atual - 1 where id = 172; 
update estoque_total set total = total - 1 where medicamento_id = 172; 
insert into itens_venda values (default, 1304, 381, 381, 1, 0.00, 60.39); 
update estoque set quant_venda = quant_venda + 1, quant_atual = quant_atual - 1 where id = 381; 
update estoque_total set total = total - 1 where medicamento_id = 381; 

insert into venda values (1305, '2023-05-20 07:36:33', 258.15, null, 22); 
insert into itens_venda values (default, 1305, 394, 394, 3, 1.70, 84.19); 
update estoque set quant_venda = quant_venda + 3, quant_atual = quant_atual - 3 where id = 394; 
update estoque_total set total = total - 3 where medicamento_id = 394; 
insert into itens_venda values (default, 1305, 359, 359, 2, 7.20, 173.96); 
update estoque set quant_venda = quant_venda + 2, quant_atual = quant_atual - 2 where id = 359; 
update estoque_total set total = total - 2 where medicamento_id = 359; 

insert into venda values (1306, '2023-05-20 07:37:52', 86.68, 9, null); 
insert into itens_venda values (default, 1306, 114, 114, 2, 2.60, 86.68); 
update estoque set quant_venda = quant_venda + 2, quant_atual = quant_atual - 2 where id = 114; 
update estoque_total set total = total - 2 where medicamento_id = 114; 

insert into venda values (1307, '2023-05-21 06:26:16', 433.42, null, null); 
insert into itens_venda values (default, 1307, 18, 18, 2, 1.40, 141.44); 
update estoque set quant_venda = quant_venda + 2, quant_atual = quant_atual - 2 where id = 18; 
update estoque_total set total = total - 2 where medicamento_id = 18; 
insert into itens_venda values (default, 1307, 88, 88, 1, 4.90, 160.16); 
update estoque set quant_venda = quant_venda + 1, quant_atual = quant_atual - 1 where id = 88; 
update estoque_total set total = total - 1 where medicamento_id = 88; 
insert into itens_venda values (default, 1307, 446, 446, 1, 0.00, 131.82); 
update estoque set quant_venda = quant_venda + 1, quant_atual = quant_atual - 1 where id = 446; 
update estoque_total set total = total - 1 where medicamento_id = 446; 

insert into venda values (1308, '2023-05-21 07:18:05', 38.27, null, null); 
insert into itens_venda values (default, 1308, 241, 241, 1, 1.10, 38.27); 
update estoque set quant_venda = quant_venda + 1, quant_atual = quant_atual - 1 where id = 241; 
update estoque_total set total = total - 1 where medicamento_id = 241; 

insert into venda values (1309, '2023-05-21 07:28:52', 130.08, 14, null); 
insert into itens_venda values (default, 1309, 477, 477, 2, 0.00, 130.08); 
update estoque set quant_venda = quant_venda + 2, quant_atual = quant_atual - 2 where id = 477; 
update estoque_total set total = total - 2 where medicamento_id = 477; 

insert into venda values (1310, '2023-05-21 08:20:55', 222.44, null, 23); 
insert into itens_venda values (default, 1310, 482, 482, 2, 0.30, 32.44); 
update estoque set quant_venda = quant_venda + 2, quant_atual = quant_atual - 2 where id = 482; 
update estoque_total set total = total - 2 where medicamento_id = 482; 
insert into itens_venda values (default, 1310, 312, 312, 2, 1.50, 51.40); 
update estoque set quant_venda = quant_venda + 2, quant_atual = quant_atual - 2 where id = 312; 
update estoque_total set total = total - 2 where medicamento_id = 312; 
insert into itens_venda values (default, 1310, 86, 86, 1, 5.70, 138.60); 
update estoque set quant_venda = quant_venda + 1, quant_atual = quant_atual - 1 where id = 86; 
update estoque_total set total = total - 1 where medicamento_id = 86; 

insert into venda values (1311, '2023-05-21 08:55:48', 142.04, null, null); 
insert into itens_venda values (default, 1311, 157, 157, 2, 4.30, 142.04); 
update estoque set quant_venda = quant_venda + 2, quant_atual = quant_atual - 2 where id = 157; 
update estoque_total set total = total - 2 where medicamento_id = 157; 

insert into venda values (1312, '2023-05-21 09:17:43', 6.75, null, null); 
insert into itens_venda values (default, 1312, 504, 504, 1, 0.00, 6.75); 
update estoque set quant_venda = quant_venda + 1, quant_atual = quant_atual - 1 where id = 504; 
update estoque_total set total = total - 1 where medicamento_id = 504; 

insert into venda values (1313, '2023-05-21 10:34:53', 229.16, 13, null); 
insert into itens_venda values (default, 1313, 320, 320, 1, 10.40, 198.36); 
update estoque set quant_venda = quant_venda + 1, quant_atual = quant_atual - 1 where id = 320; 
update estoque_total set total = total - 1 where medicamento_id = 320; 
insert into itens_venda values (default, 1313, 389, 389, 1, 1.60, 30.80); 
update estoque set quant_venda = quant_venda + 1, quant_atual = quant_atual - 1 where id = 389; 
update estoque_total set total = total - 1 where medicamento_id = 389; 

insert into venda values (1314, '2023-05-21 10:38:30', 57.94, null, null); 
insert into itens_venda values (default, 1314, 453, 453, 1, 0.10, 6.40); 
update estoque set quant_venda = quant_venda + 1, quant_atual = quant_atual - 1 where id = 453; 
update estoque_total set total = total - 1 where medicamento_id = 453; 
insert into itens_venda values (default, 1314, 282, 282, 1, 2.10, 51.54); 
update estoque set quant_venda = quant_venda + 1, quant_atual = quant_atual - 1 where id = 282; 
update estoque_total set total = total - 1 where medicamento_id = 282; 

insert into venda values (1315, '2023-05-21 11:44:49', 311.83, null, null); 
insert into itens_venda values (default, 1315, 315, 315, 1, 0.00, 33.88); 
update estoque set quant_venda = quant_venda + 1, quant_atual = quant_atual - 1 where id = 315; 
update estoque_total set total = total - 1 where medicamento_id = 315; 
insert into itens_venda values (default, 1315, 487, 487, 1, 7.50, 180.53); 
update estoque set quant_venda = quant_venda + 1, quant_atual = quant_atual - 1 where id = 487; 
update estoque_total set total = total - 1 where medicamento_id = 487; 
insert into itens_venda values (default, 1315, 473, 473, 2, 0.90, 97.42); 
update estoque set quant_venda = quant_venda + 2, quant_atual = quant_atual - 2 where id = 473; 
update estoque_total set total = total - 2 where medicamento_id = 473; 

insert into venda values (1316, '2023-05-22 06:21:31', 128.90, 5, null); 
insert into itens_venda values (default, 1316, 387, 387, 2, 1.30, 128.90); 
update estoque set quant_venda = quant_venda + 2, quant_atual = quant_atual - 2 where id = 387; 
update estoque_total set total = total - 2 where medicamento_id = 387; 

insert into venda values (1317, '2023-05-22 07:04:59', 180.53, null, null); 
insert into itens_venda values (default, 1317, 487, 487, 1, 7.50, 180.53); 
update estoque set quant_venda = quant_venda + 1, quant_atual = quant_atual - 1 where id = 487; 
update estoque_total set total = total - 1 where medicamento_id = 487; 

insert into venda values (1318, '2023-05-22 07:06:38', 195.54, null, 25); 
insert into itens_venda values (default, 1318, 148, 148, 1, 2.30, 113.01); 
update estoque set quant_venda = quant_venda + 1, quant_atual = quant_atual - 1 where id = 148; 
update estoque_total set total = total - 1 where medicamento_id = 148; 
insert into itens_venda values (default, 1318, 399, 399, 1, 1.50, 50.35); 
update estoque set quant_venda = quant_venda + 1, quant_atual = quant_atual - 1 where id = 399; 
update estoque_total set total = total - 1 where medicamento_id = 399; 
insert into itens_venda values (default, 1318, 485, 485, 2, 0.00, 32.18); 
update estoque set quant_venda = quant_venda + 2, quant_atual = quant_atual - 2 where id = 485; 
update estoque_total set total = total - 2 where medicamento_id = 485; 

insert into venda values (1319, '2023-05-22 08:23:44', 21.60, null, null); 
insert into itens_venda values (default, 1319, 406, 406, 3, 0.00, 21.60); 
update estoque set quant_venda = quant_venda + 3, quant_atual = quant_atual - 3 where id = 406; 
update estoque_total set total = total - 3 where medicamento_id = 406; 

insert into venda values (1320, '2023-05-22 08:43:21', 241.31, null, null); 
insert into itens_venda values (default, 1320, 435, 435, 2, 3.90, 192.14); 
update estoque set quant_venda = quant_venda + 2, quant_atual = quant_atual - 2 where id = 435; 
update estoque_total set total = total - 2 where medicamento_id = 435; 
insert into itens_venda values (default, 1320, 457, 457, 1, 0.60, 33.57); 
update estoque set quant_venda = quant_venda + 1, quant_atual = quant_atual - 1 where id = 457; 
update estoque_total set total = total - 1 where medicamento_id = 457; 
insert into itens_venda values (default, 1320, 404, 404, 1, 0.60, 15.60); 
update estoque set quant_venda = quant_venda + 1, quant_atual = quant_atual - 1 where id = 404; 
update estoque_total set total = total - 1 where medicamento_id = 404; 

insert into venda values (1321, '2023-05-22 08:47:43', 120.85, null, 23); 
insert into itens_venda values (default, 1321, 472, 472, 3, 2.60, 85.36); 
update estoque set quant_venda = quant_venda + 3, quant_atual = quant_atual - 3 where id = 472; 
update estoque_total set total = total - 3 where medicamento_id = 472; 
insert into itens_venda values (default, 1321, 349, 349, 1, 0.60, 30.54); 
update estoque set quant_venda = quant_venda + 1, quant_atual = quant_atual - 1 where id = 349; 
update estoque_total set total = total - 1 where medicamento_id = 349; 
insert into itens_venda values (default, 1321, 155, 155, 1, 0.00, 4.95); 
update estoque set quant_venda = quant_venda + 1, quant_atual = quant_atual - 1 where id = 155; 
update estoque_total set total = total - 1 where medicamento_id = 155; 

insert into venda values (1322, '2023-05-22 10:05:43', 398.60, null, 23); 
insert into itens_venda values (default, 1322, 210, 210, 1, 7.60, 246.48); 
update estoque set quant_venda = quant_venda + 1, quant_atual = quant_atual - 1 where id = 210; 
update estoque_total set total = total - 1 where medicamento_id = 210; 
insert into itens_venda values (default, 1322, 415, 415, 1, 1.50, 152.12); 
update estoque set quant_venda = quant_venda + 1, quant_atual = quant_atual - 1 where id = 415; 
update estoque_total set total = total - 1 where medicamento_id = 415; 

insert into venda values (1323, '2023-05-22 10:44:11', 54.37, 4, null); 
insert into itens_venda values (default, 1323, 452, 452, 1, 5.30, 54.37); 
update estoque set quant_venda = quant_venda + 1, quant_atual = quant_atual - 1 where id = 452; 
update estoque_total set total = total - 1 where medicamento_id = 452; 

insert into venda values (1324, '2023-05-22 10:56:12', 121.82, 13, null); 
insert into itens_venda values (default, 1324, 492, 492, 2, 7.00, 81.66); 
update estoque set quant_venda = quant_venda + 2, quant_atual = quant_atual - 2 where id = 492; 
update estoque_total set total = total - 2 where medicamento_id = 492; 
insert into itens_venda values (default, 1324, 199, 199, 1, 3.00, 40.16); 
update estoque set quant_venda = quant_venda + 1, quant_atual = quant_atual - 1 where id = 199; 
update estoque_total set total = total - 1 where medicamento_id = 199; 

insert into venda values (1325, '2023-05-22 12:18:32', 140.13, null, null); 
insert into itens_venda values (default, 1325, 368, 368, 3, 0.40, 46.94); 
update estoque set quant_venda = quant_venda + 3, quant_atual = quant_atual - 3 where id = 368; 
update estoque_total set total = total - 3 where medicamento_id = 368; 
insert into itens_venda values (default, 1325, 474, 474, 3, 0.40, 44.18); 
update estoque set quant_venda = quant_venda + 3, quant_atual = quant_atual - 3 where id = 474; 
update estoque_total set total = total - 3 where medicamento_id = 474; 
insert into itens_venda values (default, 1325, 494, 494, 3, 0.40, 49.01); 
update estoque set quant_venda = quant_venda + 3, quant_atual = quant_atual - 3 where id = 494; 
update estoque_total set total = total - 3 where medicamento_id = 494; 

insert into venda values (1326, '2023-05-22 12:42:52', 32.44, 3, null); 
insert into itens_venda values (default, 1326, 402, 402, 2, 1.30, 32.44); 
update estoque set quant_venda = quant_venda + 2, quant_atual = quant_atual - 2 where id = 402; 
update estoque_total set total = total - 2 where medicamento_id = 402; 

insert into venda values (1327, '2023-05-22 14:02:10', 459.71, 9, 24); 
insert into itens_venda values (default, 1327, 489, 489, 1, 2.60, 41.39); 
update estoque set quant_venda = quant_venda + 1, quant_atual = quant_atual - 1 where id = 489; 
update estoque_total set total = total - 1 where medicamento_id = 489; 
insert into itens_venda values (default, 1327, 201, 201, 1, 1.40, 34.34); 
update estoque set quant_venda = quant_venda + 1, quant_atual = quant_atual - 1 where id = 201; 
update estoque_total set total = total - 1 where medicamento_id = 201; 
insert into itens_venda values (default, 1327, 194, 194, 1, 15.90, 383.98); 
update estoque set quant_venda = quant_venda + 1, quant_atual = quant_atual - 1 where id = 194; 
update estoque_total set total = total - 1 where medicamento_id = 194; 

insert into venda values (1328, '2023-05-22 15:24:37', 298.96, null, null); 
insert into itens_venda values (default, 1328, 428, 428, 3, 0.00, 49.92); 
update estoque set quant_venda = quant_venda + 3, quant_atual = quant_atual - 3 where id = 428; 
update estoque_total set total = total - 3 where medicamento_id = 428; 
insert into itens_venda values (default, 1328, 407, 407, 2, 1.30, 138.36); 
update estoque set quant_venda = quant_venda + 2, quant_atual = quant_atual - 2 where id = 407; 
update estoque_total set total = total - 2 where medicamento_id = 407; 
insert into itens_venda values (default, 1328, 318, 318, 2, 1.10, 110.68); 
update estoque set quant_venda = quant_venda + 2, quant_atual = quant_atual - 2 where id = 318; 
update estoque_total set total = total - 2 where medicamento_id = 318; 

insert into venda values (1329, '2023-05-23 08:08:09', 507.23, 16, 22); 
insert into itens_venda values (default, 1329, 307, 307, 1, 12.00, 229.83); 
update estoque set quant_venda = quant_venda + 1, quant_atual = quant_atual - 1 where id = 307; 
update estoque_total set total = total - 1 where medicamento_id = 307; 
insert into itens_venda values (default, 1329, 466, 466, 1, 11.20, 113.68); 
update estoque set quant_venda = quant_venda + 1, quant_atual = quant_atual - 1 where id = 466; 
update estoque_total set total = total - 1 where medicamento_id = 466; 
insert into itens_venda values (default, 1329, 330, 330, 2, 1.60, 163.72); 
update estoque set quant_venda = quant_venda + 2, quant_atual = quant_atual - 2 where id = 330; 
update estoque_total set total = total - 2 where medicamento_id = 330; 

insert into venda values (1330, '2023-05-23 09:26:18', 6.74, 11, null); 
insert into itens_venda values (default, 1330, 503, 503, 2, 0.60, 6.74); 
update estoque set quant_venda = quant_venda + 2, quant_atual = quant_atual - 2 where id = 503; 
update estoque_total set total = total - 2 where medicamento_id = 503; 

insert into venda values (1331, '2023-05-23 09:43:32', 318.76, 19, null); 
insert into itens_venda values (default, 1331, 275, 275, 2, 3.30, 164.14); 
update estoque set quant_venda = quant_venda + 2, quant_atual = quant_atual - 2 where id = 275; 
update estoque_total set total = total - 2 where medicamento_id = 275; 
insert into itens_venda values (default, 1331, 298, 298, 1, 0.00, 105.98); 
update estoque set quant_venda = quant_venda + 1, quant_atual = quant_atual - 1 where id = 298; 
update estoque_total set total = total - 1 where medicamento_id = 298; 
insert into itens_venda values (default, 1331, 393, 393, 2, 0.40, 48.64); 
update estoque set quant_venda = quant_venda + 2, quant_atual = quant_atual - 2 where id = 393; 
update estoque_total set total = total - 2 where medicamento_id = 393; 

insert into venda values (1332, '2023-05-23 11:16:58', 171.65, null, null); 
insert into itens_venda values (default, 1332, 476, 476, 1, 0.70, 23.47); 
update estoque set quant_venda = quant_venda + 1, quant_atual = quant_atual - 1 where id = 476; 
update estoque_total set total = total - 1 where medicamento_id = 476; 
insert into itens_venda values (default, 1332, 444, 444, 2, 3.00, 148.18); 
update estoque set quant_venda = quant_venda + 2, quant_atual = quant_atual - 2 where id = 444; 
update estoque_total set total = total - 2 where medicamento_id = 444; 

insert into venda values (1333, '2023-05-24 06:37:34', 62.30, null, null); 
insert into itens_venda values (default, 1333, 389, 389, 2, 2.50, 62.30); 
update estoque set quant_venda = quant_venda + 2, quant_atual = quant_atual - 2 where id = 389; 
update estoque_total set total = total - 2 where medicamento_id = 389; 

insert into venda values (1334, '2023-05-24 06:43:01', 362.16, null, null); 
insert into itens_venda values (default, 1334, 66, 66, 1, 0.00, 50.22); 
update estoque set quant_venda = quant_venda + 1, quant_atual = quant_atual - 1 where id = 66; 
update estoque_total set total = total - 1 where medicamento_id = 66; 
insert into itens_venda values (default, 1334, 370, 370, 1, 9.40, 227.94); 
update estoque set quant_venda = quant_venda + 1, quant_atual = quant_atual - 1 where id = 370; 
update estoque_total set total = total - 1 where medicamento_id = 370; 
insert into itens_venda values (default, 1334, 470, 470, 1, 3.40, 84.00); 
update estoque set quant_venda = quant_venda + 1, quant_atual = quant_atual - 1 where id = 470; 
update estoque_total set total = total - 1 where medicamento_id = 470; 

insert into venda values (1335, '2023-05-24 07:12:52', 252.77, 13, 25); 
insert into itens_venda values (default, 1335, 357, 357, 1, 0.00, 61.88); 
update estoque set quant_venda = quant_venda + 1, quant_atual = quant_atual - 1 where id = 357; 
update estoque_total set total = total - 1 where medicamento_id = 357; 
insert into itens_venda values (default, 1335, 439, 439, 2, 7.30, 74.64); 
update estoque set quant_venda = quant_venda + 2, quant_atual = quant_atual - 2 where id = 439; 
update estoque_total set total = total - 2 where medicamento_id = 439; 
insert into itens_venda values (default, 1335, 333, 333, 1, 4.80, 116.25); 
update estoque set quant_venda = quant_venda + 1, quant_atual = quant_atual - 1 where id = 333; 
update estoque_total set total = total - 1 where medicamento_id = 333; 

insert into venda values (1336, '2023-05-24 09:36:11', 146.59, null, null); 
insert into itens_venda values (default, 1336, 302, 302, 1, 0.00, 13.73); 
update estoque set quant_venda = quant_venda + 1, quant_atual = quant_atual - 1 where id = 302; 
update estoque_total set total = total - 1 where medicamento_id = 302; 
insert into itens_venda values (default, 1336, 383, 383, 2, 3.10, 100.72); 
update estoque set quant_venda = quant_venda + 2, quant_atual = quant_atual - 2 where id = 383; 
update estoque_total set total = total - 2 where medicamento_id = 383; 
insert into itens_venda values (default, 1336, 484, 484, 2, 0.90, 32.14); 
update estoque set quant_venda = quant_venda + 2, quant_atual = quant_atual - 2 where id = 484; 
update estoque_total set total = total - 2 where medicamento_id = 484; 

insert into venda values (1337, '2023-05-24 10:01:54', 333.91, null, null); 
insert into itens_venda values (default, 1337, 352, 352, 2, 2.10, 51.78); 
update estoque set quant_venda = quant_venda + 2, quant_atual = quant_atual - 2 where id = 352; 
update estoque_total set total = total - 2 where medicamento_id = 352; 
insert into itens_venda values (default, 1337, 489, 489, 2, 0.00, 87.98); 
update estoque set quant_venda = quant_venda + 2, quant_atual = quant_atual - 2 where id = 489; 
update estoque_total set total = total - 2 where medicamento_id = 489; 
insert into itens_venda values (default, 1337, 239, 239, 1, 0.00, 194.15); 
update estoque set quant_venda = quant_venda + 1, quant_atual = quant_atual - 1 where id = 239; 
update estoque_total set total = total - 1 where medicamento_id = 239; 

insert into venda values (1338, '2023-05-24 12:19:19', 308.65, null, null); 
insert into itens_venda values (default, 1338, 311, 311, 2, 1.20, 29.22); 
update estoque set quant_venda = quant_venda + 2, quant_atual = quant_atual - 2 where id = 311; 
update estoque_total set total = total - 2 where medicamento_id = 311; 
insert into itens_venda values (default, 1338, 489, 489, 2, 0.80, 87.18); 
update estoque set quant_venda = quant_venda + 2, quant_atual = quant_atual - 2 where id = 489; 
update estoque_total set total = total - 2 where medicamento_id = 489; 
insert into itens_venda values (default, 1338, 239, 239, 1, 1.90, 192.25); 
update estoque set quant_venda = quant_venda + 1, quant_atual = quant_atual - 1 where id = 239; 
update estoque_total set total = total - 1 where medicamento_id = 239; 

insert into venda values (1339, '2023-05-25 06:18:26', 141.54, null, null); 
insert into itens_venda values (default, 1339, 411, 411, 2, 2.80, 141.54); 
update estoque set quant_venda = quant_venda + 2, quant_atual = quant_atual - 2 where id = 411; 
update estoque_total set total = total - 2 where medicamento_id = 411; 

insert into venda values (1340, '2023-05-25 07:30:42', 42.26, null, null); 
insert into itens_venda values (default, 1340, 341, 341, 3, 1.30, 42.26); 
update estoque set quant_venda = quant_venda + 3, quant_atual = quant_atual - 3 where id = 341; 
update estoque_total set total = total - 3 where medicamento_id = 341; 

insert into venda values (1341, '2023-05-25 08:52:29', 28.22, null, null); 
insert into itens_venda values (default, 1341, 238, 238, 2, 0.20, 28.22); 
update estoque set quant_venda = quant_venda + 2, quant_atual = quant_atual - 2 where id = 238; 
update estoque_total set total = total - 2 where medicamento_id = 238; 

insert into venda values (1342, '2023-05-25 10:13:50', 87.51, null, null); 
insert into itens_venda values (default, 1342, 218, 218, 1, 0.00, 23.38); 
update estoque set quant_venda = quant_venda + 1, quant_atual = quant_atual - 1 where id = 218; 
update estoque_total set total = total - 1 where medicamento_id = 218; 
insert into itens_venda values (default, 1342, 502, 502, 3, 1.30, 64.13); 
update estoque set quant_venda = quant_venda + 3, quant_atual = quant_atual - 3 where id = 502; 
update estoque_total set total = total - 3 where medicamento_id = 502; 

insert into venda values (1343, '2023-05-25 10:43:00', 234.81, null, 25); 
insert into itens_venda values (default, 1343, 121, 121, 1, 0.60, 66.32); 
update estoque set quant_venda = quant_venda + 1, quant_atual = quant_atual - 1 where id = 121; 
update estoque_total set total = total - 1 where medicamento_id = 121; 
insert into itens_venda values (default, 1343, 466, 466, 1, 2.40, 122.48); 
update estoque set quant_venda = quant_venda + 1, quant_atual = quant_atual - 1 where id = 466; 
update estoque_total set total = total - 1 where medicamento_id = 466; 
insert into itens_venda values (default, 1343, 500, 500, 3, 1.90, 46.01); 
update estoque set quant_venda = quant_venda + 3, quant_atual = quant_atual - 3 where id = 500; 
update estoque_total set total = total - 3 where medicamento_id = 500; 

insert into venda values (1344, '2023-05-25 11:55:26', 289.08, null, 25); 
insert into itens_venda values (default, 1344, 411, 411, 2, 1.40, 142.94); 
update estoque set quant_venda = quant_venda + 2, quant_atual = quant_atual - 2 where id = 411; 
update estoque_total set total = total - 2 where medicamento_id = 411; 
insert into itens_venda values (default, 1344, 260, 260, 2, 6.00, 146.14); 
update estoque set quant_venda = quant_venda + 2, quant_atual = quant_atual - 2 where id = 260; 
update estoque_total set total = total - 2 where medicamento_id = 260; 

insert into venda values (1345, '2023-05-25 12:13:35', 6.80, 16, null); 
insert into itens_venda values (default, 1345, 406, 406, 1, 0.40, 6.80); 
update estoque set quant_venda = quant_venda + 1, quant_atual = quant_atual - 1 where id = 406; 
update estoque_total set total = total - 1 where medicamento_id = 406; 

insert into venda values (1346, '2023-05-25 13:01:27', 87.42, 17, null); 
insert into itens_venda values (default, 1346, 403, 403, 2, 0.00, 49.82); 
update estoque set quant_venda = quant_venda + 2, quant_atual = quant_atual - 2 where id = 403; 
update estoque_total set total = total - 2 where medicamento_id = 403; 
insert into itens_venda values (default, 1346, 497, 497, 1, 0.00, 37.60); 
update estoque set quant_venda = quant_venda + 1, quant_atual = quant_atual - 1 where id = 497; 
update estoque_total set total = total - 1 where medicamento_id = 497; 

insert into venda values (1347, '2023-05-27 06:14:18', 30.52, 17, null); 
insert into itens_venda values (default, 1347, 303, 303, 1, 0.30, 30.52); 
update estoque set quant_venda = quant_venda + 1, quant_atual = quant_atual - 1 where id = 303; 
update estoque_total set total = total - 1 where medicamento_id = 303; 

insert into venda values (1348, '2023-05-27 06:28:59', 164.42, null, null); 
insert into itens_venda values (default, 1348, 436, 436, 2, 0.00, 131.48); 
update estoque set quant_venda = quant_venda + 2, quant_atual = quant_atual - 2 where id = 436; 
update estoque_total set total = total - 2 where medicamento_id = 436; 
insert into itens_venda values (default, 1348, 494, 494, 2, 0.00, 32.94); 
update estoque set quant_venda = quant_venda + 2, quant_atual = quant_atual - 2 where id = 494; 
update estoque_total set total = total - 2 where medicamento_id = 494; 

insert into venda values (1349, '2023-05-27 07:42:30', 108.52, null, null); 
insert into itens_venda values (default, 1349, 281, 281, 1, 2.20, 54.89); 
update estoque set quant_venda = quant_venda + 1, quant_atual = quant_atual - 1 where id = 281; 
update estoque_total set total = total - 1 where medicamento_id = 281; 
insert into itens_venda values (default, 1349, 462, 462, 2, 0.00, 37.86); 
update estoque set quant_venda = quant_venda + 2, quant_atual = quant_atual - 2 where id = 462; 
update estoque_total set total = total - 2 where medicamento_id = 462; 
insert into itens_venda values (default, 1349, 482, 482, 1, 0.60, 15.77); 
update estoque set quant_venda = quant_venda + 1, quant_atual = quant_atual - 1 where id = 482; 
update estoque_total set total = total - 1 where medicamento_id = 482; 

insert into venda values (1350, '2023-05-27 07:49:04', 159.04, null, 22); 
insert into itens_venda values (default, 1350, 90, 90, 1, 0.00, 18.72); 
update estoque set quant_venda = quant_venda + 1, quant_atual = quant_atual - 1 where id = 90; 
update estoque_total set total = total - 1 where medicamento_id = 90; 
insert into itens_venda values (default, 1350, 354, 354, 2, 5.80, 140.32); 
update estoque set quant_venda = quant_venda + 2, quant_atual = quant_atual - 2 where id = 354; 
update estoque_total set total = total - 2 where medicamento_id = 354; 

insert into venda values (1351, '2023-05-27 08:12:05', 134.25, null, 25); 
insert into itens_venda values (default, 1351, 503, 503, 3, 0.20, 10.81); 
update estoque set quant_venda = quant_venda + 3, quant_atual = quant_atual - 3 where id = 503; 
update estoque_total set total = total - 3 where medicamento_id = 503; 
insert into itens_venda values (default, 1351, 310, 310, 1, 0.00, 123.44); 
update estoque set quant_venda = quant_venda + 1, quant_atual = quant_atual - 1 where id = 310; 
update estoque_total set total = total - 1 where medicamento_id = 310; 

insert into venda values (1352, '2023-05-27 08:46:41', 148.32, 14, null); 
insert into itens_venda values (default, 1352, 255, 255, 1, 2.00, 48.72); 
update estoque set quant_venda = quant_venda + 1, quant_atual = quant_atual - 1 where id = 255; 
update estoque_total set total = total - 1 where medicamento_id = 255; 
insert into itens_venda values (default, 1352, 399, 399, 2, 4.10, 99.60); 
update estoque set quant_venda = quant_venda + 2, quant_atual = quant_atual - 2 where id = 399; 
update estoque_total set total = total - 2 where medicamento_id = 399; 

insert into venda values (1353, '2023-05-27 09:43:27', 99.96, null, null); 
insert into itens_venda values (default, 1353, 490, 490, 2, 4.10, 99.96); 
update estoque set quant_venda = quant_venda + 2, quant_atual = quant_atual - 2 where id = 490; 
update estoque_total set total = total - 2 where medicamento_id = 490; 

insert into venda values (1354, '2023-05-27 11:05:37', 80.68, null, null); 
insert into itens_venda values (default, 1354, 313, 313, 2, 2.40, 80.68); 
update estoque set quant_venda = quant_venda + 2, quant_atual = quant_atual - 2 where id = 313; 
update estoque_total set total = total - 2 where medicamento_id = 313; 

insert into venda values (1355, '2023-05-27 11:26:04', 260.78, 15, null); 
insert into itens_venda values (default, 1355, 459, 459, 2, 1.30, 66.54); 
update estoque set quant_venda = quant_venda + 2, quant_atual = quant_atual - 2 where id = 459; 
update estoque_total set total = total - 2 where medicamento_id = 459; 
insert into itens_venda values (default, 1355, 405, 405, 2, 0.00, 72.02); 
update estoque set quant_venda = quant_venda + 2, quant_atual = quant_atual - 2 where id = 405; 
update estoque_total set total = total - 2 where medicamento_id = 405; 
insert into itens_venda values (default, 1355, 287, 287, 2, 3.70, 122.22); 
update estoque set quant_venda = quant_venda + 2, quant_atual = quant_atual - 2 where id = 287; 
update estoque_total set total = total - 2 where medicamento_id = 287; 

insert into venda values (1356, '2023-05-27 12:30:14', 16.47, 20, null); 
insert into itens_venda values (default, 1356, 494, 494, 1, 0.00, 16.47); 
update estoque set quant_venda = quant_venda + 1, quant_atual = quant_atual - 1 where id = 494; 
update estoque_total set total = total - 1 where medicamento_id = 494; 

insert into venda values (1357, '2023-05-27 13:21:51', 271.44, null, null); 
insert into itens_venda values (default, 1357, 146, 146, 1, 0.00, 162.58); 
update estoque set quant_venda = quant_venda + 1, quant_atual = quant_atual - 1 where id = 146; 
update estoque_total set total = total - 1 where medicamento_id = 146; 
insert into itens_venda values (default, 1357, 488, 488, 1, 0.90, 48.33); 
update estoque set quant_venda = quant_venda + 1, quant_atual = quant_atual - 1 where id = 488; 
update estoque_total set total = total - 1 where medicamento_id = 488; 
insert into itens_venda values (default, 1357, 467, 467, 1, 1.80, 60.53); 
update estoque set quant_venda = quant_venda + 1, quant_atual = quant_atual - 1 where id = 467; 
update estoque_total set total = total - 1 where medicamento_id = 467; 

insert into venda values (1358, '2023-05-28 06:59:28', 45.08, 11, null); 
insert into itens_venda values (default, 1358, 469, 469, 1, 2.80, 45.08); 
update estoque set quant_venda = quant_venda + 1, quant_atual = quant_atual - 1 where id = 469; 
update estoque_total set total = total - 1 where medicamento_id = 469; 

insert into venda values (1359, '2023-05-29 08:43:49', 92.11, null, null); 
insert into itens_venda values (default, 1359, 440, 440, 1, 0.00, 39.41); 
update estoque set quant_venda = quant_venda + 1, quant_atual = quant_atual - 1 where id = 440; 
update estoque_total set total = total - 1 where medicamento_id = 440; 
insert into itens_venda values (default, 1359, 433, 433, 2, 1.60, 52.70); 
update estoque set quant_venda = quant_venda + 2, quant_atual = quant_atual - 2 where id = 433; 
update estoque_total set total = total - 2 where medicamento_id = 433; 

insert into venda values (1360, '2023-05-29 11:00:11', 332.16, null, 23); 
insert into itens_venda values (default, 1360, 482, 482, 3, 0.40, 48.71); 
update estoque set quant_venda = quant_venda + 3, quant_atual = quant_atual - 3 where id = 482; 
update estoque_total set total = total - 3 where medicamento_id = 482; 
insert into itens_venda values (default, 1360, 91, 91, 1, 0.00, 254.13); 
update estoque set quant_venda = quant_venda + 1, quant_atual = quant_atual - 1 where id = 91; 
update estoque_total set total = total - 1 where medicamento_id = 91; 
insert into itens_venda values (default, 1360, 472, 472, 1, 0.00, 29.32); 
update estoque set quant_venda = quant_venda + 1, quant_atual = quant_atual - 1 where id = 472; 
update estoque_total set total = total - 1 where medicamento_id = 472; 

insert into venda values (1361, '2023-05-29 12:45:13', 64.16, null, null); 
insert into itens_venda values (default, 1361, 450, 450, 3, 1.90, 64.16); 
update estoque set quant_venda = quant_venda + 3, quant_atual = quant_atual - 3 where id = 450; 
update estoque_total set total = total - 3 where medicamento_id = 450; 

insert into venda values (1362, '2023-05-29 13:05:23', 31.38, null, null); 
insert into itens_venda values (default, 1362, 423, 423, 2, 0.60, 31.38); 
update estoque set quant_venda = quant_venda + 2, quant_atual = quant_atual - 2 where id = 423; 
update estoque_total set total = total - 2 where medicamento_id = 423; 

insert into venda values (1363, '2023-05-30 06:42:21', 91.26, null, 23); 
insert into itens_venda values (default, 1363, 136, 136, 2, 0.90, 91.26); 
update estoque set quant_venda = quant_venda + 2, quant_atual = quant_atual - 2 where id = 136; 
update estoque_total set total = total - 2 where medicamento_id = 136; 

insert into venda values (1364, '2023-05-30 08:55:46', 302.68, null, 25); 
insert into itens_venda values (default, 1364, 466, 466, 1, 1.20, 123.68); 
update estoque set quant_venda = quant_venda + 1, quant_atual = quant_atual - 1 where id = 466; 
update estoque_total set total = total - 1 where medicamento_id = 466; 
insert into itens_venda values (default, 1364, 317, 317, 2, 1.80, 179.00); 
update estoque set quant_venda = quant_venda + 2, quant_atual = quant_atual - 2 where id = 317; 
update estoque_total set total = total - 2 where medicamento_id = 317; 

insert into venda values (1365, '2023-05-31 08:14:30', 196.20, 3, 24); 
insert into itens_venda values (default, 1365, 367, 367, 2, 5.80, 189.24); 
update estoque set quant_venda = quant_venda + 2, quant_atual = quant_atual - 2 where id = 367; 
update estoque_total set total = total - 2 where medicamento_id = 367; 
insert into itens_venda values (default, 1365, 493, 493, 1, 0.60, 6.96); 
update estoque set quant_venda = quant_venda + 1, quant_atual = quant_atual - 1 where id = 493; 
update estoque_total set total = total - 1 where medicamento_id = 493; 

insert into venda values (1366, '2023-05-31 09:13:35', 104.22, 14, null); 
insert into itens_venda values (default, 1366, 392, 392, 1, 0.60, 13.36); 
update estoque set quant_venda = quant_venda + 1, quant_atual = quant_atual - 1 where id = 392; 
update estoque_total set total = total - 1 where medicamento_id = 392; 
insert into itens_venda values (default, 1366, 377, 377, 2, 1.60, 31.86); 
update estoque set quant_venda = quant_venda + 2, quant_atual = quant_atual - 2 where id = 377; 
update estoque_total set total = total - 2 where medicamento_id = 377; 
insert into itens_venda values (default, 1366, 389, 389, 2, 5.80, 59.00); 
update estoque set quant_venda = quant_venda + 2, quant_atual = quant_atual - 2 where id = 389; 
update estoque_total set total = total - 2 where medicamento_id = 389; 

insert into venda values (1367, '2023-05-31 09:23:23', 76.95, null, null); 
insert into itens_venda values (default, 1367, 232, 232, 1, 0.70, 76.95); 
update estoque set quant_venda = quant_venda + 1, quant_atual = quant_atual - 1 where id = 232; 
update estoque_total set total = total - 1 where medicamento_id = 232; 

insert into venda values (1368, '2023-05-31 10:49:19', 302.98, null, null); 
insert into itens_venda values (default, 1368, 476, 476, 2, 1.40, 46.94); 
update estoque set quant_venda = quant_venda + 2, quant_atual = quant_atual - 2 where id = 476; 
update estoque_total set total = total - 2 where medicamento_id = 476; 
insert into itens_venda values (default, 1368, 429, 429, 1, 0.90, 23.81); 
update estoque set quant_venda = quant_venda + 1, quant_atual = quant_atual - 1 where id = 429; 
update estoque_total set total = total - 1 where medicamento_id = 429; 
insert into itens_venda values (default, 1368, 307, 307, 1, 9.60, 232.23); 
update estoque set quant_venda = quant_venda + 1, quant_atual = quant_atual - 1 where id = 307; 
update estoque_total set total = total - 1 where medicamento_id = 307; 

insert into venda values (1369, '2023-05-31 11:52:07', 67.67, null, null); 
insert into itens_venda values (default, 1369, 455, 455, 1, 2.00, 48.17); 
update estoque set quant_venda = quant_venda + 1, quant_atual = quant_atual - 1 where id = 455; 
update estoque_total set total = total - 1 where medicamento_id = 455; 
insert into itens_venda values (default, 1369, 475, 475, 1, 0.60, 19.50); 
update estoque set quant_venda = quant_venda + 1, quant_atual = quant_atual - 1 where id = 475; 
update estoque_total set total = total - 1 where medicamento_id = 475; 

insert into venda values (1370, '2023-05-31 12:32:24', 219.03, null, null); 
insert into itens_venda values (default, 1370, 407, 407, 1, 0.60, 69.23); 
update estoque set quant_venda = quant_venda + 1, quant_atual = quant_atual - 1 where id = 407; 
update estoque_total set total = total - 1 where medicamento_id = 407; 
insert into itens_venda values (default, 1370, 425, 425, 1, 0.30, 35.90); 
update estoque set quant_venda = quant_venda + 1, quant_atual = quant_atual - 1 where id = 425; 
update estoque_total set total = total - 1 where medicamento_id = 425; 
insert into itens_venda values (default, 1370, 158, 158, 1, 4.70, 113.90); 
update estoque set quant_venda = quant_venda + 1, quant_atual = quant_atual - 1 where id = 158; 
update estoque_total set total = total - 1 where medicamento_id = 158; 

insert into venda values (1371, '2023-06-01 07:06:35', 148.32, null, 22); 
insert into itens_venda values (default, 1371, 443, 443, 1, 0.20, 23.20); 
update estoque set quant_venda = quant_venda + 1, quant_atual = quant_atual - 1 where id = 443; 
update estoque_total set total = total - 1 where medicamento_id = 443; 
insert into itens_venda values (default, 1371, 64, 64, 1, 2.50, 125.12); 
update estoque set quant_venda = quant_venda + 1, quant_atual = quant_atual - 1 where id = 64; 
update estoque_total set total = total - 1 where medicamento_id = 64; 

insert into venda values (1372, '2023-06-01 08:28:49', 213.05, 5, null); 
insert into itens_venda values (default, 1372, 98, 98, 1, 21.00, 213.05); 
update estoque set quant_venda = quant_venda + 1, quant_atual = quant_atual - 1 where id = 98; 
update estoque_total set total = total - 1 where medicamento_id = 98; 

insert into venda values (1373, '2023-06-01 08:30:02', 159.82, null, null); 
insert into itens_venda values (default, 1373, 467, 467, 2, 2.40, 122.26); 
update estoque set quant_venda = quant_venda + 2, quant_atual = quant_atual - 2 where id = 467; 
update estoque_total set total = total - 2 where medicamento_id = 467; 
insert into itens_venda values (default, 1373, 462, 462, 2, 0.30, 37.56); 
update estoque set quant_venda = quant_venda + 2, quant_atual = quant_atual - 2 where id = 462; 
update estoque_total set total = total - 2 where medicamento_id = 462; 

insert into venda values (1374, '2023-06-01 08:59:44', 111.32, 5, null); 
insert into itens_venda values (default, 1374, 465, 465, 1, 10.90, 111.32); 
update estoque set quant_venda = quant_venda + 1, quant_atual = quant_atual - 1 where id = 465; 
update estoque_total set total = total - 1 where medicamento_id = 465; 

insert into venda values (1375, '2023-06-01 10:02:47', 120.72, 5, null); 
insert into itens_venda values (default, 1375, 492, 492, 2, 1.70, 86.96); 
update estoque set quant_venda = quant_venda + 2, quant_atual = quant_atual - 2 where id = 492; 
update estoque_total set total = total - 2 where medicamento_id = 492; 
insert into itens_venda values (default, 1375, 426, 426, 1, 2.50, 33.76); 
update estoque set quant_venda = quant_venda + 1, quant_atual = quant_atual - 1 where id = 426; 
update estoque_total set total = total - 1 where medicamento_id = 426; 

insert into venda values (1376, '2023-06-01 10:54:12', 3.67, null, null); 
insert into itens_venda values (default, 1376, 503, 503, 1, 0.00, 3.67); 
update estoque set quant_venda = quant_venda + 1, quant_atual = quant_atual - 1 where id = 503; 
update estoque_total set total = total - 1 where medicamento_id = 503; 

insert into venda values (1377, '2023-06-01 12:10:13', 51.67, null, 22); 
insert into itens_venda values (default, 1377, 308, 308, 1, 1.50, 51.67); 
update estoque set quant_venda = quant_venda + 1, quant_atual = quant_atual - 1 where id = 308; 
update estoque_total set total = total - 1 where medicamento_id = 308; 

insert into venda values (1378, '2023-06-01 12:10:39', 110.03, 6, null); 
insert into itens_venda values (default, 1378, 387, 387, 1, 3.90, 61.20); 
update estoque set quant_venda = quant_venda + 1, quant_atual = quant_atual - 1 where id = 387; 
update estoque_total set total = total - 1 where medicamento_id = 387; 
insert into itens_venda values (default, 1378, 488, 488, 1, 0.40, 48.83); 
update estoque set quant_venda = quant_venda + 1, quant_atual = quant_atual - 1 where id = 488; 
update estoque_total set total = total - 1 where medicamento_id = 488; 

insert into venda values (1379, '2023-06-01 12:33:05', 125.52, null, null); 
insert into itens_venda values (default, 1379, 343, 343, 2, 2.50, 60.38); 
update estoque set quant_venda = quant_venda + 2, quant_atual = quant_atual - 2 where id = 343; 
update estoque_total set total = total - 2 where medicamento_id = 343; 
insert into itens_venda values (default, 1379, 459, 459, 2, 2.70, 65.14); 
update estoque set quant_venda = quant_venda + 2, quant_atual = quant_atual - 2 where id = 459; 
update estoque_total set total = total - 2 where medicamento_id = 459; 

insert into venda values (1380, '2023-06-02 06:36:51', 231.96, null, null); 
insert into itens_venda values (default, 1380, 483, 483, 2, 2.00, 98.42); 
update estoque set quant_venda = quant_venda + 2, quant_atual = quant_atual - 2 where id = 483; 
update estoque_total set total = total - 2 where medicamento_id = 483; 
insert into itens_venda values (default, 1380, 420, 420, 2, 0.00, 133.54); 
update estoque set quant_venda = quant_venda + 2, quant_atual = quant_atual - 2 where id = 420; 
update estoque_total set total = total - 2 where medicamento_id = 420; 

insert into venda values (1381, '2023-06-02 07:45:52', 76.62, null, null); 
insert into itens_venda values (default, 1381, 390, 390, 2, 0.00, 76.62); 
update estoque set quant_venda = quant_venda + 2, quant_atual = quant_atual - 2 where id = 390; 
update estoque_total set total = total - 2 where medicamento_id = 390; 

insert into venda values (1382, '2023-06-02 08:11:32', 218.72, null, 22); 
insert into itens_venda values (default, 1382, 339, 339, 2, 0.00, 64.36); 
update estoque set quant_venda = quant_venda + 2, quant_atual = quant_atual - 2 where id = 339; 
update estoque_total set total = total - 2 where medicamento_id = 339; 
insert into itens_venda values (default, 1382, 252, 252, 1, 0.00, 28.06); 
update estoque set quant_venda = quant_venda + 1, quant_atual = quant_atual - 1 where id = 252; 
update estoque_total set total = total - 1 where medicamento_id = 252; 
insert into itens_venda values (default, 1382, 387, 387, 2, 3.90, 126.30); 
update estoque set quant_venda = quant_venda + 2, quant_atual = quant_atual - 2 where id = 387; 
update estoque_total set total = total - 2 where medicamento_id = 387; 

insert into venda values (1383, '2023-06-02 09:04:11', 187.58, null, 24); 
insert into itens_venda values (default, 1383, 338, 338, 2, 5.80, 187.58); 
update estoque set quant_venda = quant_venda + 2, quant_atual = quant_atual - 2 where id = 338; 
update estoque_total set total = total - 2 where medicamento_id = 338; 

insert into venda values (1384, '2023-06-02 10:25:21', 53.17, null, null); 
insert into itens_venda values (default, 1384, 471, 471, 3, 0.50, 53.17); 
update estoque set quant_venda = quant_venda + 3, quant_atual = quant_atual - 3 where id = 471; 
update estoque_total set total = total - 3 where medicamento_id = 471; 

insert into venda values (1385, '2023-06-02 10:44:59', 205.88, 8, null); 
insert into itens_venda values (default, 1385, 455, 455, 2, 3.00, 97.34); 
update estoque set quant_venda = quant_venda + 2, quant_atual = quant_atual - 2 where id = 455; 
update estoque_total set total = total - 2 where medicamento_id = 455; 
insert into itens_venda values (default, 1385, 484, 484, 1, 1.40, 15.12); 
update estoque set quant_venda = quant_venda + 1, quant_atual = quant_atual - 1 where id = 484; 
update estoque_total set total = total - 1 where medicamento_id = 484; 
insert into itens_venda values (default, 1385, 473, 473, 2, 4.90, 93.42); 
update estoque set quant_venda = quant_venda + 2, quant_atual = quant_atual - 2 where id = 473; 
update estoque_total set total = total - 2 where medicamento_id = 473; 

insert into venda values (1386, '2023-06-02 11:24:40', 137.53, 11, null); 
insert into itens_venda values (default, 1386, 371, 371, 1, 0.00, 137.53); 
update estoque set quant_venda = quant_venda + 1, quant_atual = quant_atual - 1 where id = 371; 
update estoque_total set total = total - 1 where medicamento_id = 371; 

insert into venda values (1387, '2023-06-02 12:17:41', 267.10, null, 22); 
insert into itens_venda values (default, 1387, 300, 300, 1, 5.00, 245.00); 
update estoque set quant_venda = quant_venda + 1, quant_atual = quant_atual - 1 where id = 300; 
update estoque_total set total = total - 1 where medicamento_id = 300; 
insert into itens_venda values (default, 1387, 217, 217, 2, 0.00, 22.10); 
update estoque set quant_venda = quant_venda + 2, quant_atual = quant_atual - 2 where id = 217; 
update estoque_total set total = total - 2 where medicamento_id = 217; 

insert into venda values (1388, '2023-06-02 12:58:58', 183.45, null, null); 
insert into itens_venda values (default, 1388, 503, 503, 3, 0.20, 10.81); 
update estoque set quant_venda = quant_venda + 3, quant_atual = quant_atual - 3 where id = 503; 
update estoque_total set total = total - 3 where medicamento_id = 503; 
insert into itens_venda values (default, 1388, 298, 298, 1, 4.20, 101.78); 
update estoque set quant_venda = quant_venda + 1, quant_atual = quant_atual - 1 where id = 298; 
update estoque_total set total = total - 1 where medicamento_id = 298; 
insert into itens_venda values (default, 1388, 498, 498, 2, 0.00, 70.86); 
update estoque set quant_venda = quant_venda + 2, quant_atual = quant_atual - 2 where id = 498; 
update estoque_total set total = total - 2 where medicamento_id = 498; 

insert into venda values (1389, '2023-06-02 13:37:10', 225.04, null, null); 
insert into itens_venda values (default, 1389, 475, 475, 3, 2.40, 57.90); 
update estoque set quant_venda = quant_venda + 3, quant_atual = quant_atual - 3 where id = 475; 
update estoque_total set total = total - 3 where medicamento_id = 475; 
insert into itens_venda values (default, 1389, 180, 180, 1, 5.10, 167.14); 
update estoque set quant_venda = quant_venda + 1, quant_atual = quant_atual - 1 where id = 180; 
update estoque_total set total = total - 1 where medicamento_id = 180; 

insert into venda values (1390, '2023-06-02 13:51:52', 545.10, null, 25); 
insert into itens_venda values (default, 1390, 468, 468, 2, 2.30, 116.64); 
update estoque set quant_venda = quant_venda + 2, quant_atual = quant_atual - 2 where id = 468; 
update estoque_total set total = total - 2 where medicamento_id = 468; 
insert into itens_venda values (default, 1390, 431, 431, 3, 1.30, 32.48); 
update estoque set quant_venda = quant_venda + 3, quant_atual = quant_atual - 3 where id = 431; 
update estoque_total set total = total - 3 where medicamento_id = 431; 
insert into itens_venda values (default, 1390, 194, 194, 1, 3.90, 395.98); 
update estoque set quant_venda = quant_venda + 1, quant_atual = quant_atual - 1 where id = 194; 
update estoque_total set total = total - 1 where medicamento_id = 194; 

insert into venda values (1391, '2023-06-03 08:10:06', 340.50, null, null); 
insert into itens_venda values (default, 1391, 257, 257, 1, 3.40, 340.50); 
update estoque set quant_venda = quant_venda + 1, quant_atual = quant_atual - 1 where id = 257; 
update estoque_total set total = total - 1 where medicamento_id = 257; 

insert into venda values (1392, '2023-06-04 06:32:16', 95.14, 14, null); 
insert into itens_venda values (default, 1392, 324, 324, 1, 1.70, 17.82); 
update estoque set quant_venda = quant_venda + 1, quant_atual = quant_atual - 1 where id = 324; 
update estoque_total set total = total - 1 where medicamento_id = 324; 
insert into itens_venda values (default, 1392, 440, 440, 2, 1.50, 77.32); 
update estoque set quant_venda = quant_venda + 2, quant_atual = quant_atual - 2 where id = 440; 
update estoque_total set total = total - 2 where medicamento_id = 440; 

insert into venda values (1393, '2023-06-04 07:25:03', 207.10, null, null); 
insert into itens_venda values (default, 1393, 335, 335, 2, 1.50, 49.54); 
update estoque set quant_venda = quant_venda + 2, quant_atual = quant_atual - 2 where id = 335; 
update estoque_total set total = total - 2 where medicamento_id = 335; 
insert into itens_venda values (default, 1393, 79, 79, 1, 0.00, 126.01); 
update estoque set quant_venda = quant_venda + 1, quant_atual = quant_atual - 1 where id = 79; 
update estoque_total set total = total - 1 where medicamento_id = 79; 
insert into itens_venda values (default, 1393, 464, 464, 1, 0.90, 31.55); 
update estoque set quant_venda = quant_venda + 1, quant_atual = quant_atual - 1 where id = 464; 
update estoque_total set total = total - 1 where medicamento_id = 464; 

insert into venda values (1394, '2023-06-04 08:21:59', 139.83, null, null); 
insert into itens_venda values (default, 1394, 237, 237, 1, 0.00, 135.23); 
update estoque set quant_venda = quant_venda + 1, quant_atual = quant_atual - 1 where id = 237; 
update estoque_total set total = total - 1 where medicamento_id = 237; 
insert into itens_venda values (default, 1394, 432, 432, 1, 0.10, 4.60); 
update estoque set quant_venda = quant_venda + 1, quant_atual = quant_atual - 1 where id = 432; 
update estoque_total set total = total - 1 where medicamento_id = 432; 

insert into venda values (1395, '2023-06-04 09:17:37', 119.04, null, null); 
insert into itens_venda values (default, 1395, 406, 406, 2, 0.50, 13.90); 
update estoque set quant_venda = quant_venda + 2, quant_atual = quant_atual - 2 where id = 406; 
update estoque_total set total = total - 2 where medicamento_id = 406; 
insert into itens_venda values (default, 1395, 235, 235, 2, 2.10, 105.14); 
update estoque set quant_venda = quant_venda + 2, quant_atual = quant_atual - 2 where id = 235; 
update estoque_total set total = total - 2 where medicamento_id = 235; 

insert into venda values (1396, '2023-06-04 10:24:31', 269.40, null, null); 
insert into itens_venda values (default, 1396, 337, 337, 2, 0.90, 89.32); 
update estoque set quant_venda = quant_venda + 2, quant_atual = quant_atual - 2 where id = 337; 
update estoque_total set total = total - 2 where medicamento_id = 337; 
insert into itens_venda values (default, 1396, 124, 124, 2, 5.50, 180.08); 
update estoque set quant_venda = quant_venda + 2, quant_atual = quant_atual - 2 where id = 124; 
update estoque_total set total = total - 2 where medicamento_id = 124; 

insert into venda values (1397, '2023-06-04 10:44:21', 292.64, null, null); 
insert into itens_venda values (default, 1397, 395, 395, 2, 3.30, 79.24); 
update estoque set quant_venda = quant_venda + 2, quant_atual = quant_atual - 2 where id = 395; 
update estoque_total set total = total - 2 where medicamento_id = 395; 
insert into itens_venda values (default, 1397, 316, 316, 1, 3.50, 176.00); 
update estoque set quant_venda = quant_venda + 1, quant_atual = quant_atual - 1 where id = 316; 
update estoque_total set total = total - 1 where medicamento_id = 316; 
insert into itens_venda values (default, 1397, 414, 414, 1, 1.10, 37.40); 
update estoque set quant_venda = quant_venda + 1, quant_atual = quant_atual - 1 where id = 414; 
update estoque_total set total = total - 1 where medicamento_id = 414; 

insert into venda values (1398, '2023-06-04 11:20:53', 55.06, null, 25); 
insert into itens_venda values (default, 1398, 90, 90, 3, 1.10, 55.06); 
update estoque set quant_venda = quant_venda + 3, quant_atual = quant_atual - 3 where id = 90; 
update estoque_total set total = total - 3 where medicamento_id = 90; 

insert into venda values (1399, '2023-06-04 12:29:15', 198.89, 8, 25); 
insert into itens_venda values (default, 1399, 276, 276, 2, 2.80, 69.40); 
update estoque set quant_venda = quant_venda + 2, quant_atual = quant_atual - 2 where id = 276; 
update estoque_total set total = total - 2 where medicamento_id = 276; 
insert into itens_venda values (default, 1399, 127, 127, 1, 0.90, 44.67); 
update estoque set quant_venda = quant_venda + 1, quant_atual = quant_atual - 1 where id = 127; 
update estoque_total set total = total - 1 where medicamento_id = 127; 
insert into itens_venda values (default, 1399, 337, 337, 2, 5.40, 84.82); 
update estoque set quant_venda = quant_venda + 2, quant_atual = quant_atual - 2 where id = 337; 
update estoque_total set total = total - 2 where medicamento_id = 337; 

insert into venda values (1400, '2023-06-04 13:01:54', 249.84, null, null); 
insert into itens_venda values (default, 1400, 302, 302, 3, 0.40, 40.79); 
update estoque set quant_venda = quant_venda + 3, quant_atual = quant_atual - 3 where id = 302; 
update estoque_total set total = total - 3 where medicamento_id = 302; 
insert into itens_venda values (default, 1400, 369, 369, 2, 7.10, 172.28); 
update estoque set quant_venda = quant_venda + 2, quant_atual = quant_atual - 2 where id = 369; 
update estoque_total set total = total - 2 where medicamento_id = 369; 
insert into itens_venda values (default, 1400, 169, 169, 1, 1.50, 36.77); 
update estoque set quant_venda = quant_venda + 1, quant_atual = quant_atual - 1 where id = 169; 
update estoque_total set total = total - 1 where medicamento_id = 169; 

insert into venda values (1401, '2023-06-04 13:23:51', 86.07, 6, 22); 
insert into itens_venda values (default, 1401, 136, 136, 1, 3.60, 42.48); 
update estoque set quant_venda = quant_venda + 1, quant_atual = quant_atual - 1 where id = 136; 
update estoque_total set total = total - 1 where medicamento_id = 136; 
insert into itens_venda values (default, 1401, 489, 489, 1, 0.40, 43.59); 
update estoque set quant_venda = quant_venda + 1, quant_atual = quant_atual - 1 where id = 489; 
update estoque_total set total = total - 1 where medicamento_id = 489; 

insert into venda values (1402, '2023-06-04 13:52:19', 162.79, 12, null); 
insert into itens_venda values (default, 1402, 418, 418, 2, 4.40, 50.90); 
update estoque set quant_venda = quant_venda + 2, quant_atual = quant_atual - 2 where id = 418; 
update estoque_total set total = total - 2 where medicamento_id = 418; 
insert into itens_venda values (default, 1402, 456, 456, 2, 1.50, 75.42); 
update estoque set quant_venda = quant_venda + 2, quant_atual = quant_atual - 2 where id = 456; 
update estoque_total set total = total - 2 where medicamento_id = 456; 
insert into itens_venda values (default, 1402, 378, 378, 1, 1.10, 36.47); 
update estoque set quant_venda = quant_venda + 1, quant_atual = quant_atual - 1 where id = 378; 
update estoque_total set total = total - 1 where medicamento_id = 378; 

insert into venda values (1403, '2023-06-04 14:46:53', 87.17, 16, null); 
insert into itens_venda values (default, 1403, 409, 409, 1, 0.00, 24.45); 
update estoque set quant_venda = quant_venda + 1, quant_atual = quant_atual - 1 where id = 409; 
update estoque_total set total = total - 1 where medicamento_id = 409; 
insert into itens_venda values (default, 1403, 434, 434, 2, 2.60, 62.72); 
update estoque set quant_venda = quant_venda + 2, quant_atual = quant_atual - 2 where id = 434; 
update estoque_total set total = total - 2 where medicamento_id = 434; 

insert into venda values (1404, '2023-06-05 08:11:22', 65.06, null, null); 
insert into itens_venda values (default, 1404, 424, 424, 3, 0.30, 32.70); 
update estoque set quant_venda = quant_venda + 3, quant_atual = quant_atual - 3 where id = 424; 
update estoque_total set total = total - 3 where medicamento_id = 424; 
insert into itens_venda values (default, 1404, 434, 434, 1, 0.30, 32.36); 
update estoque set quant_venda = quant_venda + 1, quant_atual = quant_atual - 1 where id = 434; 
update estoque_total set total = total - 1 where medicamento_id = 434; 

insert into venda values (1405, '2023-06-05 08:18:01', 414.51, null, null); 
insert into itens_venda values (default, 1405, 492, 492, 1, 0.40, 43.93); 
update estoque set quant_venda = quant_venda + 1, quant_atual = quant_atual - 1 where id = 492; 
update estoque_total set total = total - 1 where medicamento_id = 492; 
insert into itens_venda values (default, 1405, 474, 474, 3, 1.70, 42.88); 
update estoque set quant_venda = quant_venda + 3, quant_atual = quant_atual - 3 where id = 474; 
update estoque_total set total = total - 3 where medicamento_id = 474; 
insert into itens_venda values (default, 1405, 396, 396, 1, 13.60, 327.70); 
update estoque set quant_venda = quant_venda + 1, quant_atual = quant_atual - 1 where id = 396; 
update estoque_total set total = total - 1 where medicamento_id = 396; 

insert into venda values (1406, '2023-06-06 08:32:09', 197.69, null, 22); 
insert into itens_venda values (default, 1406, 437, 437, 3, 0.70, 77.84); 
update estoque set quant_venda = quant_venda + 3, quant_atual = quant_atual - 3 where id = 437; 
update estoque_total set total = total - 3 where medicamento_id = 437; 
insert into itens_venda values (default, 1406, 333, 333, 1, 1.20, 119.85); 
update estoque set quant_venda = quant_venda + 1, quant_atual = quant_atual - 1 where id = 333; 
update estoque_total set total = total - 1 where medicamento_id = 333; 

insert into venda values (1407, '2023-06-06 10:43:11', 99.86, 14, null); 
insert into itens_venda values (default, 1407, 328, 328, 1, 2.70, 27.44); 
update estoque set quant_venda = quant_venda + 1, quant_atual = quant_atual - 1 where id = 328; 
update estoque_total set total = total - 1 where medicamento_id = 328; 
insert into itens_venda values (default, 1407, 253, 253, 1, 4.60, 72.42); 
update estoque set quant_venda = quant_venda + 1, quant_atual = quant_atual - 1 where id = 253; 
update estoque_total set total = total - 1 where medicamento_id = 253; 

insert into venda values (1408, '2023-06-06 11:46:48', 65.37, 3, null); 
insert into itens_venda values (default, 1408, 457, 457, 1, 0.30, 33.87); 
update estoque set quant_venda = quant_venda + 1, quant_atual = quant_atual - 1 where id = 457; 
update estoque_total set total = total - 1 where medicamento_id = 457; 
insert into itens_venda values (default, 1408, 299, 299, 1, 2.70, 31.50); 
update estoque set quant_venda = quant_venda + 1, quant_atual = quant_atual - 1 where id = 299; 
update estoque_total set total = total - 1 where medicamento_id = 299; 

insert into venda values (1409, '2023-06-06 11:49:41', 13.25, null, null); 
insert into itens_venda values (default, 1409, 463, 463, 1, 0.10, 13.25); 
update estoque set quant_venda = quant_venda + 1, quant_atual = quant_atual - 1 where id = 463; 
update estoque_total set total = total - 1 where medicamento_id = 463; 

insert into venda values (1410, '2023-06-06 14:06:47', 166.58, 16, null); 
insert into itens_venda values (default, 1410, 243, 243, 2, 5.30, 71.66); 
update estoque set quant_venda = quant_venda + 2, quant_atual = quant_atual - 2 where id = 243; 
update estoque_total set total = total - 2 where medicamento_id = 243; 
insert into itens_venda values (default, 1410, 425, 425, 1, 1.40, 34.80); 
update estoque set quant_venda = quant_venda + 1, quant_atual = quant_atual - 1 where id = 425; 
update estoque_total set total = total - 1 where medicamento_id = 425; 
insert into itens_venda values (default, 1410, 434, 434, 2, 5.20, 60.12); 
update estoque set quant_venda = quant_venda + 2, quant_atual = quant_atual - 2 where id = 434; 
update estoque_total set total = total - 2 where medicamento_id = 434; 

insert into venda values (1411, '2023-06-06 14:45:38', 33.28, null, null); 
insert into itens_venda values (default, 1411, 428, 428, 2, 0.00, 33.28); 
update estoque set quant_venda = quant_venda + 2, quant_atual = quant_atual - 2 where id = 428; 
update estoque_total set total = total - 2 where medicamento_id = 428; 

insert into venda values (1412, '2023-06-07 06:39:56', 109.49, null, null); 
insert into itens_venda values (default, 1412, 238, 238, 3, 1.20, 41.43); 
update estoque set quant_venda = quant_venda + 3, quant_atual = quant_atual - 3 where id = 238; 
update estoque_total set total = total - 3 where medicamento_id = 238; 
insert into itens_venda values (default, 1412, 386, 386, 2, 0.70, 36.02); 
update estoque set quant_venda = quant_venda + 2, quant_atual = quant_atual - 2 where id = 386; 
update estoque_total set total = total - 2 where medicamento_id = 386; 
insert into itens_venda values (default, 1412, 495, 495, 3, 0.00, 32.04); 
update estoque set quant_venda = quant_venda + 3, quant_atual = quant_atual - 3 where id = 495; 
update estoque_total set total = total - 3 where medicamento_id = 495; 

insert into venda values (1413, '2023-06-07 07:53:11', 155.44, 12, null); 
insert into itens_venda values (default, 1413, 486, 486, 3, 1.30, 31.52); 
update estoque set quant_venda = quant_venda + 3, quant_atual = quant_atual - 3 where id = 486; 
update estoque_total set total = total - 3 where medicamento_id = 486; 
insert into itens_venda values (default, 1413, 446, 446, 1, 7.90, 123.92); 
update estoque set quant_venda = quant_venda + 1, quant_atual = quant_atual - 1 where id = 446; 
update estoque_total set total = total - 1 where medicamento_id = 446; 

insert into venda values (1414, '2023-06-07 07:53:16', 175.26, null, 23); 
insert into itens_venda values (default, 1414, 365, 365, 3, 1.90, 47.66); 
update estoque set quant_venda = quant_venda + 3, quant_atual = quant_atual - 3 where id = 365; 
update estoque_total set total = total - 3 where medicamento_id = 365; 
insert into itens_venda values (default, 1414, 505, 505, 1, 1.30, 32.54); 
update estoque set quant_venda = quant_venda + 1, quant_atual = quant_atual - 1 where id = 505; 
update estoque_total set total = total - 1 where medicamento_id = 505; 
insert into itens_venda values (default, 1414, 216, 216, 2, 3.90, 95.06); 
update estoque set quant_venda = quant_venda + 2, quant_atual = quant_atual - 2 where id = 216; 
update estoque_total set total = total - 2 where medicamento_id = 216; 

insert into venda values (1415, '2023-06-07 08:14:22', 198.10, 6, null); 
insert into itens_venda values (default, 1415, 403, 403, 3, 5.90, 68.83); 
update estoque set quant_venda = quant_venda + 3, quant_atual = quant_atual - 3 where id = 403; 
update estoque_total set total = total - 3 where medicamento_id = 403; 
insert into itens_venda values (default, 1415, 440, 440, 2, 5.50, 73.32); 
update estoque set quant_venda = quant_venda + 2, quant_atual = quant_atual - 2 where id = 440; 
update estoque_total set total = total - 2 where medicamento_id = 440; 
insert into itens_venda values (default, 1415, 491, 491, 1, 0.50, 55.95); 
update estoque set quant_venda = quant_venda + 1, quant_atual = quant_atual - 1 where id = 491; 
update estoque_total set total = total - 1 where medicamento_id = 491; 

insert into venda values (1416, '2023-06-07 08:39:15', 32.40, null, null); 
insert into itens_venda values (default, 1416, 404, 404, 2, 0.00, 32.40); 
update estoque set quant_venda = quant_venda + 2, quant_atual = quant_atual - 2 where id = 404; 
update estoque_total set total = total - 2 where medicamento_id = 404; 

insert into venda values (1417, '2023-06-07 08:47:28', 183.52, null, 24); 
insert into itens_venda values (default, 1417, 501, 501, 3, 2.00, 67.27); 
update estoque set quant_venda = quant_venda + 3, quant_atual = quant_atual - 3 where id = 501; 
update estoque_total set total = total - 3 where medicamento_id = 501; 
insert into itens_venda values (default, 1417, 333, 333, 1, 4.80, 116.25); 
update estoque set quant_venda = quant_venda + 1, quant_atual = quant_atual - 1 where id = 333; 
update estoque_total set total = total - 1 where medicamento_id = 333; 

insert into venda values (1418, '2023-06-07 09:12:12', 10.81, null, null); 
insert into itens_venda values (default, 1418, 503, 503, 3, 0.20, 10.81); 
update estoque set quant_venda = quant_venda + 3, quant_atual = quant_atual - 3 where id = 503; 
update estoque_total set total = total - 3 where medicamento_id = 503; 

insert into venda values (1419, '2023-06-07 09:16:36', 194.07, 13, 24); 
insert into itens_venda values (default, 1419, 444, 444, 2, 10.50, 140.68); 
update estoque set quant_venda = quant_venda + 2, quant_atual = quant_atual - 2 where id = 444; 
update estoque_total set total = total - 2 where medicamento_id = 444; 
insert into itens_venda values (default, 1419, 112, 112, 3, 5.20, 53.39); 
update estoque set quant_venda = quant_venda + 3, quant_atual = quant_atual - 3 where id = 112; 
update estoque_total set total = total - 3 where medicamento_id = 112; 

insert into venda values (1420, '2023-06-07 09:16:48', 100.31, null, null); 
insert into itens_venda values (default, 1420, 501, 501, 3, 1.30, 67.97); 
update estoque set quant_venda = quant_venda + 3, quant_atual = quant_atual - 3 where id = 501; 
update estoque_total set total = total - 3 where medicamento_id = 501; 
insert into itens_venda values (default, 1420, 294, 294, 2, 0.90, 32.34); 
update estoque set quant_venda = quant_venda + 2, quant_atual = quant_atual - 2 where id = 294; 
update estoque_total set total = total - 2 where medicamento_id = 294; 

insert into venda values (1421, '2023-06-07 10:03:27', 151.77, 1, null); 
insert into itens_venda values (default, 1421, 119, 119, 1, 9.20, 145.77); 
update estoque set quant_venda = quant_venda + 1, quant_atual = quant_atual - 1 where id = 119; 
update estoque_total set total = total - 1 where medicamento_id = 119; 
insert into itens_venda values (default, 1421, 453, 453, 1, 0.50, 6.00); 
update estoque set quant_venda = quant_venda + 1, quant_atual = quant_atual - 1 where id = 453; 
update estoque_total set total = total - 1 where medicamento_id = 453; 

insert into venda values (1422, '2023-06-08 06:49:25', 139.75, 11, null); 
insert into itens_venda values (default, 1422, 322, 322, 2, 3.90, 52.34); 
update estoque set quant_venda = quant_venda + 2, quant_atual = quant_atual - 2 where id = 322; 
update estoque_total set total = total - 2 where medicamento_id = 322; 
insert into itens_venda values (default, 1422, 297, 297, 1, 2.30, 56.21); 
update estoque set quant_venda = quant_venda + 1, quant_atual = quant_atual - 1 where id = 297; 
update estoque_total set total = total - 1 where medicamento_id = 297; 
insert into itens_venda values (default, 1422, 389, 389, 1, 1.20, 31.20); 
update estoque set quant_venda = quant_venda + 1, quant_atual = quant_atual - 1 where id = 389; 
update estoque_total set total = total - 1 where medicamento_id = 389; 

insert into venda values (1423, '2023-06-08 08:05:52', 246.23, null, 21); 
insert into itens_venda values (default, 1423, 287, 287, 2, 3.70, 122.22); 
update estoque set quant_venda = quant_venda + 2, quant_atual = quant_atual - 2 where id = 287; 
update estoque_total set total = total - 2 where medicamento_id = 287; 
insert into itens_venda values (default, 1423, 436, 436, 1, 1.90, 63.84); 
update estoque set quant_venda = quant_venda + 1, quant_atual = quant_atual - 1 where id = 436; 
update estoque_total set total = total - 1 where medicamento_id = 436; 
insert into itens_venda values (default, 1423, 135, 135, 1, 2.50, 60.17); 
update estoque set quant_venda = quant_venda + 1, quant_atual = quant_atual - 1 where id = 135; 
update estoque_total set total = total - 1 where medicamento_id = 135; 

insert into venda values (1424, '2023-06-08 08:55:03', 99.72, null, null); 
insert into itens_venda values (default, 1424, 383, 383, 2, 4.10, 99.72); 
update estoque set quant_venda = quant_venda + 2, quant_atual = quant_atual - 2 where id = 383; 
update estoque_total set total = total - 2 where medicamento_id = 383; 

insert into venda values (1425, '2023-06-08 08:56:04', 383.86, null, null); 
insert into itens_venda values (default, 1425, 478, 478, 2, 2.30, 112.74); 
update estoque set quant_venda = quant_venda + 2, quant_atual = quant_atual - 2 where id = 478; 
update estoque_total set total = total - 2 where medicamento_id = 478; 
insert into itens_venda values (default, 1425, 289, 289, 2, 0.00, 142.88); 
update estoque set quant_venda = quant_venda + 2, quant_atual = quant_atual - 2 where id = 289; 
update estoque_total set total = total - 2 where medicamento_id = 289; 
insert into itens_venda values (default, 1425, 420, 420, 2, 5.30, 128.24); 
update estoque set quant_venda = quant_venda + 2, quant_atual = quant_atual - 2 where id = 420; 
update estoque_total set total = total - 2 where medicamento_id = 420; 

insert into venda values (1426, '2023-06-08 09:09:03', 151.10, 9, 22); 
insert into itens_venda values (default, 1426, 310, 310, 1, 3.70, 119.74); 
update estoque set quant_venda = quant_venda + 1, quant_atual = quant_atual - 1 where id = 310; 
update estoque_total set total = total - 1 where medicamento_id = 310; 
insert into itens_venda values (default, 1426, 434, 434, 1, 1.30, 31.36); 
update estoque set quant_venda = quant_venda + 1, quant_atual = quant_atual - 1 where id = 434; 
update estoque_total set total = total - 1 where medicamento_id = 434; 

insert into venda values (1427, '2023-06-08 10:04:17', 18.08, 1, null); 
insert into itens_venda values (default, 1427, 421, 421, 2, 0.30, 18.08); 
update estoque set quant_venda = quant_venda + 2, quant_atual = quant_atual - 2 where id = 421; 
update estoque_total set total = total - 2 where medicamento_id = 421; 

insert into venda values (1428, '2023-06-08 10:08:34', 110.68, null, null); 
insert into itens_venda values (default, 1428, 318, 318, 2, 1.10, 110.68); 
update estoque set quant_venda = quant_venda + 2, quant_atual = quant_atual - 2 where id = 318; 
update estoque_total set total = total - 2 where medicamento_id = 318; 

insert into venda values (1429, '2023-06-08 10:14:57', 319.94, 3, null); 
insert into itens_venda values (default, 1429, 466, 466, 1, 1.20, 123.68); 
update estoque set quant_venda = quant_venda + 1, quant_atual = quant_atual - 1 where id = 466; 
update estoque_total set total = total - 1 where medicamento_id = 466; 
insert into itens_venda values (default, 1429, 320, 320, 1, 12.50, 196.26); 
update estoque set quant_venda = quant_venda + 1, quant_atual = quant_atual - 1 where id = 320; 
update estoque_total set total = total - 1 where medicamento_id = 320; 

insert into venda values (1430, '2023-06-08 10:25:34', 289.49, null, null); 
insert into itens_venda values (default, 1430, 307, 307, 1, 4.80, 237.03); 
update estoque set quant_venda = quant_venda + 1, quant_atual = quant_atual - 1 where id = 307; 
update estoque_total set total = total - 1 where medicamento_id = 307; 
insert into itens_venda values (default, 1430, 397, 397, 2, 0.30, 35.94); 
update estoque set quant_venda = quant_venda + 2, quant_atual = quant_atual - 2 where id = 397; 
update estoque_total set total = total - 2 where medicamento_id = 397; 
insert into itens_venda values (default, 1430, 484, 484, 1, 0.00, 16.52); 
update estoque set quant_venda = quant_venda + 1, quant_atual = quant_atual - 1 where id = 484; 
update estoque_total set total = total - 1 where medicamento_id = 484; 

insert into venda values (1431, '2023-06-08 11:06:00', 123.44, null, null); 
insert into itens_venda values (default, 1431, 350, 350, 1, 0.00, 123.44); 
update estoque set quant_venda = quant_venda + 1, quant_atual = quant_atual - 1 where id = 350; 
update estoque_total set total = total - 1 where medicamento_id = 350; 

insert into venda values (1432, '2023-06-08 11:23:57', 198.03, null, 25); 
insert into itens_venda values (default, 1432, 478, 478, 2, 2.30, 112.74); 
update estoque set quant_venda = quant_venda + 2, quant_atual = quant_atual - 2 where id = 478; 
update estoque_total set total = total - 2 where medicamento_id = 478; 
insert into itens_venda values (default, 1432, 340, 340, 1, 0.20, 20.98); 
update estoque set quant_venda = quant_venda + 1, quant_atual = quant_atual - 1 where id = 340; 
update estoque_total set total = total - 1 where medicamento_id = 340; 
insert into itens_venda values (default, 1432, 164, 164, 1, 1.90, 64.31); 
update estoque set quant_venda = quant_venda + 1, quant_atual = quant_atual - 1 where id = 164; 
update estoque_total set total = total - 1 where medicamento_id = 164; 

insert into venda values (1433, '2023-06-09 07:12:34', 145.77, 3, null); 
insert into itens_venda values (default, 1433, 119, 119, 1, 9.20, 145.77); 
update estoque set quant_venda = quant_venda + 1, quant_atual = quant_atual - 1 where id = 119; 
update estoque_total set total = total - 1 where medicamento_id = 119; 

insert into venda values (1434, '2023-06-09 09:17:28', 117.18, 7, null); 
insert into itens_venda values (default, 1434, 381, 381, 2, 3.60, 117.18); 
update estoque set quant_venda = quant_venda + 2, quant_atual = quant_atual - 2 where id = 381; 
update estoque_total set total = total - 2 where medicamento_id = 381; 

insert into venda values (1435, '2023-06-09 09:25:14', 86.52, 3, null); 
insert into itens_venda values (default, 1435, 440, 440, 2, 5.50, 73.32); 
update estoque set quant_venda = quant_venda + 2, quant_atual = quant_atual - 2 where id = 440; 
update estoque_total set total = total - 2 where medicamento_id = 440; 
insert into itens_venda values (default, 1435, 406, 406, 2, 1.20, 13.20); 
update estoque set quant_venda = quant_venda + 2, quant_atual = quant_atual - 2 where id = 406; 
update estoque_total set total = total - 2 where medicamento_id = 406; 

insert into venda values (1436, '2023-06-09 09:50:44', 328.40, null, 25); 
insert into itens_venda values (default, 1436, 425, 425, 2, 0.70, 71.70); 
update estoque set quant_venda = quant_venda + 2, quant_atual = quant_atual - 2 where id = 425; 
update estoque_total set total = total - 2 where medicamento_id = 425; 
insert into itens_venda values (default, 1436, 345, 345, 2, 0.00, 52.12); 
update estoque set quant_venda = quant_venda + 2, quant_atual = quant_atual - 2 where id = 345; 
update estoque_total set total = total - 2 where medicamento_id = 345; 
insert into itens_venda values (default, 1436, 108, 108, 1, 6.30, 204.58); 
update estoque set quant_venda = quant_venda + 1, quant_atual = quant_atual - 1 where id = 108; 
update estoque_total set total = total - 1 where medicamento_id = 108; 

insert into venda values (1437, '2023-06-10 06:45:52', 42.13, 7, null); 
insert into itens_venda values (default, 1437, 492, 492, 1, 2.20, 42.13); 
update estoque set quant_venda = quant_venda + 1, quant_atual = quant_atual - 1 where id = 492; 
update estoque_total set total = total - 1 where medicamento_id = 492; 

insert into venda values (1438, '2023-06-10 07:17:40', 474.15, null, 23); 
insert into itens_venda values (default, 1438, 228, 228, 1, 5.60, 183.08); 
update estoque set quant_venda = quant_venda + 1, quant_atual = quant_atual - 1 where id = 228; 
update estoque_total set total = total - 1 where medicamento_id = 228; 
insert into itens_venda values (default, 1438, 268, 268, 1, 0.00, 291.07); 
update estoque set quant_venda = quant_venda + 1, quant_atual = quant_atual - 1 where id = 268; 
update estoque_total set total = total - 1 where medicamento_id = 268; 

insert into venda values (1439, '2023-06-10 07:53:51', 348.56, 2, 22); 
insert into itens_venda values (default, 1439, 438, 438, 1, 3.10, 49.19); 
update estoque set quant_venda = quant_venda + 1, quant_atual = quant_atual - 1 where id = 438; 
update estoque_total set total = total - 1 where medicamento_id = 438; 
insert into itens_venda values (default, 1439, 242, 242, 2, 1.10, 11.20); 
update estoque set quant_venda = quant_venda + 2, quant_atual = quant_atual - 2 where id = 242; 
update estoque_total set total = total - 2 where medicamento_id = 242; 
insert into itens_venda values (default, 1439, 268, 268, 1, 2.90, 288.17); 
update estoque set quant_venda = quant_venda + 1, quant_atual = quant_atual - 1 where id = 268; 
update estoque_total set total = total - 1 where medicamento_id = 268; 

insert into venda values (1440, '2023-06-10 08:03:40', 59.93, null, 25); 
insert into itens_venda values (default, 1440, 347, 347, 1, 2.40, 59.93); 
update estoque set quant_venda = quant_venda + 1, quant_atual = quant_atual - 1 where id = 347; 
update estoque_total set total = total - 1 where medicamento_id = 347; 

insert into venda values (1441, '2023-06-10 09:25:22', 496.46, null, 21); 
insert into itens_venda values (default, 1441, 476, 476, 1, 0.70, 23.47); 
update estoque set quant_venda = quant_venda + 1, quant_atual = quant_atual - 1 where id = 476; 
update estoque_total set total = total - 1 where medicamento_id = 476; 
insert into itens_venda values (default, 1441, 300, 300, 1, 10.00, 240.00); 
update estoque set quant_venda = quant_venda + 1, quant_atual = quant_atual - 1 where id = 300; 
update estoque_total set total = total - 1 where medicamento_id = 300; 
insert into itens_venda values (default, 1441, 254, 254, 1, 9.70, 232.99); 
update estoque set quant_venda = quant_venda + 1, quant_atual = quant_atual - 1 where id = 254; 
update estoque_total set total = total - 1 where medicamento_id = 254; 

insert into venda values (1442, '2023-06-10 10:41:10', 86.57, null, null); 
insert into itens_venda values (default, 1442, 483, 483, 1, 1.00, 49.21); 
update estoque set quant_venda = quant_venda + 1, quant_atual = quant_atual - 1 where id = 483; 
update estoque_total set total = total - 1 where medicamento_id = 483; 
insert into itens_venda values (default, 1442, 456, 456, 1, 1.10, 37.36); 
update estoque set quant_venda = quant_venda + 1, quant_atual = quant_atual - 1 where id = 456; 
update estoque_total set total = total - 1 where medicamento_id = 456; 

insert into venda values (1443, '2023-06-10 11:41:41', 51.24, 16, null); 
insert into itens_venda values (default, 1443, 304, 304, 1, 1.30, 26.16); 
update estoque set quant_venda = quant_venda + 1, quant_atual = quant_atual - 1 where id = 304; 
update estoque_total set total = total - 1 where medicamento_id = 304; 
insert into itens_venda values (default, 1443, 481, 481, 2, 1.60, 25.08); 
update estoque set quant_venda = quant_venda + 2, quant_atual = quant_atual - 2 where id = 481; 
update estoque_total set total = total - 2 where medicamento_id = 481; 

insert into venda values (1444, '2023-06-10 12:29:10', 111.69, null, null); 
insert into itens_venda values (default, 1444, 476, 476, 1, 0.00, 24.17); 
update estoque set quant_venda = quant_venda + 1, quant_atual = quant_atual - 1 where id = 476; 
update estoque_total set total = total - 1 where medicamento_id = 476; 
insert into itens_venda values (default, 1444, 413, 413, 1, 2.70, 87.52); 
update estoque set quant_venda = quant_venda + 1, quant_atual = quant_atual - 1 where id = 413; 
update estoque_total set total = total - 1 where medicamento_id = 413; 

insert into venda values (1445, '2023-06-10 13:35:02', 364.05, null, 25); 
insert into itens_venda values (default, 1445, 320, 320, 1, 2.00, 206.76); 
update estoque set quant_venda = quant_venda + 1, quant_atual = quant_atual - 1 where id = 320; 
update estoque_total set total = total - 1 where medicamento_id = 320; 
insert into itens_venda values (default, 1445, 238, 238, 3, 0.40, 42.23); 
update estoque set quant_venda = quant_venda + 3, quant_atual = quant_atual - 3 where id = 238; 
update estoque_total set total = total - 3 where medicamento_id = 238; 
insert into itens_venda values (default, 1445, 356, 356, 1, 0.00, 115.06); 
update estoque set quant_venda = quant_venda + 1, quant_atual = quant_atual - 1 where id = 356; 
update estoque_total set total = total - 1 where medicamento_id = 356; 

insert into venda values (1446, '2023-06-10 14:08:30', 152.44, 7, null); 
insert into itens_venda values (default, 1446, 483, 483, 1, 1.00, 49.21); 
update estoque set quant_venda = quant_venda + 1, quant_atual = quant_atual - 1 where id = 483; 
update estoque_total set total = total - 1 where medicamento_id = 483; 
insert into itens_venda values (default, 1446, 280, 280, 1, 1.00, 103.23); 
update estoque set quant_venda = quant_venda + 1, quant_atual = quant_atual - 1 where id = 280; 
update estoque_total set total = total - 1 where medicamento_id = 280; 

insert into venda values (1447, '2023-06-10 14:39:11', 46.01, null, null); 
insert into itens_venda values (default, 1447, 500, 500, 3, 1.90, 46.01); 
update estoque set quant_venda = quant_venda + 3, quant_atual = quant_atual - 3 where id = 500; 
update estoque_total set total = total - 3 where medicamento_id = 500; 

insert into venda values (1448, '2023-06-10 14:55:15', 12.84, null, null); 
insert into itens_venda values (default, 1448, 481, 481, 1, 0.50, 12.84); 
update estoque set quant_venda = quant_venda + 1, quant_atual = quant_atual - 1 where id = 481; 
update estoque_total set total = total - 1 where medicamento_id = 481; 

insert into venda values (1449, '2023-06-11 07:21:40', 34.55, null, 22); 
insert into itens_venda values (default, 1449, 286, 286, 1, 0.00, 34.55); 
update estoque set quant_venda = quant_venda + 1, quant_atual = quant_atual - 1 where id = 286; 
update estoque_total set total = total - 1 where medicamento_id = 286; 

insert into venda values (1450, '2023-06-11 08:40:10', 275.80, null, 22); 
insert into itens_venda values (default, 1450, 440, 440, 1, 1.50, 37.91); 
update estoque set quant_venda = quant_venda + 1, quant_atual = quant_atual - 1 where id = 440; 
update estoque_total set total = total - 1 where medicamento_id = 440; 
insert into itens_venda values (default, 1450, 254, 254, 1, 4.80, 237.89); 
update estoque set quant_venda = quant_venda + 1, quant_atual = quant_atual - 1 where id = 254; 
update estoque_total set total = total - 1 where medicamento_id = 254; 

insert into venda values (1451, '2023-06-11 10:31:02', 52.36, null, null); 
insert into itens_venda values (default, 1451, 437, 437, 2, 0.00, 52.36); 
update estoque set quant_venda = quant_venda + 2, quant_atual = quant_atual - 2 where id = 437; 
update estoque_total set total = total - 2 where medicamento_id = 437; 

insert into venda values (1452, '2023-06-11 11:12:30', 81.86, 17, null); 
insert into itens_venda values (default, 1452, 417, 417, 1, 1.30, 13.44); 
update estoque set quant_venda = quant_venda + 1, quant_atual = quant_atual - 1 where id = 417; 
update estoque_total set total = total - 1 where medicamento_id = 417; 
insert into itens_venda values (default, 1452, 405, 405, 2, 3.60, 68.42); 
update estoque set quant_venda = quant_venda + 2, quant_atual = quant_atual - 2 where id = 405; 
update estoque_total set total = total - 2 where medicamento_id = 405; 

insert into venda values (1453, '2023-06-12 06:35:12', 174.21, null, 22); 
insert into itens_venda values (default, 1453, 346, 346, 2, 0.00, 89.86); 
update estoque set quant_venda = quant_venda + 2, quant_atual = quant_atual - 2 where id = 346; 
update estoque_total set total = total - 2 where medicamento_id = 346; 
insert into itens_venda values (default, 1453, 308, 308, 1, 1.50, 51.67); 
update estoque set quant_venda = quant_venda + 1, quant_atual = quant_atual - 1 where id = 308; 
update estoque_total set total = total - 1 where medicamento_id = 308; 
insert into itens_venda values (default, 1453, 428, 428, 2, 0.60, 32.68); 
update estoque set quant_venda = quant_venda + 2, quant_atual = quant_atual - 2 where id = 428; 
update estoque_total set total = total - 2 where medicamento_id = 428; 

insert into venda values (1454, '2023-06-12 06:42:25', 29.52, null, null); 
insert into itens_venda values (default, 1454, 474, 474, 2, 0.20, 29.52); 
update estoque set quant_venda = quant_venda + 2, quant_atual = quant_atual - 2 where id = 474; 
update estoque_total set total = total - 2 where medicamento_id = 474; 

insert into venda values (1455, '2023-06-12 07:41:59', 201.72, 13, null); 
insert into itens_venda values (default, 1455, 419, 419, 3, 1.60, 80.54); 
update estoque set quant_venda = quant_venda + 3, quant_atual = quant_atual - 3 where id = 419; 
update estoque_total set total = total - 3 where medicamento_id = 419; 
insert into itens_venda values (default, 1455, 466, 466, 1, 3.70, 121.18); 
update estoque set quant_venda = quant_venda + 1, quant_atual = quant_atual - 1 where id = 466; 
update estoque_total set total = total - 1 where medicamento_id = 466; 

insert into venda values (1456, '2023-06-13 07:22:10', 33.54, null, null); 
insert into itens_venda values (default, 1456, 505, 505, 1, 0.30, 33.54); 
update estoque set quant_venda = quant_venda + 1, quant_atual = quant_atual - 1 where id = 505; 
update estoque_total set total = total - 1 where medicamento_id = 505; 

insert into venda values (1457, '2023-06-13 08:12:57', 143.68, null, 22); 
insert into itens_venda values (default, 1457, 325, 325, 1, 2.20, 54.78); 
update estoque set quant_venda = quant_venda + 1, quant_atual = quant_atual - 1 where id = 325; 
update estoque_total set total = total - 1 where medicamento_id = 325; 
insert into itens_venda values (default, 1457, 352, 352, 1, 0.50, 26.44); 
update estoque set quant_venda = quant_venda + 1, quant_atual = quant_atual - 1 where id = 352; 
update estoque_total set total = total - 1 where medicamento_id = 352; 
insert into itens_venda values (default, 1457, 339, 339, 2, 1.90, 62.46); 
update estoque set quant_venda = quant_venda + 2, quant_atual = quant_atual - 2 where id = 339; 
update estoque_total set total = total - 2 where medicamento_id = 339; 

insert into venda values (1458, '2023-06-13 08:37:40', 70.41, null, null); 
insert into itens_venda values (default, 1458, 393, 393, 2, 1.90, 47.14); 
update estoque set quant_venda = quant_venda + 2, quant_atual = quant_atual - 2 where id = 393; 
update estoque_total set total = total - 2 where medicamento_id = 393; 
insert into itens_venda values (default, 1458, 476, 476, 1, 0.90, 23.27); 
update estoque set quant_venda = quant_venda + 1, quant_atual = quant_atual - 1 where id = 476; 
update estoque_total set total = total - 1 where medicamento_id = 476; 

insert into venda values (1459, '2023-06-13 09:55:44', 69.62, null, null); 
insert into itens_venda values (default, 1459, 426, 426, 2, 2.90, 69.62); 
update estoque set quant_venda = quant_venda + 2, quant_atual = quant_atual - 2 where id = 426; 
update estoque_total set total = total - 2 where medicamento_id = 426; 

insert into venda values (1460, '2023-06-13 10:09:14', 318.89, 14, null); 
insert into itens_venda values (default, 1460, 223, 223, 2, 8.60, 136.32); 
update estoque set quant_venda = quant_venda + 2, quant_atual = quant_atual - 2 where id = 223; 
update estoque_total set total = total - 2 where medicamento_id = 223; 
insert into itens_venda values (default, 1460, 398, 398, 1, 1.30, 14.24); 
update estoque set quant_venda = quant_venda + 1, quant_atual = quant_atual - 1 where id = 398; 
update estoque_total set total = total - 1 where medicamento_id = 398; 
insert into itens_venda values (default, 1460, 267, 267, 1, 8.80, 168.33); 
update estoque set quant_venda = quant_venda + 1, quant_atual = quant_atual - 1 where id = 267; 
update estoque_total set total = total - 1 where medicamento_id = 267; 

insert into venda values (1461, '2023-06-13 10:20:17', 163.83, null, null); 
insert into itens_venda values (default, 1461, 403, 403, 2, 1.40, 48.42); 
update estoque set quant_venda = quant_venda + 2, quant_atual = quant_atual - 2 where id = 403; 
update estoque_total set total = total - 2 where medicamento_id = 403; 
insert into itens_venda values (default, 1461, 373, 373, 1, 1.00, 33.73); 
update estoque set quant_venda = quant_venda + 1, quant_atual = quant_atual - 1 where id = 373; 
update estoque_total set total = total - 1 where medicamento_id = 373; 
insert into itens_venda values (default, 1461, 252, 252, 3, 2.50, 81.68); 
update estoque set quant_venda = quant_venda + 3, quant_atual = quant_atual - 3 where id = 252; 
update estoque_total set total = total - 3 where medicamento_id = 252; 

insert into venda values (1462, '2023-06-13 10:40:56', 202.84, null, 21); 
insert into itens_venda values (default, 1462, 450, 450, 1, 0.80, 21.22); 
update estoque set quant_venda = quant_venda + 1, quant_atual = quant_atual - 1 where id = 450; 
update estoque_total set total = total - 1 where medicamento_id = 450; 
insert into itens_venda values (default, 1462, 503, 503, 3, 0.00, 11.01); 
update estoque set quant_venda = quant_venda + 3, quant_atual = quant_atual - 3 where id = 503; 
update estoque_total set total = total - 3 where medicamento_id = 503; 
insert into itens_venda values (default, 1462, 213, 213, 1, 0.00, 170.61); 
update estoque set quant_venda = quant_venda + 1, quant_atual = quant_atual - 1 where id = 213; 
update estoque_total set total = total - 1 where medicamento_id = 213; 

insert into venda values (1463, '2023-06-13 10:58:32', 56.64, null, null); 
insert into itens_venda values (default, 1463, 502, 502, 2, 1.70, 41.92); 
update estoque set quant_venda = quant_venda + 2, quant_atual = quant_atual - 2 where id = 502; 
update estoque_total set total = total - 2 where medicamento_id = 502; 
insert into itens_venda values (default, 1463, 493, 493, 2, 0.40, 14.72); 
update estoque set quant_venda = quant_venda + 2, quant_atual = quant_atual - 2 where id = 493; 
update estoque_total set total = total - 2 where medicamento_id = 493; 

insert into venda values (1464, '2023-06-14 07:51:57', 288.66, 10, null); 
insert into itens_venda values (default, 1464, 177, 177, 2, 4.80, 157.88); 
update estoque set quant_venda = quant_venda + 2, quant_atual = quant_atual - 2 where id = 177; 
update estoque_total set total = total - 2 where medicamento_id = 177; 
insert into itens_venda values (default, 1464, 305, 305, 2, 4.30, 82.62); 
update estoque set quant_venda = quant_venda + 2, quant_atual = quant_atual - 2 where id = 305; 
update estoque_total set total = total - 2 where medicamento_id = 305; 
insert into itens_venda values (default, 1464, 484, 484, 3, 1.40, 48.16); 
update estoque set quant_venda = quant_venda + 3, quant_atual = quant_atual - 3 where id = 484; 
update estoque_total set total = total - 3 where medicamento_id = 484; 

insert into venda values (1465, '2023-06-14 10:03:47', 72.60, 14, null); 
insert into itens_venda values (default, 1465, 472, 472, 2, 1.70, 56.94); 
update estoque set quant_venda = quant_venda + 2, quant_atual = quant_atual - 2 where id = 472; 
update estoque_total set total = total - 2 where medicamento_id = 472; 
insert into itens_venda values (default, 1465, 380, 380, 2, 0.80, 15.66); 
update estoque set quant_venda = quant_venda + 2, quant_atual = quant_atual - 2 where id = 380; 
update estoque_total set total = total - 2 where medicamento_id = 380; 

insert into venda values (1466, '2023-06-14 12:22:58', 102.22, null, null); 
insert into itens_venda values (default, 1466, 461, 461, 1, 0.10, 18.49); 
update estoque set quant_venda = quant_venda + 1, quant_atual = quant_atual - 1 where id = 461; 
update estoque_total set total = total - 1 where medicamento_id = 461; 
insert into itens_venda values (default, 1466, 315, 315, 1, 0.00, 33.88); 
update estoque set quant_venda = quant_venda + 1, quant_atual = quant_atual - 1 where id = 315; 
update estoque_total set total = total - 1 where medicamento_id = 315; 
insert into itens_venda values (default, 1466, 249, 249, 1, 1.00, 49.85); 
update estoque set quant_venda = quant_venda + 1, quant_atual = quant_atual - 1 where id = 249; 
update estoque_total set total = total - 1 where medicamento_id = 249; 

insert into venda values (1467, '2023-06-14 13:39:19', 51.36, null, null); 
insert into itens_venda values (default, 1467, 437, 437, 2, 1.00, 51.36); 
update estoque set quant_venda = quant_venda + 2, quant_atual = quant_atual - 2 where id = 437; 
update estoque_total set total = total - 2 where medicamento_id = 437; 

insert into venda values (1468, '2023-06-14 15:50:01', 31.20, null, null); 
insert into itens_venda values (default, 1468, 389, 389, 1, 1.20, 31.20); 
update estoque set quant_venda = quant_venda + 1, quant_atual = quant_atual - 1 where id = 389; 
update estoque_total set total = total - 1 where medicamento_id = 389; 

insert into venda values (1469, '2023-06-14 16:32:54', 261.13, 14, null); 
insert into itens_venda values (default, 1469, 153, 153, 1, 1.60, 80.21); 
update estoque set quant_venda = quant_venda + 1, quant_atual = quant_atual - 1 where id = 153; 
update estoque_total set total = total - 1 where medicamento_id = 153; 
insert into itens_venda values (default, 1469, 298, 298, 1, 1.00, 104.98); 
update estoque set quant_venda = quant_venda + 1, quant_atual = quant_atual - 1 where id = 298; 
update estoque_total set total = total - 1 where medicamento_id = 298; 
insert into itens_venda values (default, 1469, 395, 395, 2, 6.60, 75.94); 
update estoque set quant_venda = quant_venda + 2, quant_atual = quant_atual - 2 where id = 395; 
update estoque_total set total = total - 2 where medicamento_id = 395; 

insert into venda values (1470, '2023-06-14 18:24:05', 125.69, 14, null); 
insert into itens_venda values (default, 1470, 387, 387, 1, 4.50, 60.60); 
update estoque set quant_venda = quant_venda + 1, quant_atual = quant_atual - 1 where id = 387; 
update estoque_total set total = total - 1 where medicamento_id = 387; 
insert into itens_venda values (default, 1470, 434, 434, 1, 0.90, 31.76); 
update estoque set quant_venda = quant_venda + 1, quant_atual = quant_atual - 1 where id = 434; 
update estoque_total set total = total - 1 where medicamento_id = 434; 
insert into itens_venda values (default, 1470, 498, 498, 1, 2.10, 33.33); 
update estoque set quant_venda = quant_venda + 1, quant_atual = quant_atual - 1 where id = 498; 
update estoque_total set total = total - 1 where medicamento_id = 498; 

insert into venda values (1471, '2023-06-15 07:37:29', 257.06, 6, 22); 
insert into itens_venda values (default, 1471, 253, 253, 2, 6.10, 147.94); 
update estoque set quant_venda = quant_venda + 2, quant_atual = quant_atual - 2 where id = 253; 
update estoque_total set total = total - 2 where medicamento_id = 253; 
insert into itens_venda values (default, 1471, 214, 214, 1, 4.10, 64.32); 
update estoque set quant_venda = quant_venda + 1, quant_atual = quant_atual - 1 where id = 214; 
update estoque_total set total = total - 1 where medicamento_id = 214; 
insert into itens_venda values (default, 1471, 404, 404, 3, 3.80, 44.80); 
update estoque set quant_venda = quant_venda + 3, quant_atual = quant_atual - 3 where id = 404; 
update estoque_total set total = total - 3 where medicamento_id = 404; 

insert into venda values (1472, '2023-06-16 06:23:52', 121.05, null, 25); 
insert into itens_venda values (default, 1472, 333, 333, 1, 0.00, 121.05); 
update estoque set quant_venda = quant_venda + 1, quant_atual = quant_atual - 1 where id = 333; 
update estoque_total set total = total - 1 where medicamento_id = 333; 

insert into venda values (1473, '2023-06-17 07:14:34', 38.47, null, null); 
insert into itens_venda values (default, 1473, 499, 499, 1, 0.30, 38.47); 
update estoque set quant_venda = quant_venda + 1, quant_atual = quant_atual - 1 where id = 499; 
update estoque_total set total = total - 1 where medicamento_id = 499; 

insert into venda values (1474, '2023-06-17 08:34:10', 102.82, null, null); 
insert into itens_venda values (default, 1474, 182, 182, 2, 1.00, 102.82); 
update estoque set quant_venda = quant_venda + 2, quant_atual = quant_atual - 2 where id = 182; 
update estoque_total set total = total - 2 where medicamento_id = 182; 

insert into venda values (1475, '2023-06-17 09:38:20', 457.28, 18, null); 
insert into itens_venda values (default, 1475, 65, 65, 2, 1.50, 152.92); 
update estoque set quant_venda = quant_venda + 2, quant_atual = quant_atual - 2 where id = 65; 
update estoque_total set total = total - 2 where medicamento_id = 65; 
insert into itens_venda values (default, 1475, 222, 222, 1, 18.00, 240.34); 
update estoque set quant_venda = quant_venda + 1, quant_atual = quant_atual - 1 where id = 222; 
update estoque_total set total = total - 1 where medicamento_id = 222; 
insert into itens_venda values (default, 1475, 434, 434, 2, 1.30, 64.02); 
update estoque set quant_venda = quant_venda + 2, quant_atual = quant_atual - 2 where id = 434; 
update estoque_total set total = total - 2 where medicamento_id = 434; 

insert into venda values (1476, '2023-06-17 10:53:03', 98.86, null, null); 
insert into itens_venda values (default, 1476, 490, 490, 1, 1.00, 51.03); 
update estoque set quant_venda = quant_venda + 1, quant_atual = quant_atual - 1 where id = 490; 
update estoque_total set total = total - 1 where medicamento_id = 490; 
insert into itens_venda values (default, 1476, 488, 488, 1, 1.40, 47.83); 
update estoque set quant_venda = quant_venda + 1, quant_atual = quant_atual - 1 where id = 488; 
update estoque_total set total = total - 1 where medicamento_id = 488; 

insert into venda values (1477, '2023-06-17 11:12:35', 241.92, 19, null); 
insert into itens_venda values (default, 1477, 477, 477, 1, 4.50, 60.54); 
update estoque set quant_venda = quant_venda + 1, quant_atual = quant_atual - 1 where id = 477; 
update estoque_total set total = total - 1 where medicamento_id = 477; 
insert into itens_venda values (default, 1477, 362, 362, 1, 7.50, 181.38); 
update estoque set quant_venda = quant_venda + 1, quant_atual = quant_atual - 1 where id = 362; 
update estoque_total set total = total - 1 where medicamento_id = 362; 

insert into venda values (1478, '2023-06-17 11:53:09', 135.49, null, null); 
insert into itens_venda values (default, 1478, 501, 501, 1, 0.40, 22.69); 
update estoque set quant_venda = quant_venda + 1, quant_atual = quant_atual - 1 where id = 501; 
update estoque_total set total = total - 1 where medicamento_id = 501; 
insert into itens_venda values (default, 1478, 351, 351, 2, 0.40, 43.20); 
update estoque set quant_venda = quant_venda + 2, quant_atual = quant_atual - 2 where id = 351; 
update estoque_total set total = total - 2 where medicamento_id = 351; 
insert into itens_venda values (default, 1478, 458, 458, 2, 2.80, 69.60); 
update estoque set quant_venda = quant_venda + 2, quant_atual = quant_atual - 2 where id = 458; 
update estoque_total set total = total - 2 where medicamento_id = 458; 

insert into venda values (1479, '2023-06-17 12:21:59', 159.77, 14, null); 
insert into itens_venda values (default, 1479, 283, 283, 1, 3.60, 48.30); 
update estoque set quant_venda = quant_venda + 1, quant_atual = quant_atual - 1 where id = 283; 
update estoque_total set total = total - 1 where medicamento_id = 283; 
insert into itens_venda values (default, 1479, 438, 438, 1, 0.00, 52.29); 
update estoque set quant_venda = quant_venda + 1, quant_atual = quant_atual - 1 where id = 438; 
update estoque_total set total = total - 1 where medicamento_id = 438; 
insert into itens_venda values (default, 1479, 343, 343, 2, 3.70, 59.18); 
update estoque set quant_venda = quant_venda + 2, quant_atual = quant_atual - 2 where id = 343; 
update estoque_total set total = total - 2 where medicamento_id = 343; 

insert into venda values (1480, '2023-06-17 12:23:37', 62.25, null, null); 
insert into itens_venda values (default, 1480, 258, 258, 1, 1.20, 62.25); 
update estoque set quant_venda = quant_venda + 1, quant_atual = quant_atual - 1 where id = 258; 
update estoque_total set total = total - 1 where medicamento_id = 258; 

insert into venda values (1481, '2023-06-17 12:56:15', 258.11, null, null); 
insert into itens_venda values (default, 1481, 278, 278, 2, 0.00, 70.08); 
update estoque set quant_venda = quant_venda + 2, quant_atual = quant_atual - 2 where id = 278; 
update estoque_total set total = total - 2 where medicamento_id = 278; 
insert into itens_venda values (default, 1481, 487, 487, 1, 0.00, 188.03); 
update estoque set quant_venda = quant_venda + 1, quant_atual = quant_atual - 1 where id = 487; 
update estoque_total set total = total - 1 where medicamento_id = 487; 

insert into venda values (1482, '2023-06-17 13:02:25', 29.60, 15, null); 
insert into itens_venda values (default, 1482, 376, 376, 2, 0.20, 29.60); 
update estoque set quant_venda = quant_venda + 2, quant_atual = quant_atual - 2 where id = 376; 
update estoque_total set total = total - 2 where medicamento_id = 376; 

insert into venda values (1483, '2023-06-17 14:18:49', 203.46, null, null); 
insert into itens_venda values (default, 1483, 114, 114, 2, 0.00, 89.28); 
update estoque set quant_venda = quant_venda + 2, quant_atual = quant_atual - 2 where id = 114; 
update estoque_total set total = total - 2 where medicamento_id = 114; 
insert into itens_venda values (default, 1483, 281, 281, 2, 0.00, 114.18); 
update estoque set quant_venda = quant_venda + 2, quant_atual = quant_atual - 2 where id = 281; 
update estoque_total set total = total - 2 where medicamento_id = 281; 

insert into venda values (1484, '2023-06-18 07:13:12', 18.94, 8, null); 
insert into itens_venda values (default, 1484, 449, 449, 1, 0.70, 18.94); 
update estoque set quant_venda = quant_venda + 1, quant_atual = quant_atual - 1 where id = 449; 
update estoque_total set total = total - 1 where medicamento_id = 449; 

insert into venda values (1485, '2023-06-18 07:28:25', 72.32, 9, null); 
insert into itens_venda values (default, 1485, 460, 460, 2, 3.00, 72.32); 
update estoque set quant_venda = quant_venda + 2, quant_atual = quant_atual - 2 where id = 460; 
update estoque_total set total = total - 2 where medicamento_id = 460; 

insert into venda values (1486, '2023-06-18 09:37:36', 153.70, null, null); 
insert into itens_venda values (default, 1486, 364, 364, 1, 0.60, 32.52); 
update estoque set quant_venda = quant_venda + 1, quant_atual = quant_atual - 1 where id = 364; 
update estoque_total set total = total - 1 where medicamento_id = 364; 
insert into itens_venda values (default, 1486, 466, 466, 1, 3.70, 121.18); 
update estoque set quant_venda = quant_venda + 1, quant_atual = quant_atual - 1 where id = 466; 
update estoque_total set total = total - 1 where medicamento_id = 466; 

insert into venda values (1487, '2023-06-18 09:48:58', 110.39, 13, null); 
insert into itens_venda values (default, 1487, 483, 483, 1, 3.00, 47.21); 
update estoque set quant_venda = quant_venda + 1, quant_atual = quant_atual - 1 where id = 483; 
update estoque_total set total = total - 1 where medicamento_id = 483; 
insert into itens_venda values (default, 1487, 471, 471, 2, 2.50, 33.28); 
update estoque set quant_venda = quant_venda + 2, quant_atual = quant_atual - 2 where id = 471; 
update estoque_total set total = total - 2 where medicamento_id = 471; 
insert into itens_venda values (default, 1487, 292, 292, 3, 2.20, 29.90); 
update estoque set quant_venda = quant_venda + 3, quant_atual = quant_atual - 3 where id = 292; 
update estoque_total set total = total - 3 where medicamento_id = 292; 

insert into venda values (1488, '2023-06-18 09:55:42', 132.21, null, null); 
insert into itens_venda values (default, 1488, 501, 501, 1, 0.00, 23.09); 
update estoque set quant_venda = quant_venda + 1, quant_atual = quant_atual - 1 where id = 501; 
update estoque_total set total = total - 1 where medicamento_id = 501; 
insert into itens_venda values (default, 1488, 304, 304, 2, 0.00, 54.92); 
update estoque set quant_venda = quant_venda + 2, quant_atual = quant_atual - 2 where id = 304; 
update estoque_total set total = total - 2 where medicamento_id = 304; 
insert into itens_venda values (default, 1488, 418, 418, 2, 1.10, 54.20); 
update estoque set quant_venda = quant_venda + 2, quant_atual = quant_atual - 2 where id = 418; 
update estoque_total set total = total - 2 where medicamento_id = 418; 

insert into venda values (1489, '2023-06-18 10:56:01', 9.19, null, null); 
insert into itens_venda values (default, 1489, 421, 421, 1, 0.00, 9.19); 
update estoque set quant_venda = quant_venda + 1, quant_atual = quant_atual - 1 where id = 421; 
update estoque_total set total = total - 1 where medicamento_id = 421; 

insert into venda values (1490, '2023-06-18 13:27:08', 78.54, null, null); 
insert into itens_venda values (default, 1490, 437, 437, 3, 0.00, 78.54); 
update estoque set quant_venda = quant_venda + 3, quant_atual = quant_atual - 3 where id = 437; 
update estoque_total set total = total - 3 where medicamento_id = 437; 

insert into venda values (1491, '2023-06-19 06:56:08', 66.08, 3, null); 
insert into itens_venda values (default, 1491, 504, 504, 1, 0.10, 6.65); 
update estoque set quant_venda = quant_venda + 1, quant_atual = quant_atual - 1 where id = 504; 
update estoque_total set total = total - 1 where medicamento_id = 504; 
insert into itens_venda values (default, 1491, 375, 375, 3, 0.00, 59.43); 
update estoque set quant_venda = quant_venda + 3, quant_atual = quant_atual - 3 where id = 375; 
update estoque_total set total = total - 3 where medicamento_id = 375; 

insert into venda values (1492, '2023-06-19 08:11:55', 214.66, 1, null); 
insert into itens_venda values (default, 1492, 348, 348, 3, 6.30, 64.17); 
update estoque set quant_venda = quant_venda + 3, quant_atual = quant_atual - 3 where id = 348; 
update estoque_total set total = total - 3 where medicamento_id = 348; 
insert into itens_venda values (default, 1492, 154, 154, 2, 8.20, 129.10); 
update estoque set quant_venda = quant_venda + 2, quant_atual = quant_atual - 2 where id = 154; 
update estoque_total set total = total - 2 where medicamento_id = 154; 
insert into itens_venda values (default, 1492, 348, 348, 1, 2.10, 21.39); 
update estoque set quant_venda = quant_venda + 1, quant_atual = quant_atual - 1 where id = 348; 
update estoque_total set total = total - 1 where medicamento_id = 348; 

insert into venda values (1493, '2023-06-19 08:26:59', 179.92, 17, null); 
insert into itens_venda values (default, 1493, 153, 153, 1, 4.90, 76.91); 
update estoque set quant_venda = quant_venda + 1, quant_atual = quant_atual - 1 where id = 153; 
update estoque_total set total = total - 1 where medicamento_id = 153; 
insert into itens_venda values (default, 1493, 250, 250, 1, 6.10, 82.25); 
update estoque set quant_venda = quant_venda + 1, quant_atual = quant_atual - 1 where id = 250; 
update estoque_total set total = total - 1 where medicamento_id = 250; 
insert into itens_venda values (default, 1493, 495, 495, 2, 0.60, 20.76); 
update estoque set quant_venda = quant_venda + 2, quant_atual = quant_atual - 2 where id = 495; 
update estoque_total set total = total - 2 where medicamento_id = 495; 

insert into venda values (1494, '2023-06-19 08:38:18', 175.82, null, null); 
insert into itens_venda values (default, 1494, 400, 400, 1, 4.00, 132.20); 
update estoque set quant_venda = quant_venda + 1, quant_atual = quant_atual - 1 where id = 400; 
update estoque_total set total = total - 1 where medicamento_id = 400; 
insert into itens_venda values (default, 1494, 502, 502, 2, 0.00, 43.62); 
update estoque set quant_venda = quant_venda + 2, quant_atual = quant_atual - 2 where id = 502; 
update estoque_total set total = total - 2 where medicamento_id = 502; 

insert into venda values (1495, '2023-06-19 08:47:38', 382.64, null, null); 
insert into itens_venda values (default, 1495, 415, 415, 1, 0.00, 153.62); 
update estoque set quant_venda = quant_venda + 1, quant_atual = quant_atual - 1 where id = 415; 
update estoque_total set total = total - 1 where medicamento_id = 415; 
insert into itens_venda values (default, 1495, 400, 400, 1, 1.30, 134.90); 
update estoque set quant_venda = quant_venda + 1, quant_atual = quant_atual - 1 where id = 400; 
update estoque_total set total = total - 1 where medicamento_id = 400; 
insert into itens_venda values (default, 1495, 435, 435, 1, 3.90, 94.12); 
update estoque set quant_venda = quant_venda + 1, quant_atual = quant_atual - 1 where id = 435; 
update estoque_total set total = total - 1 where medicamento_id = 435; 

insert into venda values (1496, '2023-06-19 09:33:09', 491.27, null, 22); 
insert into itens_venda values (default, 1496, 464, 464, 2, 2.50, 62.40); 
update estoque set quant_venda = quant_venda + 2, quant_atual = quant_atual - 2 where id = 464; 
update estoque_total set total = total - 2 where medicamento_id = 464; 
insert into itens_venda values (default, 1496, 78, 78, 1, 3.70, 183.87); 
update estoque set quant_venda = quant_venda + 1, quant_atual = quant_atual - 1 where id = 78; 
update estoque_total set total = total - 1 where medicamento_id = 78; 
insert into itens_venda values (default, 1496, 300, 300, 1, 5.00, 245.00); 
update estoque set quant_venda = quant_venda + 1, quant_atual = quant_atual - 1 where id = 300; 
update estoque_total set total = total - 1 where medicamento_id = 300; 

insert into venda values (1497, '2023-06-19 10:20:23', 224.41, 7, null); 
insert into itens_venda values (default, 1497, 418, 418, 1, 1.60, 26.05); 
update estoque set quant_venda = quant_venda + 1, quant_atual = quant_atual - 1 where id = 418; 
update estoque_total set total = total - 1 where medicamento_id = 418; 
insert into itens_venda values (default, 1497, 320, 320, 1, 10.40, 198.36); 
update estoque set quant_venda = quant_venda + 1, quant_atual = quant_atual - 1 where id = 320; 
update estoque_total set total = total - 1 where medicamento_id = 320; 

insert into venda values (1498, '2023-06-19 10:45:06', 303.96, null, null); 
insert into itens_venda values (default, 1498, 465, 465, 1, 2.40, 119.82); 
update estoque set quant_venda = quant_venda + 1, quant_atual = quant_atual - 1 where id = 465; 
update estoque_total set total = total - 1 where medicamento_id = 465; 
insert into itens_venda values (default, 1498, 282, 282, 2, 3.20, 104.08); 
update estoque set quant_venda = quant_venda + 2, quant_atual = quant_atual - 2 where id = 282; 
update estoque_total set total = total - 2 where medicamento_id = 282; 
insert into itens_venda values (default, 1498, 353, 353, 2, 3.30, 80.06); 
update estoque set quant_venda = quant_venda + 2, quant_atual = quant_atual - 2 where id = 353; 
update estoque_total set total = total - 2 where medicamento_id = 353; 

insert into venda values (1499, '2023-06-19 11:46:49', 135.40, 11, null); 
insert into itens_venda values (default, 1499, 349, 349, 2, 3.10, 59.18); 
update estoque set quant_venda = quant_venda + 2, quant_atual = quant_atual - 2 where id = 349; 
update estoque_total set total = total - 2 where medicamento_id = 349; 
insert into itens_venda values (default, 1499, 456, 456, 2, 0.70, 76.22); 
update estoque set quant_venda = quant_venda + 2, quant_atual = quant_atual - 2 where id = 456; 
update estoque_total set total = total - 2 where medicamento_id = 456; 

insert into venda values (1500, '2023-06-19 12:42:02', 16.23, 4, null); 
insert into itens_venda values (default, 1500, 377, 377, 1, 0.50, 16.23); 
update estoque set quant_venda = quant_venda + 1, quant_atual = quant_atual - 1 where id = 377; 
update estoque_total set total = total - 1 where medicamento_id = 377; 

insert into venda values (1501, '2023-06-19 13:12:31', 37.86, null, null); 
insert into itens_venda values (default, 1501, 462, 462, 2, 0.00, 37.86); 
update estoque set quant_venda = quant_venda + 2, quant_atual = quant_atual - 2 where id = 462; 
update estoque_total set total = total - 2 where medicamento_id = 462; 

insert into venda values (1502, '2023-06-19 13:54:00', 108.36, null, null); 
insert into itens_venda values (default, 1502, 462, 462, 2, 0.00, 37.86); 
update estoque set quant_venda = quant_venda + 2, quant_atual = quant_atual - 2 where id = 462; 
update estoque_total set total = total - 2 where medicamento_id = 462; 
insert into itens_venda values (default, 1502, 344, 344, 2, 0.00, 70.50); 
update estoque set quant_venda = quant_venda + 2, quant_atual = quant_atual - 2 where id = 344; 
update estoque_total set total = total - 2 where medicamento_id = 344; 

insert into venda values (1503, '2023-06-20 06:19:43', 158.07, 5, null); 
insert into itens_venda values (default, 1503, 119, 119, 1, 1.50, 153.47); 
update estoque set quant_venda = quant_venda + 1, quant_atual = quant_atual - 1 where id = 119; 
update estoque_total set total = total - 1 where medicamento_id = 119; 
insert into itens_venda values (default, 1503, 432, 432, 1, 0.10, 4.60); 
update estoque set quant_venda = quant_venda + 1, quant_atual = quant_atual - 1 where id = 432; 
update estoque_total set total = total - 1 where medicamento_id = 432; 

insert into venda values (1504, '2023-06-20 06:24:45', 320.66, null, null); 
insert into itens_venda values (default, 1504, 309, 309, 3, 0.80, 41.20); 
update estoque set quant_venda = quant_venda + 3, quant_atual = quant_atual - 3 where id = 309; 
update estoque_total set total = total - 3 where medicamento_id = 309; 
insert into itens_venda values (default, 1504, 489, 489, 1, 1.70, 42.29); 
update estoque set quant_venda = quant_venda + 1, quant_atual = quant_atual - 1 where id = 489; 
update estoque_total set total = total - 1 where medicamento_id = 489; 
insert into itens_venda values (default, 1504, 77, 77, 1, 0.00, 237.17); 
update estoque set quant_venda = quant_venda + 1, quant_atual = quant_atual - 1 where id = 77; 
update estoque_total set total = total - 1 where medicamento_id = 77; 

insert into venda values (1505, '2023-06-20 07:06:28', 26.06, null, null); 
insert into itens_venda values (default, 1505, 345, 345, 1, 0.00, 26.06); 
update estoque set quant_venda = quant_venda + 1, quant_atual = quant_atual - 1 where id = 345; 
update estoque_total set total = total - 1 where medicamento_id = 345; 

insert into venda values (1506, '2023-06-20 07:37:15', 367.64, null, null); 
insert into itens_venda values (default, 1506, 322, 322, 3, 3.30, 81.06); 
update estoque set quant_venda = quant_venda + 3, quant_atual = quant_atual - 3 where id = 322; 
update estoque_total set total = total - 3 where medicamento_id = 322; 
insert into itens_venda values (default, 1506, 370, 370, 1, 9.40, 227.94); 
update estoque set quant_venda = quant_venda + 1, quant_atual = quant_atual - 1 where id = 370; 
update estoque_total set total = total - 1 where medicamento_id = 370; 
insert into itens_venda values (default, 1506, 472, 472, 2, 0.00, 58.64); 
update estoque set quant_venda = quant_venda + 2, quant_atual = quant_atual - 2 where id = 472; 
update estoque_total set total = total - 2 where medicamento_id = 472; 

insert into venda values (1507, '2023-06-20 08:28:02', 327.24, null, null); 
insert into itens_venda values (default, 1507, 176, 176, 1, 13.60, 327.24); 
update estoque set quant_venda = quant_venda + 1, quant_atual = quant_atual - 1 where id = 176; 
update estoque_total set total = total - 1 where medicamento_id = 176; 

insert into venda values (1508, '2023-06-20 09:06:36', 141.50, null, 22); 
insert into itens_venda values (default, 1508, 86, 86, 1, 2.80, 141.50); 
update estoque set quant_venda = quant_venda + 1, quant_atual = quant_atual - 1 where id = 86; 
update estoque_total set total = total - 1 where medicamento_id = 86; 

insert into venda values (1509, '2023-06-20 09:28:06', 168.81, null, null); 
insert into itens_venda values (default, 1509, 438, 438, 1, 0.00, 52.29); 
update estoque set quant_venda = quant_venda + 1, quant_atual = quant_atual - 1 where id = 438; 
update estoque_total set total = total - 1 where medicamento_id = 438; 
insert into itens_venda values (default, 1509, 103, 103, 1, 2.30, 116.52); 
update estoque set quant_venda = quant_venda + 1, quant_atual = quant_atual - 1 where id = 103; 
update estoque_total set total = total - 1 where medicamento_id = 103; 

insert into venda values (1510, '2023-06-20 10:18:40', 289.36, 4, null); 
insert into itens_venda values (default, 1510, 404, 404, 2, 0.60, 31.80); 
update estoque set quant_venda = quant_venda + 2, quant_atual = quant_atual - 2 where id = 404; 
update estoque_total set total = total - 2 where medicamento_id = 404; 
insert into itens_venda values (default, 1510, 275, 275, 2, 8.30, 159.14); 
update estoque set quant_venda = quant_venda + 2, quant_atual = quant_atual - 2 where id = 275; 
update estoque_total set total = total - 2 where medicamento_id = 275; 
insert into itens_venda values (default, 1510, 483, 483, 2, 2.00, 98.42); 
update estoque set quant_venda = quant_venda + 2, quant_atual = quant_atual - 2 where id = 483; 
update estoque_total set total = total - 2 where medicamento_id = 483; 

insert into venda values (1511, '2023-06-20 10:41:21', 46.37, 18, null); 
insert into itens_venda values (default, 1511, 485, 485, 3, 1.90, 46.37); 
update estoque set quant_venda = quant_venda + 3, quant_atual = quant_atual - 3 where id = 485; 
update estoque_total set total = total - 3 where medicamento_id = 485; 

insert into venda values (1512, '2023-06-20 11:08:33', 39.27, 20, null); 
insert into itens_venda values (default, 1512, 395, 395, 1, 2.00, 39.27); 
update estoque set quant_venda = quant_venda + 1, quant_atual = quant_atual - 1 where id = 395; 
update estoque_total set total = total - 1 where medicamento_id = 395; 

insert into venda values (1513, '2023-06-20 11:49:03', 98.03, 11, null); 
insert into itens_venda values (default, 1513, 280, 280, 1, 6.20, 98.03); 
update estoque set quant_venda = quant_venda + 1, quant_atual = quant_atual - 1 where id = 280; 
update estoque_total set total = total - 1 where medicamento_id = 280; 

insert into venda values (1514, '2023-06-20 12:16:19', 72.09, null, null); 
insert into itens_venda values (default, 1514, 440, 440, 1, 0.00, 39.41); 
update estoque set quant_venda = quant_venda + 1, quant_atual = quant_atual - 1 where id = 440; 
update estoque_total set total = total - 1 where medicamento_id = 440; 
insert into itens_venda values (default, 1514, 288, 288, 2, 0.00, 32.68); 
update estoque set quant_venda = quant_venda + 2, quant_atual = quant_atual - 2 where id = 288; 
update estoque_total set total = total - 2 where medicamento_id = 288; 

insert into venda values (1515, '2023-06-21 08:45:18', 27.83, null, null); 
insert into itens_venda values (default, 1515, 394, 394, 1, 0.80, 27.83); 
update estoque set quant_venda = quant_venda + 1, quant_atual = quant_atual - 1 where id = 394; 
update estoque_total set total = total - 1 where medicamento_id = 394; 

insert into venda values (1516, '2023-06-21 10:07:20', 144.80, null, null); 
insert into itens_venda values (default, 1516, 376, 376, 3, 0.00, 44.70); 
update estoque set quant_venda = quant_venda + 3, quant_atual = quant_atual - 3 where id = 376; 
update estoque_total set total = total - 3 where medicamento_id = 376; 
insert into itens_venda values (default, 1516, 489, 489, 2, 2.60, 85.38); 
update estoque set quant_venda = quant_venda + 2, quant_atual = quant_atual - 2 where id = 489; 
update estoque_total set total = total - 2 where medicamento_id = 489; 
insert into itens_venda values (default, 1516, 493, 493, 2, 0.40, 14.72); 
update estoque set quant_venda = quant_venda + 2, quant_atual = quant_atual - 2 where id = 493; 
update estoque_total set total = total - 2 where medicamento_id = 493; 

insert into venda values (1517, '2023-06-21 12:13:13', 292.24, 16, 24); 
insert into itens_venda values (default, 1517, 338, 338, 2, 17.40, 175.98); 
update estoque set quant_venda = quant_venda + 2, quant_atual = quant_atual - 2 where id = 338; 
update estoque_total set total = total - 2 where medicamento_id = 338; 
insert into itens_venda values (default, 1517, 363, 363, 1, 2.80, 69.24); 
update estoque set quant_venda = quant_venda + 1, quant_atual = quant_atual - 1 where id = 363; 
update estoque_total set total = total - 1 where medicamento_id = 363; 
insert into itens_venda values (default, 1517, 430, 430, 2, 2.40, 47.02); 
update estoque set quant_venda = quant_venda + 2, quant_atual = quant_atual - 2 where id = 430; 
update estoque_total set total = total - 2 where medicamento_id = 430; 

insert into venda values (1518, '2023-06-21 12:18:33', 180.38, 20, null); 
insert into itens_venda values (default, 1518, 489, 489, 2, 7.00, 80.98); 
update estoque set quant_venda = quant_venda + 2, quant_atual = quant_atual - 2 where id = 489; 
update estoque_total set total = total - 2 where medicamento_id = 489; 
insert into itens_venda values (default, 1518, 368, 368, 1, 0.30, 15.48); 
update estoque set quant_venda = quant_venda + 1, quant_atual = quant_atual - 1 where id = 368; 
update estoque_total set total = total - 1 where medicamento_id = 368; 
insert into itens_venda values (default, 1518, 337, 337, 2, 6.30, 83.92); 
update estoque set quant_venda = quant_venda + 2, quant_atual = quant_atual - 2 where id = 337; 
update estoque_total set total = total - 2 where medicamento_id = 337; 

insert into venda values (1519, '2023-06-21 14:31:08', 316.77, null, 25); 
insert into itens_venda values (default, 1519, 483, 483, 2, 4.00, 96.42); 
update estoque set quant_venda = quant_venda + 2, quant_atual = quant_atual - 2 where id = 483; 
update estoque_total set total = total - 2 where medicamento_id = 483; 
insert into itens_venda values (default, 1519, 51, 51, 2, 0.00, 143.06); 
update estoque set quant_venda = quant_venda + 2, quant_atual = quant_atual - 2 where id = 51; 
update estoque_total set total = total - 2 where medicamento_id = 51; 
insert into itens_venda values (default, 1519, 447, 447, 3, 2.30, 77.29); 
update estoque set quant_venda = quant_venda + 3, quant_atual = quant_atual - 3 where id = 447; 
update estoque_total set total = total - 3 where medicamento_id = 447; 

insert into venda values (1520, '2023-06-21 17:12:57', 29.19, null, null); 
insert into itens_venda values (default, 1520, 496, 496, 1, 0.00, 7.37); 
update estoque set quant_venda = quant_venda + 1, quant_atual = quant_atual - 1 where id = 496; 
update estoque_total set total = total - 1 where medicamento_id = 496; 
insert into itens_venda values (default, 1520, 450, 450, 1, 0.20, 21.82); 
update estoque set quant_venda = quant_venda + 1, quant_atual = quant_atual - 1 where id = 450; 
update estoque_total set total = total - 1 where medicamento_id = 450; 

insert into venda values (1521, '2023-06-21 19:43:05', 157.89, 13, null); 
insert into itens_venda values (default, 1521, 471, 471, 3, 4.20, 49.47); 
update estoque set quant_venda = quant_venda + 3, quant_atual = quant_atual - 3 where id = 471; 
update estoque_total set total = total - 3 where medicamento_id = 471; 
insert into itens_venda values (default, 1521, 437, 437, 2, 4.70, 47.66); 
update estoque set quant_venda = quant_venda + 2, quant_atual = quant_atual - 2 where id = 437; 
update estoque_total set total = total - 2 where medicamento_id = 437; 
insert into itens_venda values (default, 1521, 240, 240, 2, 0.60, 60.76); 
update estoque set quant_venda = quant_venda + 2, quant_atual = quant_atual - 2 where id = 240; 
update estoque_total set total = total - 2 where medicamento_id = 240; 

insert into venda values (1522, '2023-06-22 08:41:02', 92.42, 19, null); 
insert into itens_venda values (default, 1522, 483, 483, 2, 8.00, 92.42); 
update estoque set quant_venda = quant_venda + 2, quant_atual = quant_atual - 2 where id = 483; 
update estoque_total set total = total - 2 where medicamento_id = 483; 

insert into venda values (1523, '2023-06-22 10:25:56', 41.95, null, null); 
insert into itens_venda values (default, 1523, 321, 321, 1, 0.80, 27.25); 
update estoque set quant_venda = quant_venda + 1, quant_atual = quant_atual - 1 where id = 321; 
update estoque_total set total = total - 1 where medicamento_id = 321; 
insert into itens_venda values (default, 1523, 376, 376, 1, 0.20, 14.70); 
update estoque set quant_venda = quant_venda + 1, quant_atual = quant_atual - 1 where id = 376; 
update estoque_total set total = total - 1 where medicamento_id = 376; 

insert into venda values (1524, '2023-06-23 07:03:45', 270.29, 5, 21); 
insert into itens_venda values (default, 1524, 182, 182, 1, 4.60, 47.31); 
update estoque set quant_venda = quant_venda + 1, quant_atual = quant_atual - 1 where id = 182; 
update estoque_total set total = total - 1 where medicamento_id = 182; 
insert into itens_venda values (default, 1524, 437, 437, 3, 4.70, 73.84); 
update estoque set quant_venda = quant_venda + 3, quant_atual = quant_atual - 3 where id = 437; 
update estoque_total set total = total - 3 where medicamento_id = 437; 
insert into itens_venda values (default, 1524, 260, 260, 2, 3.00, 149.14); 
update estoque set quant_venda = quant_venda + 2, quant_atual = quant_atual - 2 where id = 260; 
update estoque_total set total = total - 2 where medicamento_id = 260; 

insert into venda values (1525, '2023-06-23 08:25:38', 199.29, null, 22); 
insert into itens_venda values (default, 1525, 280, 280, 1, 1.00, 103.23); 
update estoque set quant_venda = quant_venda + 1, quant_atual = quant_atual - 1 where id = 280; 
update estoque_total set total = total - 1 where medicamento_id = 280; 
insert into itens_venda values (default, 1525, 477, 477, 1, 0.00, 65.04); 
update estoque set quant_venda = quant_venda + 1, quant_atual = quant_atual - 1 where id = 477; 
update estoque_total set total = total - 1 where medicamento_id = 477; 
insert into itens_venda values (default, 1525, 290, 290, 1, 0.00, 31.02); 
update estoque set quant_venda = quant_venda + 1, quant_atual = quant_atual - 1 where id = 290; 
update estoque_total set total = total - 1 where medicamento_id = 290; 

insert into venda values (1526, '2023-06-23 08:39:31', 273.20, 13, null); 
insert into itens_venda values (default, 1526, 128, 128, 2, 4.70, 153.18); 
update estoque set quant_venda = quant_venda + 2, quant_atual = quant_atual - 2 where id = 128; 
update estoque_total set total = total - 2 where medicamento_id = 128; 
insert into itens_venda values (default, 1526, 446, 446, 1, 11.80, 120.02); 
update estoque set quant_venda = quant_venda + 1, quant_atual = quant_atual - 1 where id = 446; 
update estoque_total set total = total - 1 where medicamento_id = 446; 

insert into venda values (1527, '2023-06-23 09:25:05', 257.29, 17, 25); 
insert into itens_venda values (default, 1527, 201, 201, 1, 0.70, 35.04); 
update estoque set quant_venda = quant_venda + 1, quant_atual = quant_atual - 1 where id = 201; 
update estoque_total set total = total - 1 where medicamento_id = 201; 
insert into itens_venda values (default, 1527, 146, 146, 1, 4.80, 157.78); 
update estoque set quant_venda = quant_venda + 1, quant_atual = quant_atual - 1 where id = 146; 
update estoque_total set total = total - 1 where medicamento_id = 146; 
insert into itens_venda values (default, 1527, 385, 385, 3, 0.00, 64.47); 
update estoque set quant_venda = quant_venda + 3, quant_atual = quant_atual - 3 where id = 385; 
update estoque_total set total = total - 3 where medicamento_id = 385; 

insert into venda values (1528, '2023-06-23 10:27:34', 588.32, 17, 23); 
insert into itens_venda values (default, 1528, 488, 488, 2, 8.80, 89.66); 
update estoque set quant_venda = quant_venda + 2, quant_atual = quant_atual - 2 where id = 488; 
update estoque_total set total = total - 2 where medicamento_id = 488; 
insert into itens_venda values (default, 1528, 396, 396, 1, 23.80, 317.50); 
update estoque set quant_venda = quant_venda + 1, quant_atual = quant_atual - 1 where id = 396; 
update estoque_total set total = total - 1 where medicamento_id = 396; 
insert into itens_venda values (default, 1528, 359, 359, 2, 0.00, 181.16); 
update estoque set quant_venda = quant_venda + 2, quant_atual = quant_atual - 2 where id = 359; 
update estoque_total set total = total - 2 where medicamento_id = 359; 

insert into venda values (1529, '2023-06-23 11:46:40', 91.53, null, null); 
insert into itens_venda values (default, 1529, 409, 409, 1, 0.20, 24.25); 
update estoque set quant_venda = quant_venda + 1, quant_atual = quant_atual - 1 where id = 409; 
update estoque_total set total = total - 1 where medicamento_id = 409; 
insert into itens_venda values (default, 1529, 401, 401, 2, 0.00, 67.28); 
update estoque set quant_venda = quant_venda + 2, quant_atual = quant_atual - 2 where id = 401; 
update estoque_total set total = total - 2 where medicamento_id = 401; 

insert into venda values (1530, '2023-06-23 12:03:42', 95.79, 11, 25); 
insert into itens_venda values (default, 1530, 338, 338, 1, 0.90, 95.79); 
update estoque set quant_venda = quant_venda + 1, quant_atual = quant_atual - 1 where id = 338; 
update estoque_total set total = total - 1 where medicamento_id = 338; 

insert into venda values (1531, '2023-06-23 12:28:02', 36.47, 13, null); 
insert into itens_venda values (default, 1531, 496, 496, 1, 0.40, 6.97); 
update estoque set quant_venda = quant_venda + 1, quant_atual = quant_atual - 1 where id = 496; 
update estoque_total set total = total - 1 where medicamento_id = 496; 
insert into itens_venda values (default, 1531, 389, 389, 1, 2.90, 29.50); 
update estoque set quant_venda = quant_venda + 1, quant_atual = quant_atual - 1 where id = 389; 
update estoque_total set total = total - 1 where medicamento_id = 389; 

insert into venda values (1532, '2023-06-23 12:28:55', 130.70, 19, null); 
insert into itens_venda values (default, 1532, 398, 398, 3, 3.20, 43.42); 
update estoque set quant_venda = quant_venda + 3, quant_atual = quant_atual - 3 where id = 398; 
update estoque_total set total = total - 3 where medicamento_id = 398; 
insert into itens_venda values (default, 1532, 269, 269, 1, 0.70, 37.76); 
update estoque set quant_venda = quant_venda + 1, quant_atual = quant_atual - 1 where id = 269; 
update estoque_total set total = total - 1 where medicamento_id = 269; 
insert into itens_venda values (default, 1532, 345, 345, 2, 2.60, 49.52); 
update estoque set quant_venda = quant_venda + 2, quant_atual = quant_atual - 2 where id = 345; 
update estoque_total set total = total - 2 where medicamento_id = 345; 

insert into venda values (1533, '2023-06-24 07:41:54', 179.53, null, null); 
insert into itens_venda values (default, 1533, 393, 393, 3, 0.00, 73.56); 
update estoque set quant_venda = quant_venda + 3, quant_atual = quant_atual - 3 where id = 393; 
update estoque_total set total = total - 3 where medicamento_id = 393; 
insert into itens_venda values (default, 1533, 393, 393, 1, 0.00, 24.52); 
update estoque set quant_venda = quant_venda + 1, quant_atual = quant_atual - 1 where id = 393; 
update estoque_total set total = total - 1 where medicamento_id = 393; 
insert into itens_venda values (default, 1533, 433, 433, 3, 0.00, 81.45); 
update estoque set quant_venda = quant_venda + 3, quant_atual = quant_atual - 3 where id = 433; 
update estoque_total set total = total - 3 where medicamento_id = 433; 

insert into venda values (1534, '2023-06-24 08:34:36', 187.40, 9, null); 
insert into itens_venda values (default, 1534, 501, 501, 3, 1.30, 67.97); 
update estoque set quant_venda = quant_venda + 3, quant_atual = quant_atual - 3 where id = 501; 
update estoque_total set total = total - 3 where medicamento_id = 501; 
insert into itens_venda values (default, 1534, 388, 388, 2, 5.50, 73.72); 
update estoque set quant_venda = quant_venda + 2, quant_atual = quant_atual - 2 where id = 388; 
update estoque_total set total = total - 2 where medicamento_id = 388; 
insert into itens_venda values (default, 1534, 482, 482, 3, 3.40, 45.71); 
update estoque set quant_venda = quant_venda + 3, quant_atual = quant_atual - 3 where id = 482; 
update estoque_total set total = total - 3 where medicamento_id = 482; 

insert into venda values (1535, '2023-06-24 11:19:09', 147.74, 18, null); 
insert into itens_venda values (default, 1535, 416, 416, 3, 0.60, 67.68); 
update estoque set quant_venda = quant_venda + 3, quant_atual = quant_atual - 3 where id = 416; 
update estoque_total set total = total - 3 where medicamento_id = 416; 
insert into itens_venda values (default, 1535, 472, 472, 3, 7.90, 80.06); 
update estoque set quant_venda = quant_venda + 3, quant_atual = quant_atual - 3 where id = 472; 
update estoque_total set total = total - 3 where medicamento_id = 472; 

insert into venda values (1536, '2023-06-24 12:10:08', 273.95, null, 22); 
insert into itens_venda values (default, 1536, 97, 97, 1, 11.40, 273.95); 
update estoque set quant_venda = quant_venda + 1, quant_atual = quant_atual - 1 where id = 97; 
update estoque_total set total = total - 1 where medicamento_id = 97; 

insert into venda values (1537, '2023-06-25 07:58:22', 153.88, null, null); 
insert into itens_venda values (default, 1537, 443, 443, 3, 1.40, 68.80); 
update estoque set quant_venda = quant_venda + 3, quant_atual = quant_atual - 3 where id = 443; 
update estoque_total set total = total - 3 where medicamento_id = 443; 
insert into itens_venda values (default, 1537, 384, 384, 2, 2.60, 85.08); 
update estoque set quant_venda = quant_venda + 2, quant_atual = quant_atual - 2 where id = 384; 
update estoque_total set total = total - 2 where medicamento_id = 384; 

insert into venda values (1538, '2023-06-26 08:43:17', 100.90, null, null); 
insert into itens_venda values (default, 1538, 343, 343, 1, 0.00, 31.44); 
update estoque set quant_venda = quant_venda + 1, quant_atual = quant_atual - 1 where id = 343; 
update estoque_total set total = total - 1 where medicamento_id = 343; 
insert into itens_venda values (default, 1538, 498, 498, 2, 1.40, 69.46); 
update estoque set quant_venda = quant_venda + 2, quant_atual = quant_atual - 2 where id = 498; 
update estoque_total set total = total - 2 where medicamento_id = 498; 

insert into venda values (1539, '2023-06-26 09:59:10', 241.12, 4, null); 
insert into itens_venda values (default, 1539, 484, 484, 2, 2.60, 30.44); 
update estoque set quant_venda = quant_venda + 2, quant_atual = quant_atual - 2 where id = 484; 
update estoque_total set total = total - 2 where medicamento_id = 484; 
insert into itens_venda values (default, 1539, 407, 407, 2, 11.10, 128.56); 
update estoque set quant_venda = quant_venda + 2, quant_atual = quant_atual - 2 where id = 407; 
update estoque_total set total = total - 2 where medicamento_id = 407; 
insert into itens_venda values (default, 1539, 413, 413, 1, 8.10, 82.12); 
update estoque set quant_venda = quant_venda + 1, quant_atual = quant_atual - 1 where id = 413; 
update estoque_total set total = total - 1 where medicamento_id = 413; 

insert into venda values (1540, '2023-06-26 11:49:18', 137.02, null, null); 
insert into itens_venda values (default, 1540, 315, 315, 1, 1.30, 32.58); 
update estoque set quant_venda = quant_venda + 1, quant_atual = quant_atual - 1 where id = 315; 
update estoque_total set total = total - 1 where medicamento_id = 315; 
insert into itens_venda values (default, 1540, 449, 449, 3, 0.00, 58.92); 
update estoque set quant_venda = quant_venda + 3, quant_atual = quant_atual - 3 where id = 449; 
update estoque_total set total = total - 3 where medicamento_id = 449; 
insert into itens_venda values (default, 1540, 416, 416, 2, 0.00, 45.52); 
update estoque set quant_venda = quant_venda + 2, quant_atual = quant_atual - 2 where id = 416; 
update estoque_total set total = total - 2 where medicamento_id = 416; 

insert into venda values (1541, '2023-06-26 12:26:21', 246.88, null, null); 
insert into itens_venda values (default, 1541, 318, 318, 2, 1.10, 110.68); 
update estoque set quant_venda = quant_venda + 2, quant_atual = quant_atual - 2 where id = 318; 
update estoque_total set total = total - 2 where medicamento_id = 318; 
insert into itens_venda values (default, 1541, 390, 390, 2, 0.70, 75.92); 
update estoque set quant_venda = quant_venda + 2, quant_atual = quant_atual - 2 where id = 390; 
update estoque_total set total = total - 2 where medicamento_id = 390; 
insert into itens_venda values (default, 1541, 328, 328, 2, 0.00, 60.28); 
update estoque set quant_venda = quant_venda + 2, quant_atual = quant_atual - 2 where id = 328; 
update estoque_total set total = total - 2 where medicamento_id = 328; 

insert into venda values (1542, '2023-06-27 07:03:27', 240.12, null, null); 
insert into itens_venda values (default, 1542, 411, 411, 2, 0.00, 144.34); 
update estoque set quant_venda = quant_venda + 2, quant_atual = quant_atual - 2 where id = 411; 
update estoque_total set total = total - 2 where medicamento_id = 411; 
insert into itens_venda values (default, 1542, 132, 132, 2, 2.90, 95.78); 
update estoque set quant_venda = quant_venda + 2, quant_atual = quant_atual - 2 where id = 132; 
update estoque_total set total = total - 2 where medicamento_id = 132; 

insert into venda values (1543, '2023-06-27 07:53:05', 86.33, 8, null); 
insert into itens_venda values (default, 1543, 505, 505, 2, 0.60, 67.08); 
update estoque set quant_venda = quant_venda + 2, quant_atual = quant_atual - 2 where id = 505; 
update estoque_total set total = total - 2 where medicamento_id = 505; 
insert into itens_venda values (default, 1543, 451, 451, 1, 0.00, 19.25); 
update estoque set quant_venda = quant_venda + 1, quant_atual = quant_atual - 1 where id = 451; 
update estoque_total set total = total - 1 where medicamento_id = 451; 

insert into venda values (1544, '2023-06-27 08:33:11', 234.69, 17, 22); 
insert into itens_venda values (default, 1544, 392, 392, 3, 0.00, 41.88); 
update estoque set quant_venda = quant_venda + 3, quant_atual = quant_atual - 3 where id = 392; 
update estoque_total set total = total - 3 where medicamento_id = 392; 
insert into itens_venda values (default, 1544, 423, 423, 3, 2.80, 45.17); 
update estoque set quant_venda = quant_venda + 3, quant_atual = quant_atual - 3 where id = 423; 
update estoque_total set total = total - 3 where medicamento_id = 423; 
insert into itens_venda values (default, 1544, 260, 260, 2, 4.50, 147.64); 
update estoque set quant_venda = quant_venda + 2, quant_atual = quant_atual - 2 where id = 260; 
update estoque_total set total = total - 2 where medicamento_id = 260; 

insert into venda values (1545, '2023-06-27 09:56:12', 152.13, null, null); 
insert into itens_venda values (default, 1545, 475, 475, 2, 0.00, 40.20); 
update estoque set quant_venda = quant_venda + 2, quant_atual = quant_atual - 2 where id = 475; 
update estoque_total set total = total - 2 where medicamento_id = 475; 
insert into itens_venda values (default, 1545, 408, 408, 1, 4.60, 111.93); 
update estoque set quant_venda = quant_venda + 1, quant_atual = quant_atual - 1 where id = 408; 
update estoque_total set total = total - 1 where medicamento_id = 408; 

insert into venda values (1546, '2023-06-27 10:23:16', 130.79, 4, null); 
insert into itens_venda values (default, 1546, 418, 418, 2, 4.90, 50.40); 
update estoque set quant_venda = quant_venda + 2, quant_atual = quant_atual - 2 where id = 418; 
update estoque_total set total = total - 2 where medicamento_id = 418; 
insert into itens_venda values (default, 1546, 492, 492, 1, 1.70, 42.63); 
update estoque set quant_venda = quant_venda + 1, quant_atual = quant_atual - 1 where id = 492; 
update estoque_total set total = total - 1 where medicamento_id = 492; 
insert into itens_venda values (default, 1546, 456, 456, 1, 0.70, 37.76); 
update estoque set quant_venda = quant_venda + 1, quant_atual = quant_atual - 1 where id = 456; 
update estoque_total set total = total - 1 where medicamento_id = 456; 

insert into venda values (1547, '2023-06-27 10:42:41', 157.72, 18, null); 
insert into itens_venda values (default, 1547, 442, 442, 2, 1.80, 44.28); 
update estoque set quant_venda = quant_venda + 2, quant_atual = quant_atual - 2 where id = 442; 
update estoque_total set total = total - 2 where medicamento_id = 442; 
insert into itens_venda values (default, 1547, 452, 452, 2, 5.90, 113.44); 
update estoque set quant_venda = quant_venda + 2, quant_atual = quant_atual - 2 where id = 452; 
update estoque_total set total = total - 2 where medicamento_id = 452; 

insert into venda values (1548, '2023-06-27 11:45:29', 15.43, 20, null); 
insert into itens_venda values (default, 1548, 377, 377, 1, 1.30, 15.43); 
update estoque set quant_venda = quant_venda + 1, quant_atual = quant_atual - 1 where id = 377; 
update estoque_total set total = total - 1 where medicamento_id = 377; 

insert into venda values (1549, '2023-06-27 11:50:09', 346.75, null, null); 
insert into itens_venda values (default, 1549, 352, 352, 1, 0.80, 26.14); 
update estoque set quant_venda = quant_venda + 1, quant_atual = quant_atual - 1 where id = 352; 
update estoque_total set total = total - 1 where medicamento_id = 352; 
insert into itens_venda values (default, 1549, 409, 409, 2, 1.90, 47.00); 
update estoque set quant_venda = quant_venda + 2, quant_atual = quant_atual - 2 where id = 409; 
update estoque_total set total = total - 2 where medicamento_id = 409; 
insert into itens_venda values (default, 1549, 272, 272, 1, 2.70, 273.61); 
update estoque set quant_venda = quant_venda + 1, quant_atual = quant_atual - 1 where id = 272; 
update estoque_total set total = total - 1 where medicamento_id = 272; 

insert into venda values (1550, '2023-06-27 12:58:56', 88.27, 5, 22); 
insert into itens_venda values (default, 1550, 406, 406, 2, 0.70, 13.70); 
update estoque set quant_venda = quant_venda + 2, quant_atual = quant_atual - 2 where id = 406; 
update estoque_total set total = total - 2 where medicamento_id = 406; 
insert into itens_venda values (default, 1550, 260, 260, 1, 1.50, 74.57); 
update estoque set quant_venda = quant_venda + 1, quant_atual = quant_atual - 1 where id = 260; 
update estoque_total set total = total - 1 where medicamento_id = 260; 

insert into venda values (1551, '2023-06-27 13:49:58', 512.40, 11, 21); 
insert into itens_venda values (default, 1551, 452, 452, 2, 4.70, 114.64); 
update estoque set quant_venda = quant_venda + 2, quant_atual = quant_atual - 2 where id = 452; 
update estoque_total set total = total - 2 where medicamento_id = 452; 
insert into itens_venda values (default, 1551, 388, 388, 1, 0.70, 38.91); 
update estoque set quant_venda = quant_venda + 1, quant_atual = quant_atual - 1 where id = 388; 
update estoque_total set total = total - 1 where medicamento_id = 388; 
insert into itens_venda values (default, 1551, 191, 191, 1, 3.60, 358.85); 
update estoque set quant_venda = quant_venda + 1, quant_atual = quant_atual - 1 where id = 191; 
update estoque_total set total = total - 1 where medicamento_id = 191; 

insert into venda values (1552, '2023-06-28 06:51:26', 46.76, 19, null); 
insert into itens_venda values (default, 1552, 379, 379, 2, 0.20, 25.16); 
update estoque set quant_venda = quant_venda + 2, quant_atual = quant_atual - 2 where id = 379; 
update estoque_total set total = total - 2 where medicamento_id = 379; 
insert into itens_venda values (default, 1552, 443, 443, 1, 1.80, 21.60); 
update estoque set quant_venda = quant_venda + 1, quant_atual = quant_atual - 1 where id = 443; 
update estoque_total set total = total - 1 where medicamento_id = 443; 

insert into venda values (1553, '2023-06-28 07:04:16', 357.95, 2, 22); 
insert into itens_venda values (default, 1553, 330, 330, 1, 2.40, 80.26); 
update estoque set quant_venda = quant_venda + 1, quant_atual = quant_atual - 1 where id = 330; 
update estoque_total set total = total - 1 where medicamento_id = 330; 
insert into itens_venda values (default, 1553, 488, 488, 2, 8.80, 89.66); 
update estoque set quant_venda = quant_venda + 2, quant_atual = quant_atual - 2 where id = 488; 
update estoque_total set total = total - 2 where medicamento_id = 488; 
insert into itens_venda values (default, 1553, 487, 487, 1, 0.00, 188.03); 
update estoque set quant_venda = quant_venda + 1, quant_atual = quant_atual - 1 where id = 487; 
update estoque_total set total = total - 1 where medicamento_id = 487; 

insert into venda values (1554, '2023-06-28 08:26:30', 184.24, null, null); 
insert into itens_venda values (default, 1554, 365, 365, 3, 0.00, 49.56); 
update estoque set quant_venda = quant_venda + 3, quant_atual = quant_atual - 3 where id = 365; 
update estoque_total set total = total - 3 where medicamento_id = 365; 
insert into itens_venda values (default, 1554, 497, 497, 2, 2.20, 73.00); 
update estoque set quant_venda = quant_venda + 2, quant_atual = quant_atual - 2 where id = 497; 
update estoque_total set total = total - 2 where medicamento_id = 497; 
insert into itens_venda values (default, 1554, 349, 349, 2, 0.60, 61.68); 
update estoque set quant_venda = quant_venda + 2, quant_atual = quant_atual - 2 where id = 349; 
update estoque_total set total = total - 2 where medicamento_id = 349; 

insert into venda values (1555, '2023-06-29 07:10:02', 562.86, null, null); 
insert into itens_venda values (default, 1555, 363, 363, 2, 4.30, 139.78); 
update estoque set quant_venda = quant_venda + 2, quant_atual = quant_atual - 2 where id = 363; 
update estoque_total set total = total - 2 where medicamento_id = 363; 
insert into itens_venda values (default, 1555, 478, 478, 2, 1.10, 113.94); 
update estoque set quant_venda = quant_venda + 2, quant_atual = quant_atual - 2 where id = 478; 
update estoque_total set total = total - 2 where medicamento_id = 478; 
insert into itens_venda values (default, 1555, 29, 29, 1, 0.00, 309.14); 
update estoque set quant_venda = quant_venda + 1, quant_atual = quant_atual - 1 where id = 29; 
update estoque_total set total = total - 1 where medicamento_id = 29; 

insert into venda values (1556, '2023-06-29 08:43:47', 20.60, 4, null); 
insert into itens_venda values (default, 1556, 406, 406, 3, 1.00, 20.60); 
update estoque set quant_venda = quant_venda + 3, quant_atual = quant_atual - 3 where id = 406; 
update estoque_total set total = total - 3 where medicamento_id = 406; 

insert into venda values (1557, '2023-06-29 11:13:56', 50.29, null, null); 
insert into itens_venda values (default, 1557, 438, 438, 1, 2.00, 50.29); 
update estoque set quant_venda = quant_venda + 1, quant_atual = quant_atual - 1 where id = 438; 
update estoque_total set total = total - 1 where medicamento_id = 438; 

insert into venda values (1558, '2023-06-29 12:02:32', 183.12, 3, null); 
insert into itens_venda values (default, 1558, 468, 468, 2, 3.50, 115.44); 
update estoque set quant_venda = quant_venda + 2, quant_atual = quant_atual - 2 where id = 468; 
update estoque_total set total = total - 2 where medicamento_id = 468; 
insert into itens_venda values (default, 1558, 505, 505, 2, 0.00, 67.68); 
update estoque set quant_venda = quant_venda + 2, quant_atual = quant_atual - 2 where id = 505; 
update estoque_total set total = total - 2 where medicamento_id = 505; 

insert into venda values (1559, '2023-06-30 06:03:26', 63.30, null, null); 
insert into itens_venda values (default, 1559, 393, 393, 2, 1.90, 47.14); 
update estoque set quant_venda = quant_venda + 2, quant_atual = quant_atual - 2 where id = 393; 
update estoque_total set total = total - 2 where medicamento_id = 393; 
insert into itens_venda values (default, 1559, 380, 380, 2, 0.30, 16.16); 
update estoque set quant_venda = quant_venda + 2, quant_atual = quant_atual - 2 where id = 380; 
update estoque_total set total = total - 2 where medicamento_id = 380; 

insert into venda values (1560, '2023-06-30 07:04:34', 183.57, null, null); 
insert into itens_venda values (default, 1560, 200, 200, 1, 3.60, 118.73); 
update estoque set quant_venda = quant_venda + 1, quant_atual = quant_atual - 1 where id = 200; 
update estoque_total set total = total - 1 where medicamento_id = 200; 
insert into itens_venda values (default, 1560, 379, 379, 3, 1.50, 36.54); 
update estoque set quant_venda = quant_venda + 3, quant_atual = quant_atual - 3 where id = 379; 
update estoque_total set total = total - 3 where medicamento_id = 379; 
insert into itens_venda values (default, 1560, 441, 441, 1, 0.20, 28.30); 
update estoque set quant_venda = quant_venda + 1, quant_atual = quant_atual - 1 where id = 441; 
update estoque_total set total = total - 1 where medicamento_id = 441; 

insert into venda values (1561, '2023-06-30 07:53:58', 72.89, null, null); 
insert into itens_venda values (default, 1561, 279, 279, 1, 0.50, 29.02); 
update estoque set quant_venda = quant_venda + 1, quant_atual = quant_atual - 1 where id = 279; 
update estoque_total set total = total - 1 where medicamento_id = 279; 
insert into itens_venda values (default, 1561, 138, 138, 1, 0.40, 43.87); 
update estoque set quant_venda = quant_venda + 1, quant_atual = quant_atual - 1 where id = 138; 
update estoque_total set total = total - 1 where medicamento_id = 138; 

insert into venda values (1562, '2023-06-30 08:23:06', 348.00, null, 24); 
insert into itens_venda values (default, 1562, 219, 219, 2, 3.70, 181.82); 
update estoque set quant_venda = quant_venda + 2, quant_atual = quant_atual - 2 where id = 219; 
update estoque_total set total = total - 2 where medicamento_id = 219; 
insert into itens_venda values (default, 1562, 314, 314, 2, 0.80, 41.18); 
update estoque set quant_venda = quant_venda + 2, quant_atual = quant_atual - 2 where id = 314; 
update estoque_total set total = total - 2 where medicamento_id = 314; 
insert into itens_venda values (default, 1562, 387, 387, 2, 5.20, 125.00); 
update estoque set quant_venda = quant_venda + 2, quant_atual = quant_atual - 2 where id = 387; 
update estoque_total set total = total - 2 where medicamento_id = 387; 

insert into venda values (1563, '2023-06-30 08:31:47', 304.96, null, null); 
insert into itens_venda values (default, 1563, 444, 444, 2, 6.00, 145.18); 
update estoque set quant_venda = quant_venda + 2, quant_atual = quant_atual - 2 where id = 444; 
update estoque_total set total = total - 2 where medicamento_id = 444; 
insert into itens_venda values (default, 1563, 256, 256, 2, 0.00, 159.78); 
update estoque set quant_venda = quant_venda + 2, quant_atual = quant_atual - 2 where id = 256; 
update estoque_total set total = total - 2 where medicamento_id = 256; 

insert into venda values (1564, '2023-06-30 09:23:51', 60.47, 17, null); 
insert into itens_venda values (default, 1564, 212, 212, 1, 1.80, 60.47); 
update estoque set quant_venda = quant_venda + 1, quant_atual = quant_atual - 1 where id = 212; 
update estoque_total set total = total - 1 where medicamento_id = 212; 

insert into venda values (1565, '2023-06-30 10:25:38', 75.92, null, null); 
insert into itens_venda values (default, 1565, 390, 390, 2, 0.70, 75.92); 
update estoque set quant_venda = quant_venda + 2, quant_atual = quant_atual - 2 where id = 390; 
update estoque_total set total = total - 2 where medicamento_id = 390; 

insert into venda values (1566, '2023-06-30 10:48:10', 127.58, null, 21); 
insert into itens_venda values (default, 1566, 489, 489, 1, 0.40, 43.59); 
update estoque set quant_venda = quant_venda + 1, quant_atual = quant_atual - 1 where id = 489; 
update estoque_total set total = total - 1 where medicamento_id = 489; 
insert into itens_venda values (default, 1566, 242, 242, 3, 0.00, 18.45); 
update estoque set quant_venda = quant_venda + 3, quant_atual = quant_atual - 3 where id = 242; 
update estoque_total set total = total - 3 where medicamento_id = 242; 
insert into itens_venda values (default, 1566, 125, 125, 1, 0.60, 65.54); 
update estoque set quant_venda = quant_venda + 1, quant_atual = quant_atual - 1 where id = 125; 
update estoque_total set total = total - 1 where medicamento_id = 125; 

insert into venda values (1567, '2023-06-30 11:17:30', 221.46, null, null); 
insert into itens_venda values (default, 1567, 235, 235, 2, 0.00, 107.24); 
update estoque set quant_venda = quant_venda + 2, quant_atual = quant_atual - 2 where id = 235; 
update estoque_total set total = total - 2 where medicamento_id = 235; 
insert into itens_venda values (default, 1567, 458, 458, 2, 0.70, 71.70); 
update estoque set quant_venda = quant_venda + 2, quant_atual = quant_atual - 2 where id = 458; 
update estoque_total set total = total - 2 where medicamento_id = 458; 
insert into itens_venda values (default, 1567, 417, 417, 3, 1.70, 42.52); 
update estoque set quant_venda = quant_venda + 3, quant_atual = quant_atual - 3 where id = 417; 
update estoque_total set total = total - 3 where medicamento_id = 417; 

insert into venda values (1568, '2023-06-30 11:56:16', 217.02, 16, null); 
insert into itens_venda values (default, 1568, 167, 167, 1, 2.10, 217.02); 
update estoque set quant_venda = quant_venda + 1, quant_atual = quant_atual - 1 where id = 167; 
update estoque_total set total = total - 1 where medicamento_id = 167; 

insert into venda values (1569, '2023-07-01 06:59:07', 376.60, 20, 21); 
insert into itens_venda values (default, 1569, 320, 320, 1, 16.70, 192.06); 
update estoque set quant_venda = quant_venda + 1, quant_atual = quant_atual - 1 where id = 320; 
update estoque_total set total = total - 1 where medicamento_id = 320; 
insert into itens_venda values (default, 1569, 276, 276, 2, 0.70, 71.50); 
update estoque set quant_venda = quant_venda + 2, quant_atual = quant_atual - 2 where id = 276; 
update estoque_total set total = total - 2 where medicamento_id = 276; 
insert into itens_venda values (default, 1569, 468, 468, 2, 5.90, 113.04); 
update estoque set quant_venda = quant_venda + 2, quant_atual = quant_atual - 2 where id = 468; 
update estoque_total set total = total - 2 where medicamento_id = 468; 

insert into venda values (1570, '2023-07-01 07:37:48', 53.70, null, null); 
insert into itens_venda values (default, 1570, 418, 418, 2, 1.60, 53.70); 
update estoque set quant_venda = quant_venda + 2, quant_atual = quant_atual - 2 where id = 418; 
update estoque_total set total = total - 2 where medicamento_id = 418; 

insert into venda values (1571, '2023-07-01 08:31:29', 156.60, 4, null); 
insert into itens_venda values (default, 1571, 313, 313, 2, 4.10, 78.98); 
update estoque set quant_venda = quant_venda + 2, quant_atual = quant_atual - 2 where id = 313; 
update estoque_total set total = total - 2 where medicamento_id = 313; 
insert into itens_venda values (default, 1571, 352, 352, 3, 3.20, 77.62); 
update estoque set quant_venda = quant_venda + 3, quant_atual = quant_atual - 3 where id = 352; 
update estoque_total set total = total - 3 where medicamento_id = 352; 

insert into venda values (1572, '2023-07-01 09:17:21', 559.88, 11, 24); 
insert into itens_venda values (default, 1572, 191, 191, 1, 7.20, 355.25); 
update estoque set quant_venda = quant_venda + 1, quant_atual = quant_atual - 1 where id = 191; 
update estoque_total set total = total - 1 where medicamento_id = 191; 
insert into itens_venda values (default, 1572, 330, 330, 2, 13.20, 152.12); 
update estoque set quant_venda = quant_venda + 2, quant_atual = quant_atual - 2 where id = 330; 
update estoque_total set total = total - 2 where medicamento_id = 330; 
insert into itens_venda values (default, 1572, 323, 323, 3, 0.50, 52.51); 
update estoque set quant_venda = quant_venda + 3, quant_atual = quant_atual - 3 where id = 323; 
update estoque_total set total = total - 3 where medicamento_id = 323; 

insert into venda values (1573, '2023-07-01 10:35:12', 92.44, 5, null); 
insert into itens_venda values (default, 1573, 66, 66, 2, 8.00, 92.44); 
update estoque set quant_venda = quant_venda + 2, quant_atual = quant_atual - 2 where id = 66; 
update estoque_total set total = total - 2 where medicamento_id = 66; 
insert into estoque values (default, 66, 'lote 718080', '2023-07-01', '2023-12-28', 36.33, 10, 0, 10); 
update estoque_total set total = total + 10 where medicamento_id = 66; 

insert into venda values (1574, '2023-07-01 11:06:29', 356.88, null, null); 
insert into itens_venda values (default, 1574, 140, 140, 1, 1.50, 154.09); 
update estoque set quant_venda = quant_venda + 1, quant_atual = quant_atual - 1 where id = 140; 
update estoque_total set total = total - 1 where medicamento_id = 140; 
insert into itens_venda values (default, 1574, 408, 408, 1, 0.00, 116.53); 
update estoque set quant_venda = quant_venda + 1, quant_atual = quant_atual - 1 where id = 408; 
update estoque_total set total = total - 1 where medicamento_id = 408; 
insert into itens_venda values (default, 1574, 472, 472, 3, 1.70, 86.26); 
update estoque set quant_venda = quant_venda + 3, quant_atual = quant_atual - 3 where id = 472; 
update estoque_total set total = total - 3 where medicamento_id = 472; 

insert into venda values (1575, '2023-07-01 12:03:23', 30.08, 10, null); 
insert into itens_venda values (default, 1575, 448, 448, 2, 2.90, 30.08); 
update estoque set quant_venda = quant_venda + 2, quant_atual = quant_atual - 2 where id = 448; 
update estoque_total set total = total - 2 where medicamento_id = 448; 

insert into venda values (1576, '2023-07-01 12:54:08', 103.75, null, null); 
insert into itens_venda values (default, 1576, 388, 388, 2, 1.50, 77.72); 
update estoque set quant_venda = quant_venda + 2, quant_atual = quant_atual - 2 where id = 388; 
update estoque_total set total = total - 2 where medicamento_id = 388; 
insert into itens_venda values (default, 1576, 447, 447, 1, 0.50, 26.03); 
update estoque set quant_venda = quant_venda + 1, quant_atual = quant_atual - 1 where id = 447; 
update estoque_total set total = total - 1 where medicamento_id = 447; 

insert into venda values (1577, '2023-07-01 13:25:21', 88.60, null, 25); 
insert into itens_venda values (default, 1577, 317, 317, 1, 1.80, 88.60); 
update estoque set quant_venda = quant_venda + 1, quant_atual = quant_atual - 1 where id = 317; 
update estoque_total set total = total - 1 where medicamento_id = 317; 

insert into venda values (1578, '2023-07-01 14:11:55', 244.80, 5, null); 
insert into itens_venda values (default, 1578, 362, 362, 1, 16.90, 171.98); 
update estoque set quant_venda = quant_venda + 1, quant_atual = quant_atual - 1 where id = 362; 
update estoque_total set total = total - 1 where medicamento_id = 362; 
insert into itens_venda values (default, 1578, 390, 390, 2, 3.80, 72.82); 
update estoque set quant_venda = quant_venda + 2, quant_atual = quant_atual - 2 where id = 390; 
update estoque_total set total = total - 2 where medicamento_id = 390; 

insert into venda values (1579, '2023-07-01 15:03:22', 66.25, 11, null); 
insert into itens_venda values (default, 1579, 489, 489, 1, 3.90, 40.09); 
update estoque set quant_venda = quant_venda + 1, quant_atual = quant_atual - 1 where id = 489; 
update estoque_total set total = total - 1 where medicamento_id = 489; 
insert into itens_venda values (default, 1579, 302, 302, 2, 1.30, 26.16); 
update estoque set quant_venda = quant_venda + 2, quant_atual = quant_atual - 2 where id = 302; 
update estoque_total set total = total - 2 where medicamento_id = 302; 

insert into venda values (1580, '2023-07-01 16:12:14', 155.21, 8, null); 
insert into itens_venda values (default, 1580, 472, 472, 3, 6.10, 81.86); 
update estoque set quant_venda = quant_venda + 3, quant_atual = quant_atual - 3 where id = 472; 
update estoque_total set total = total - 3 where medicamento_id = 472; 
insert into itens_venda values (default, 1580, 409, 409, 3, 0.00, 73.35); 
update estoque set quant_venda = quant_venda + 3, quant_atual = quant_atual - 3 where id = 409; 
update estoque_total set total = total - 3 where medicamento_id = 409; 

insert into venda values (1581, '2023-07-01 16:51:14', 33.11, 19, null); 
insert into itens_venda values (default, 1581, 423, 423, 1, 0.70, 15.29); 
update estoque set quant_venda = quant_venda + 1, quant_atual = quant_atual - 1 where id = 423; 
update estoque_total set total = total - 1 where medicamento_id = 423; 
insert into itens_venda values (default, 1581, 324, 324, 1, 1.70, 17.82); 
update estoque set quant_venda = quant_venda + 1, quant_atual = quant_atual - 1 where id = 324; 
update estoque_total set total = total - 1 where medicamento_id = 324; 

insert into venda values (1582, '2023-07-02 07:43:32', 230.18, null, null); 
insert into itens_venda values (default, 1582, 163, 163, 1, 1.60, 163.42); 
update estoque set quant_venda = quant_venda + 1, quant_atual = quant_atual - 1 where id = 163; 
update estoque_total set total = total - 1 where medicamento_id = 163; 
insert into itens_venda values (default, 1582, 373, 373, 2, 2.70, 66.76); 
update estoque set quant_venda = quant_venda + 2, quant_atual = quant_atual - 2 where id = 373; 
update estoque_total set total = total - 2 where medicamento_id = 373; 

insert into venda values (1583, '2023-07-03 07:09:47', 266.46, null, null); 
insert into itens_venda values (default, 1583, 387, 387, 1, 1.30, 63.80); 
update estoque set quant_venda = quant_venda + 1, quant_atual = quant_atual - 1 where id = 387; 
update estoque_total set total = total - 1 where medicamento_id = 387; 
insert into itens_venda values (default, 1583, 415, 415, 1, 3.00, 150.62); 
update estoque set quant_venda = quant_venda + 1, quant_atual = quant_atual - 1 where id = 415; 
update estoque_total set total = total - 1 where medicamento_id = 415; 
insert into itens_venda values (default, 1583, 282, 282, 1, 1.60, 52.04); 
update estoque set quant_venda = quant_venda + 1, quant_atual = quant_atual - 1 where id = 282; 
update estoque_total set total = total - 1 where medicamento_id = 282; 

insert into venda values (1584, '2023-07-03 07:27:38', 214.72, null, 23); 
insert into itens_venda values (default, 1584, 442, 442, 3, 0.00, 69.12); 
update estoque set quant_venda = quant_venda + 3, quant_atual = quant_atual - 3 where id = 442; 
update estoque_total set total = total - 3 where medicamento_id = 442; 
insert into itens_venda values (default, 1584, 112, 112, 1, 0.00, 19.53); 
update estoque set quant_venda = quant_venda + 1, quant_atual = quant_atual - 1 where id = 112; 
update estoque_total set total = total - 1 where medicamento_id = 112; 
insert into itens_venda values (default, 1584, 145, 145, 1, 1.20, 126.07); 
update estoque set quant_venda = quant_venda + 1, quant_atual = quant_atual - 1 where id = 145; 
update estoque_total set total = total - 1 where medicamento_id = 145; 

insert into venda values (1585, '2023-07-03 08:25:58', 284.57, 5, null); 
insert into itens_venda values (default, 1585, 103, 103, 1, 10.60, 108.22); 
update estoque set quant_venda = quant_venda + 1, quant_atual = quant_atual - 1 where id = 103; 
update estoque_total set total = total - 1 where medicamento_id = 103; 
insert into itens_venda values (default, 1585, 81, 81, 1, 17.40, 176.35); 
update estoque set quant_venda = quant_venda + 1, quant_atual = quant_atual - 1 where id = 81; 
update estoque_total set total = total - 1 where medicamento_id = 81; 

insert into venda values (1586, '2023-07-03 09:16:33', 370.15, null, 21); 
insert into itens_venda values (default, 1586, 450, 450, 2, 1.30, 42.74); 
update estoque set quant_venda = quant_venda + 2, quant_atual = quant_atual - 2 where id = 450; 
update estoque_total set total = total - 2 where medicamento_id = 450; 
insert into itens_venda values (default, 1586, 108, 108, 1, 0.00, 210.88); 
update estoque set quant_venda = quant_venda + 1, quant_atual = quant_atual - 1 where id = 108; 
update estoque_total set total = total - 1 where medicamento_id = 108; 
insert into itens_venda values (default, 1586, 408, 408, 1, 0.00, 116.53); 
update estoque set quant_venda = quant_venda + 1, quant_atual = quant_atual - 1 where id = 408; 
update estoque_total set total = total - 1 where medicamento_id = 408; 

insert into venda values (1587, '2023-07-03 10:22:11', 145.60, 15, 25); 
insert into itens_venda values (default, 1587, 216, 216, 1, 0.00, 49.48); 
update estoque set quant_venda = quant_venda + 1, quant_atual = quant_atual - 1 where id = 216; 
update estoque_total set total = total - 1 where medicamento_id = 216; 
insert into itens_venda values (default, 1587, 435, 435, 1, 1.90, 96.12); 
update estoque set quant_venda = quant_venda + 1, quant_atual = quant_atual - 1 where id = 435; 
update estoque_total set total = total - 1 where medicamento_id = 435; 

insert into venda values (1588, '2023-07-03 11:04:29', 68.49, null, null); 
insert into itens_venda values (default, 1588, 171, 171, 1, 2.80, 68.49); 
update estoque set quant_venda = quant_venda + 1, quant_atual = quant_atual - 1 where id = 171; 
update estoque_total set total = total - 1 where medicamento_id = 171; 

insert into venda values (1589, '2023-07-03 11:35:30', 193.88, null, null); 
insert into itens_venda values (default, 1589, 171, 171, 2, 1.40, 141.18); 
update estoque set quant_venda = quant_venda + 2, quant_atual = quant_atual - 2 where id = 171; 
update estoque_total set total = total - 2 where medicamento_id = 171; 
insert into itens_venda values (default, 1589, 433, 433, 2, 1.60, 52.70); 
update estoque set quant_venda = quant_venda + 2, quant_atual = quant_atual - 2 where id = 433; 
update estoque_total set total = total - 2 where medicamento_id = 433; 

insert into venda values (1590, '2023-07-03 11:52:00', 128.79, null, null); 
insert into itens_venda values (default, 1590, 398, 398, 1, 0.00, 15.54); 
update estoque set quant_venda = quant_venda + 1, quant_atual = quant_atual - 1 where id = 398; 
update estoque_total set total = total - 1 where medicamento_id = 398; 
insert into itens_venda values (default, 1590, 304, 304, 1, 0.80, 26.66); 
update estoque set quant_venda = quant_venda + 1, quant_atual = quant_atual - 1 where id = 304; 
update estoque_total set total = total - 1 where medicamento_id = 304; 
insert into itens_venda values (default, 1590, 293, 293, 3, 0.80, 86.59); 
update estoque set quant_venda = quant_venda + 3, quant_atual = quant_atual - 3 where id = 293; 
update estoque_total set total = total - 3 where medicamento_id = 293; 

insert into venda values (1591, '2023-07-04 07:03:26', 291.17, 16, null); 
insert into itens_venda values (default, 1591, 266, 266, 1, 3.50, 116.37); 
update estoque set quant_venda = quant_venda + 1, quant_atual = quant_atual - 1 where id = 266; 
update estoque_total set total = total - 1 where medicamento_id = 266; 
insert into itens_venda values (default, 1591, 470, 470, 2, 0.00, 174.80); 
update estoque set quant_venda = quant_venda + 2, quant_atual = quant_atual - 2 where id = 470; 
update estoque_total set total = total - 2 where medicamento_id = 470; 

insert into venda values (1592, '2023-07-04 08:16:13', 148.88, 11, null); 
insert into itens_venda values (default, 1592, 394, 394, 2, 2.80, 54.46); 
update estoque set quant_venda = quant_venda + 2, quant_atual = quant_atual - 2 where id = 394; 
update estoque_total set total = total - 2 where medicamento_id = 394; 
insert into itens_venda values (default, 1592, 473, 473, 2, 3.90, 94.42); 
update estoque set quant_venda = quant_venda + 2, quant_atual = quant_atual - 2 where id = 473; 
update estoque_total set total = total - 2 where medicamento_id = 473; 

insert into venda values (1593, '2023-07-04 09:07:46', 291.14, null, 21); 
insert into itens_venda values (default, 1593, 265, 265, 2, 0.00, 138.80); 
update estoque set quant_venda = quant_venda + 2, quant_atual = quant_atual - 2 where id = 265; 
update estoque_total set total = total - 2 where medicamento_id = 265; 
insert into itens_venda values (default, 1593, 335, 335, 2, 1.50, 49.54); 
update estoque set quant_venda = quant_venda + 2, quant_atual = quant_atual - 2 where id = 335; 
update estoque_total set total = total - 2 where medicamento_id = 335; 
insert into itens_venda values (default, 1593, 283, 283, 2, 1.00, 102.80); 
update estoque set quant_venda = quant_venda + 2, quant_atual = quant_atual - 2 where id = 283; 
update estoque_total set total = total - 2 where medicamento_id = 283; 

insert into venda values (1594, '2023-07-04 09:10:02', 314.44, null, 25); 
insert into itens_venda values (default, 1594, 219, 219, 1, 2.70, 90.06); 
update estoque set quant_venda = quant_venda + 1, quant_atual = quant_atual - 1 where id = 219; 
update estoque_total set total = total - 1 where medicamento_id = 219; 
insert into itens_venda values (default, 1594, 454, 454, 2, 3.50, 174.46); 
update estoque set quant_venda = quant_venda + 2, quant_atual = quant_atual - 2 where id = 454; 
update estoque_total set total = total - 2 where medicamento_id = 454; 
insert into itens_venda values (default, 1594, 428, 428, 3, 0.00, 49.92); 
update estoque set quant_venda = quant_venda + 3, quant_atual = quant_atual - 3 where id = 428; 
update estoque_total set total = total - 3 where medicamento_id = 428; 

insert into venda values (1595, '2023-07-04 09:38:25', 36.20, null, null); 
insert into itens_venda values (default, 1595, 458, 458, 1, 0.00, 36.20); 
update estoque set quant_venda = quant_venda + 1, quant_atual = quant_atual - 1 where id = 458; 
update estoque_total set total = total - 1 where medicamento_id = 458; 

insert into venda values (1596, '2023-07-04 10:25:26', 305.28, null, null); 
insert into itens_venda values (default, 1596, 307, 307, 1, 0.00, 241.83); 
update estoque set quant_venda = quant_venda + 1, quant_atual = quant_atual - 1 where id = 307; 
update estoque_total set total = total - 1 where medicamento_id = 307; 
insert into itens_venda values (default, 1596, 258, 258, 1, 0.00, 63.45); 
update estoque set quant_venda = quant_venda + 1, quant_atual = quant_atual - 1 where id = 258; 
update estoque_total set total = total - 1 where medicamento_id = 258; 

insert into venda values (1597, '2023-07-04 10:34:13', 236.25, 8, null); 
insert into itens_venda values (default, 1597, 416, 416, 3, 0.60, 67.68); 
update estoque set quant_venda = quant_venda + 3, quant_atual = quant_atual - 3 where id = 416; 
update estoque_total set total = total - 3 where medicamento_id = 416; 
insert into itens_venda values (default, 1597, 334, 334, 1, 5.60, 56.93); 
update estoque set quant_venda = quant_venda + 1, quant_atual = quant_atual - 1 where id = 334; 
update estoque_total set total = total - 1 where medicamento_id = 334; 
insert into itens_venda values (default, 1597, 478, 478, 2, 3.40, 111.64); 
update estoque set quant_venda = quant_venda + 2, quant_atual = quant_atual - 2 where id = 478; 
update estoque_total set total = total - 2 where medicamento_id = 478; 

insert into venda values (1598, '2023-07-04 11:01:03', 484.94, null, null); 
insert into itens_venda values (default, 1598, 397, 397, 1, 0.70, 17.42); 
update estoque set quant_venda = quant_venda + 1, quant_atual = quant_atual - 1 where id = 397; 
update estoque_total set total = total - 1 where medicamento_id = 397; 
insert into itens_venda values (default, 1598, 384, 384, 2, 2.60, 85.08); 
update estoque set quant_venda = quant_venda + 2, quant_atual = quant_atual - 2 where id = 384; 
update estoque_total set total = total - 2 where medicamento_id = 384; 
insert into itens_venda values (default, 1598, 259, 259, 1, 11.80, 382.44); 
update estoque set quant_venda = quant_venda + 1, quant_atual = quant_atual - 1 where id = 259; 
update estoque_total set total = total - 1 where medicamento_id = 259; 

insert into venda values (1599, '2023-07-04 11:44:23', 10.86, null, null); 
insert into itens_venda values (default, 1599, 431, 431, 1, 0.40, 10.86); 
update estoque set quant_venda = quant_venda + 1, quant_atual = quant_atual - 1 where id = 431; 
update estoque_total set total = total - 1 where medicamento_id = 431; 

insert into venda values (1600, '2023-07-04 12:31:25', 128.16, 7, null); 
insert into itens_venda values (default, 1600, 278, 278, 2, 0.00, 70.08); 
update estoque set quant_venda = quant_venda + 2, quant_atual = quant_atual - 2 where id = 278; 
update estoque_total set total = total - 2 where medicamento_id = 278; 
insert into itens_venda values (default, 1600, 480, 480, 2, 5.00, 58.08); 
update estoque set quant_venda = quant_venda + 2, quant_atual = quant_atual - 2 where id = 480; 
update estoque_total set total = total - 2 where medicamento_id = 480; 

insert into venda values (1601, '2023-07-05 06:51:51', 188.56, null, null); 
insert into itens_venda values (default, 1601, 397, 397, 2, 0.00, 36.24); 
update estoque set quant_venda = quant_venda + 2, quant_atual = quant_atual - 2 where id = 397; 
update estoque_total set total = total - 2 where medicamento_id = 397; 
insert into itens_venda values (default, 1601, 246, 246, 2, 0.00, 123.50); 
update estoque set quant_venda = quant_venda + 2, quant_atual = quant_atual - 2 where id = 246; 
update estoque_total set total = total - 2 where medicamento_id = 246; 
insert into itens_venda values (default, 1601, 472, 472, 1, 0.50, 28.82); 
update estoque set quant_venda = quant_venda + 1, quant_atual = quant_atual - 1 where id = 472; 
update estoque_total set total = total - 1 where medicamento_id = 472; 

insert into venda values (1602, '2023-07-05 07:14:28', 170.40, 9, null); 
insert into itens_venda values (default, 1602, 400, 400, 1, 12.20, 124.00); 
update estoque set quant_venda = quant_venda + 1, quant_atual = quant_atual - 1 where id = 400; 
update estoque_total set total = total - 1 where medicamento_id = 400; 
insert into itens_venda values (default, 1602, 443, 443, 2, 0.40, 46.40); 
update estoque set quant_venda = quant_venda + 2, quant_atual = quant_atual - 2 where id = 443; 
update estoque_total set total = total - 2 where medicamento_id = 443; 

insert into venda values (1603, '2023-07-05 07:23:02', 180.44, null, null); 
insert into itens_venda values (default, 1603, 413, 413, 2, 0.00, 180.44); 
update estoque set quant_venda = quant_venda + 2, quant_atual = quant_atual - 2 where id = 413; 
update estoque_total set total = total - 2 where medicamento_id = 413; 

insert into venda values (1604, '2023-07-05 08:01:06', 198.64, null, 23); 
insert into itens_venda values (default, 1604, 503, 503, 2, 0.20, 7.14); 
update estoque set quant_venda = quant_venda + 2, quant_atual = quant_atual - 2 where id = 503; 
update estoque_total set total = total - 2 where medicamento_id = 503; 
insert into itens_venda values (default, 1604, 308, 308, 2, 0.00, 106.34); 
update estoque set quant_venda = quant_venda + 2, quant_atual = quant_atual - 2 where id = 308; 
update estoque_total set total = total - 2 where medicamento_id = 308; 
insert into itens_venda values (default, 1604, 492, 492, 2, 3.50, 85.16); 
update estoque set quant_venda = quant_venda + 2, quant_atual = quant_atual - 2 where id = 492; 
update estoque_total set total = total - 2 where medicamento_id = 492; 

insert into venda values (1605, '2023-07-05 08:07:31', 177.94, null, null); 
insert into itens_venda values (default, 1605, 447, 447, 2, 0.00, 53.06); 
update estoque set quant_venda = quant_venda + 2, quant_atual = quant_atual - 2 where id = 447; 
update estoque_total set total = total - 2 where medicamento_id = 447; 
insert into itens_venda values (default, 1605, 477, 477, 2, 5.20, 124.88); 
update estoque set quant_venda = quant_venda + 2, quant_atual = quant_atual - 2 where id = 477; 
update estoque_total set total = total - 2 where medicamento_id = 477; 

insert into venda values (1606, '2023-07-05 09:22:46', 49.90, null, null); 
insert into itens_venda values (default, 1606, 474, 474, 2, 1.10, 28.62); 
update estoque set quant_venda = quant_venda + 2, quant_atual = quant_atual - 2 where id = 474; 
update estoque_total set total = total - 2 where medicamento_id = 474; 
insert into itens_venda values (default, 1606, 486, 486, 2, 0.60, 21.28); 
update estoque set quant_venda = quant_venda + 2, quant_atual = quant_atual - 2 where id = 486; 
update estoque_total set total = total - 2 where medicamento_id = 486; 

insert into venda values (1607, '2023-07-05 10:33:48', 49.78, 15, null); 
insert into itens_venda values (default, 1607, 208, 208, 1, 3.70, 49.78); 
update estoque set quant_venda = quant_venda + 1, quant_atual = quant_atual - 1 where id = 208; 
update estoque_total set total = total - 1 where medicamento_id = 208; 

insert into venda values (1608, '2023-07-05 10:51:18', 49.47, null, null); 
insert into itens_venda values (default, 1608, 448, 448, 3, 0.00, 49.47); 
update estoque set quant_venda = quant_venda + 3, quant_atual = quant_atual - 3 where id = 448; 
update estoque_total set total = total - 3 where medicamento_id = 448; 

insert into venda values (1609, '2023-07-05 11:14:11', 99.30, 2, 25); 
insert into itens_venda values (default, 1609, 201, 201, 1, 0.70, 35.04); 
update estoque set quant_venda = quant_venda + 1, quant_atual = quant_atual - 1 where id = 201; 
update estoque_total set total = total - 1 where medicamento_id = 201; 
insert into itens_venda values (default, 1609, 133, 133, 1, 5.50, 64.26); 
update estoque set quant_venda = quant_venda + 1, quant_atual = quant_atual - 1 where id = 133; 
update estoque_total set total = total - 1 where medicamento_id = 133; 

insert into venda values (1610, '2023-07-05 12:05:51', 48.07, null, null); 
insert into itens_venda values (default, 1610, 448, 448, 3, 1.40, 48.07); 
update estoque set quant_venda = quant_venda + 3, quant_atual = quant_atual - 3 where id = 448; 
update estoque_total set total = total - 3 where medicamento_id = 448; 

insert into venda values (1611, '2023-07-05 12:50:34', 189.78, null, null); 
insert into itens_venda values (default, 1611, 361, 361, 1, 0.00, 189.78); 
update estoque set quant_venda = quant_venda + 1, quant_atual = quant_atual - 1 where id = 361; 
update estoque_total set total = total - 1 where medicamento_id = 361; 

insert into venda values (1612, '2023-07-05 13:50:22', 92.51, 15, null); 
insert into itens_venda values (default, 1612, 246, 246, 1, 0.00, 61.75); 
update estoque set quant_venda = quant_venda + 1, quant_atual = quant_atual - 1 where id = 246; 
update estoque_total set total = total - 1 where medicamento_id = 246; 
insert into itens_venda values (default, 1612, 434, 434, 1, 1.90, 30.76); 
update estoque set quant_venda = quant_venda + 1, quant_atual = quant_atual - 1 where id = 434; 
update estoque_total set total = total - 1 where medicamento_id = 434; 

insert into venda values (1613, '2023-07-05 14:58:13', 173.41, 11, null); 
insert into itens_venda values (default, 1613, 353, 353, 2, 4.10, 79.26); 
update estoque set quant_venda = quant_venda + 2, quant_atual = quant_atual - 2 where id = 353; 
update estoque_total set total = total - 2 where medicamento_id = 353; 
insert into itens_venda values (default, 1613, 344, 344, 1, 1.00, 34.25); 
update estoque set quant_venda = quant_venda + 1, quant_atual = quant_atual - 1 where id = 344; 
update estoque_total set total = total - 1 where medicamento_id = 344; 
insert into itens_venda values (default, 1613, 387, 387, 1, 5.20, 59.90); 
update estoque set quant_venda = quant_venda + 1, quant_atual = quant_atual - 1 where id = 387; 
update estoque_total set total = total - 1 where medicamento_id = 387; 

insert into venda values (1614, '2023-07-07 06:21:07', 103.20, 16, null); 
insert into itens_venda values (default, 1614, 372, 372, 1, 4.30, 103.20); 
update estoque set quant_venda = quant_venda + 1, quant_atual = quant_atual - 1 where id = 372; 
update estoque_total set total = total - 1 where medicamento_id = 372; 

insert into venda values (1615, '2023-07-07 06:41:33', 126.34, null, null); 
insert into itens_venda values (default, 1615, 283, 283, 1, 2.00, 49.90); 
update estoque set quant_venda = quant_venda + 1, quant_atual = quant_atual - 1 where id = 283; 
update estoque_total set total = total - 1 where medicamento_id = 283; 
insert into itens_venda values (default, 1615, 233, 233, 3, 1.50, 76.44); 
update estoque set quant_venda = quant_venda + 3, quant_atual = quant_atual - 3 where id = 233; 
update estoque_total set total = total - 3 where medicamento_id = 233; 

insert into venda values (1616, '2023-07-07 06:53:10', 124.48, null, null); 
insert into itens_venda values (default, 1616, 252, 252, 3, 3.30, 80.88); 
update estoque set quant_venda = quant_venda + 3, quant_atual = quant_atual - 3 where id = 252; 
update estoque_total set total = total - 3 where medicamento_id = 252; 
insert into itens_venda values (default, 1616, 351, 351, 2, 0.00, 43.60); 
update estoque set quant_venda = quant_venda + 2, quant_atual = quant_atual - 2 where id = 351; 
update estoque_total set total = total - 2 where medicamento_id = 351; 

insert into venda values (1617, '2023-07-07 07:59:29', 436.62, null, null); 
insert into itens_venda values (default, 1617, 325, 325, 2, 4.50, 109.46); 
update estoque set quant_venda = quant_venda + 2, quant_atual = quant_atual - 2 where id = 325; 
update estoque_total set total = total - 2 where medicamento_id = 325; 
insert into itens_venda values (default, 1617, 24, 24, 1, 5.70, 283.63); 
update estoque set quant_venda = quant_venda + 1, quant_atual = quant_atual - 1 where id = 24; 
update estoque_total set total = total - 1 where medicamento_id = 24; 
insert into itens_venda values (default, 1617, 492, 492, 1, 0.80, 43.53); 
update estoque set quant_venda = quant_venda + 1, quant_atual = quant_atual - 1 where id = 492; 
update estoque_total set total = total - 1 where medicamento_id = 492; 

insert into venda values (1618, '2023-07-07 09:15:56', 176.70, null, null); 
insert into itens_venda values (default, 1618, 491, 491, 2, 0.00, 112.90); 
update estoque set quant_venda = quant_venda + 2, quant_atual = quant_atual - 2 where id = 491; 
update estoque_total set total = total - 2 where medicamento_id = 491; 
insert into itens_venda values (default, 1618, 434, 434, 1, 0.90, 31.76); 
update estoque set quant_venda = quant_venda + 1, quant_atual = quant_atual - 1 where id = 434; 
update estoque_total set total = total - 1 where medicamento_id = 434; 
insert into itens_venda values (default, 1618, 495, 495, 3, 0.00, 32.04); 
update estoque set quant_venda = quant_venda + 3, quant_atual = quant_atual - 3 where id = 495; 
update estoque_total set total = total - 3 where medicamento_id = 495; 

insert into venda values (1619, '2023-07-07 09:28:43', 56.02, null, 21); 
insert into itens_venda values (default, 1619, 113, 113, 2, 2.30, 56.02); 
update estoque set quant_venda = quant_venda + 2, quant_atual = quant_atual - 2 where id = 113; 
update estoque_total set total = total - 2 where medicamento_id = 113; 

insert into venda values (1620, '2023-07-07 10:44:37', 72.40, null, null); 
insert into itens_venda values (default, 1620, 425, 425, 2, 0.00, 72.40); 
update estoque set quant_venda = quant_venda + 2, quant_atual = quant_atual - 2 where id = 425; 
update estoque_total set total = total - 2 where medicamento_id = 425; 

insert into venda values (1621, '2023-07-07 10:50:10', 114.72, null, null); 
insert into itens_venda values (default, 1621, 297, 297, 2, 2.30, 114.72); 
update estoque set quant_venda = quant_venda + 2, quant_atual = quant_atual - 2 where id = 297; 
update estoque_total set total = total - 2 where medicamento_id = 297; 

insert into venda values (1622, '2023-07-07 11:41:06', 172.12, null, null); 
insert into itens_venda values (default, 1622, 253, 253, 1, 0.70, 76.32); 
update estoque set quant_venda = quant_venda + 1, quant_atual = quant_atual - 1 where id = 253; 
update estoque_total set total = total - 1 where medicamento_id = 253; 
insert into itens_venda values (default, 1622, 475, 475, 3, 1.80, 58.50); 
update estoque set quant_venda = quant_venda + 3, quant_atual = quant_atual - 3 where id = 475; 
update estoque_total set total = total - 3 where medicamento_id = 475; 
insert into itens_venda values (default, 1622, 497, 497, 1, 0.30, 37.30); 
update estoque set quant_venda = quant_venda + 1, quant_atual = quant_atual - 1 where id = 497; 
update estoque_total set total = total - 1 where medicamento_id = 497; 

insert into venda values (1623, '2023-07-07 11:47:03', 206.59, null, null); 
insert into itens_venda values (default, 1623, 303, 303, 2, 1.20, 60.44); 
update estoque set quant_venda = quant_venda + 2, quant_atual = quant_atual - 2 where id = 303; 
update estoque_total set total = total - 2 where medicamento_id = 303; 
insert into itens_venda values (default, 1623, 169, 169, 2, 0.00, 76.54); 
update estoque set quant_venda = quant_venda + 2, quant_atual = quant_atual - 2 where id = 169; 
update estoque_total set total = total - 2 where medicamento_id = 169; 
insert into itens_venda values (default, 1623, 476, 476, 3, 2.90, 69.61); 
update estoque set quant_venda = quant_venda + 3, quant_atual = quant_atual - 3 where id = 476; 
update estoque_total set total = total - 3 where medicamento_id = 476; 

insert into venda values (1624, '2023-07-07 12:30:42', 308.98, null, null); 
insert into itens_venda values (default, 1624, 387, 387, 2, 2.60, 127.60); 
update estoque set quant_venda = quant_venda + 2, quant_atual = quant_atual - 2 where id = 387; 
update estoque_total set total = total - 2 where medicamento_id = 387; 
insert into itens_venda values (default, 1624, 362, 362, 1, 7.50, 181.38); 
update estoque set quant_venda = quant_venda + 1, quant_atual = quant_atual - 1 where id = 362; 
update estoque_total set total = total - 1 where medicamento_id = 362; 

insert into venda values (1625, '2023-07-07 13:33:32', 23.04, null, null); 
insert into itens_venda values (default, 1625, 442, 442, 1, 0.00, 23.04); 
update estoque set quant_venda = quant_venda + 1, quant_atual = quant_atual - 1 where id = 442; 
update estoque_total set total = total - 1 where medicamento_id = 442; 

insert into venda values (1626, '2023-07-07 14:56:03', 285.35, null, 24); 
insert into itens_venda values (default, 1626, 97, 97, 1, 0.00, 285.35); 
update estoque set quant_venda = quant_venda + 1, quant_atual = quant_atual - 1 where id = 97; 
update estoque_total set total = total - 1 where medicamento_id = 97; 

insert into venda values (1627, '2023-07-09 06:43:03', 110.95, 17, null); 
insert into itens_venda values (default, 1627, 240, 240, 2, 3.60, 57.76); 
update estoque set quant_venda = quant_venda + 2, quant_atual = quant_atual - 2 where id = 240; 
update estoque_total set total = total - 2 where medicamento_id = 240; 
insert into itens_venda values (default, 1627, 318, 318, 1, 2.70, 53.19); 
update estoque set quant_venda = quant_venda + 1, quant_atual = quant_atual - 1 where id = 318; 
update estoque_total set total = total - 1 where medicamento_id = 318; 

insert into venda values (1628, '2023-07-09 06:58:34', 250.18, null, 23); 
insert into itens_venda values (default, 1628, 446, 446, 1, 2.60, 129.22); 
update estoque set quant_venda = quant_venda + 1, quant_atual = quant_atual - 1 where id = 446; 
update estoque_total set total = total - 1 where medicamento_id = 446; 
insert into itens_venda values (default, 1628, 347, 347, 2, 3.70, 120.96); 
update estoque set quant_venda = quant_venda + 2, quant_atual = quant_atual - 2 where id = 347; 
update estoque_total set total = total - 2 where medicamento_id = 347; 

insert into venda values (1629, '2023-07-09 08:19:53', 145.68, null, 25); 
insert into itens_venda values (default, 1629, 379, 379, 2, 0.70, 24.66); 
update estoque set quant_venda = quant_venda + 2, quant_atual = quant_atual - 2 where id = 379; 
update estoque_total set total = total - 2 where medicamento_id = 379; 
insert into itens_venda values (default, 1629, 333, 333, 1, 3.60, 117.45); 
update estoque set quant_venda = quant_venda + 1, quant_atual = quant_atual - 1 where id = 333; 
update estoque_total set total = total - 1 where medicamento_id = 333; 
insert into itens_venda values (default, 1629, 503, 503, 1, 0.10, 3.57); 
update estoque set quant_venda = quant_venda + 1, quant_atual = quant_atual - 1 where id = 503; 
update estoque_total set total = total - 1 where medicamento_id = 503; 

insert into venda values (1630, '2023-07-09 08:40:09', 16.57, null, null); 
insert into itens_venda values (default, 1630, 402, 402, 1, 0.30, 16.57); 
update estoque set quant_venda = quant_venda + 1, quant_atual = quant_atual - 1 where id = 402; 
update estoque_total set total = total - 1 where medicamento_id = 402; 

insert into venda values (1631, '2023-07-09 09:31:28', 162.48, null, null); 
insert into itens_venda values (default, 1631, 384, 384, 1, 1.70, 42.14); 
update estoque set quant_venda = quant_venda + 1, quant_atual = quant_atual - 1 where id = 384; 
update estoque_total set total = total - 1 where medicamento_id = 384; 
insert into itens_venda values (default, 1631, 123, 123, 1, 2.00, 49.72); 
update estoque set quant_venda = quant_venda + 1, quant_atual = quant_atual - 1 where id = 123; 
update estoque_total set total = total - 1 where medicamento_id = 123; 
insert into itens_venda values (default, 1631, 405, 405, 2, 1.40, 70.62); 
update estoque set quant_venda = quant_venda + 2, quant_atual = quant_atual - 2 where id = 405; 
update estoque_total set total = total - 2 where medicamento_id = 405; 

insert into venda values (1632, '2023-07-09 10:11:57', 102.24, 1, null); 
insert into itens_venda values (default, 1632, 490, 490, 1, 1.50, 50.53); 
update estoque set quant_venda = quant_venda + 1, quant_atual = quant_atual - 1 where id = 490; 
update estoque_total set total = total - 1 where medicamento_id = 490; 
insert into itens_venda values (default, 1632, 416, 416, 1, 1.30, 21.46); 
update estoque set quant_venda = quant_venda + 1, quant_atual = quant_atual - 1 where id = 416; 
update estoque_total set total = total - 1 where medicamento_id = 416; 
insert into itens_venda values (default, 1632, 464, 464, 1, 2.20, 30.25); 
update estoque set quant_venda = quant_venda + 1, quant_atual = quant_atual - 1 where id = 464; 
update estoque_total set total = total - 1 where medicamento_id = 464; 

insert into venda values (1633, '2023-07-09 11:12:10', 199.42, null, null); 
insert into itens_venda values (default, 1633, 418, 418, 2, 2.20, 53.10); 
update estoque set quant_venda = quant_venda + 2, quant_atual = quant_atual - 2 where id = 418; 
update estoque_total set total = total - 2 where medicamento_id = 418; 
insert into itens_venda values (default, 1633, 161, 161, 2, 2.20, 111.68); 
update estoque set quant_venda = quant_venda + 2, quant_atual = quant_atual - 2 where id = 161; 
update estoque_total set total = total - 2 where medicamento_id = 161; 
insert into itens_venda values (default, 1633, 323, 323, 2, 0.70, 34.64); 
update estoque set quant_venda = quant_venda + 2, quant_atual = quant_atual - 2 where id = 323; 
update estoque_total set total = total - 2 where medicamento_id = 323; 

insert into venda values (1634, '2023-07-09 11:14:58', 61.41, 9, null); 
insert into itens_venda values (default, 1634, 490, 490, 1, 2.60, 49.43); 
update estoque set quant_venda = quant_venda + 1, quant_atual = quant_atual - 1 where id = 490; 
update estoque_total set total = total - 1 where medicamento_id = 490; 
insert into itens_venda values (default, 1634, 379, 379, 1, 0.70, 11.98); 
update estoque set quant_venda = quant_venda + 1, quant_atual = quant_atual - 1 where id = 379; 
update estoque_total set total = total - 1 where medicamento_id = 379; 

insert into venda values (1635, '2023-07-09 11:34:35', 61.13, null, 23); 
insert into itens_venda values (default, 1635, 347, 347, 1, 1.20, 61.13); 
update estoque set quant_venda = quant_venda + 1, quant_atual = quant_atual - 1 where id = 347; 
update estoque_total set total = total - 1 where medicamento_id = 347; 

insert into venda values (1636, '2023-07-10 06:47:28', 166.91, null, 24); 
insert into itens_venda values (default, 1636, 411, 411, 1, 2.80, 69.37); 
update estoque set quant_venda = quant_venda + 1, quant_atual = quant_atual - 1 where id = 411; 
update estoque_total set total = total - 1 where medicamento_id = 411; 
insert into itens_venda values (default, 1636, 425, 425, 1, 0.70, 35.50); 
update estoque set quant_venda = quant_venda + 1, quant_atual = quant_atual - 1 where id = 425; 
update estoque_total set total = total - 1 where medicamento_id = 425; 
insert into itens_venda values (default, 1636, 290, 290, 2, 0.00, 62.04); 
update estoque set quant_venda = quant_venda + 2, quant_atual = quant_atual - 2 where id = 290; 
update estoque_total set total = total - 2 where medicamento_id = 290; 

insert into venda values (1637, '2023-07-10 07:09:55', 137.42, 15, 25); 
insert into itens_venda values (default, 1637, 354, 354, 2, 8.70, 137.42); 
update estoque set quant_venda = quant_venda + 2, quant_atual = quant_atual - 2 where id = 354; 
update estoque_total set total = total - 2 where medicamento_id = 354; 

insert into venda values (1638, '2023-07-10 08:30:17', 199.93, null, 24); 
insert into itens_venda values (default, 1638, 192, 192, 1, 0.00, 137.68); 
update estoque set quant_venda = quant_venda + 1, quant_atual = quant_atual - 1 where id = 192; 
update estoque_total set total = total - 1 where medicamento_id = 192; 
insert into itens_venda values (default, 1638, 286, 286, 1, 0.60, 33.95); 
update estoque set quant_venda = quant_venda + 1, quant_atual = quant_atual - 1 where id = 286; 
update estoque_total set total = total - 1 where medicamento_id = 286; 
insert into itens_venda values (default, 1638, 441, 441, 1, 0.20, 28.30); 
update estoque set quant_venda = quant_venda + 1, quant_atual = quant_atual - 1 where id = 441; 
update estoque_total set total = total - 1 where medicamento_id = 441; 

insert into venda values (1639, '2023-07-10 08:57:08', 154.01, null, null); 
insert into itens_venda values (default, 1639, 461, 461, 2, 0.30, 36.88); 
update estoque set quant_venda = quant_venda + 2, quant_atual = quant_atual - 2 where id = 461; 
update estoque_total set total = total - 2 where medicamento_id = 461; 
insert into itens_venda values (default, 1639, 420, 420, 1, 0.00, 66.77); 
update estoque set quant_venda = quant_venda + 1, quant_atual = quant_atual - 1 where id = 420; 
update estoque_total set total = total - 1 where medicamento_id = 420; 
insert into itens_venda values (default, 1639, 437, 437, 2, 2.00, 50.36); 
update estoque set quant_venda = quant_venda + 2, quant_atual = quant_atual - 2 where id = 437; 
update estoque_total set total = total - 2 where medicamento_id = 437; 

insert into venda values (1640, '2023-07-10 09:41:33', 252.90, null, null); 
insert into itens_venda values (default, 1640, 413, 413, 2, 0.00, 180.44); 
update estoque set quant_venda = quant_venda + 2, quant_atual = quant_atual - 2 where id = 413; 
update estoque_total set total = total - 2 where medicamento_id = 413; 
insert into itens_venda values (default, 1640, 223, 223, 1, 0.00, 72.46); 
update estoque set quant_venda = quant_venda + 1, quant_atual = quant_atual - 1 where id = 223; 
update estoque_total set total = total - 1 where medicamento_id = 223; 

insert into venda values (1641, '2023-07-10 10:17:13', 239.31, null, 24); 
insert into itens_venda values (default, 1641, 366, 366, 1, 0.00, 49.53); 
update estoque set quant_venda = quant_venda + 1, quant_atual = quant_atual - 1 where id = 366; 
update estoque_total set total = total - 1 where medicamento_id = 366; 
insert into itens_venda values (default, 1641, 361, 361, 1, 0.00, 189.78); 
update estoque set quant_venda = quant_venda + 1, quant_atual = quant_atual - 1 where id = 361; 
update estoque_total set total = total - 1 where medicamento_id = 361; 

insert into venda values (1642, '2023-07-10 10:34:43', 675.06, 17, 24); 
insert into itens_venda values (default, 1642, 176, 176, 1, 27.20, 313.64); 
update estoque set quant_venda = quant_venda + 1, quant_atual = quant_atual - 1 where id = 176; 
update estoque_total set total = total - 1 where medicamento_id = 176; 
insert into itens_venda values (default, 1642, 95, 95, 1, 16.00, 304.28); 
update estoque set quant_venda = quant_venda + 1, quant_atual = quant_atual - 1 where id = 95; 
update estoque_total set total = total - 1 where medicamento_id = 95; 
insert into itens_venda values (default, 1642, 290, 290, 2, 4.90, 57.14); 
update estoque set quant_venda = quant_venda + 2, quant_atual = quant_atual - 2 where id = 290; 
update estoque_total set total = total - 2 where medicamento_id = 290; 

insert into venda values (1643, '2023-07-10 11:43:50', 478.02, null, null); 
insert into itens_venda values (default, 1643, 223, 223, 2, 1.40, 143.52); 
update estoque set quant_venda = quant_venda + 2, quant_atual = quant_atual - 2 where id = 223; 
update estoque_total set total = total - 2 where medicamento_id = 223; 
insert into itens_venda values (default, 1643, 396, 396, 1, 6.80, 334.50); 
update estoque set quant_venda = quant_venda + 1, quant_atual = quant_atual - 1 where id = 396; 
update estoque_total set total = total - 1 where medicamento_id = 396; 

insert into venda values (1644, '2023-07-10 11:50:26', 105.31, 7, null); 
insert into itens_venda values (default, 1644, 472, 472, 2, 0.00, 58.64); 
update estoque set quant_venda = quant_venda + 2, quant_atual = quant_atual - 2 where id = 472; 
update estoque_total set total = total - 2 where medicamento_id = 472; 
insert into itens_venda values (default, 1644, 455, 455, 1, 3.50, 46.67); 
update estoque set quant_venda = quant_venda + 1, quant_atual = quant_atual - 1 where id = 455; 
update estoque_total set total = total - 1 where medicamento_id = 455; 

insert into venda values (1645, '2023-07-11 06:53:14', 368.14, null, 25); 
insert into itens_venda values (default, 1645, 448, 448, 3, 1.40, 48.07); 
update estoque set quant_venda = quant_venda + 3, quant_atual = quant_atual - 3 where id = 448; 
update estoque_total set total = total - 3 where medicamento_id = 448; 
insert into itens_venda values (default, 1645, 197, 197, 1, 5.40, 268.16); 
update estoque set quant_venda = quant_venda + 1, quant_atual = quant_atual - 1 where id = 197; 
update estoque_total set total = total - 1 where medicamento_id = 197; 
insert into itens_venda values (default, 1645, 383, 383, 1, 0.00, 51.91); 
update estoque set quant_venda = quant_venda + 1, quant_atual = quant_atual - 1 where id = 383; 
update estoque_total set total = total - 1 where medicamento_id = 383; 

insert into venda values (1646, '2023-07-11 07:16:30', 32.14, 15, null); 
insert into itens_venda values (default, 1646, 482, 482, 2, 0.60, 32.14); 
update estoque set quant_venda = quant_venda + 2, quant_atual = quant_atual - 2 where id = 482; 
update estoque_total set total = total - 2 where medicamento_id = 482; 

insert into venda values (1647, '2023-07-11 08:13:44', 115.17, null, null); 
insert into itens_venda values (default, 1647, 70, 70, 1, 3.50, 115.17); 
update estoque set quant_venda = quant_venda + 1, quant_atual = quant_atual - 1 where id = 70; 
update estoque_total set total = total - 1 where medicamento_id = 70; 

insert into venda values (1648, '2023-07-11 09:18:54', 445.46, null, null); 
insert into itens_venda values (default, 1648, 168, 168, 1, 13.70, 329.39); 
update estoque set quant_venda = quant_venda + 1, quant_atual = quant_atual - 1 where id = 168; 
update estoque_total set total = total - 1 where medicamento_id = 168; 
insert into itens_venda values (default, 1648, 174, 174, 1, 4.80, 116.07); 
update estoque set quant_venda = quant_venda + 1, quant_atual = quant_atual - 1 where id = 174; 
update estoque_total set total = total - 1 where medicamento_id = 174; 

insert into venda values (1649, '2023-07-11 09:31:32', 132.68, null, null); 
insert into itens_venda values (default, 1649, 492, 492, 2, 1.70, 86.96); 
update estoque set quant_venda = quant_venda + 2, quant_atual = quant_atual - 2 where id = 492; 
update estoque_total set total = total - 2 where medicamento_id = 492; 
insert into itens_venda values (default, 1649, 326, 326, 1, 0.00, 45.72); 
update estoque set quant_venda = quant_venda + 1, quant_atual = quant_atual - 1 where id = 326; 
update estoque_total set total = total - 1 where medicamento_id = 326; 

insert into venda values (1650, '2023-07-11 10:49:36', 60.82, null, null); 
insert into itens_venda values (default, 1650, 389, 389, 1, 0.00, 32.40); 
update estoque set quant_venda = quant_venda + 1, quant_atual = quant_atual - 1 where id = 389; 
update estoque_total set total = total - 1 where medicamento_id = 389; 
insert into itens_venda values (default, 1650, 279, 279, 1, 1.10, 28.42); 
update estoque set quant_venda = quant_venda + 1, quant_atual = quant_atual - 1 where id = 279; 
update estoque_total set total = total - 1 where medicamento_id = 279; 

insert into venda values (1651, '2023-07-11 11:40:31', 319.01, 20, 22); 
insert into itens_venda values (default, 1651, 47, 47, 1, 4.90, 242.57); 
update estoque set quant_venda = quant_venda + 1, quant_atual = quant_atual - 1 where id = 47; 
update estoque_total set total = total - 1 where medicamento_id = 47; 
insert into itens_venda values (default, 1651, 241, 241, 2, 2.30, 76.44); 
update estoque set quant_venda = quant_venda + 2, quant_atual = quant_atual - 2 where id = 241; 
update estoque_total set total = total - 2 where medicamento_id = 241; 

insert into venda values (1652, '2023-07-11 12:11:37', 124.54, 13, 22); 
insert into itens_venda values (default, 1652, 214, 214, 2, 12.30, 124.54); 
update estoque set quant_venda = quant_venda + 2, quant_atual = quant_atual - 2 where id = 214; 
update estoque_total set total = total - 2 where medicamento_id = 214; 

insert into venda values (1653, '2023-07-11 12:35:04', 378.35, null, 24); 
insert into itens_venda values (default, 1653, 349, 349, 2, 1.20, 61.08); 
update estoque set quant_venda = quant_venda + 2, quant_atual = quant_atual - 2 where id = 349; 
update estoque_total set total = total - 2 where medicamento_id = 349; 
insert into itens_venda values (default, 1653, 383, 383, 1, 0.00, 51.91); 
update estoque set quant_venda = quant_venda + 1, quant_atual = quant_atual - 1 where id = 383; 
update estoque_total set total = total - 1 where medicamento_id = 383; 
insert into itens_venda values (default, 1653, 197, 197, 1, 8.20, 265.36); 
update estoque set quant_venda = quant_venda + 1, quant_atual = quant_atual - 1 where id = 197; 
update estoque_total set total = total - 1 where medicamento_id = 197; 

insert into venda values (1654, '2023-07-11 13:34:05', 54.47, null, null); 
insert into itens_venda values (default, 1654, 503, 503, 3, 0.00, 11.01); 
update estoque set quant_venda = quant_venda + 3, quant_atual = quant_atual - 3 where id = 503; 
update estoque_total set total = total - 3 where medicamento_id = 503; 
insert into itens_venda values (default, 1654, 305, 305, 1, 0.00, 43.46); 
update estoque set quant_venda = quant_venda + 1, quant_atual = quant_atual - 1 where id = 305; 
update estoque_total set total = total - 1 where medicamento_id = 305; 

insert into venda values (1655, '2023-07-11 14:24:52', 240.46, 20, 23); 
insert into itens_venda values (default, 1655, 316, 316, 1, 14.30, 165.20); 
update estoque set quant_venda = quant_venda + 1, quant_atual = quant_atual - 1 where id = 316; 
update estoque_total set total = total - 1 where medicamento_id = 316; 
insert into itens_venda values (default, 1655, 330, 330, 1, 7.40, 75.26); 
update estoque set quant_venda = quant_venda + 1, quant_atual = quant_atual - 1 where id = 330; 
update estoque_total set total = total - 1 where medicamento_id = 330; 

insert into venda values (1656, '2023-07-11 14:47:48', 291.30, null, 25); 
insert into itens_venda values (default, 1656, 326, 326, 1, 0.00, 45.72); 
update estoque set quant_venda = quant_venda + 1, quant_atual = quant_atual - 1 where id = 326; 
update estoque_total set total = total - 1 where medicamento_id = 326; 
insert into itens_venda values (default, 1656, 496, 496, 1, 0.10, 7.27); 
update estoque set quant_venda = quant_venda + 1, quant_atual = quant_atual - 1 where id = 496; 
update estoque_total set total = total - 1 where medicamento_id = 496; 
insert into itens_venda values (default, 1656, 89, 89, 1, 2.40, 238.31); 
update estoque set quant_venda = quant_venda + 1, quant_atual = quant_atual - 1 where id = 89; 
update estoque_total set total = total - 1 where medicamento_id = 89; 

insert into venda values (1657, '2023-07-12 07:21:32', 233.69, 2, null); 
insert into itens_venda values (default, 1657, 161, 161, 1, 2.20, 54.74); 
update estoque set quant_venda = quant_venda + 1, quant_atual = quant_atual - 1 where id = 161; 
update estoque_total set total = total - 1 where medicamento_id = 161; 
insert into itens_venda values (default, 1657, 182, 182, 1, 2.50, 49.41); 
update estoque set quant_venda = quant_venda + 1, quant_atual = quant_atual - 1 where id = 182; 
update estoque_total set total = total - 1 where medicamento_id = 182; 
insert into itens_venda values (default, 1657, 172, 172, 1, 6.80, 129.54); 
update estoque set quant_venda = quant_venda + 1, quant_atual = quant_atual - 1 where id = 172; 
update estoque_total set total = total - 1 where medicamento_id = 172; 

insert into venda values (1658, '2023-07-12 07:24:03', 92.38, null, null); 
insert into itens_venda values (default, 1658, 348, 348, 3, 2.80, 67.67); 
update estoque set quant_venda = quant_venda + 3, quant_atual = quant_atual - 3 where id = 348; 
update estoque_total set total = total - 3 where medicamento_id = 348; 
insert into itens_venda values (default, 1658, 430, 430, 1, 0.00, 24.71); 
update estoque set quant_venda = quant_venda + 1, quant_atual = quant_atual - 1 where id = 430; 
update estoque_total set total = total - 1 where medicamento_id = 430; 

insert into venda values (1659, '2023-07-12 08:02:30', 394.62, null, 22); 
insert into itens_venda values (default, 1659, 413, 413, 2, 7.20, 173.24); 
update estoque set quant_venda = quant_venda + 2, quant_atual = quant_atual - 2 where id = 413; 
update estoque_total set total = total - 2 where medicamento_id = 413; 
insert into itens_venda values (default, 1659, 478, 478, 2, 0.00, 115.04); 
update estoque set quant_venda = quant_venda + 2, quant_atual = quant_atual - 2 where id = 478; 
update estoque_total set total = total - 2 where medicamento_id = 478; 
insert into itens_venda values (default, 1659, 308, 308, 2, 0.00, 106.34); 
update estoque set quant_venda = quant_venda + 2, quant_atual = quant_atual - 2 where id = 308; 
update estoque_total set total = total - 2 where medicamento_id = 308; 

insert into venda values (1660, '2023-07-12 08:33:58', 464.35, null, 23); 
insert into itens_venda values (default, 1660, 453, 453, 1, 0.10, 6.40); 
update estoque set quant_venda = quant_venda + 1, quant_atual = quant_atual - 1 where id = 453; 
update estoque_total set total = total - 1 where medicamento_id = 453; 
insert into itens_venda values (default, 1660, 236, 236, 1, 1.30, 131.51); 
update estoque set quant_venda = quant_venda + 1, quant_atual = quant_atual - 1 where id = 236; 
update estoque_total set total = total - 1 where medicamento_id = 236; 
insert into itens_venda values (default, 1660, 36, 36, 1, 0.00, 326.44); 
update estoque set quant_venda = quant_venda + 1, quant_atual = quant_atual - 1 where id = 36; 
update estoque_total set total = total - 1 where medicamento_id = 36; 

insert into venda values (1661, '2023-07-12 08:44:49', 319.44, 4, null); 
insert into itens_venda values (default, 1661, 478, 478, 2, 5.70, 109.34); 
update estoque set quant_venda = quant_venda + 2, quant_atual = quant_atual - 2 where id = 478; 
update estoque_total set total = total - 2 where medicamento_id = 478; 
insert into itens_venda values (default, 1661, 483, 483, 2, 9.00, 91.42); 
update estoque set quant_venda = quant_venda + 2, quant_atual = quant_atual - 2 where id = 483; 
update estoque_total set total = total - 2 where medicamento_id = 483; 
insert into itens_venda values (default, 1661, 466, 466, 1, 6.20, 118.68); 
update estoque set quant_venda = quant_venda + 1, quant_atual = quant_atual - 1 where id = 466; 
update estoque_total set total = total - 1 where medicamento_id = 466; 

insert into venda values (1662, '2023-07-12 09:56:31', 81.06, null, null); 
insert into itens_venda values (default, 1662, 480, 480, 1, 0.00, 31.54); 
update estoque set quant_venda = quant_venda + 1, quant_atual = quant_atual - 1 where id = 480; 
update estoque_total set total = total - 1 where medicamento_id = 480; 
insert into itens_venda values (default, 1662, 428, 428, 3, 0.40, 49.52); 
update estoque set quant_venda = quant_venda + 3, quant_atual = quant_atual - 3 where id = 428; 
update estoque_total set total = total - 3 where medicamento_id = 428; 

insert into venda values (1663, '2023-07-12 10:05:38', 231.48, 14, 25); 
insert into itens_venda values (default, 1663, 420, 420, 2, 5.30, 128.24); 
update estoque set quant_venda = quant_venda + 2, quant_atual = quant_atual - 2 where id = 420; 
update estoque_total set total = total - 2 where medicamento_id = 420; 
insert into itens_venda values (default, 1663, 308, 308, 2, 3.10, 103.24); 
update estoque set quant_venda = quant_venda + 2, quant_atual = quant_atual - 2 where id = 308; 
update estoque_total set total = total - 2 where medicamento_id = 308; 

insert into venda values (1664, '2023-07-12 11:20:53', 300.16, null, 24); 
insert into itens_venda values (default, 1664, 431, 431, 2, 0.20, 22.32); 
update estoque set quant_venda = quant_venda + 2, quant_atual = quant_atual - 2 where id = 431; 
update estoque_total set total = total - 2 where medicamento_id = 431; 
insert into itens_venda values (default, 1664, 75, 75, 1, 0.00, 277.84); 
update estoque set quant_venda = quant_venda + 1, quant_atual = quant_atual - 1 where id = 75; 
update estoque_total set total = total - 1 where medicamento_id = 75; 

insert into venda values (1665, '2023-07-12 11:49:22', 295.99, null, null); 
insert into itens_venda values (default, 1665, 483, 483, 1, 1.00, 49.21); 
update estoque set quant_venda = quant_venda + 1, quant_atual = quant_atual - 1 where id = 483; 
update estoque_total set total = total - 1 where medicamento_id = 483; 
insert into itens_venda values (default, 1665, 166, 166, 1, 0.00, 246.78); 
update estoque set quant_venda = quant_venda + 1, quant_atual = quant_atual - 1 where id = 166; 
update estoque_total set total = total - 1 where medicamento_id = 166; 

insert into venda values (1666, '2023-07-12 11:53:08', 370.47, null, 22); 
insert into itens_venda values (default, 1666, 235, 235, 2, 2.10, 105.14); 
update estoque set quant_venda = quant_venda + 2, quant_atual = quant_atual - 2 where id = 235; 
update estoque_total set total = total - 2 where medicamento_id = 235; 
insert into itens_venda values (default, 1666, 215, 215, 1, 0.00, 218.90); 
update estoque set quant_venda = quant_venda + 1, quant_atual = quant_atual - 1 where id = 215; 
update estoque_total set total = total - 1 where medicamento_id = 215; 
insert into itens_venda values (default, 1666, 85, 85, 1, 1.90, 46.43); 
update estoque set quant_venda = quant_venda + 1, quant_atual = quant_atual - 1 where id = 85; 
update estoque_total set total = total - 1 where medicamento_id = 85; 

insert into venda values (1667, '2023-07-12 12:05:52', 491.04, null, null); 
insert into itens_venda values (default, 1667, 374, 374, 2, 0.60, 67.62); 
update estoque set quant_venda = quant_venda + 2, quant_atual = quant_atual - 2 where id = 374; 
update estoque_total set total = total - 2 where medicamento_id = 374; 
insert into itens_venda values (default, 1667, 427, 427, 3, 0.30, 38.64); 
update estoque set quant_venda = quant_venda + 3, quant_atual = quant_atual - 3 where id = 427; 
update estoque_total set total = total - 3 where medicamento_id = 427; 
insert into itens_venda values (default, 1667, 230, 230, 1, 11.80, 384.78); 
update estoque set quant_venda = quant_venda + 1, quant_atual = quant_atual - 1 where id = 230; 
update estoque_total set total = total - 1 where medicamento_id = 230; 

insert into venda values (1668, '2023-07-12 12:42:23', 108.18, 15, 23); 
insert into itens_venda values (default, 1668, 443, 443, 3, 3.50, 66.70); 
update estoque set quant_venda = quant_venda + 3, quant_atual = quant_atual - 3 where id = 443; 
update estoque_total set total = total - 3 where medicamento_id = 443; 
insert into itens_venda values (default, 1668, 340, 340, 1, 1.20, 19.98); 
update estoque set quant_venda = quant_venda + 1, quant_atual = quant_atual - 1 where id = 340; 
update estoque_total set total = total - 1 where medicamento_id = 340; 
insert into itens_venda values (default, 1668, 217, 217, 2, 0.60, 21.50); 
update estoque set quant_venda = quant_venda + 2, quant_atual = quant_atual - 2 where id = 217; 
update estoque_total set total = total - 2 where medicamento_id = 217; 

insert into venda values (1669, '2023-07-12 13:27:40', 455.99, null, null); 
insert into itens_venda values (default, 1669, 258, 258, 2, 3.80, 123.10); 
update estoque set quant_venda = quant_venda + 2, quant_atual = quant_atual - 2 where id = 258; 
update estoque_total set total = total - 2 where medicamento_id = 258; 
insert into itens_venda values (default, 1669, 168, 168, 1, 10.20, 332.89); 
update estoque set quant_venda = quant_venda + 1, quant_atual = quant_atual - 1 where id = 168; 
update estoque_total set total = total - 1 where medicamento_id = 168; 

insert into venda values (1670, '2023-07-14 07:56:49', 49.42, null, null); 
insert into itens_venda values (default, 1670, 429, 429, 2, 0.00, 49.42); 
update estoque set quant_venda = quant_venda + 2, quant_atual = quant_atual - 2 where id = 429; 
update estoque_total set total = total - 2 where medicamento_id = 429; 

insert into venda values (1671, '2023-07-15 06:58:58', 124.80, 14, null); 
insert into itens_venda values (default, 1671, 412, 412, 1, 0.80, 87.67); 
update estoque set quant_venda = quant_venda + 1, quant_atual = quant_atual - 1 where id = 412; 
update estoque_total set total = total - 1 where medicamento_id = 412; 
insert into itens_venda values (default, 1671, 481, 481, 2, 2.10, 24.58); 
update estoque set quant_venda = quant_venda + 2, quant_atual = quant_atual - 2 where id = 481; 
update estoque_total set total = total - 2 where medicamento_id = 481; 
insert into itens_venda values (default, 1671, 463, 463, 1, 0.80, 12.55); 
update estoque set quant_venda = quant_venda + 1, quant_atual = quant_atual - 1 where id = 463; 
update estoque_total set total = total - 1 where medicamento_id = 463; 

insert into venda values (1672, '2023-07-15 09:00:58', 267.40, null, null); 
insert into itens_venda values (default, 1672, 300, 300, 1, 2.50, 247.50); 
update estoque set quant_venda = quant_venda + 1, quant_atual = quant_atual - 1 where id = 300; 
update estoque_total set total = total - 1 where medicamento_id = 300; 
insert into itens_venda values (default, 1672, 475, 475, 1, 0.20, 19.90); 
update estoque set quant_venda = quant_venda + 1, quant_atual = quant_atual - 1 where id = 475; 
update estoque_total set total = total - 1 where medicamento_id = 475; 

insert into venda values (1673, '2023-07-15 11:03:26', 32.66, 10, null); 
insert into itens_venda values (default, 1673, 434, 434, 1, 0.00, 32.66); 
update estoque set quant_venda = quant_venda + 1, quant_atual = quant_atual - 1 where id = 434; 
update estoque_total set total = total - 1 where medicamento_id = 434; 

insert into venda values (1674, '2023-07-15 13:42:18', 179.35, null, 23); 
insert into itens_venda values (default, 1674, 342, 342, 1, 0.40, 42.51); 
update estoque set quant_venda = quant_venda + 1, quant_atual = quant_atual - 1 where id = 342; 
update estoque_total set total = total - 1 where medicamento_id = 342; 
insert into itens_venda values (default, 1674, 214, 214, 2, 0.00, 136.84); 
update estoque set quant_venda = quant_venda + 2, quant_atual = quant_atual - 2 where id = 214; 
update estoque_total set total = total - 2 where medicamento_id = 214; 

insert into venda values (1675, '2023-07-15 14:40:33', 205.53, null, 21); 
insert into itens_venda values (default, 1675, 471, 471, 1, 0.10, 17.79); 
update estoque set quant_venda = quant_venda + 1, quant_atual = quant_atual - 1 where id = 471; 
update estoque_total set total = total - 1 where medicamento_id = 471; 
insert into itens_venda values (default, 1675, 113, 113, 2, 1.70, 56.62); 
update estoque set quant_venda = quant_venda + 2, quant_atual = quant_atual - 2 where id = 113; 
update estoque_total set total = total - 2 where medicamento_id = 113; 
insert into itens_venda values (default, 1675, 164, 164, 2, 1.30, 131.12); 
update estoque set quant_venda = quant_venda + 2, quant_atual = quant_atual - 2 where id = 164; 
update estoque_total set total = total - 2 where medicamento_id = 164; 

insert into venda values (1676, '2023-07-15 16:02:32', 349.26, null, 22); 
insert into itens_venda values (default, 1676, 95, 95, 1, 12.80, 307.48); 
update estoque set quant_venda = quant_venda + 1, quant_atual = quant_atual - 1 where id = 95; 
update estoque_total set total = total - 1 where medicamento_id = 95; 
insert into itens_venda values (default, 1676, 385, 385, 2, 1.20, 41.78); 
update estoque set quant_venda = quant_venda + 2, quant_atual = quant_atual - 2 where id = 385; 
update estoque_total set total = total - 2 where medicamento_id = 385; 

insert into venda values (1677, '2023-07-19 07:16:14', 134.56, 8, 25); 
insert into itens_venda values (default, 1677, 497, 497, 2, 5.20, 70.00); 
update estoque set quant_venda = quant_venda + 2, quant_atual = quant_atual - 2 where id = 497; 
update estoque_total set total = total - 2 where medicamento_id = 497; 
insert into itens_venda values (default, 1677, 493, 493, 3, 1.50, 21.18); 
update estoque set quant_venda = quant_venda + 3, quant_atual = quant_atual - 3 where id = 493; 
update estoque_total set total = total - 3 where medicamento_id = 493; 
insert into itens_venda values (default, 1677, 136, 136, 1, 2.70, 43.38); 
update estoque set quant_venda = quant_venda + 1, quant_atual = quant_atual - 1 where id = 136; 
update estoque_total set total = total - 1 where medicamento_id = 136; 

insert into venda values (1678, '2023-07-19 07:22:26', 2.70, null, null); 
insert into itens_venda values (default, 1678, 227, 227, 1, 0.00, 2.70); 
update estoque set quant_venda = quant_venda + 1, quant_atual = quant_atual - 1 where id = 227; 
update estoque_total set total = total - 1 where medicamento_id = 227; 

insert into venda values (1679, '2023-07-19 08:12:38', 56.42, null, null); 
insert into itens_venda values (default, 1679, 478, 478, 1, 1.10, 56.42); 
update estoque set quant_venda = quant_venda + 1, quant_atual = quant_atual - 1 where id = 478; 
update estoque_total set total = total - 1 where medicamento_id = 478; 

insert into venda values (1680, '2023-07-19 08:47:59', 127.12, null, null); 
insert into itens_venda values (default, 1680, 340, 340, 2, 0.00, 42.36); 
update estoque set quant_venda = quant_venda + 2, quant_atual = quant_atual - 2 where id = 340; 
update estoque_total set total = total - 2 where medicamento_id = 340; 
insert into itens_venda values (default, 1680, 123, 123, 1, 0.00, 51.72); 
update estoque set quant_venda = quant_venda + 1, quant_atual = quant_atual - 1 where id = 123; 
update estoque_total set total = total - 1 where medicamento_id = 123; 
insert into itens_venda values (default, 1680, 484, 484, 2, 0.00, 33.04); 
update estoque set quant_venda = quant_venda + 2, quant_atual = quant_atual - 2 where id = 484; 
update estoque_total set total = total - 2 where medicamento_id = 484; 

insert into venda values (1681, '2023-07-19 09:34:42', 142.47, 9, null); 
insert into itens_venda values (default, 1681, 406, 406, 2, 0.20, 14.20); 
update estoque set quant_venda = quant_venda + 2, quant_atual = quant_atual - 2 where id = 406; 
update estoque_total set total = total - 2 where medicamento_id = 406; 
insert into itens_venda values (default, 1681, 293, 293, 1, 1.70, 27.43); 
update estoque set quant_venda = quant_venda + 1, quant_atual = quant_atual - 1 where id = 293; 
update estoque_total set total = total - 1 where medicamento_id = 293; 
insert into itens_venda values (default, 1681, 235, 235, 2, 6.40, 100.84); 
update estoque set quant_venda = quant_venda + 2, quant_atual = quant_atual - 2 where id = 235; 
update estoque_total set total = total - 2 where medicamento_id = 235; 

insert into venda values (1682, '2023-07-19 10:50:35', 192.68, null, null); 
insert into itens_venda values (default, 1682, 299, 299, 2, 0.60, 67.80); 
update estoque set quant_venda = quant_venda + 2, quant_atual = quant_atual - 2 where id = 299; 
update estoque_total set total = total - 2 where medicamento_id = 299; 
insert into itens_venda values (default, 1682, 466, 466, 1, 0.00, 124.88); 
update estoque set quant_venda = quant_venda + 1, quant_atual = quant_atual - 1 where id = 466; 
update estoque_total set total = total - 1 where medicamento_id = 466; 

insert into venda values (1683, '2023-07-19 11:23:49', 168.29, null, null); 
insert into itens_venda values (default, 1683, 434, 434, 1, 0.60, 32.06); 
update estoque set quant_venda = quant_venda + 1, quant_atual = quant_atual - 1 where id = 434; 
update estoque_total set total = total - 1 where medicamento_id = 434; 
insert into itens_venda values (default, 1683, 371, 371, 1, 1.30, 136.23); 
update estoque set quant_venda = quant_venda + 1, quant_atual = quant_atual - 1 where id = 371; 
update estoque_total set total = total - 1 where medicamento_id = 371; 

insert into venda values (1684, '2023-07-19 12:07:25', 25.70, null, null); 
insert into itens_venda values (default, 1684, 463, 463, 2, 1.00, 25.70); 
update estoque set quant_venda = quant_venda + 2, quant_atual = quant_atual - 2 where id = 463; 
update estoque_total set total = total - 2 where medicamento_id = 463; 

insert into venda values (1685, '2023-07-20 06:05:34', 53.67, 6, null); 
insert into itens_venda values (default, 1685, 471, 471, 3, 0.00, 53.67); 
update estoque set quant_venda = quant_venda + 3, quant_atual = quant_atual - 3 where id = 471; 
update estoque_total set total = total - 3 where medicamento_id = 471; 

insert into venda values (1686, '2023-07-20 06:39:20', 141.92, 18, null); 
insert into itens_venda values (default, 1686, 472, 472, 3, 2.60, 85.36); 
update estoque set quant_venda = quant_venda + 3, quant_atual = quant_atual - 3 where id = 472; 
update estoque_total set total = total - 3 where medicamento_id = 472; 
insert into itens_venda values (default, 1686, 293, 293, 2, 1.70, 56.56); 
update estoque set quant_venda = quant_venda + 2, quant_atual = quant_atual - 2 where id = 293; 
update estoque_total set total = total - 2 where medicamento_id = 293; 

insert into venda values (1687, '2023-07-20 06:55:05', 333.11, null, 25); 
insert into itens_venda values (default, 1687, 80, 80, 1, 2.30, 234.77); 
update estoque set quant_venda = quant_venda + 1, quant_atual = quant_atual - 1 where id = 80; 
update estoque_total set total = total - 1 where medicamento_id = 80; 
insert into itens_venda values (default, 1687, 455, 455, 2, 2.00, 98.34); 
update estoque set quant_venda = quant_venda + 2, quant_atual = quant_atual - 2 where id = 455; 
update estoque_total set total = total - 2 where medicamento_id = 455; 

insert into venda values (1688, '2023-07-20 07:51:23', 136.36, 19, 22); 
insert into itens_venda values (default, 1688, 261, 261, 2, 13.40, 136.36); 
update estoque set quant_venda = quant_venda + 2, quant_atual = quant_atual - 2 where id = 261; 
update estoque_total set total = total - 2 where medicamento_id = 261; 

insert into venda values (1689, '2023-07-20 08:52:36', 380.02, 13, null); 
insert into itens_venda values (default, 1689, 124, 124, 2, 11.10, 174.48); 
update estoque set quant_venda = quant_venda + 2, quant_atual = quant_atual - 2 where id = 124; 
update estoque_total set total = total - 2 where medicamento_id = 124; 
insert into itens_venda values (default, 1689, 502, 502, 3, 0.60, 64.83); 
update estoque set quant_venda = quant_venda + 3, quant_atual = quant_atual - 3 where id = 502; 
update estoque_total set total = total - 3 where medicamento_id = 502; 
insert into itens_venda values (default, 1689, 122, 122, 1, 0.00, 140.71); 
update estoque set quant_venda = quant_venda + 1, quant_atual = quant_atual - 1 where id = 122; 
update estoque_total set total = total - 1 where medicamento_id = 122; 

insert into venda values (1690, '2023-07-20 08:54:39', 51.12, null, null); 
insert into itens_venda values (default, 1690, 345, 345, 2, 1.00, 51.12); 
update estoque set quant_venda = quant_venda + 2, quant_atual = quant_atual - 2 where id = 345; 
update estoque_total set total = total - 2 where medicamento_id = 345; 

insert into venda values (1691, '2023-07-20 10:12:35', 68.35, 18, 21); 
insert into itens_venda values (default, 1691, 500, 500, 1, 0.10, 15.87); 
update estoque set quant_venda = quant_venda + 1, quant_atual = quant_atual - 1 where id = 500; 
update estoque_total set total = total - 1 where medicamento_id = 500; 
insert into itens_venda values (default, 1691, 149, 149, 2, 2.70, 52.48); 
update estoque set quant_venda = quant_venda + 2, quant_atual = quant_atual - 2 where id = 149; 
update estoque_total set total = total - 2 where medicamento_id = 149; 

insert into venda values (1692, '2023-07-20 10:58:44', 323.04, null, null); 
insert into itens_venda values (default, 1692, 379, 379, 3, 0.00, 38.04); 
update estoque set quant_venda = quant_venda + 3, quant_atual = quant_atual - 3 where id = 379; 
update estoque_total set total = total - 3 where medicamento_id = 379; 
insert into itens_venda values (default, 1692, 173, 173, 1, 5.80, 285.00); 
update estoque set quant_venda = quant_venda + 1, quant_atual = quant_atual - 1 where id = 173; 
update estoque_total set total = total - 1 where medicamento_id = 173; 

insert into venda values (1693, '2023-07-20 11:50:15', 31.20, 6, null); 
insert into itens_venda values (default, 1693, 292, 292, 3, 0.90, 31.20); 
update estoque set quant_venda = quant_venda + 3, quant_atual = quant_atual - 3 where id = 292; 
update estoque_total set total = total - 3 where medicamento_id = 292; 

insert into venda values (1694, '2023-07-20 12:06:00', 114.14, 19, null); 
insert into itens_venda values (default, 1694, 476, 476, 2, 0.90, 47.44); 
update estoque set quant_venda = quant_venda + 2, quant_atual = quant_atual - 2 where id = 476; 
update estoque_total set total = total - 2 where medicamento_id = 476; 
insert into itens_venda values (default, 1694, 458, 458, 2, 5.70, 66.70); 
update estoque set quant_venda = quant_venda + 2, quant_atual = quant_atual - 2 where id = 458; 
update estoque_total set total = total - 2 where medicamento_id = 458; 

insert into venda values (1695, '2023-07-20 12:56:18', 350.13, null, null); 
insert into itens_venda values (default, 1695, 497, 497, 2, 0.70, 74.50); 
update estoque set quant_venda = quant_venda + 2, quant_atual = quant_atual - 2 where id = 497; 
update estoque_total set total = total - 2 where medicamento_id = 497; 
insert into itens_venda values (default, 1695, 280, 280, 1, 0.00, 104.23); 
update estoque set quant_venda = quant_venda + 1, quant_atual = quant_atual - 1 where id = 280; 
update estoque_total set total = total - 1 where medicamento_id = 280; 
insert into itens_venda values (default, 1695, 470, 470, 2, 3.40, 171.40); 
update estoque set quant_venda = quant_venda + 2, quant_atual = quant_atual - 2 where id = 470; 
update estoque_total set total = total - 2 where medicamento_id = 470; 

insert into venda values (1696, '2023-07-20 13:18:07', 320.65, 11, 22); 
insert into itens_venda values (default, 1696, 232, 232, 1, 0.70, 76.95); 
update estoque set quant_venda = quant_venda + 1, quant_atual = quant_atual - 1 where id = 232; 
update estoque_total set total = total - 1 where medicamento_id = 232; 
insert into itens_venda values (default, 1696, 96, 96, 1, 17.70, 236.34); 
update estoque set quant_venda = quant_venda + 1, quant_atual = quant_atual - 1 where id = 96; 
update estoque_total set total = total - 1 where medicamento_id = 96; 
insert into itens_venda values (default, 1696, 493, 493, 1, 0.20, 7.36); 
update estoque set quant_venda = quant_venda + 1, quant_atual = quant_atual - 1 where id = 493; 
update estoque_total set total = total - 1 where medicamento_id = 493; 

insert into venda values (1697, '2023-07-20 13:44:35', 48.44, 2, null); 
insert into itens_venda values (default, 1697, 132, 132, 1, 0.90, 48.44); 
update estoque set quant_venda = quant_venda + 1, quant_atual = quant_atual - 1 where id = 132; 
update estoque_total set total = total - 1 where medicamento_id = 132; 

insert into venda values (1698, '2023-07-21 06:27:55', 40.07, null, null); 
insert into itens_venda values (default, 1698, 395, 395, 1, 1.20, 40.07); 
update estoque set quant_venda = quant_venda + 1, quant_atual = quant_atual - 1 where id = 395; 
update estoque_total set total = total - 1 where medicamento_id = 395; 

insert into venda values (1699, '2023-07-21 07:17:40', 355.43, 1, null); 
insert into itens_venda values (default, 1699, 370, 370, 1, 7.10, 230.24); 
update estoque set quant_venda = quant_venda + 1, quant_atual = quant_atual - 1 where id = 370; 
update estoque_total set total = total - 1 where medicamento_id = 370; 
insert into itens_venda values (default, 1699, 485, 485, 3, 1.90, 46.37); 
update estoque set quant_venda = quant_venda + 3, quant_atual = quant_atual - 3 where id = 485; 
update estoque_total set total = total - 3 where medicamento_id = 485; 
insert into itens_venda values (default, 1699, 440, 440, 2, 0.00, 78.82); 
update estoque set quant_venda = quant_venda + 2, quant_atual = quant_atual - 2 where id = 440; 
update estoque_total set total = total - 2 where medicamento_id = 440; 

insert into venda values (1700, '2023-07-21 08:15:40', 63.84, null, null); 
insert into itens_venda values (default, 1700, 436, 436, 1, 1.90, 63.84); 
update estoque set quant_venda = quant_venda + 1, quant_atual = quant_atual - 1 where id = 436; 
update estoque_total set total = total - 1 where medicamento_id = 436; 

insert into venda values (1701, '2023-07-21 10:33:53', 44.26, null, null); 
insert into itens_venda values (default, 1701, 493, 493, 3, 0.90, 21.78); 
update estoque set quant_venda = quant_venda + 3, quant_atual = quant_atual - 3 where id = 493; 
update estoque_total set total = total - 3 where medicamento_id = 493; 
insert into itens_venda values (default, 1701, 218, 218, 1, 0.90, 22.48); 
update estoque set quant_venda = quant_venda + 1, quant_atual = quant_atual - 1 where id = 218; 
update estoque_total set total = total - 1 where medicamento_id = 218; 

insert into venda values (1702, '2023-07-23 06:05:29', 208.82, null, null); 
insert into itens_venda values (default, 1702, 187, 187, 2, 1.40, 72.62); 
update estoque set quant_venda = quant_venda + 2, quant_atual = quant_atual - 2 where id = 187; 
update estoque_total set total = total - 2 where medicamento_id = 187; 
insert into itens_venda values (default, 1702, 400, 400, 1, 0.00, 136.20); 
update estoque set quant_venda = quant_venda + 1, quant_atual = quant_atual - 1 where id = 400; 
update estoque_total set total = total - 1 where medicamento_id = 400; 

insert into venda values (1703, '2023-07-23 06:21:30', 110.40, null, null); 
insert into itens_venda values (default, 1703, 493, 493, 2, 0.30, 14.82); 
update estoque set quant_venda = quant_venda + 2, quant_atual = quant_atual - 2 where id = 493; 
update estoque_total set total = total - 2 where medicamento_id = 493; 
insert into itens_venda values (default, 1703, 323, 323, 2, 1.00, 34.34); 
update estoque set quant_venda = quant_venda + 2, quant_atual = quant_atual - 2 where id = 323; 
update estoque_total set total = total - 2 where medicamento_id = 323; 
insert into itens_venda values (default, 1703, 332, 332, 1, 1.80, 61.24); 
update estoque set quant_venda = quant_venda + 1, quant_atual = quant_atual - 1 where id = 332; 
update estoque_total set total = total - 1 where medicamento_id = 332; 

insert into venda values (1704, '2023-07-23 07:28:26', 185.60, null, null); 
insert into itens_venda values (default, 1704, 305, 305, 1, 0.80, 42.66); 
update estoque set quant_venda = quant_venda + 1, quant_atual = quant_atual - 1 where id = 305; 
update estoque_total set total = total - 1 where medicamento_id = 305; 
insert into itens_venda values (default, 1704, 411, 411, 2, 1.40, 142.94); 
update estoque set quant_venda = quant_venda + 2, quant_atual = quant_atual - 2 where id = 411; 
update estoque_total set total = total - 2 where medicamento_id = 411; 

insert into venda values (1705, '2023-07-23 08:06:47', 307.64, null, null); 
insert into itens_venda values (default, 1705, 505, 505, 2, 2.70, 64.98); 
update estoque set quant_venda = quant_venda + 2, quant_atual = quant_atual - 2 where id = 505; 
update estoque_total set total = total - 2 where medicamento_id = 505; 
insert into itens_venda values (default, 1705, 362, 362, 1, 7.50, 181.38); 
update estoque set quant_venda = quant_venda + 1, quant_atual = quant_atual - 1 where id = 362; 
update estoque_total set total = total - 1 where medicamento_id = 362; 
insert into itens_venda values (default, 1705, 480, 480, 2, 1.80, 61.28); 
update estoque set quant_venda = quant_venda + 2, quant_atual = quant_atual - 2 where id = 480; 
update estoque_total set total = total - 2 where medicamento_id = 480; 

insert into venda values (1706, '2023-07-23 08:41:04', 102.78, null, 22); 
insert into itens_venda values (default, 1706, 111, 111, 1, 1.10, 38.47); 
update estoque set quant_venda = quant_venda + 1, quant_atual = quant_atual - 1 where id = 111; 
update estoque_total set total = total - 1 where medicamento_id = 111; 
insert into itens_venda values (default, 1706, 164, 164, 1, 1.90, 64.31); 
update estoque set quant_venda = quant_venda + 1, quant_atual = quant_atual - 1 where id = 164; 
update estoque_total set total = total - 1 where medicamento_id = 164; 

insert into venda values (1707, '2023-07-23 09:11:52', 67.50, null, null); 
insert into itens_venda values (default, 1707, 480, 480, 1, 0.60, 30.94); 
update estoque set quant_venda = quant_venda + 1, quant_atual = quant_atual - 1 where id = 480; 
update estoque_total set total = total - 1 where medicamento_id = 480; 
insert into itens_venda values (default, 1707, 460, 460, 1, 1.10, 36.56); 
update estoque set quant_venda = quant_venda + 1, quant_atual = quant_atual - 1 where id = 460; 
update estoque_total set total = total - 1 where medicamento_id = 460; 

insert into venda values (1708, '2023-07-23 09:57:30', 119.99, null, 22); 
insert into itens_venda values (default, 1708, 277, 277, 2, 2.80, 67.96); 
update estoque set quant_venda = quant_venda + 2, quant_atual = quant_atual - 2 where id = 277; 
update estoque_total set total = total - 2 where medicamento_id = 277; 
insert into itens_venda values (default, 1708, 490, 490, 1, 0.00, 52.03); 
update estoque set quant_venda = quant_venda + 1, quant_atual = quant_atual - 1 where id = 490; 
update estoque_total set total = total - 1 where medicamento_id = 490; 

insert into venda values (1709, '2023-07-23 10:42:39', 66.42, null, null); 
insert into itens_venda values (default, 1709, 442, 442, 3, 2.70, 66.42); 
update estoque set quant_venda = quant_venda + 3, quant_atual = quant_atual - 3 where id = 442; 
update estoque_total set total = total - 3 where medicamento_id = 442; 

insert into venda values (1710, '2023-07-23 11:07:50', 49.95, null, null); 
insert into itens_venda values (default, 1710, 476, 476, 1, 0.20, 23.97); 
update estoque set quant_venda = quant_venda + 1, quant_atual = quant_atual - 1 where id = 476; 
update estoque_total set total = total - 1 where medicamento_id = 476; 
insert into itens_venda values (default, 1710, 233, 233, 1, 0.00, 25.98); 
update estoque set quant_venda = quant_venda + 1, quant_atual = quant_atual - 1 where id = 233; 
update estoque_total set total = total - 1 where medicamento_id = 233; 

insert into venda values (1711, '2023-07-23 11:10:54', 140.66, 10, null); 
insert into itens_venda values (default, 1711, 360, 360, 1, 7.40, 140.66); 
update estoque set quant_venda = quant_venda + 1, quant_atual = quant_atual - 1 where id = 360; 
update estoque_total set total = total - 1 where medicamento_id = 360; 

insert into venda values (1712, '2023-07-23 12:29:17', 309.48, null, 23); 
insert into itens_venda values (default, 1712, 480, 480, 2, 2.50, 60.58); 
update estoque set quant_venda = quant_venda + 2, quant_atual = quant_atual - 2 where id = 480; 
update estoque_total set total = total - 2 where medicamento_id = 480; 
insert into itens_venda values (default, 1712, 292, 292, 3, 0.00, 32.10); 
update estoque set quant_venda = quant_venda + 3, quant_atual = quant_atual - 3 where id = 292; 
update estoque_total set total = total - 3 where medicamento_id = 292; 
insert into itens_venda values (default, 1712, 215, 215, 1, 2.10, 216.80); 
update estoque set quant_venda = quant_venda + 1, quant_atual = quant_atual - 1 where id = 215; 
update estoque_total set total = total - 1 where medicamento_id = 215; 

insert into venda values (1713, '2023-07-23 12:32:10', 39.17, 15, null); 
insert into itens_venda values (default, 1713, 431, 431, 2, 1.30, 21.22); 
update estoque set quant_venda = quant_venda + 2, quant_atual = quant_atual - 2 where id = 431; 
update estoque_total set total = total - 2 where medicamento_id = 431; 
insert into itens_venda values (default, 1713, 242, 242, 3, 0.50, 17.95); 
update estoque set quant_venda = quant_venda + 3, quant_atual = quant_atual - 3 where id = 242; 
update estoque_total set total = total - 3 where medicamento_id = 242; 

insert into venda values (1714, '2023-07-23 12:53:59', 265.72, 6, null); 
insert into itens_venda values (default, 1714, 370, 370, 1, 14.20, 223.14); 
update estoque set quant_venda = quant_venda + 1, quant_atual = quant_atual - 1 where id = 370; 
update estoque_total set total = total - 1 where medicamento_id = 370; 
insert into itens_venda values (default, 1714, 431, 431, 1, 0.50, 10.76); 
update estoque set quant_venda = quant_venda + 1, quant_atual = quant_atual - 1 where id = 431; 
update estoque_total set total = total - 1 where medicamento_id = 431; 
insert into itens_venda values (default, 1714, 364, 364, 1, 1.30, 31.82); 
update estoque set quant_venda = quant_venda + 1, quant_atual = quant_atual - 1 where id = 364; 
update estoque_total set total = total - 1 where medicamento_id = 364; 

insert into venda values (1715, '2023-07-24 07:15:45', 205.51, null, null); 
insert into itens_venda values (default, 1715, 399, 399, 2, 1.00, 102.70); 
update estoque set quant_venda = quant_venda + 2, quant_atual = quant_atual - 2 where id = 399; 
update estoque_total set total = total - 2 where medicamento_id = 399; 
insert into itens_venda values (default, 1715, 448, 448, 1, 0.30, 16.19); 
update estoque set quant_venda = quant_venda + 1, quant_atual = quant_atual - 1 where id = 448; 
update estoque_total set total = total - 1 where medicamento_id = 448; 
insert into itens_venda values (default, 1715, 413, 413, 1, 3.60, 86.62); 
update estoque set quant_venda = quant_venda + 1, quant_atual = quant_atual - 1 where id = 413; 
update estoque_total set total = total - 1 where medicamento_id = 413; 

insert into venda values (1716, '2023-07-24 07:16:33', 33.88, 1, null); 
insert into itens_venda values (default, 1716, 461, 461, 2, 3.30, 33.88); 
update estoque set quant_venda = quant_venda + 2, quant_atual = quant_atual - 2 where id = 461; 
update estoque_total set total = total - 2 where medicamento_id = 461; 

insert into venda values (1717, '2023-07-24 07:16:48', 71.22, null, null); 
insert into itens_venda values (default, 1717, 244, 244, 2, 0.00, 60.28); 
update estoque set quant_venda = quant_venda + 2, quant_atual = quant_atual - 2 where id = 244; 
update estoque_total set total = total - 2 where medicamento_id = 244; 
insert into itens_venda values (default, 1717, 486, 486, 1, 0.00, 10.94); 
update estoque set quant_venda = quant_venda + 1, quant_atual = quant_atual - 1 where id = 486; 
update estoque_total set total = total - 1 where medicamento_id = 486; 

insert into venda values (1718, '2023-07-24 08:13:51', 111.57, 13, null); 
insert into itens_venda values (default, 1718, 266, 266, 1, 8.30, 111.57); 
update estoque set quant_venda = quant_venda + 1, quant_atual = quant_atual - 1 where id = 266; 
update estoque_total set total = total - 1 where medicamento_id = 266; 

insert into venda values (1719, '2023-07-24 09:04:06', 212.21, 5, null); 
insert into itens_venda values (default, 1719, 407, 407, 2, 5.50, 134.16); 
update estoque set quant_venda = quant_venda + 2, quant_atual = quant_atual - 2 where id = 407; 
update estoque_total set total = total - 2 where medicamento_id = 407; 
insert into itens_venda values (default, 1719, 52, 52, 1, 7.70, 78.05); 
update estoque set quant_venda = quant_venda + 1, quant_atual = quant_atual - 1 where id = 52; 
update estoque_total set total = total - 1 where medicamento_id = 52; 

insert into venda values (1720, '2023-07-24 10:07:03', 69.75, 20, null); 
insert into itens_venda values (default, 1720, 433, 433, 1, 2.40, 24.75); 
update estoque set quant_venda = quant_venda + 1, quant_atual = quant_atual - 1 where id = 433; 
update estoque_total set total = total - 1 where medicamento_id = 433; 
insert into itens_venda values (default, 1720, 409, 409, 2, 3.90, 45.00); 
update estoque set quant_venda = quant_venda + 2, quant_atual = quant_atual - 2 where id = 409; 
update estoque_total set total = total - 2 where medicamento_id = 409; 

insert into venda values (1721, '2023-07-24 10:14:17', 353.73, null, null); 
insert into itens_venda values (default, 1721, 257, 257, 1, 3.40, 340.50); 
update estoque set quant_venda = quant_venda + 1, quant_atual = quant_atual - 1 where id = 257; 
update estoque_total set total = total - 1 where medicamento_id = 257; 
insert into itens_venda values (default, 1721, 302, 302, 1, 0.50, 13.23); 
update estoque set quant_venda = quant_venda + 1, quant_atual = quant_atual - 1 where id = 302; 
update estoque_total set total = total - 1 where medicamento_id = 302; 

insert into venda values (1722, '2023-07-24 10:50:52', 21.22, 3, 23); 
insert into itens_venda values (default, 1722, 116, 116, 3, 2.00, 21.22); 
update estoque set quant_venda = quant_venda + 3, quant_atual = quant_atual - 3 where id = 116; 
update estoque_total set total = total - 3 where medicamento_id = 116; 

insert into venda values (1723, '2023-07-26 06:30:22', 93.02, null, null); 
insert into itens_venda values (default, 1723, 252, 252, 2, 0.00, 56.12); 
update estoque set quant_venda = quant_venda + 2, quant_atual = quant_atual - 2 where id = 252; 
update estoque_total set total = total - 2 where medicamento_id = 252; 
insert into itens_venda values (default, 1723, 497, 497, 1, 0.70, 36.90); 
update estoque set quant_venda = quant_venda + 1, quant_atual = quant_atual - 1 where id = 497; 
update estoque_total set total = total - 1 where medicamento_id = 497; 

insert into venda values (1724, '2023-07-27 07:14:07', 201.64, 6, 23); 
insert into itens_venda values (default, 1724, 475, 475, 3, 3.00, 57.30); 
update estoque set quant_venda = quant_venda + 3, quant_atual = quant_atual - 3 where id = 475; 
update estoque_total set total = total - 3 where medicamento_id = 475; 
insert into itens_venda values (default, 1724, 68, 68, 1, 4.40, 144.34); 
update estoque set quant_venda = quant_venda + 1, quant_atual = quant_atual - 1 where id = 68; 
update estoque_total set total = total - 1 where medicamento_id = 68; 

insert into venda values (1725, '2023-07-27 07:43:40', 205.50, 4, null); 
insert into itens_venda values (default, 1725, 384, 384, 1, 2.60, 41.24); 
update estoque set quant_venda = quant_venda + 1, quant_atual = quant_atual - 1 where id = 384; 
update estoque_total set total = total - 1 where medicamento_id = 384; 
insert into itens_venda values (default, 1725, 408, 408, 1, 2.30, 114.23); 
update estoque set quant_venda = quant_venda + 1, quant_atual = quant_atual - 1 where id = 408; 
update estoque_total set total = total - 1 where medicamento_id = 408; 
insert into itens_venda values (default, 1725, 490, 490, 1, 2.00, 50.03); 
update estoque set quant_venda = quant_venda + 1, quant_atual = quant_atual - 1 where id = 490; 
update estoque_total set total = total - 1 where medicamento_id = 490; 

insert into venda values (1726, '2023-07-27 08:39:58', 110.41, null, null); 
insert into itens_venda values (default, 1726, 439, 439, 1, 0.00, 40.97); 
update estoque set quant_venda = quant_venda + 1, quant_atual = quant_atual - 1 where id = 439; 
update estoque_total set total = total - 1 where medicamento_id = 439; 
insert into itens_venda values (default, 1726, 247, 247, 1, 0.00, 69.44); 
update estoque set quant_venda = quant_venda + 1, quant_atual = quant_atual - 1 where id = 247; 
update estoque_total set total = total - 1 where medicamento_id = 247; 

insert into venda values (1727, '2023-07-27 09:14:34', 208.50, null, 25); 
insert into itens_venda values (default, 1727, 331, 331, 2, 0.00, 47.98); 
update estoque set quant_venda = quant_venda + 2, quant_atual = quant_atual - 2 where id = 331; 
update estoque_total set total = total - 2 where medicamento_id = 331; 
insert into itens_venda values (default, 1727, 192, 192, 1, 0.00, 137.68); 
update estoque set quant_venda = quant_venda + 1, quant_atual = quant_atual - 1 where id = 192; 
update estoque_total set total = total - 1 where medicamento_id = 192; 
insert into itens_venda values (default, 1727, 442, 442, 1, 0.20, 22.84); 
update estoque set quant_venda = quant_venda + 1, quant_atual = quant_atual - 1 where id = 442; 
update estoque_total set total = total - 1 where medicamento_id = 442; 

insert into venda values (1728, '2023-07-27 09:44:59', 20.20, 12, null); 
insert into itens_venda values (default, 1728, 292, 292, 1, 0.70, 10.00); 
update estoque set quant_venda = quant_venda + 1, quant_atual = quant_atual - 1 where id = 292; 
update estoque_total set total = total - 1 where medicamento_id = 292; 
insert into itens_venda values (default, 1728, 292, 292, 1, 0.50, 10.20); 
update estoque set quant_venda = quant_venda + 1, quant_atual = quant_atual - 1 where id = 292; 
update estoque_total set total = total - 1 where medicamento_id = 292; 

insert into venda values (1729, '2023-07-27 10:21:30', 177.12, 13, 25); 
insert into itens_venda values (default, 1729, 170, 170, 2, 4.60, 148.80); 
update estoque set quant_venda = quant_venda + 2, quant_atual = quant_atual - 2 where id = 170; 
update estoque_total set total = total - 2 where medicamento_id = 170; 
insert into itens_venda values (default, 1729, 474, 474, 2, 1.40, 28.32); 
update estoque set quant_venda = quant_venda + 2, quant_atual = quant_atual - 2 where id = 474; 
update estoque_total set total = total - 2 where medicamento_id = 474; 

insert into venda values (1730, '2023-07-27 10:56:48', 268.88, null, 23); 
insert into itens_venda values (default, 1730, 499, 499, 1, 1.50, 37.27); 
update estoque set quant_venda = quant_venda + 1, quant_atual = quant_atual - 1 where id = 499; 
update estoque_total set total = total - 1 where medicamento_id = 499; 
insert into itens_venda values (default, 1730, 260, 260, 2, 0.00, 152.14); 
update estoque set quant_venda = quant_venda + 2, quant_atual = quant_atual - 2 where id = 260; 
update estoque_total set total = total - 2 where medicamento_id = 260; 
insert into itens_venda values (default, 1730, 149, 149, 3, 3.30, 79.47); 
update estoque set quant_venda = quant_venda + 3, quant_atual = quant_atual - 3 where id = 149; 
update estoque_total set total = total - 3 where medicamento_id = 149; 

insert into venda values (1731, '2023-07-27 12:14:54', 64.63, 11, null); 
insert into itens_venda values (default, 1731, 242, 242, 2, 0.80, 11.50); 
update estoque set quant_venda = quant_venda + 2, quant_atual = quant_atual - 2 where id = 242; 
update estoque_total set total = total - 2 where medicamento_id = 242; 
insert into itens_venda values (default, 1731, 355, 355, 1, 0.00, 26.11); 
update estoque set quant_venda = quant_venda + 1, quant_atual = quant_atual - 1 where id = 355; 
update estoque_total set total = total - 1 where medicamento_id = 355; 
insert into itens_venda values (default, 1731, 472, 472, 1, 2.30, 27.02); 
update estoque set quant_venda = quant_venda + 1, quant_atual = quant_atual - 1 where id = 472; 
update estoque_total set total = total - 1 where medicamento_id = 472; 

insert into venda values (1732, '2023-07-27 12:26:05', 20.18, 3, null); 
insert into itens_venda values (default, 1732, 486, 486, 2, 1.70, 20.18); 
update estoque set quant_venda = quant_venda + 2, quant_atual = quant_atual - 2 where id = 486; 
update estoque_total set total = total - 2 where medicamento_id = 486; 

insert into venda values (1733, '2023-07-27 13:30:36', 292.24, null, null); 
insert into itens_venda values (default, 1733, 501, 501, 2, 1.30, 44.88); 
update estoque set quant_venda = quant_venda + 2, quant_atual = quant_atual - 2 where id = 501; 
update estoque_total set total = total - 2 where medicamento_id = 501; 
insert into itens_venda values (default, 1733, 231, 231, 1, 1.20, 59.33); 
update estoque set quant_venda = quant_venda + 1, quant_atual = quant_atual - 1 where id = 231; 
update estoque_total set total = total - 1 where medicamento_id = 231; 
insert into itens_venda values (default, 1733, 487, 487, 1, 0.00, 188.03); 
update estoque set quant_venda = quant_venda + 1, quant_atual = quant_atual - 1 where id = 487; 
update estoque_total set total = total - 1 where medicamento_id = 487; 

insert into venda values (1734, '2023-07-27 14:20:12', 86.67, null, null); 
insert into itens_venda values (default, 1734, 494, 494, 3, 0.90, 48.51); 
update estoque set quant_venda = quant_venda + 3, quant_atual = quant_atual - 3 where id = 494; 
update estoque_total set total = total - 3 where medicamento_id = 494; 
insert into itens_venda values (default, 1734, 269, 269, 1, 0.30, 38.16); 
update estoque set quant_venda = quant_venda + 1, quant_atual = quant_atual - 1 where id = 269; 
update estoque_total set total = total - 1 where medicamento_id = 269; 

insert into venda values (1735, '2023-07-27 15:17:18', 39.07, null, null); 
insert into itens_venda values (default, 1735, 389, 389, 1, 0.60, 31.80); 
update estoque set quant_venda = quant_venda + 1, quant_atual = quant_atual - 1 where id = 389; 
update estoque_total set total = total - 1 where medicamento_id = 389; 
insert into itens_venda values (default, 1735, 496, 496, 1, 0.10, 7.27); 
update estoque set quant_venda = quant_venda + 1, quant_atual = quant_atual - 1 where id = 496; 
update estoque_total set total = total - 1 where medicamento_id = 496; 

insert into venda values (1736, '2023-07-28 08:14:00', 14.54, 15, null); 
insert into itens_venda values (default, 1736, 496, 496, 2, 0.20, 14.54); 
update estoque set quant_venda = quant_venda + 2, quant_atual = quant_atual - 2 where id = 496; 
update estoque_total set total = total - 2 where medicamento_id = 496; 

insert into venda values (1737, '2023-07-28 10:10:13', 14.74, null, null); 
insert into itens_venda values (default, 1737, 417, 417, 1, 0.00, 14.74); 
update estoque set quant_venda = quant_venda + 1, quant_atual = quant_atual - 1 where id = 417; 
update estoque_total set total = total - 1 where medicamento_id = 417; 

insert into venda values (1738, '2023-07-28 12:24:08', 130.24, 7, null); 
insert into itens_venda values (default, 1738, 453, 453, 2, 1.00, 12.00); 
update estoque set quant_venda = quant_venda + 2, quant_atual = quant_atual - 2 where id = 453; 
update estoque_total set total = total - 2 where medicamento_id = 453; 
insert into itens_venda values (default, 1738, 452, 452, 2, 1.10, 118.24); 
update estoque set quant_venda = quant_venda + 2, quant_atual = quant_atual - 2 where id = 452; 
update estoque_total set total = total - 2 where medicamento_id = 452; 

insert into venda values (1739, '2023-07-28 14:03:51', 260.48, null, 23); 
insert into itens_venda values (default, 1739, 309, 309, 1, 0.00, 14.00); 
update estoque set quant_venda = quant_venda + 1, quant_atual = quant_atual - 1 where id = 309; 
update estoque_total set total = total - 1 where medicamento_id = 309; 
insert into itens_venda values (default, 1739, 210, 210, 1, 7.60, 246.48); 
update estoque set quant_venda = quant_venda + 1, quant_atual = quant_atual - 1 where id = 210; 
update estoque_total set total = total - 1 where medicamento_id = 210; 

insert into venda values (1740, '2023-07-29 06:08:08', 298.37, null, null); 
insert into itens_venda values (default, 1740, 360, 360, 1, 5.90, 142.16); 
update estoque set quant_venda = quant_venda + 1, quant_atual = quant_atual - 1 where id = 360; 
update estoque_total set total = total - 1 where medicamento_id = 360; 
insert into itens_venda values (default, 1740, 302, 302, 1, 0.10, 13.63); 
update estoque set quant_venda = quant_venda + 1, quant_atual = quant_atual - 1 where id = 302; 
update estoque_total set total = total - 1 where medicamento_id = 302; 
insert into itens_venda values (default, 1740, 171, 171, 2, 0.00, 142.58); 
update estoque set quant_venda = quant_venda + 2, quant_atual = quant_atual - 2 where id = 171; 
update estoque_total set total = total - 2 where medicamento_id = 171; 

insert into venda values (1741, '2023-07-29 06:39:08', 431.16, 14, 24); 
insert into itens_venda values (default, 1741, 410, 410, 1, 2.10, 104.68); 
update estoque set quant_venda = quant_venda + 1, quant_atual = quant_atual - 1 where id = 410; 
update estoque_total set total = total - 1 where medicamento_id = 410; 
insert into itens_venda values (default, 1741, 342, 342, 1, 1.70, 41.21); 
update estoque set quant_venda = quant_venda + 1, quant_atual = quant_atual - 1 where id = 342; 
update estoque_total set total = total - 1 where medicamento_id = 342; 
insert into itens_venda values (default, 1741, 268, 268, 1, 5.80, 285.27); 
update estoque set quant_venda = quant_venda + 1, quant_atual = quant_atual - 1 where id = 268; 
update estoque_total set total = total - 1 where medicamento_id = 268; 

insert into venda values (1742, '2023-07-29 07:01:26', 97.15, null, null); 
insert into itens_venda values (default, 1742, 480, 480, 1, 1.20, 30.34); 
update estoque set quant_venda = quant_venda + 1, quant_atual = quant_atual - 1 where id = 480; 
update estoque_total set total = total - 1 where medicamento_id = 480; 
insert into itens_venda values (default, 1742, 162, 162, 1, 0.60, 66.81); 
update estoque set quant_venda = quant_venda + 1, quant_atual = quant_atual - 1 where id = 162; 
update estoque_total set total = total - 1 where medicamento_id = 162; 

insert into venda values (1743, '2023-07-29 07:43:38', 184.18, null, null); 
insert into itens_venda values (default, 1743, 361, 361, 1, 5.60, 184.18); 
update estoque set quant_venda = quant_venda + 1, quant_atual = quant_atual - 1 where id = 361; 
update estoque_total set total = total - 1 where medicamento_id = 361; 

insert into venda values (1744, '2023-07-29 08:41:10', 184.47, 13, null); 
insert into itens_venda values (default, 1744, 414, 414, 1, 0.00, 38.50); 
update estoque set quant_venda = quant_venda + 1, quant_atual = quant_atual - 1 where id = 414; 
update estoque_total set total = total - 1 where medicamento_id = 414; 
insert into itens_venda values (default, 1744, 460, 460, 2, 6.00, 69.32); 
update estoque set quant_venda = quant_venda + 2, quant_atual = quant_atual - 2 where id = 460; 
update estoque_total set total = total - 2 where medicamento_id = 460; 
insert into itens_venda values (default, 1744, 433, 433, 3, 4.80, 76.65); 
update estoque set quant_venda = quant_venda + 3, quant_atual = quant_atual - 3 where id = 433; 
update estoque_total set total = total - 3 where medicamento_id = 433; 

insert into venda values (1745, '2023-07-29 09:35:11', 71.74, 2, null); 
insert into itens_venda values (default, 1745, 241, 241, 2, 7.00, 71.74); 
update estoque set quant_venda = quant_venda + 2, quant_atual = quant_atual - 2 where id = 241; 
update estoque_total set total = total - 2 where medicamento_id = 241; 

insert into venda values (1746, '2023-07-29 10:18:23', 157.90, 14, null); 
insert into itens_venda values (default, 1746, 264, 264, 1, 0.40, 48.76); 
update estoque set quant_venda = quant_venda + 1, quant_atual = quant_atual - 1 where id = 264; 
update estoque_total set total = total - 1 where medicamento_id = 264; 
insert into itens_venda values (default, 1746, 384, 384, 1, 3.50, 40.34); 
update estoque set quant_venda = quant_venda + 1, quant_atual = quant_atual - 1 where id = 384; 
update estoque_total set total = total - 1 where medicamento_id = 384; 
insert into itens_venda values (default, 1746, 425, 425, 2, 3.60, 68.80); 
update estoque set quant_venda = quant_venda + 2, quant_atual = quant_atual - 2 where id = 425; 
update estoque_total set total = total - 2 where medicamento_id = 425; 

insert into venda values (1747, '2023-07-29 10:22:57', 298.25, null, null); 
insert into itens_venda values (default, 1747, 239, 239, 1, 3.80, 190.35); 
update estoque set quant_venda = quant_venda + 1, quant_atual = quant_atual - 1 where id = 239; 
update estoque_total set total = total - 1 where medicamento_id = 239; 
insert into itens_venda values (default, 1747, 474, 474, 2, 0.00, 29.72); 
update estoque set quant_venda = quant_venda + 2, quant_atual = quant_atual - 2 where id = 474; 
update estoque_total set total = total - 2 where medicamento_id = 474; 
insert into itens_venda values (default, 1747, 345, 345, 3, 0.00, 78.18); 
update estoque set quant_venda = quant_venda + 3, quant_atual = quant_atual - 3 where id = 345; 
update estoque_total set total = total - 3 where medicamento_id = 345; 

insert into venda values (1748, '2023-07-29 10:46:45', 49.16, null, null); 
insert into itens_venda values (default, 1748, 473, 473, 1, 0.00, 49.16); 
update estoque set quant_venda = quant_venda + 1, quant_atual = quant_atual - 1 where id = 473; 
update estoque_total set total = total - 1 where medicamento_id = 473; 

insert into venda values (1749, '2023-07-30 06:48:15', 282.55, null, 22); 
insert into itens_venda values (default, 1749, 97, 97, 1, 2.80, 282.55); 
update estoque set quant_venda = quant_venda + 1, quant_atual = quant_atual - 1 where id = 97; 
update estoque_total set total = total - 1 where medicamento_id = 97; 

insert into venda values (1750, '2023-07-30 07:02:46', 345.53, null, 22); 
insert into itens_venda values (default, 1750, 438, 438, 1, 0.00, 52.29); 
update estoque set quant_venda = quant_venda + 1, quant_atual = quant_atual - 1 where id = 438; 
update estoque_total set total = total - 1 where medicamento_id = 438; 
insert into itens_venda values (default, 1750, 446, 446, 1, 3.90, 127.92); 
update estoque set quant_venda = quant_venda + 1, quant_atual = quant_atual - 1 where id = 446; 
update estoque_total set total = total - 1 where medicamento_id = 446; 
insert into itens_venda values (default, 1750, 330, 330, 2, 0.00, 165.32); 
update estoque set quant_venda = quant_venda + 2, quant_atual = quant_atual - 2 where id = 330; 
update estoque_total set total = total - 2 where medicamento_id = 330; 

insert into venda values (1751, '2023-07-30 08:44:10', 60.74, null, null); 
insert into itens_venda values (default, 1751, 327, 327, 2, 2.50, 60.74); 
update estoque set quant_venda = quant_venda + 2, quant_atual = quant_atual - 2 where id = 327; 
update estoque_total set total = total - 2 where medicamento_id = 327; 

insert into venda values (1752, '2023-07-30 10:23:26', 89.97, 16, null); 
insert into itens_venda values (default, 1752, 482, 482, 1, 0.40, 15.97); 
update estoque set quant_venda = quant_venda + 1, quant_atual = quant_atual - 1 where id = 482; 
update estoque_total set total = total - 1 where medicamento_id = 482; 
insert into itens_venda values (default, 1752, 414, 414, 2, 3.00, 74.00); 
update estoque set quant_venda = quant_venda + 2, quant_atual = quant_atual - 2 where id = 414; 
update estoque_total set total = total - 2 where medicamento_id = 414; 

insert into venda values (1753, '2023-07-31 08:34:09', 36.31, 12, null); 
insert into itens_venda values (default, 1753, 440, 440, 1, 3.10, 36.31); 
update estoque set quant_venda = quant_venda + 1, quant_atual = quant_atual - 1 where id = 440; 
update estoque_total set total = total - 1 where medicamento_id = 440; 

insert into venda values (1754, '2023-07-31 09:27:17', 418.05, 2, 24); 
insert into itens_venda values (default, 1754, 497, 497, 2, 1.50, 73.70); 
update estoque set quant_venda = quant_venda + 2, quant_atual = quant_atual - 2 where id = 497; 
update estoque_total set total = total - 2 where medicamento_id = 497; 
insert into itens_venda values (default, 1754, 191, 191, 1, 18.10, 344.35); 
update estoque set quant_venda = quant_venda + 1, quant_atual = quant_atual - 1 where id = 191; 
update estoque_total set total = total - 1 where medicamento_id = 191; 

insert into venda values (1755, '2023-07-31 12:06:05', 26.20, 19, null); 
insert into itens_venda values (default, 1755, 463, 463, 2, 0.50, 26.20); 
update estoque set quant_venda = quant_venda + 2, quant_atual = quant_atual - 2 where id = 463; 
update estoque_total set total = total - 2 where medicamento_id = 463; 

insert into venda values (1756, '2023-07-31 14:32:49', 21.29, null, null); 
insert into itens_venda values (default, 1756, 385, 385, 1, 0.20, 21.29); 
update estoque set quant_venda = quant_venda + 1, quant_atual = quant_atual - 1 where id = 385; 
update estoque_total set total = total - 1 where medicamento_id = 385; 

insert into venda values (1757, '2023-07-31 15:12:55', 38.07, null, null); 
insert into itens_venda values (default, 1757, 499, 499, 1, 0.70, 38.07); 
update estoque set quant_venda = quant_venda + 1, quant_atual = quant_atual - 1 where id = 499; 
update estoque_total set total = total - 1 where medicamento_id = 499; 

insert into venda values (1758, '2023-07-31 16:53:31', 127.92, null, null); 
insert into itens_venda values (default, 1758, 446, 446, 1, 3.90, 127.92); 
update estoque set quant_venda = quant_venda + 1, quant_atual = quant_atual - 1 where id = 446; 
update estoque_total set total = total - 1 where medicamento_id = 446; 

insert into venda values (1759, '2023-07-31 18:59:01', 34.55, 12, 25); 
insert into itens_venda values (default, 1759, 286, 286, 1, 0.00, 34.55); 
update estoque set quant_venda = quant_venda + 1, quant_atual = quant_atual - 1 where id = 286; 
update estoque_total set total = total - 1 where medicamento_id = 286; 

insert into venda values (1760, '2023-08-01 07:10:33', 184.36, null, null); 
insert into itens_venda values (default, 1760, 305, 305, 1, 1.70, 41.76); 
update estoque set quant_venda = quant_venda + 1, quant_atual = quant_atual - 1 where id = 305; 
update estoque_total set total = total - 1 where medicamento_id = 305; 
insert into itens_venda values (default, 1760, 450, 450, 1, 0.60, 21.42); 
update estoque set quant_venda = quant_venda + 1, quant_atual = quant_atual - 1 where id = 450; 
update estoque_total set total = total - 1 where medicamento_id = 450; 
insert into itens_venda values (default, 1760, 466, 466, 1, 3.70, 121.18); 
update estoque set quant_venda = quant_venda + 1, quant_atual = quant_atual - 1 where id = 466; 
update estoque_total set total = total - 1 where medicamento_id = 466; 

insert into venda values (1761, '2023-08-01 07:15:30', 119.82, null, null); 
insert into itens_venda values (default, 1761, 465, 465, 1, 2.40, 119.82); 
update estoque set quant_venda = quant_venda + 1, quant_atual = quant_atual - 1 where id = 465; 
update estoque_total set total = total - 1 where medicamento_id = 465; 

insert into venda values (1762, '2023-08-01 07:29:45', 157.44, null, null); 
insert into itens_venda values (default, 1762, 55, 55, 1, 2.90, 142.80); 
update estoque set quant_venda = quant_venda + 1, quant_atual = quant_atual - 1 where id = 55; 
update estoque_total set total = total - 1 where medicamento_id = 55; 
insert into itens_venda values (default, 1762, 496, 496, 2, 0.10, 14.64); 
update estoque set quant_venda = quant_venda + 2, quant_atual = quant_atual - 2 where id = 496; 
update estoque_total set total = total - 2 where medicamento_id = 496; 

insert into venda values (1763, '2023-08-01 08:11:03', 190.13, null, 24); 
insert into itens_venda values (default, 1763, 206, 206, 1, 1.30, 32.45); 
update estoque set quant_venda = quant_venda + 1, quant_atual = quant_atual - 1 where id = 206; 
update estoque_total set total = total - 1 where medicamento_id = 206; 
insert into itens_venda values (default, 1763, 276, 276, 2, 0.00, 72.20); 
update estoque set quant_venda = quant_venda + 2, quant_atual = quant_atual - 2 where id = 276; 
update estoque_total set total = total - 2 where medicamento_id = 276; 
insert into itens_venda values (default, 1763, 454, 454, 1, 3.50, 85.48); 
update estoque set quant_venda = quant_venda + 1, quant_atual = quant_atual - 1 where id = 454; 
update estoque_total set total = total - 1 where medicamento_id = 454; 

insert into venda values (1764, '2023-08-01 08:23:30', 149.53, null, null); 
insert into itens_venda values (default, 1764, 488, 488, 1, 0.40, 48.83); 
update estoque set quant_venda = quant_venda + 1, quant_atual = quant_atual - 1 where id = 488; 
update estoque_total set total = total - 1 where medicamento_id = 488; 
insert into itens_venda values (default, 1764, 159, 159, 1, 0.00, 100.70); 
update estoque set quant_venda = quant_venda + 1, quant_atual = quant_atual - 1 where id = 159; 
update estoque_total set total = total - 1 where medicamento_id = 159; 

insert into venda values (1765, '2023-08-01 08:48:00', 269.47, 1, 24); 
insert into itens_venda values (default, 1765, 197, 197, 1, 21.80, 251.76); 
update estoque set quant_venda = quant_venda + 1, quant_atual = quant_atual - 1 where id = 197; 
update estoque_total set total = total - 1 where medicamento_id = 197; 
insert into itens_venda values (default, 1765, 445, 445, 1, 0.50, 17.71); 
update estoque set quant_venda = quant_venda + 1, quant_atual = quant_atual - 1 where id = 445; 
update estoque_total set total = total - 1 where medicamento_id = 445; 

insert into venda values (1766, '2023-08-01 09:55:47', 248.29, null, null); 
insert into itens_venda values (default, 1766, 351, 351, 3, 1.90, 63.50); 
update estoque set quant_venda = quant_venda + 3, quant_atual = quant_atual - 3 where id = 351; 
update estoque_total set total = total - 3 where medicamento_id = 351; 
insert into itens_venda values (default, 1766, 247, 247, 2, 2.70, 136.18); 
update estoque set quant_venda = quant_venda + 2, quant_atual = quant_atual - 2 where id = 247; 
update estoque_total set total = total - 2 where medicamento_id = 247; 
insert into itens_venda values (default, 1766, 402, 402, 3, 2.00, 48.61); 
update estoque set quant_venda = quant_venda + 3, quant_atual = quant_atual - 3 where id = 402; 
update estoque_total set total = total - 3 where medicamento_id = 402; 

insert into venda values (1767, '2023-08-01 10:04:37', 38.34, null, null); 
insert into itens_venda values (default, 1767, 324, 324, 2, 0.70, 38.34); 
update estoque set quant_venda = quant_venda + 2, quant_atual = quant_atual - 2 where id = 324; 
update estoque_total set total = total - 2 where medicamento_id = 324; 

insert into venda values (1768, '2023-08-01 11:02:50', 294.91, null, null); 
insert into itens_venda values (default, 1768, 305, 305, 2, 1.70, 85.22); 
update estoque set quant_venda = quant_venda + 2, quant_atual = quant_atual - 2 where id = 305; 
update estoque_total set total = total - 2 where medicamento_id = 305; 
insert into itens_venda values (default, 1768, 379, 379, 2, 0.00, 25.36); 
update estoque set quant_venda = quant_venda + 2, quant_atual = quant_atual - 2 where id = 379; 
update estoque_total set total = total - 2 where medicamento_id = 379; 
insert into itens_venda values (default, 1768, 487, 487, 1, 3.70, 184.33); 
update estoque set quant_venda = quant_venda + 1, quant_atual = quant_atual - 1 where id = 487; 
update estoque_total set total = total - 1 where medicamento_id = 487; 

insert into venda values (1769, '2023-08-01 11:15:07', 84.16, null, 23); 
insert into itens_venda values (default, 1769, 214, 214, 1, 0.60, 67.82); 
update estoque set quant_venda = quant_venda + 1, quant_atual = quant_atual - 1 where id = 214; 
update estoque_total set total = total - 1 where medicamento_id = 214; 
insert into itens_venda values (default, 1769, 428, 428, 1, 0.30, 16.34); 
update estoque set quant_venda = quant_venda + 1, quant_atual = quant_atual - 1 where id = 428; 
update estoque_total set total = total - 1 where medicamento_id = 428; 

insert into venda values (1770, '2023-08-01 11:33:40', 235.84, null, null); 
insert into itens_venda values (default, 1770, 383, 383, 2, 4.10, 99.72); 
update estoque set quant_venda = quant_venda + 2, quant_atual = quant_atual - 2 where id = 383; 
update estoque_total set total = total - 2 where medicamento_id = 383; 
insert into itens_venda values (default, 1770, 413, 413, 1, 2.70, 87.52); 
update estoque set quant_venda = quant_venda + 1, quant_atual = quant_atual - 1 where id = 413; 
update estoque_total set total = total - 1 where medicamento_id = 413; 
insert into itens_venda values (default, 1770, 404, 404, 3, 0.00, 48.60); 
update estoque set quant_venda = quant_venda + 3, quant_atual = quant_atual - 3 where id = 404; 
update estoque_total set total = total - 3 where medicamento_id = 404; 

insert into venda values (1771, '2023-08-02 07:20:10', 458.82, null, null); 
insert into itens_venda values (default, 1771, 222, 222, 1, 10.30, 248.04); 
update estoque set quant_venda = quant_venda + 1, quant_atual = quant_atual - 1 where id = 222; 
update estoque_total set total = total - 1 where medicamento_id = 222; 
insert into itens_venda values (default, 1771, 71, 71, 1, 8.70, 210.78); 
update estoque set quant_venda = quant_venda + 1, quant_atual = quant_atual - 1 where id = 71; 
update estoque_total set total = total - 1 where medicamento_id = 71; 

insert into venda values (1772, '2023-08-02 08:11:52', 57.64, 9, null); 
insert into itens_venda values (default, 1772, 327, 327, 2, 5.60, 57.64); 
update estoque set quant_venda = quant_venda + 2, quant_atual = quant_atual - 2 where id = 327; 
update estoque_total set total = total - 2 where medicamento_id = 327; 

insert into venda values (1773, '2023-08-02 09:12:10', 154.37, null, null); 
insert into itens_venda values (default, 1773, 434, 434, 1, 0.90, 31.76); 
update estoque set quant_venda = quant_venda + 1, quant_atual = quant_atual - 1 where id = 434; 
update estoque_total set total = total - 1 where medicamento_id = 434; 
insert into itens_venda values (default, 1773, 468, 468, 2, 0.00, 118.94); 
update estoque set quant_venda = quant_venda + 2, quant_atual = quant_atual - 2 where id = 468; 
update estoque_total set total = total - 2 where medicamento_id = 468; 
insert into itens_venda values (default, 1773, 503, 503, 1, 0.00, 3.67); 
update estoque set quant_venda = quant_venda + 1, quant_atual = quant_atual - 1 where id = 503; 
update estoque_total set total = total - 1 where medicamento_id = 503; 

insert into venda values (1774, '2023-08-02 09:39:30', 121.03, 1, null); 
insert into itens_venda values (default, 1774, 383, 383, 1, 2.00, 49.91); 
update estoque set quant_venda = quant_venda + 1, quant_atual = quant_atual - 1 where id = 383; 
update estoque_total set total = total - 1 where medicamento_id = 383; 
insert into itens_venda values (default, 1774, 442, 442, 2, 3.60, 42.48); 
update estoque set quant_venda = quant_venda + 2, quant_atual = quant_atual - 2 where id = 442; 
update estoque_total set total = total - 2 where medicamento_id = 442; 
insert into itens_venda values (default, 1774, 244, 244, 1, 1.50, 28.64); 
update estoque set quant_venda = quant_venda + 1, quant_atual = quant_atual - 1 where id = 244; 
update estoque_total set total = total - 1 where medicamento_id = 244; 

insert into venda values (1775, '2023-08-02 09:59:45', 218.50, null, null); 
insert into itens_venda values (default, 1775, 335, 335, 3, 0.00, 76.56); 
update estoque set quant_venda = quant_venda + 3, quant_atual = quant_atual - 3 where id = 335; 
update estoque_total set total = total - 3 where medicamento_id = 335; 
insert into itens_venda values (default, 1775, 319, 319, 2, 4.70, 113.64); 
update estoque set quant_venda = quant_venda + 2, quant_atual = quant_atual - 2 where id = 319; 
update estoque_total set total = total - 2 where medicamento_id = 319; 
insert into itens_venda values (default, 1775, 441, 441, 1, 0.20, 28.30); 
update estoque set quant_venda = quant_venda + 1, quant_atual = quant_atual - 1 where id = 441; 
update estoque_total set total = total - 1 where medicamento_id = 441; 

insert into venda values (1776, '2023-08-02 10:53:47', 289.24, null, null); 
insert into itens_venda values (default, 1776, 452, 452, 2, 3.50, 115.84); 
update estoque set quant_venda = quant_venda + 2, quant_atual = quant_atual - 2 where id = 452; 
update estoque_total set total = total - 2 where medicamento_id = 452; 
insert into itens_venda values (default, 1776, 372, 372, 1, 3.20, 104.30); 
update estoque set quant_venda = quant_venda + 1, quant_atual = quant_atual - 1 where id = 372; 
update estoque_total set total = total - 1 where medicamento_id = 372; 
insert into itens_venda values (default, 1776, 344, 344, 2, 1.40, 69.10); 
update estoque set quant_venda = quant_venda + 2, quant_atual = quant_atual - 2 where id = 344; 
update estoque_total set total = total - 2 where medicamento_id = 344; 

insert into venda values (1777, '2023-08-02 11:38:00', 171.40, null, null); 
insert into itens_venda values (default, 1777, 341, 341, 2, 0.80, 28.24); 
update estoque set quant_venda = quant_venda + 2, quant_atual = quant_atual - 2 where id = 341; 
update estoque_total set total = total - 2 where medicamento_id = 341; 
insert into itens_venda values (default, 1777, 256, 256, 1, 0.00, 79.89); 
update estoque set quant_venda = quant_venda + 1, quant_atual = quant_atual - 1 where id = 256; 
update estoque_total set total = total - 1 where medicamento_id = 256; 
insert into itens_venda values (default, 1777, 385, 385, 3, 1.20, 63.27); 
update estoque set quant_venda = quant_venda + 3, quant_atual = quant_atual - 3 where id = 385; 
update estoque_total set total = total - 3 where medicamento_id = 385; 

insert into venda values (1778, '2023-08-02 12:07:01', 395.96, null, null); 
insert into itens_venda values (default, 1778, 393, 393, 3, 1.40, 72.16); 
update estoque set quant_venda = quant_venda + 3, quant_atual = quant_atual - 3 where id = 393; 
update estoque_total set total = total - 3 where medicamento_id = 393; 
insert into itens_venda values (default, 1778, 232, 232, 2, 4.60, 150.70); 
update estoque set quant_venda = quant_venda + 2, quant_atual = quant_atual - 2 where id = 232; 
update estoque_total set total = total - 2 where medicamento_id = 232; 
insert into itens_venda values (default, 1778, 470, 470, 2, 1.70, 173.10); 
update estoque set quant_venda = quant_venda + 2, quant_atual = quant_atual - 2 where id = 470; 
update estoque_total set total = total - 2 where medicamento_id = 470; 

insert into venda values (1779, '2023-08-02 12:25:30', 204.09, 20, null); 
insert into itens_venda values (default, 1779, 478, 478, 2, 4.60, 110.44); 
update estoque set quant_venda = quant_venda + 2, quant_atual = quant_atual - 2 where id = 478; 
update estoque_total set total = total - 2 where medicamento_id = 478; 
insert into itens_venda values (default, 1779, 309, 309, 3, 3.70, 38.30); 
update estoque set quant_venda = quant_venda + 3, quant_atual = quant_atual - 3 where id = 309; 
update estoque_total set total = total - 3 where medicamento_id = 309; 
insert into itens_venda values (default, 1779, 491, 491, 1, 1.10, 55.35); 
update estoque set quant_venda = quant_venda + 1, quant_atual = quant_atual - 1 where id = 491; 
update estoque_total set total = total - 1 where medicamento_id = 491; 

insert into venda values (1780, '2023-08-03 06:02:54', 166.59, 9, null); 
insert into itens_venda values (default, 1780, 287, 287, 1, 5.00, 57.96); 
update estoque set quant_venda = quant_venda + 1, quant_atual = quant_atual - 1 where id = 287; 
update estoque_total set total = total - 1 where medicamento_id = 287; 
insert into itens_venda values (default, 1780, 255, 255, 2, 8.10, 93.34); 
update estoque set quant_venda = quant_venda + 2, quant_atual = quant_atual - 2 where id = 255; 
update estoque_total set total = total - 2 where medicamento_id = 255; 
insert into itens_venda values (default, 1780, 423, 423, 1, 0.70, 15.29); 
update estoque set quant_venda = quant_venda + 1, quant_atual = quant_atual - 1 where id = 423; 
update estoque_total set total = total - 1 where medicamento_id = 423; 

insert into venda values (1781, '2023-08-03 07:28:16', 224.75, 12, null); 
insert into itens_venda values (default, 1781, 491, 491, 2, 6.70, 106.20); 
update estoque set quant_venda = quant_venda + 2, quant_atual = quant_atual - 2 where id = 491; 
update estoque_total set total = total - 2 where medicamento_id = 491; 
insert into itens_venda values (default, 1781, 461, 461, 1, 0.00, 18.59); 
update estoque set quant_venda = quant_venda + 1, quant_atual = quant_atual - 1 where id = 461; 
update estoque_total set total = total - 1 where medicamento_id = 461; 
insert into itens_venda values (default, 1781, 490, 490, 2, 4.10, 99.96); 
update estoque set quant_venda = quant_venda + 2, quant_atual = quant_atual - 2 where id = 490; 
update estoque_total set total = total - 2 where medicamento_id = 490; 

insert into venda values (1782, '2023-08-03 10:01:34', 85.04, 10, null); 
insert into itens_venda values (default, 1782, 326, 326, 2, 6.40, 85.04); 
update estoque set quant_venda = quant_venda + 2, quant_atual = quant_atual - 2 where id = 326; 
update estoque_total set total = total - 2 where medicamento_id = 326; 

insert into venda values (1783, '2023-08-03 12:39:17', 425.68, null, null); 
insert into itens_venda values (default, 1783, 239, 239, 1, 5.80, 188.35); 
update estoque set quant_venda = quant_venda + 1, quant_atual = quant_atual - 1 where id = 239; 
update estoque_total set total = total - 1 where medicamento_id = 239; 
insert into itens_venda values (default, 1783, 492, 492, 2, 1.70, 86.96); 
update estoque set quant_venda = quant_venda + 2, quant_atual = quant_atual - 2 where id = 492; 
update estoque_total set total = total - 2 where medicamento_id = 492; 
insert into itens_venda values (default, 1783, 119, 119, 1, 4.60, 150.37); 
update estoque set quant_venda = quant_venda + 1, quant_atual = quant_atual - 1 where id = 119; 
update estoque_total set total = total - 1 where medicamento_id = 119; 

insert into venda values (1784, '2023-08-03 14:15:22', 32.58, null, null); 
insert into itens_venda values (default, 1784, 315, 315, 1, 1.30, 32.58); 
update estoque set quant_venda = quant_venda + 1, quant_atual = quant_atual - 1 where id = 315; 
update estoque_total set total = total - 1 where medicamento_id = 315; 

insert into venda values (1785, '2023-08-03 15:44:04', 42.62, null, null); 
insert into itens_venda values (default, 1785, 494, 494, 1, 0.30, 16.17); 
update estoque set quant_venda = quant_venda + 1, quant_atual = quant_atual - 1 where id = 494; 
update estoque_total set total = total - 1 where medicamento_id = 494; 
insert into itens_venda values (default, 1785, 312, 312, 1, 0.00, 26.45); 
update estoque set quant_venda = quant_venda + 1, quant_atual = quant_atual - 1 where id = 312; 
update estoque_total set total = total - 1 where medicamento_id = 312; 

insert into venda values (1786, '2023-08-03 16:27:46', 120.87, null, null); 
insert into itens_venda values (default, 1786, 174, 174, 1, 0.00, 120.87); 
update estoque set quant_venda = quant_venda + 1, quant_atual = quant_atual - 1 where id = 174; 
update estoque_total set total = total - 1 where medicamento_id = 174; 

insert into venda values (1787, '2023-08-04 06:32:08', 120.44, 17, null); 
insert into itens_venda values (default, 1787, 406, 406, 1, 0.20, 7.00); 
update estoque set quant_venda = quant_venda + 1, quant_atual = quant_atual - 1 where id = 406; 
update estoque_total set total = total - 1 where medicamento_id = 406; 
insert into itens_venda values (default, 1787, 452, 452, 2, 5.90, 113.44); 
update estoque set quant_venda = quant_venda + 2, quant_atual = quant_atual - 2 where id = 452; 
update estoque_total set total = total - 2 where medicamento_id = 452; 

insert into venda values (1788, '2023-08-04 08:38:23', 139.53, null, null); 
insert into itens_venda values (default, 1788, 321, 321, 3, 2.50, 81.65); 
update estoque set quant_venda = quant_venda + 3, quant_atual = quant_atual - 3 where id = 321; 
update estoque_total set total = total - 3 where medicamento_id = 321; 
insert into itens_venda values (default, 1788, 244, 244, 2, 2.40, 57.88); 
update estoque set quant_venda = quant_venda + 2, quant_atual = quant_atual - 2 where id = 244; 
update estoque_total set total = total - 2 where medicamento_id = 244; 

insert into venda values (1789, '2023-08-04 10:38:00', 146.35, null, null); 
insert into itens_venda values (default, 1789, 430, 430, 2, 0.00, 49.42); 
update estoque set quant_venda = quant_venda + 2, quant_atual = quant_atual - 2 where id = 430; 
update estoque_total set total = total - 2 where medicamento_id = 430; 
insert into itens_venda values (default, 1789, 443, 443, 2, 0.90, 45.90); 
update estoque set quant_venda = quant_venda + 2, quant_atual = quant_atual - 2 where id = 443; 
update estoque_total set total = total - 2 where medicamento_id = 443; 
insert into itens_venda values (default, 1789, 490, 490, 1, 1.00, 51.03); 
update estoque set quant_venda = quant_venda + 1, quant_atual = quant_atual - 1 where id = 490; 
update estoque_total set total = total - 1 where medicamento_id = 490; 

insert into venda values (1790, '2023-08-04 11:32:16', 297.58, 12, null); 
insert into itens_venda values (default, 1790, 391, 391, 1, 4.40, 84.60); 
update estoque set quant_venda = quant_venda + 1, quant_atual = quant_atual - 1 where id = 391; 
update estoque_total set total = total - 1 where medicamento_id = 391; 
insert into itens_venda values (default, 1790, 71, 71, 1, 6.50, 212.98); 
update estoque set quant_venda = quant_venda + 1, quant_atual = quant_atual - 1 where id = 71; 
update estoque_total set total = total - 1 where medicamento_id = 71; 

insert into venda values (1791, '2023-08-04 13:11:39', 52.31, null, null); 
insert into itens_venda values (default, 1791, 388, 388, 1, 0.30, 39.31); 
update estoque set quant_venda = quant_venda + 1, quant_atual = quant_atual - 1 where id = 388; 
update estoque_total set total = total - 1 where medicamento_id = 388; 
insert into itens_venda values (default, 1791, 504, 504, 2, 0.50, 13.00); 
update estoque set quant_venda = quant_venda + 2, quant_atual = quant_atual - 2 where id = 504; 
update estoque_total set total = total - 2 where medicamento_id = 504; 

insert into venda values (1792, '2023-08-04 13:27:26', 89.90, 19, null); 
insert into itens_venda values (default, 1792, 483, 483, 1, 3.00, 47.21); 
update estoque set quant_venda = quant_venda + 1, quant_atual = quant_atual - 1 where id = 483; 
update estoque_total set total = total - 1 where medicamento_id = 483; 
insert into itens_venda values (default, 1792, 489, 489, 1, 1.30, 42.69); 
update estoque set quant_venda = quant_venda + 1, quant_atual = quant_atual - 1 where id = 489; 
update estoque_total set total = total - 1 where medicamento_id = 489; 

insert into venda values (1793, '2023-08-05 06:02:59', 36.94, 11, null); 
insert into itens_venda values (default, 1793, 379, 379, 3, 1.10, 36.94); 
update estoque set quant_venda = quant_venda + 3, quant_atual = quant_atual - 3 where id = 379; 
update estoque_total set total = total - 3 where medicamento_id = 379; 

insert into venda values (1794, '2023-08-05 06:49:13', 62.77, 19, null); 
insert into itens_venda values (default, 1794, 420, 420, 1, 4.00, 62.77); 
update estoque set quant_venda = quant_venda + 1, quant_atual = quant_atual - 1 where id = 420; 
update estoque_total set total = total - 1 where medicamento_id = 420; 

insert into venda values (1795, '2023-08-05 07:18:30', 30.14, null, null); 
insert into itens_venda values (default, 1795, 244, 244, 1, 0.00, 30.14); 
update estoque set quant_venda = quant_venda + 1, quant_atual = quant_atual - 1 where id = 244; 
update estoque_total set total = total - 1 where medicamento_id = 244; 

insert into venda values (1796, '2023-08-05 08:33:28', 151.52, null, null); 
insert into itens_venda values (default, 1796, 279, 279, 1, 1.10, 28.42); 
update estoque set quant_venda = quant_venda + 1, quant_atual = quant_atual - 1 where id = 279; 
update estoque_total set total = total - 1 where medicamento_id = 279; 
insert into itens_venda values (default, 1796, 258, 258, 2, 3.80, 123.10); 
update estoque set quant_venda = quant_venda + 2, quant_atual = quant_atual - 2 where id = 258; 
update estoque_total set total = total - 2 where medicamento_id = 258; 

insert into venda values (1797, '2023-08-05 09:14:54', 224.45, 1, 25); 
insert into itens_venda values (default, 1797, 136, 136, 1, 1.30, 44.78); 
update estoque set quant_venda = quant_venda + 1, quant_atual = quant_atual - 1 where id = 136; 
update estoque_total set total = total - 1 where medicamento_id = 136; 
insert into itens_venda values (default, 1797, 451, 451, 2, 1.50, 37.00); 
update estoque set quant_venda = quant_venda + 2, quant_atual = quant_atual - 2 where id = 451; 
update estoque_total set total = total - 2 where medicamento_id = 451; 
insert into itens_venda values (default, 1797, 119, 119, 1, 12.30, 142.67); 
update estoque set quant_venda = quant_venda + 1, quant_atual = quant_atual - 1 where id = 119; 
update estoque_total set total = total - 1 where medicamento_id = 119; 

insert into venda values (1798, '2023-08-05 09:35:50', 141.28, null, null); 
insert into itens_venda values (default, 1798, 363, 363, 2, 2.80, 141.28); 
update estoque set quant_venda = quant_venda + 2, quant_atual = quant_atual - 2 where id = 363; 
update estoque_total set total = total - 2 where medicamento_id = 363; 

insert into venda values (1799, '2023-08-05 10:06:00', 98.21, null, null); 
insert into itens_venda values (default, 1799, 492, 492, 1, 0.00, 44.33); 
update estoque set quant_venda = quant_venda + 1, quant_atual = quant_atual - 1 where id = 492; 
update estoque_total set total = total - 1 where medicamento_id = 492; 
insert into itens_venda values (default, 1799, 352, 352, 2, 0.00, 53.88); 
update estoque set quant_venda = quant_venda + 2, quant_atual = quant_atual - 2 where id = 352; 
update estoque_total set total = total - 2 where medicamento_id = 352; 

insert into venda values (1800, '2023-08-05 11:00:31', 222.01, 18, 21); 
insert into itens_venda values (default, 1800, 130, 130, 1, 6.00, 94.99); 
update estoque set quant_venda = quant_venda + 1, quant_atual = quant_atual - 1 where id = 130; 
update estoque_total set total = total - 1 where medicamento_id = 130; 
insert into itens_venda values (default, 1800, 383, 383, 2, 8.30, 95.52); 
update estoque set quant_venda = quant_venda + 2, quant_atual = quant_atual - 2 where id = 383; 
update estoque_total set total = total - 2 where medicamento_id = 383; 
insert into itens_venda values (default, 1800, 292, 292, 3, 0.60, 31.50); 
update estoque set quant_venda = quant_venda + 3, quant_atual = quant_atual - 3 where id = 292; 
update estoque_total set total = total - 3 where medicamento_id = 292; 

insert into venda values (1801, '2023-08-05 11:16:07', 154.11, 3, null); 
insert into itens_venda values (default, 1801, 463, 463, 1, 0.00, 13.35); 
update estoque set quant_venda = quant_venda + 1, quant_atual = quant_atual - 1 where id = 463; 
update estoque_total set total = total - 1 where medicamento_id = 463; 
insert into itens_venda values (default, 1801, 246, 246, 2, 2.40, 121.10); 
update estoque set quant_venda = quant_venda + 2, quant_atual = quant_atual - 2 where id = 246; 
update estoque_total set total = total - 2 where medicamento_id = 246; 
insert into itens_venda values (default, 1801, 495, 495, 2, 1.70, 19.66); 
update estoque set quant_venda = quant_venda + 2, quant_atual = quant_atual - 2 where id = 495; 
update estoque_total set total = total - 2 where medicamento_id = 495; 

insert into venda values (1802, '2023-08-05 11:40:20', 217.08, null, null); 
insert into itens_venda values (default, 1802, 446, 446, 1, 5.20, 126.62); 
update estoque set quant_venda = quant_venda + 1, quant_atual = quant_atual - 1 where id = 446; 
update estoque_total set total = total - 1 where medicamento_id = 446; 
insert into itens_venda values (default, 1802, 253, 253, 1, 1.50, 75.52); 
update estoque set quant_venda = quant_venda + 1, quant_atual = quant_atual - 1 where id = 253; 
update estoque_total set total = total - 1 where medicamento_id = 253; 
insert into itens_venda values (default, 1802, 398, 398, 1, 0.60, 14.94); 
update estoque set quant_venda = quant_venda + 1, quant_atual = quant_atual - 1 where id = 398; 
update estoque_total set total = total - 1 where medicamento_id = 398; 

insert into venda values (1803, '2023-08-06 07:40:30', 148.27, null, 21); 
insert into itens_venda values (default, 1803, 225, 225, 1, 0.00, 134.47); 
update estoque set quant_venda = quant_venda + 1, quant_atual = quant_atual - 1 where id = 225; 
update estoque_total set total = total - 1 where medicamento_id = 225; 
insert into itens_venda values (default, 1803, 43, 43, 2, 0.00, 13.80); 
update estoque set quant_venda = quant_venda + 2, quant_atual = quant_atual - 2 where id = 43; 
update estoque_total set total = total - 2 where medicamento_id = 43; 

insert into venda values (1804, '2023-08-06 09:44:43', 122.31, null, null); 
insert into itens_venda values (default, 1804, 416, 416, 2, 1.30, 44.22); 
update estoque set quant_venda = quant_venda + 2, quant_atual = quant_atual - 2 where id = 416; 
update estoque_total set total = total - 2 where medicamento_id = 416; 
insert into itens_venda values (default, 1804, 447, 447, 3, 1.50, 78.09); 
update estoque set quant_venda = quant_venda + 3, quant_atual = quant_atual - 3 where id = 447; 
update estoque_total set total = total - 3 where medicamento_id = 447; 

insert into venda values (1805, '2023-08-06 09:47:02', 229.62, null, null); 
insert into itens_venda values (default, 1805, 411, 411, 2, 1.40, 142.94); 
update estoque set quant_venda = quant_venda + 2, quant_atual = quant_atual - 2 where id = 411; 
update estoque_total set total = total - 2 where medicamento_id = 411; 
insert into itens_venda values (default, 1805, 255, 255, 1, 0.00, 50.72); 
update estoque set quant_venda = quant_venda + 1, quant_atual = quant_atual - 1 where id = 255; 
update estoque_total set total = total - 1 where medicamento_id = 255; 
insert into itens_venda values (default, 1805, 426, 426, 1, 0.30, 35.96); 
update estoque set quant_venda = quant_venda + 1, quant_atual = quant_atual - 1 where id = 426; 
update estoque_total set total = total - 1 where medicamento_id = 426; 

insert into venda values (1806, '2023-08-06 12:11:43', 356.61, 13, 24); 
insert into itens_venda values (default, 1806, 165, 165, 2, 4.70, 74.10); 
update estoque set quant_venda = quant_venda + 2, quant_atual = quant_atual - 2 where id = 165; 
update estoque_total set total = total - 2 where medicamento_id = 165; 
insert into itens_venda values (default, 1806, 98, 98, 1, 4.60, 229.45); 
update estoque set quant_venda = quant_venda + 1, quant_atual = quant_atual - 1 where id = 98; 
update estoque_total set total = total - 1 where medicamento_id = 98; 
insert into itens_venda values (default, 1806, 293, 293, 2, 5.20, 53.06); 
update estoque set quant_venda = quant_venda + 2, quant_atual = quant_atual - 2 where id = 293; 
update estoque_total set total = total - 2 where medicamento_id = 293; 

insert into venda values (1807, '2023-08-06 14:18:49', 57.97, null, null); 
insert into itens_venda values (default, 1807, 452, 452, 1, 1.70, 57.97); 
update estoque set quant_venda = quant_venda + 1, quant_atual = quant_atual - 1 where id = 452; 
update estoque_total set total = total - 1 where medicamento_id = 452; 

insert into venda values (1808, '2023-08-06 14:30:45', 295.52, 8, 24); 
insert into itens_venda values (default, 1808, 385, 385, 3, 1.90, 62.57); 
update estoque set quant_venda = quant_venda + 3, quant_atual = quant_atual - 3 where id = 385; 
update estoque_total set total = total - 3 where medicamento_id = 385; 
insert into itens_venda values (default, 1808, 144, 144, 1, 2.30, 232.95); 
update estoque set quant_venda = quant_venda + 1, quant_atual = quant_atual - 1 where id = 144; 
update estoque_total set total = total - 1 where medicamento_id = 144; 

insert into venda values (1809, '2023-08-07 06:21:29', 78.80, 17, 21); 
insert into itens_venda values (default, 1809, 165, 165, 2, 0.00, 78.80); 
update estoque set quant_venda = quant_venda + 2, quant_atual = quant_atual - 2 where id = 165; 
update estoque_total set total = total - 2 where medicamento_id = 165; 

insert into venda values (1810, '2023-08-07 08:35:30', 148.76, null, null); 
insert into itens_venda values (default, 1810, 363, 363, 1, 2.10, 69.94); 
update estoque set quant_venda = quant_venda + 1, quant_atual = quant_atual - 1 where id = 363; 
update estoque_total set total = total - 1 where medicamento_id = 363; 
insert into itens_venda values (default, 1810, 440, 440, 2, 0.00, 78.82); 
update estoque set quant_venda = quant_venda + 2, quant_atual = quant_atual - 2 where id = 440; 
update estoque_total set total = total - 2 where medicamento_id = 440; 

insert into venda values (1811, '2023-08-07 11:03:19', 103.24, null, 22); 
insert into itens_venda values (default, 1811, 308, 308, 2, 3.10, 103.24); 
update estoque set quant_venda = quant_venda + 2, quant_atual = quant_atual - 2 where id = 308; 
update estoque_total set total = total - 2 where medicamento_id = 308; 

insert into venda values (1812, '2023-08-07 13:34:47', 434.25, null, null); 
insert into itens_venda values (default, 1812, 484, 484, 3, 0.40, 49.16); 
update estoque set quant_venda = quant_venda + 3, quant_atual = quant_atual - 3 where id = 484; 
update estoque_total set total = total - 3 where medicamento_id = 484; 
insert into itens_venda values (default, 1812, 504, 504, 1, 0.20, 6.55); 
update estoque set quant_venda = quant_venda + 1, quant_atual = quant_atual - 1 where id = 504; 
update estoque_total set total = total - 1 where medicamento_id = 504; 
insert into itens_venda values (default, 1812, 259, 259, 1, 15.70, 378.54); 
update estoque set quant_venda = quant_venda + 1, quant_atual = quant_atual - 1 where id = 259; 
update estoque_total set total = total - 1 where medicamento_id = 259; 

insert into venda values (1813, '2023-08-07 14:55:46', 357.18, null, 22); 
insert into itens_venda values (default, 1813, 320, 320, 1, 2.00, 206.76); 
update estoque set quant_venda = quant_venda + 1, quant_atual = quant_atual - 1 where id = 320; 
update estoque_total set total = total - 1 where medicamento_id = 320; 
insert into itens_venda values (default, 1813, 339, 339, 2, 0.60, 63.76); 
update estoque set quant_venda = quant_venda + 2, quant_atual = quant_atual - 2 where id = 339; 
update estoque_total set total = total - 2 where medicamento_id = 339; 
insert into itens_venda values (default, 1813, 234, 234, 2, 2.60, 86.66); 
update estoque set quant_venda = quant_venda + 2, quant_atual = quant_atual - 2 where id = 234; 
update estoque_total set total = total - 2 where medicamento_id = 234; 

insert into venda values (1814, '2023-08-08 06:32:29', 233.83, null, null); 
insert into itens_venda values (default, 1814, 430, 430, 3, 0.00, 74.13); 
update estoque set quant_venda = quant_venda + 3, quant_atual = quant_atual - 3 where id = 430; 
update estoque_total set total = total - 3 where medicamento_id = 430; 
insert into itens_venda values (default, 1814, 288, 288, 3, 0.00, 49.02); 
update estoque set quant_venda = quant_venda + 3, quant_atual = quant_atual - 3 where id = 288; 
update estoque_total set total = total - 3 where medicamento_id = 288; 
insert into itens_venda values (default, 1814, 318, 318, 2, 1.10, 110.68); 
update estoque set quant_venda = quant_venda + 2, quant_atual = quant_atual - 2 where id = 318; 
update estoque_total set total = total - 2 where medicamento_id = 318; 

insert into venda values (1815, '2023-08-08 07:30:02', 220.37, 7, null); 
insert into itens_venda values (default, 1815, 395, 395, 1, 0.40, 40.87); 
update estoque set quant_venda = quant_venda + 1, quant_atual = quant_atual - 1 where id = 395; 
update estoque_total set total = total - 1 where medicamento_id = 395; 
insert into itens_venda values (default, 1815, 316, 316, 1, 0.00, 179.50); 
update estoque set quant_venda = quant_venda + 1, quant_atual = quant_atual - 1 where id = 316; 
update estoque_total set total = total - 1 where medicamento_id = 316; 

insert into venda values (1816, '2023-08-08 08:33:18', 84.94, 18, null); 
insert into itens_venda values (default, 1816, 177, 177, 1, 7.30, 74.04); 
update estoque set quant_venda = quant_venda + 1, quant_atual = quant_atual - 1 where id = 177; 
update estoque_total set total = total - 1 where medicamento_id = 177; 
insert into itens_venda values (default, 1816, 424, 424, 1, 0.10, 10.90); 
update estoque set quant_venda = quant_venda + 1, quant_atual = quant_atual - 1 where id = 424; 
update estoque_total set total = total - 1 where medicamento_id = 424; 

insert into venda values (1817, '2023-08-08 08:48:51', 106.15, 19, null); 
insert into itens_venda values (default, 1817, 381, 381, 1, 3.00, 57.39); 
update estoque set quant_venda = quant_venda + 1, quant_atual = quant_atual - 1 where id = 381; 
update estoque_total set total = total - 1 where medicamento_id = 381; 
insert into itens_venda values (default, 1817, 437, 437, 2, 3.60, 48.76); 
update estoque set quant_venda = quant_venda + 2, quant_atual = quant_atual - 2 where id = 437; 
update estoque_total set total = total - 2 where medicamento_id = 437; 

insert into venda values (1818, '2023-08-08 09:54:06', 42.23, 4, null); 
insert into itens_venda values (default, 1818, 238, 238, 3, 0.40, 42.23); 
update estoque set quant_venda = quant_venda + 3, quant_atual = quant_atual - 3 where id = 238; 
update estoque_total set total = total - 3 where medicamento_id = 238; 

insert into venda values (1819, '2023-08-08 10:03:56', 198.26, null, 23); 
insert into itens_venda values (default, 1819, 120, 120, 2, 1.30, 65.30); 
update estoque set quant_venda = quant_venda + 2, quant_atual = quant_atual - 2 where id = 120; 
update estoque_total set total = total - 2 where medicamento_id = 120; 
insert into itens_venda values (default, 1819, 416, 416, 3, 0.00, 68.28); 
update estoque set quant_venda = quant_venda + 3, quant_atual = quant_atual - 3 where id = 416; 
update estoque_total set total = total - 3 where medicamento_id = 416; 
insert into itens_venda values (default, 1819, 401, 401, 2, 2.60, 64.68); 
update estoque set quant_venda = quant_venda + 2, quant_atual = quant_atual - 2 where id = 401; 
update estoque_total set total = total - 2 where medicamento_id = 401; 

insert into venda values (1820, '2023-08-08 10:20:15', 30.78, 20, null); 
insert into itens_venda values (default, 1820, 423, 423, 2, 1.20, 30.78); 
update estoque set quant_venda = quant_venda + 2, quant_atual = quant_atual - 2 where id = 423; 
update estoque_total set total = total - 2 where medicamento_id = 423; 

insert into venda values (1821, '2023-08-08 10:44:49', 91.44, null, null); 
insert into itens_venda values (default, 1821, 326, 326, 2, 0.00, 91.44); 
update estoque set quant_venda = quant_venda + 2, quant_atual = quant_atual - 2 where id = 326; 
update estoque_total set total = total - 2 where medicamento_id = 326; 

insert into venda values (1822, '2023-08-08 11:48:46', 80.34, null, null); 
insert into itens_venda values (default, 1822, 439, 439, 2, 1.60, 80.34); 
update estoque set quant_venda = quant_venda + 2, quant_atual = quant_atual - 2 where id = 439; 
update estoque_total set total = total - 2 where medicamento_id = 439; 

insert into venda values (1823, '2023-08-08 12:13:05', 62.96, null, null); 
insert into itens_venda values (default, 1823, 287, 287, 1, 0.00, 62.96); 
update estoque set quant_venda = quant_venda + 1, quant_atual = quant_atual - 1 where id = 287; 
update estoque_total set total = total - 1 where medicamento_id = 287; 

insert into venda values (1824, '2023-08-08 12:14:20', 54.58, null, null); 
insert into itens_venda values (default, 1824, 386, 386, 3, 0.50, 54.58); 
update estoque set quant_venda = quant_venda + 3, quant_atual = quant_atual - 3 where id = 386; 
update estoque_total set total = total - 3 where medicamento_id = 386; 

insert into venda values (1825, '2023-08-09 08:00:47', 291.68, null, null); 
insert into itens_venda values (default, 1825, 401, 401, 1, 0.30, 33.34); 
update estoque set quant_venda = quant_venda + 1, quant_atual = quant_atual - 1 where id = 401; 
update estoque_total set total = total - 1 where medicamento_id = 401; 
insert into itens_venda values (default, 1825, 222, 222, 1, 0.00, 258.34); 
update estoque set quant_venda = quant_venda + 1, quant_atual = quant_atual - 1 where id = 222; 
update estoque_total set total = total - 1 where medicamento_id = 222; 

insert into venda values (1826, '2023-08-11 07:34:33', 80.20, null, 21); 
insert into itens_venda values (default, 1826, 495, 495, 1, 0.30, 10.38); 
update estoque set quant_venda = quant_venda + 1, quant_atual = quant_atual - 1 where id = 495; 
update estoque_total set total = total - 1 where medicamento_id = 495; 
insert into itens_venda values (default, 1826, 181, 181, 2, 2.10, 69.82); 
update estoque set quant_venda = quant_venda + 2, quant_atual = quant_atual - 2 where id = 181; 
update estoque_total set total = total - 2 where medicamento_id = 181; 

insert into venda values (1827, '2023-08-11 09:22:52', 34.43, null, null); 
insert into itens_venda values (default, 1827, 373, 373, 1, 0.30, 34.43); 
update estoque set quant_venda = quant_venda + 1, quant_atual = quant_atual - 1 where id = 373; 
update estoque_total set total = total - 1 where medicamento_id = 373; 

insert into venda values (1828, '2023-08-11 09:55:56', 142.68, 11, null); 
insert into itens_venda values (default, 1828, 363, 363, 2, 1.40, 142.68); 
update estoque set quant_venda = quant_venda + 2, quant_atual = quant_atual - 2 where id = 363; 
update estoque_total set total = total - 2 where medicamento_id = 363; 

insert into venda values (1829, '2023-08-12 07:14:16', 142.88, 3, 23); 
insert into itens_venda values (default, 1829, 274, 274, 1, 0.00, 36.10); 
update estoque set quant_venda = quant_venda + 1, quant_atual = quant_atual - 1 where id = 274; 
update estoque_total set total = total - 1 where medicamento_id = 274; 
insert into itens_venda values (default, 1829, 410, 410, 1, 0.00, 106.78); 
update estoque set quant_venda = quant_venda + 1, quant_atual = quant_atual - 1 where id = 410; 
update estoque_total set total = total - 1 where medicamento_id = 410; 

insert into venda values (1830, '2023-08-12 07:29:37', 104.23, null, null); 
insert into itens_venda values (default, 1830, 280, 280, 1, 0.00, 104.23); 
update estoque set quant_venda = quant_venda + 1, quant_atual = quant_atual - 1 where id = 280; 
update estoque_total set total = total - 1 where medicamento_id = 280; 

insert into venda values (1831, '2023-08-12 08:14:23', 536.20, null, 23); 
insert into itens_venda values (default, 1831, 293, 293, 3, 3.40, 83.99); 
update estoque set quant_venda = quant_venda + 3, quant_atual = quant_atual - 3 where id = 293; 
update estoque_total set total = total - 3 where medicamento_id = 293; 
insert into itens_venda values (default, 1831, 468, 468, 1, 1.70, 57.77); 
update estoque set quant_venda = quant_venda + 1, quant_atual = quant_atual - 1 where id = 468; 
update estoque_total set total = total - 1 where medicamento_id = 468; 
insert into itens_venda values (default, 1831, 106, 106, 1, 0.00, 394.44); 
update estoque set quant_venda = quant_venda + 1, quant_atual = quant_atual - 1 where id = 106; 
update estoque_total set total = total - 1 where medicamento_id = 106; 

insert into venda values (1832, '2023-08-12 09:26:49', 16.34, 12, null); 
insert into itens_venda values (default, 1832, 428, 428, 1, 0.30, 16.34); 
update estoque set quant_venda = quant_venda + 1, quant_atual = quant_atual - 1 where id = 428; 
update estoque_total set total = total - 1 where medicamento_id = 428; 

insert into venda values (1833, '2023-08-12 10:42:29', 15.49, null, null); 
insert into itens_venda values (default, 1833, 485, 485, 1, 0.60, 15.49); 
update estoque set quant_venda = quant_venda + 1, quant_atual = quant_atual - 1 where id = 485; 
update estoque_total set total = total - 1 where medicamento_id = 485; 

insert into venda values (1834, '2023-08-12 10:59:50', 142.44, 13, null); 
insert into itens_venda values (default, 1834, 425, 425, 2, 2.10, 70.30); 
update estoque set quant_venda = quant_venda + 2, quant_atual = quant_atual - 2 where id = 425; 
update estoque_total set total = total - 2 where medicamento_id = 425; 
insert into itens_venda values (default, 1834, 499, 499, 2, 5.40, 72.14); 
update estoque set quant_venda = quant_venda + 2, quant_atual = quant_atual - 2 where id = 499; 
update estoque_total set total = total - 2 where medicamento_id = 499; 

insert into venda values (1835, '2023-08-12 12:09:03', 49.16, null, null); 
insert into itens_venda values (default, 1835, 484, 484, 3, 0.40, 49.16); 
update estoque set quant_venda = quant_venda + 3, quant_atual = quant_atual - 3 where id = 484; 
update estoque_total set total = total - 3 where medicamento_id = 484; 

insert into venda values (1836, '2023-08-12 12:31:39', 273.37, 20, null); 
insert into itens_venda values (default, 1836, 300, 300, 1, 12.50, 237.50); 
update estoque set quant_venda = quant_venda + 1, quant_atual = quant_atual - 1 where id = 300; 
update estoque_total set total = total - 1 where medicamento_id = 300; 
insert into itens_venda values (default, 1836, 241, 241, 1, 3.50, 35.87); 
update estoque set quant_venda = quant_venda + 1, quant_atual = quant_atual - 1 where id = 241; 
update estoque_total set total = total - 1 where medicamento_id = 241; 

insert into venda values (1837, '2023-08-12 12:47:48', 276.31, null, null); 
insert into itens_venda values (default, 1837, 272, 272, 1, 0.00, 276.31); 
update estoque set quant_venda = quant_venda + 1, quant_atual = quant_atual - 1 where id = 272; 
update estoque_total set total = total - 1 where medicamento_id = 272; 

insert into venda values (1838, '2023-08-12 13:51:40', 145.70, null, null); 
insert into itens_venda values (default, 1838, 55, 55, 1, 0.00, 145.70); 
update estoque set quant_venda = quant_venda + 1, quant_atual = quant_atual - 1 where id = 55; 
update estoque_total set total = total - 1 where medicamento_id = 55; 

insert into venda values (1839, '2023-08-12 14:40:09', 151.02, 5, null); 
insert into itens_venda values (default, 1839, 410, 410, 1, 3.20, 103.58); 
update estoque set quant_venda = quant_venda + 1, quant_atual = quant_atual - 1 where id = 410; 
update estoque_total set total = total - 1 where medicamento_id = 410; 
insert into itens_venda values (default, 1839, 476, 476, 2, 0.90, 47.44); 
update estoque set quant_venda = quant_venda + 2, quant_atual = quant_atual - 2 where id = 476; 
update estoque_total set total = total - 2 where medicamento_id = 476; 

insert into venda values (1840, '2023-08-12 15:38:22', 481.38, null, 21); 
insert into itens_venda values (default, 1840, 215, 215, 1, 8.70, 210.20); 
update estoque set quant_venda = quant_venda + 1, quant_atual = quant_atual - 1 where id = 215; 
update estoque_total set total = total - 1 where medicamento_id = 215; 
insert into itens_venda values (default, 1840, 300, 300, 1, 5.00, 245.00); 
update estoque set quant_venda = quant_venda + 1, quant_atual = quant_atual - 1 where id = 300; 
update estoque_total set total = total - 1 where medicamento_id = 300; 
insert into itens_venda values (default, 1840, 481, 481, 2, 0.50, 26.18); 
update estoque set quant_venda = quant_venda + 2, quant_atual = quant_atual - 2 where id = 481; 
update estoque_total set total = total - 2 where medicamento_id = 481; 

insert into venda values (1841, '2023-08-13 07:21:34', 271.23, null, 24); 
insert into itens_venda values (default, 1841, 419, 419, 2, 0.50, 54.26); 
update estoque set quant_venda = quant_venda + 2, quant_atual = quant_atual - 2 where id = 419; 
update estoque_total set total = total - 2 where medicamento_id = 419; 
insert into itens_venda values (default, 1841, 439, 439, 1, 1.20, 39.77); 
update estoque set quant_venda = quant_venda + 1, quant_atual = quant_atual - 1 where id = 439; 
update estoque_total set total = total - 1 where medicamento_id = 439; 
insert into itens_venda values (default, 1841, 317, 317, 2, 3.60, 177.20); 
update estoque set quant_venda = quant_venda + 2, quant_atual = quant_atual - 2 where id = 317; 
update estoque_total set total = total - 2 where medicamento_id = 317; 

insert into venda values (1842, '2023-08-13 08:31:58', 283.46, null, 23); 
insert into itens_venda values (default, 1842, 485, 485, 2, 0.30, 31.88); 
update estoque set quant_venda = quant_venda + 2, quant_atual = quant_atual - 2 where id = 485; 
update estoque_total set total = total - 2 where medicamento_id = 485; 
insert into itens_venda values (default, 1842, 210, 210, 1, 2.50, 251.58); 
update estoque set quant_venda = quant_venda + 1, quant_atual = quant_atual - 1 where id = 210; 
update estoque_total set total = total - 1 where medicamento_id = 210; 

insert into venda values (1843, '2023-08-13 10:59:15', 203.91, 19, 23); 
insert into itens_venda values (default, 1843, 491, 491, 1, 1.60, 54.85); 
update estoque set quant_venda = quant_venda + 1, quant_atual = quant_atual - 1 where id = 491; 
update estoque_total set total = total - 1 where medicamento_id = 491; 
insert into itens_venda values (default, 1843, 204, 204, 2, 0.40, 24.52); 
update estoque set quant_venda = quant_venda + 2, quant_atual = quant_atual - 2 where id = 204; 
update estoque_total set total = total - 2 where medicamento_id = 204; 
insert into itens_venda values (default, 1843, 212, 212, 2, 0.00, 124.54); 
update estoque set quant_venda = quant_venda + 2, quant_atual = quant_atual - 2 where id = 212; 
update estoque_total set total = total - 2 where medicamento_id = 212; 

insert into venda values (1844, '2023-08-13 11:20:02', 186.33, null, 22); 
insert into itens_venda values (default, 1844, 178, 178, 1, 0.00, 66.78); 
update estoque set quant_venda = quant_venda + 1, quant_atual = quant_atual - 1 where id = 178; 
update estoque_total set total = total - 1 where medicamento_id = 178; 
insert into itens_venda values (default, 1844, 151, 151, 3, 0.50, 56.47); 
update estoque set quant_venda = quant_venda + 3, quant_atual = quant_atual - 3 where id = 151; 
update estoque_total set total = total - 3 where medicamento_id = 151; 
insert into itens_venda values (default, 1844, 480, 480, 2, 0.00, 63.08); 
update estoque set quant_venda = quant_venda + 2, quant_atual = quant_atual - 2 where id = 480; 
update estoque_total set total = total - 2 where medicamento_id = 480; 

insert into venda values (1845, '2023-08-14 06:38:24', 73.88, null, 22); 
insert into itens_venda values (default, 1845, 336, 336, 2, 2.20, 73.88); 
update estoque set quant_venda = quant_venda + 2, quant_atual = quant_atual - 2 where id = 336; 
update estoque_total set total = total - 2 where medicamento_id = 336; 

insert into venda values (1846, '2023-08-14 07:35:49', 281.84, 8, null); 
insert into itens_venda values (default, 1846, 400, 400, 1, 6.80, 129.40); 
update estoque set quant_venda = quant_venda + 1, quant_atual = quant_atual - 1 where id = 400; 
update estoque_total set total = total - 1 where medicamento_id = 400; 
insert into itens_venda values (default, 1846, 275, 275, 2, 15.00, 152.44); 
update estoque set quant_venda = quant_venda + 2, quant_atual = quant_atual - 2 where id = 275; 
update estoque_total set total = total - 2 where medicamento_id = 275; 

insert into venda values (1847, '2023-08-14 09:26:45', 201.26, null, null); 
insert into itens_venda values (default, 1847, 383, 383, 2, 0.00, 103.82); 
update estoque set quant_venda = quant_venda + 2, quant_atual = quant_atual - 2 where id = 383; 
update estoque_total set total = total - 2 where medicamento_id = 383; 
insert into itens_venda values (default, 1847, 255, 255, 2, 4.00, 97.44); 
update estoque set quant_venda = quant_venda + 2, quant_atual = quant_atual - 2 where id = 255; 
update estoque_total set total = total - 2 where medicamento_id = 255; 

insert into venda values (1848, '2023-08-14 10:43:46', 39.98, 3, null); 
insert into itens_venda values (default, 1848, 314, 314, 2, 2.00, 39.98); 
update estoque set quant_venda = quant_venda + 2, quant_atual = quant_atual - 2 where id = 314; 
update estoque_total set total = total - 2 where medicamento_id = 314; 

insert into venda values (1849, '2023-08-15 06:15:13', 118.99, 13, null); 
insert into itens_venda values (default, 1849, 283, 283, 2, 7.20, 96.60); 
update estoque set quant_venda = quant_venda + 2, quant_atual = quant_atual - 2 where id = 283; 
update estoque_total set total = total - 2 where medicamento_id = 283; 
insert into itens_venda values (default, 1849, 348, 348, 1, 1.10, 22.39); 
update estoque set quant_venda = quant_venda + 1, quant_atual = quant_atual - 1 where id = 348; 
update estoque_total set total = total - 1 where medicamento_id = 348; 

insert into venda values (1850, '2023-08-15 07:23:27', 66.70, 10, null); 
insert into itens_venda values (default, 1850, 425, 425, 2, 5.70, 66.70); 
update estoque set quant_venda = quant_venda + 2, quant_atual = quant_atual - 2 where id = 425; 
update estoque_total set total = total - 2 where medicamento_id = 425; 

insert into venda values (1851, '2023-08-15 08:23:02', 54.63, null, null); 
insert into itens_venda values (default, 1851, 445, 445, 3, 0.00, 54.63); 
update estoque set quant_venda = quant_venda + 3, quant_atual = quant_atual - 3 where id = 445; 
update estoque_total set total = total - 3 where medicamento_id = 445; 

insert into venda values (1852, '2023-08-15 09:03:02', 86.19, null, null); 
insert into itens_venda values (default, 1852, 369, 369, 1, 3.50, 86.19); 
update estoque set quant_venda = quant_venda + 1, quant_atual = quant_atual - 1 where id = 369; 
update estoque_total set total = total - 1 where medicamento_id = 369; 

insert into venda values (1853, '2023-08-15 09:56:27', 31.78, 4, null); 
insert into itens_venda values (default, 1853, 431, 431, 3, 2.00, 31.78); 
update estoque set quant_venda = quant_venda + 3, quant_atual = quant_atual - 3 where id = 431; 
update estoque_total set total = total - 3 where medicamento_id = 431; 

insert into venda values (1854, '2023-08-15 10:14:19', 56.59, 14, null); 
insert into itens_venda values (default, 1854, 392, 392, 1, 0.90, 13.06); 
update estoque set quant_venda = quant_venda + 1, quant_atual = quant_atual - 1 where id = 392; 
update estoque_total set total = total - 1 where medicamento_id = 392; 
insert into itens_venda values (default, 1854, 492, 492, 1, 0.80, 43.53); 
update estoque set quant_venda = quant_venda + 1, quant_atual = quant_atual - 1 where id = 492; 
update estoque_total set total = total - 1 where medicamento_id = 492; 

insert into venda values (1855, '2023-08-15 10:47:39', 48.02, null, null); 
insert into itens_venda values (default, 1855, 423, 423, 2, 0.30, 31.68); 
update estoque set quant_venda = quant_venda + 2, quant_atual = quant_atual - 2 where id = 423; 
update estoque_total set total = total - 2 where medicamento_id = 423; 
insert into itens_venda values (default, 1855, 288, 288, 1, 0.00, 16.34); 
update estoque set quant_venda = quant_venda + 1, quant_atual = quant_atual - 1 where id = 288; 
update estoque_total set total = total - 1 where medicamento_id = 288; 
insert into estoque values (default, 288, 'lote 676314', '2023-08-15', '2024-02-11', 11.82, 30, 0, 30); 
update estoque_total set total = total + 30 where medicamento_id = 288; 

insert into venda values (1856, '2023-08-15 11:37:21', 122.50, 18, null); 
insert into itens_venda values (default, 1856, 282, 282, 2, 0.00, 107.28); 
update estoque set quant_venda = quant_venda + 2, quant_atual = quant_atual - 2 where id = 282; 
update estoque_total set total = total - 2 where medicamento_id = 282; 
insert into itens_venda values (default, 1856, 484, 484, 1, 1.30, 15.22); 
update estoque set quant_venda = quant_venda + 1, quant_atual = quant_atual - 1 where id = 484; 
update estoque_total set total = total - 1 where medicamento_id = 484; 

insert into venda values (1857, '2023-08-15 12:50:54', 82.17, null, 21); 
insert into itens_venda values (default, 1857, 422, 422, 1, 0.60, 15.39); 
update estoque set quant_venda = quant_venda + 1, quant_atual = quant_atual - 1 where id = 422; 
update estoque_total set total = total - 1 where medicamento_id = 422; 
insert into itens_venda values (default, 1857, 178, 178, 1, 0.00, 66.78); 
update estoque set quant_venda = quant_venda + 1, quant_atual = quant_atual - 1 where id = 178; 
update estoque_total set total = total - 1 where medicamento_id = 178; 

insert into venda values (1858, '2023-08-15 13:02:01', 519.06, null, 21); 
insert into itens_venda values (default, 1858, 48, 48, 1, 3.80, 187.53); 
update estoque set quant_venda = quant_venda + 1, quant_atual = quant_atual - 1 where id = 48; 
update estoque_total set total = total - 1 where medicamento_id = 48; 
insert into itens_venda values (default, 1858, 320, 320, 1, 2.00, 206.76); 
update estoque set quant_venda = quant_venda + 1, quant_atual = quant_atual - 1 where id = 320; 
update estoque_total set total = total - 1 where medicamento_id = 320; 
insert into itens_venda values (default, 1858, 145, 145, 1, 2.50, 124.77); 
update estoque set quant_venda = quant_venda + 1, quant_atual = quant_atual - 1 where id = 145; 
update estoque_total set total = total - 1 where medicamento_id = 145; 

insert into venda values (1859, '2023-08-16 07:58:48', 53.64, null, null); 
insert into itens_venda values (default, 1859, 282, 282, 1, 0.00, 53.64); 
update estoque set quant_venda = quant_venda + 1, quant_atual = quant_atual - 1 where id = 282; 
update estoque_total set total = total - 1 where medicamento_id = 282; 

insert into venda values (1860, '2023-08-16 10:15:40', 372.17, 11, 23); 
insert into itens_venda values (default, 1860, 387, 387, 2, 9.10, 121.10); 
update estoque set quant_venda = quant_venda + 2, quant_atual = quant_atual - 2 where id = 387; 
update estoque_total set total = total - 2 where medicamento_id = 387; 
insert into itens_venda values (default, 1860, 421, 421, 2, 0.30, 18.08); 
update estoque set quant_venda = quant_venda + 2, quant_atual = quant_atual - 2 where id = 421; 
update estoque_total set total = total - 2 where medicamento_id = 421; 
insert into itens_venda values (default, 1860, 254, 254, 1, 9.70, 232.99); 
update estoque set quant_venda = quant_venda + 1, quant_atual = quant_atual - 1 where id = 254; 
update estoque_total set total = total - 1 where medicamento_id = 254; 

insert into venda values (1861, '2023-08-16 11:02:41', 177.13, 8, 22); 
insert into itens_venda values (default, 1861, 473, 473, 2, 3.90, 94.42); 
update estoque set quant_venda = quant_venda + 2, quant_atual = quant_atual - 2 where id = 473; 
update estoque_total set total = total - 2 where medicamento_id = 473; 
insert into itens_venda values (default, 1861, 274, 274, 2, 0.00, 72.20); 
update estoque set quant_venda = quant_venda + 2, quant_atual = quant_atual - 2 where id = 274; 
update estoque_total set total = total - 2 where medicamento_id = 274; 
insert into itens_venda values (default, 1861, 503, 503, 3, 0.50, 10.51); 
update estoque set quant_venda = quant_venda + 3, quant_atual = quant_atual - 3 where id = 503; 
update estoque_total set total = total - 3 where medicamento_id = 503; 

insert into venda values (1862, '2023-08-16 13:45:47', 90.67, 1, null); 
insert into itens_venda values (default, 1862, 297, 297, 1, 1.70, 56.81); 
update estoque set quant_venda = quant_venda + 1, quant_atual = quant_atual - 1 where id = 297; 
update estoque_total set total = total - 1 where medicamento_id = 297; 
insert into itens_venda values (default, 1862, 474, 474, 1, 1.10, 13.76); 
update estoque set quant_venda = quant_venda + 1, quant_atual = quant_atual - 1 where id = 474; 
update estoque_total set total = total - 1 where medicamento_id = 474; 
insert into itens_venda values (default, 1862, 351, 351, 1, 1.70, 20.10); 
update estoque set quant_venda = quant_venda + 1, quant_atual = quant_atual - 1 where id = 351; 
update estoque_total set total = total - 1 where medicamento_id = 351; 

insert into venda values (1863, '2023-08-16 14:01:37', 119.46, null, null); 
insert into itens_venda values (default, 1863, 463, 463, 1, 0.50, 12.85); 
update estoque set quant_venda = quant_venda + 1, quant_atual = quant_atual - 1 where id = 463; 
update estoque_total set total = total - 1 where medicamento_id = 463; 
insert into itens_venda values (default, 1863, 73, 73, 2, 0.00, 100.66); 
update estoque set quant_venda = quant_venda + 2, quant_atual = quant_atual - 2 where id = 73; 
update estoque_total set total = total - 2 where medicamento_id = 73; 
insert into itens_venda values (default, 1863, 242, 242, 1, 0.20, 5.95); 
update estoque set quant_venda = quant_venda + 1, quant_atual = quant_atual - 1 where id = 242; 
update estoque_total set total = total - 1 where medicamento_id = 242; 

insert into venda values (1864, '2023-08-17 06:31:27', 115.00, null, 21); 
insert into itens_venda values (default, 1864, 502, 502, 2, 1.30, 42.32); 
update estoque set quant_venda = quant_venda + 2, quant_atual = quant_atual - 2 where id = 502; 
update estoque_total set total = total - 2 where medicamento_id = 502; 
insert into itens_venda values (default, 1864, 261, 261, 1, 2.20, 72.68); 
update estoque set quant_venda = quant_venda + 1, quant_atual = quant_atual - 1 where id = 261; 
update estoque_total set total = total - 1 where medicamento_id = 261; 

insert into venda values (1865, '2023-08-17 07:22:32', 15.21, null, null); 
insert into itens_venda values (default, 1865, 311, 311, 1, 0.00, 15.21); 
update estoque set quant_venda = quant_venda + 1, quant_atual = quant_atual - 1 where id = 311; 
update estoque_total set total = total - 1 where medicamento_id = 311; 

insert into venda values (1866, '2023-08-17 07:48:35', 249.75, null, null); 
insert into itens_venda values (default, 1866, 362, 362, 1, 0.00, 188.88); 
update estoque set quant_venda = quant_venda + 1, quant_atual = quant_atual - 1 where id = 362; 
update estoque_total set total = total - 1 where medicamento_id = 362; 
insert into itens_venda values (default, 1866, 348, 348, 2, 1.80, 45.18); 
update estoque set quant_venda = quant_venda + 2, quant_atual = quant_atual - 2 where id = 348; 
update estoque_total set total = total - 2 where medicamento_id = 348; 
insert into itens_venda values (default, 1866, 485, 485, 1, 0.40, 15.69); 
update estoque set quant_venda = quant_venda + 1, quant_atual = quant_atual - 1 where id = 485; 
update estoque_total set total = total - 1 where medicamento_id = 485; 

insert into venda values (1867, '2023-08-17 08:57:39', 237.04, null, null); 
insert into itens_venda values (default, 1867, 411, 411, 2, 5.70, 138.64); 
update estoque set quant_venda = quant_venda + 2, quant_atual = quant_atual - 2 where id = 411; 
update estoque_total set total = total - 2 where medicamento_id = 411; 
insert into itens_venda values (default, 1867, 368, 368, 3, 0.40, 46.94); 
update estoque set quant_venda = quant_venda + 3, quant_atual = quant_atual - 3 where id = 368; 
update estoque_total set total = total - 3 where medicamento_id = 368; 
insert into itens_venda values (default, 1867, 233, 233, 2, 0.50, 51.46); 
update estoque set quant_venda = quant_venda + 2, quant_atual = quant_atual - 2 where id = 233; 
update estoque_total set total = total - 2 where medicamento_id = 233; 

insert into venda values (1868, '2023-08-17 10:17:08', 410.55, null, null); 
insert into itens_venda values (default, 1868, 410, 410, 1, 0.00, 106.78); 
update estoque set quant_venda = quant_venda + 1, quant_atual = quant_atual - 1 where id = 410; 
update estoque_total set total = total - 1 where medicamento_id = 410; 
insert into itens_venda values (default, 1868, 2, 2, 1, 0.00, 303.77); 
update estoque set quant_venda = quant_venda + 1, quant_atual = quant_atual - 1 where id = 2; 
update estoque_total set total = total - 1 where medicamento_id = 2; 

insert into venda values (1869, '2023-08-17 10:57:23', 130.22, null, null); 
insert into itens_venda values (default, 1869, 183, 183, 2, 0.00, 67.22); 
update estoque set quant_venda = quant_venda + 2, quant_atual = quant_atual - 2 where id = 183; 
update estoque_total set total = total - 2 where medicamento_id = 183; 
insert into itens_venda values (default, 1869, 464, 464, 2, 1.90, 63.00); 
update estoque set quant_venda = quant_venda + 2, quant_atual = quant_atual - 2 where id = 464; 
update estoque_total set total = total - 2 where medicamento_id = 464; 

insert into venda values (1870, '2023-08-17 12:00:50', 630.36, null, null); 
insert into itens_venda values (default, 1870, 257, 257, 1, 6.80, 337.10); 
update estoque set quant_venda = quant_venda + 1, quant_atual = quant_atual - 1 where id = 257; 
update estoque_total set total = total - 1 where medicamento_id = 257; 
insert into itens_venda values (default, 1870, 161, 161, 2, 0.00, 113.88); 
update estoque set quant_venda = quant_venda + 2, quant_atual = quant_atual - 2 where id = 161; 
update estoque_total set total = total - 2 where medicamento_id = 161; 
insert into itens_venda values (default, 1870, 369, 369, 2, 0.00, 179.38); 
update estoque set quant_venda = quant_venda + 2, quant_atual = quant_atual - 2 where id = 369; 
update estoque_total set total = total - 2 where medicamento_id = 369; 

insert into venda values (1871, '2023-08-17 13:22:41', 31.08, null, null); 
insert into itens_venda values (default, 1871, 398, 398, 2, 0.00, 31.08); 
update estoque set quant_venda = quant_venda + 2, quant_atual = quant_atual - 2 where id = 398; 
update estoque_total set total = total - 2 where medicamento_id = 398; 

insert into venda values (1872, '2023-08-18 06:03:28', 97.58, null, null); 
insert into itens_venda values (default, 1872, 500, 500, 3, 1.90, 46.01); 
update estoque set quant_venda = quant_venda + 3, quant_atual = quant_atual - 3 where id = 500; 
update estoque_total set total = total - 3 where medicamento_id = 500; 
insert into itens_venda values (default, 1872, 471, 471, 3, 2.10, 51.57); 
update estoque set quant_venda = quant_venda + 3, quant_atual = quant_atual - 3 where id = 471; 
update estoque_total set total = total - 3 where medicamento_id = 471; 

insert into venda values (1873, '2023-08-18 07:19:32', 371.00, 7, null); 
insert into itens_venda values (default, 1873, 239, 239, 1, 13.50, 180.65); 
update estoque set quant_venda = quant_venda + 1, quant_atual = quant_atual - 1 where id = 239; 
update estoque_total set total = total - 1 where medicamento_id = 239; 
insert into itens_venda values (default, 1873, 239, 239, 1, 3.80, 190.35); 
update estoque set quant_venda = quant_venda + 1, quant_atual = quant_atual - 1 where id = 239; 
update estoque_total set total = total - 1 where medicamento_id = 239; 

insert into venda values (1874, '2023-08-18 08:23:14', 171.34, 9, null); 
insert into itens_venda values (default, 1874, 488, 488, 2, 0.90, 97.56); 
update estoque set quant_venda = quant_venda + 2, quant_atual = quant_atual - 2 where id = 488; 
update estoque_total set total = total - 2 where medicamento_id = 488; 
insert into itens_venda values (default, 1874, 238, 238, 1, 0.40, 13.81); 
update estoque set quant_venda = quant_venda + 1, quant_atual = quant_atual - 1 where id = 238; 
update estoque_total set total = total - 1 where medicamento_id = 238; 
insert into itens_venda values (default, 1874, 104, 104, 1, 5.90, 59.97); 
update estoque set quant_venda = quant_venda + 1, quant_atual = quant_atual - 1 where id = 104; 
update estoque_total set total = total - 1 where medicamento_id = 104; 

insert into venda values (1875, '2023-08-18 09:15:05', 174.80, null, null); 
insert into itens_venda values (default, 1875, 470, 470, 2, 0.00, 174.80); 
update estoque set quant_venda = quant_venda + 2, quant_atual = quant_atual - 2 where id = 470; 
update estoque_total set total = total - 2 where medicamento_id = 470; 

insert into venda values (1876, '2023-08-18 09:19:45', 228.96, null, null); 
insert into itens_venda values (default, 1876, 428, 428, 3, 1.40, 48.52); 
update estoque set quant_venda = quant_venda + 3, quant_atual = quant_atual - 3 where id = 428; 
update estoque_total set total = total - 3 where medicamento_id = 428; 
insert into itens_venda values (default, 1876, 413, 413, 2, 0.00, 180.44); 
update estoque set quant_venda = quant_venda + 2, quant_atual = quant_atual - 2 where id = 413; 
update estoque_total set total = total - 2 where medicamento_id = 413; 

insert into venda values (1877, '2023-08-18 09:41:30', 256.09, null, 25); 
insert into itens_venda values (default, 1877, 213, 213, 1, 0.00, 170.61); 
update estoque set quant_venda = quant_venda + 1, quant_atual = quant_atual - 1 where id = 213; 
update estoque_total set total = total - 1 where medicamento_id = 213; 
insert into itens_venda values (default, 1877, 454, 454, 1, 3.50, 85.48); 
update estoque set quant_venda = quant_venda + 1, quant_atual = quant_atual - 1 where id = 454; 
update estoque_total set total = total - 1 where medicamento_id = 454; 

insert into venda values (1878, '2023-08-18 10:32:42', 223.51, null, null); 
insert into itens_venda values (default, 1878, 464, 464, 1, 0.00, 32.45); 
update estoque set quant_venda = quant_venda + 1, quant_atual = quant_atual - 1 where id = 464; 
update estoque_total set total = total - 1 where medicamento_id = 464; 
insert into itens_venda values (default, 1878, 427, 427, 3, 0.00, 38.94); 
update estoque set quant_venda = quant_venda + 3, quant_atual = quant_atual - 3 where id = 427; 
update estoque_total set total = total - 3 where medicamento_id = 427; 
insert into itens_venda values (default, 1878, 415, 415, 1, 1.50, 152.12); 
update estoque set quant_venda = quant_venda + 1, quant_atual = quant_atual - 1 where id = 415; 
update estoque_total set total = total - 1 where medicamento_id = 415; 

insert into venda values (1879, '2023-08-18 11:43:25', 57.18, 6, null); 
insert into itens_venda values (default, 1879, 457, 457, 1, 0.30, 33.87); 
update estoque set quant_venda = quant_venda + 1, quant_atual = quant_atual - 1 where id = 457; 
update estoque_total set total = total - 1 where medicamento_id = 457; 
insert into itens_venda values (default, 1879, 430, 430, 1, 1.40, 23.31); 
update estoque set quant_venda = quant_venda + 1, quant_atual = quant_atual - 1 where id = 430; 
update estoque_total set total = total - 1 where medicamento_id = 430; 

insert into venda values (1880, '2023-08-18 12:37:47', 464.88, 13, null); 
insert into itens_venda values (default, 1880, 323, 323, 1, 0.10, 17.57); 
update estoque set quant_venda = quant_venda + 1, quant_atual = quant_atual - 1 where id = 323; 
update estoque_total set total = total - 1 where medicamento_id = 323; 
insert into itens_venda values (default, 1880, 100, 100, 1, 16.50, 314.73); 
update estoque set quant_venda = quant_venda + 1, quant_atual = quant_atual - 1 where id = 100; 
update estoque_total set total = total - 1 where medicamento_id = 100; 
insert into itens_venda values (default, 1880, 363, 363, 2, 11.50, 132.58); 
update estoque set quant_venda = quant_venda + 2, quant_atual = quant_atual - 2 where id = 363; 
update estoque_total set total = total - 2 where medicamento_id = 363; 

insert into venda values (1881, '2023-08-18 12:45:00', 63.32, 18, null); 
insert into itens_venda values (default, 1881, 422, 422, 1, 0.10, 15.89); 
update estoque set quant_venda = quant_venda + 1, quant_atual = quant_atual - 1 where id = 422; 
update estoque_total set total = total - 1 where medicamento_id = 422; 
insert into itens_venda values (default, 1881, 382, 382, 1, 1.70, 32.82); 
update estoque set quant_venda = quant_venda + 1, quant_atual = quant_atual - 1 where id = 382; 
update estoque_total set total = total - 1 where medicamento_id = 382; 
insert into itens_venda values (default, 1881, 311, 311, 1, 0.60, 14.61); 
update estoque set quant_venda = quant_venda + 1, quant_atual = quant_atual - 1 where id = 311; 
update estoque_total set total = total - 1 where medicamento_id = 311; 

insert into venda values (1882, '2023-08-18 13:29:43', 32.85, 6, null); 
insert into itens_venda values (default, 1882, 344, 344, 1, 2.40, 32.85); 
update estoque set quant_venda = quant_venda + 1, quant_atual = quant_atual - 1 where id = 344; 
update estoque_total set total = total - 1 where medicamento_id = 344; 

insert into venda values (1883, '2023-08-18 14:28:37', 338.94, null, 22); 
insert into itens_venda values (default, 1883, 96, 96, 1, 2.50, 251.54); 
update estoque set quant_venda = quant_venda + 1, quant_atual = quant_atual - 1 where id = 96; 
update estoque_total set total = total - 1 where medicamento_id = 96; 
insert into itens_venda values (default, 1883, 470, 470, 1, 0.00, 87.40); 
update estoque set quant_venda = quant_venda + 1, quant_atual = quant_atual - 1 where id = 470; 
update estoque_total set total = total - 1 where medicamento_id = 470; 

insert into venda values (1884, '2023-08-18 14:50:26', 144.30, null, 23); 
insert into itens_venda values (default, 1884, 86, 86, 1, 0.00, 144.30); 
update estoque set quant_venda = quant_venda + 1, quant_atual = quant_atual - 1 where id = 86; 
update estoque_total set total = total - 1 where medicamento_id = 86; 

insert into venda values (1885, '2023-08-19 06:39:30', 201.66, null, null); 
insert into itens_venda values (default, 1885, 169, 169, 2, 1.50, 75.04); 
update estoque set quant_venda = quant_venda + 2, quant_atual = quant_atual - 2 where id = 169; 
update estoque_total set total = total - 2 where medicamento_id = 169; 
insert into itens_venda values (default, 1885, 446, 446, 1, 5.20, 126.62); 
update estoque set quant_venda = quant_venda + 1, quant_atual = quant_atual - 1 where id = 446; 
update estoque_total set total = total - 1 where medicamento_id = 446; 

insert into venda values (1886, '2023-08-19 07:02:15', 160.97, null, 21); 
insert into itens_venda values (default, 1886, 323, 323, 3, 0.50, 52.51); 
update estoque set quant_venda = quant_venda + 3, quant_atual = quant_atual - 3 where id = 323; 
update estoque_total set total = total - 3 where medicamento_id = 323; 
insert into itens_venda values (default, 1886, 336, 336, 1, 0.70, 37.34); 
update estoque set quant_venda = quant_venda + 1, quant_atual = quant_atual - 1 where id = 336; 
update estoque_total set total = total - 1 where medicamento_id = 336; 
insert into itens_venda values (default, 1886, 187, 187, 2, 2.90, 71.12); 
update estoque set quant_venda = quant_venda + 2, quant_atual = quant_atual - 2 where id = 187; 
update estoque_total set total = total - 2 where medicamento_id = 187; 

insert into venda values (1887, '2023-08-19 09:44:38', 230.08, 20, null); 
insert into itens_venda values (default, 1887, 480, 480, 2, 3.10, 59.98); 
update estoque set quant_venda = quant_venda + 2, quant_atual = quant_atual - 2 where id = 480; 
update estoque_total set total = total - 2 where medicamento_id = 480; 
insert into itens_venda values (default, 1887, 353, 353, 1, 0.80, 40.88); 
update estoque set quant_venda = quant_venda + 1, quant_atual = quant_atual - 1 where id = 353; 
update estoque_total set total = total - 1 where medicamento_id = 353; 
insert into itens_venda values (default, 1887, 446, 446, 1, 2.60, 129.22); 
update estoque set quant_venda = quant_venda + 1, quant_atual = quant_atual - 1 where id = 446; 
update estoque_total set total = total - 1 where medicamento_id = 446; 

insert into venda values (1888, '2023-08-19 10:02:51', 57.14, null, 21); 
insert into itens_venda values (default, 1888, 155, 155, 1, 0.10, 4.85); 
update estoque set quant_venda = quant_venda + 1, quant_atual = quant_atual - 1 where id = 155; 
update estoque_total set total = total - 1 where medicamento_id = 155; 
insert into itens_venda values (default, 1888, 438, 438, 1, 0.00, 52.29); 
update estoque set quant_venda = quant_venda + 1, quant_atual = quant_atual - 1 where id = 438; 
update estoque_total set total = total - 1 where medicamento_id = 438; 

insert into venda values (1889, '2023-08-19 10:39:58', 127.60, null, null); 
insert into itens_venda values (default, 1889, 387, 387, 2, 2.60, 127.60); 
update estoque set quant_venda = quant_venda + 2, quant_atual = quant_atual - 2 where id = 387; 
update estoque_total set total = total - 2 where medicamento_id = 387; 

insert into venda values (1890, '2023-08-19 10:51:54', 101.87, 16, null); 
insert into itens_venda values (default, 1890, 494, 494, 3, 1.40, 48.01); 
update estoque set quant_venda = quant_venda + 3, quant_atual = quant_atual - 3 where id = 494; 
update estoque_total set total = total - 3 where medicamento_id = 494; 
insert into itens_venda values (default, 1890, 394, 394, 2, 3.40, 53.86); 
update estoque set quant_venda = quant_venda + 2, quant_atual = quant_atual - 2 where id = 394; 
update estoque_total set total = total - 2 where medicamento_id = 394; 

insert into venda values (1891, '2023-08-19 11:04:45', 337.53, 11, 24); 
insert into itens_venda values (default, 1891, 502, 502, 1, 1.90, 19.91); 
update estoque set quant_venda = quant_venda + 1, quant_atual = quant_atual - 1 where id = 502; 
update estoque_total set total = total - 1 where medicamento_id = 502; 
insert into itens_venda values (default, 1891, 169, 169, 1, 0.30, 37.97); 
update estoque set quant_venda = quant_venda + 1, quant_atual = quant_atual - 1 where id = 169; 
update estoque_total set total = total - 1 where medicamento_id = 169; 
insert into itens_venda values (default, 1891, 97, 97, 1, 5.70, 279.65); 
update estoque set quant_venda = quant_venda + 1, quant_atual = quant_atual - 1 where id = 97; 
update estoque_total set total = total - 1 where medicamento_id = 97; 

insert into venda values (1892, '2023-08-20 07:10:03', 158.05, 1, 24); 
insert into itens_venda values (default, 1892, 277, 277, 1, 3.10, 32.28); 
update estoque set quant_venda = quant_venda + 1, quant_atual = quant_atual - 1 where id = 277; 
update estoque_total set total = total - 1 where medicamento_id = 277; 
insert into itens_venda values (default, 1892, 334, 334, 1, 1.20, 61.33); 
update estoque set quant_venda = quant_venda + 1, quant_atual = quant_atual - 1 where id = 334; 
update estoque_total set total = total - 1 where medicamento_id = 334; 
insert into itens_venda values (default, 1892, 436, 436, 1, 1.30, 64.44); 
update estoque set quant_venda = quant_venda + 1, quant_atual = quant_atual - 1 where id = 436; 
update estoque_total set total = total - 1 where medicamento_id = 436; 

insert into venda values (1893, '2023-08-20 07:18:02', 36.39, null, null); 
insert into itens_venda values (default, 1893, 479, 479, 1, 0.30, 36.39); 
update estoque set quant_venda = quant_venda + 1, quant_atual = quant_atual - 1 where id = 479; 
update estoque_total set total = total - 1 where medicamento_id = 479; 

insert into venda values (1894, '2023-08-20 07:21:33', 36.29, null, 21); 
insert into itens_venda values (default, 1894, 358, 358, 1, 0.70, 36.29); 
update estoque set quant_venda = quant_venda + 1, quant_atual = quant_atual - 1 where id = 358; 
update estoque_total set total = total - 1 where medicamento_id = 358; 

insert into venda values (1895, '2023-08-20 08:13:19', 203.98, null, null); 
insert into itens_venda values (default, 1895, 471, 471, 3, 0.50, 53.17); 
update estoque set quant_venda = quant_venda + 3, quant_atual = quant_atual - 3 where id = 471; 
update estoque_total set total = total - 3 where medicamento_id = 471; 
insert into itens_venda values (default, 1895, 369, 369, 1, 2.60, 87.09); 
update estoque set quant_venda = quant_venda + 1, quant_atual = quant_atual - 1 where id = 369; 
update estoque_total set total = total - 1 where medicamento_id = 369; 
insert into itens_venda values (default, 1895, 273, 273, 2, 2.60, 63.72); 
update estoque set quant_venda = quant_venda + 2, quant_atual = quant_atual - 2 where id = 273; 
update estoque_total set total = total - 2 where medicamento_id = 273; 

insert into venda values (1896, '2023-08-20 09:07:02', 295.18, null, null); 
insert into itens_venda values (default, 1896, 487, 487, 1, 0.00, 188.03); 
update estoque set quant_venda = quant_venda + 1, quant_atual = quant_atual - 1 where id = 487; 
update estoque_total set total = total - 1 where medicamento_id = 487; 
insert into itens_venda values (default, 1896, 462, 462, 1, 0.00, 18.93); 
update estoque set quant_venda = quant_venda + 1, quant_atual = quant_atual - 1 where id = 462; 
update estoque_total set total = total - 1 where medicamento_id = 462; 
insert into itens_venda values (default, 1896, 226, 226, 1, 1.70, 88.22); 
update estoque set quant_venda = quant_venda + 1, quant_atual = quant_atual - 1 where id = 226; 
update estoque_total set total = total - 1 where medicamento_id = 226; 

insert into venda values (1897, '2023-08-20 09:17:40', 96.70, null, null); 
insert into itens_venda values (default, 1897, 474, 474, 2, 0.00, 29.72); 
update estoque set quant_venda = quant_venda + 2, quant_atual = quant_atual - 2 where id = 474; 
update estoque_total set total = total - 2 where medicamento_id = 474; 
insert into itens_venda values (default, 1897, 416, 416, 3, 1.30, 66.98); 
update estoque set quant_venda = quant_venda + 3, quant_atual = quant_atual - 3 where id = 416; 
update estoque_total set total = total - 3 where medicamento_id = 416; 

insert into venda values (1898, '2023-08-20 09:36:41', 21.49, null, null); 
insert into itens_venda values (default, 1898, 385, 385, 1, 0.00, 21.49); 
update estoque set quant_venda = quant_venda + 1, quant_atual = quant_atual - 1 where id = 385; 
update estoque_total set total = total - 1 where medicamento_id = 385; 

insert into venda values (1899, '2023-08-20 10:01:11', 167.20, null, null); 
insert into itens_venda values (default, 1899, 420, 420, 1, 2.00, 64.77); 
update estoque set quant_venda = quant_venda + 1, quant_atual = quant_atual - 1 where id = 420; 
update estoque_total set total = total - 1 where medicamento_id = 420; 
insert into itens_venda values (default, 1899, 74, 74, 1, 0.00, 102.43); 
update estoque set quant_venda = quant_venda + 1, quant_atual = quant_atual - 1 where id = 74; 
update estoque_total set total = total - 1 where medicamento_id = 74; 

insert into venda values (1900, '2023-08-20 10:29:53', 38.77, 18, null); 
insert into itens_venda values (default, 1900, 499, 499, 1, 0.00, 38.77); 
update estoque set quant_venda = quant_venda + 1, quant_atual = quant_atual - 1 where id = 499; 
update estoque_total set total = total - 1 where medicamento_id = 499; 

insert into venda values (1901, '2023-08-20 11:45:51', 205.67, null, null); 
insert into itens_venda values (default, 1901, 397, 397, 2, 0.70, 35.54); 
update estoque set quant_venda = quant_venda + 2, quant_atual = quant_atual - 2 where id = 397; 
update estoque_total set total = total - 2 where medicamento_id = 397; 
insert into itens_venda values (default, 1901, 267, 267, 1, 7.00, 170.13); 
update estoque set quant_venda = quant_venda + 1, quant_atual = quant_atual - 1 where id = 267; 
update estoque_total set total = total - 1 where medicamento_id = 267; 

insert into venda values (1902, '2023-08-21 06:03:18', 117.55, 16, null); 
insert into itens_venda values (default, 1902, 438, 438, 1, 4.10, 48.19); 
update estoque set quant_venda = quant_venda + 1, quant_atual = quant_atual - 1 where id = 438; 
update estoque_total set total = total - 1 where medicamento_id = 438; 
insert into itens_venda values (default, 1902, 375, 375, 2, 1.10, 38.52); 
update estoque set quant_venda = quant_venda + 2, quant_atual = quant_atual - 2 where id = 375; 
update estoque_total set total = total - 2 where medicamento_id = 375; 
insert into itens_venda values (default, 1902, 482, 482, 2, 1.90, 30.84); 
update estoque set quant_venda = quant_venda + 2, quant_atual = quant_atual - 2 where id = 482; 
update estoque_total set total = total - 2 where medicamento_id = 482; 

insert into venda values (1903, '2023-08-22 06:02:33', 115.88, null, 21); 
insert into itens_venda values (default, 1903, 359, 359, 1, 0.90, 89.68); 
update estoque set quant_venda = quant_venda + 1, quant_atual = quant_atual - 1 where id = 359; 
update estoque_total set total = total - 1 where medicamento_id = 359; 
insert into itens_venda values (default, 1903, 463, 463, 2, 0.50, 26.20); 
update estoque set quant_venda = quant_venda + 2, quant_atual = quant_atual - 2 where id = 463; 
update estoque_total set total = total - 2 where medicamento_id = 463; 

insert into venda values (1904, '2023-08-22 06:24:56', 105.98, null, null); 
insert into itens_venda values (default, 1904, 298, 298, 1, 0.00, 105.98); 
update estoque set quant_venda = quant_venda + 1, quant_atual = quant_atual - 1 where id = 298; 
update estoque_total set total = total - 1 where medicamento_id = 298; 

insert into venda values (1905, '2023-08-22 07:32:16', 97.42, null, null); 
insert into itens_venda values (default, 1905, 473, 473, 2, 0.90, 97.42); 
update estoque set quant_venda = quant_venda + 2, quant_atual = quant_atual - 2 where id = 473; 
update estoque_total set total = total - 2 where medicamento_id = 473; 

insert into venda values (1906, '2023-08-22 07:49:20', 158.08, 6, 23); 
insert into itens_venda values (default, 1906, 184, 184, 2, 1.60, 40.70); 
update estoque set quant_venda = quant_venda + 2, quant_atual = quant_atual - 2 where id = 184; 
update estoque_total set total = total - 2 where medicamento_id = 184; 
insert into itens_venda values (default, 1906, 313, 313, 1, 3.70, 37.84); 
update estoque set quant_venda = quant_venda + 1, quant_atual = quant_atual - 1 where id = 313; 
update estoque_total set total = total - 1 where medicamento_id = 313; 
insert into itens_venda values (default, 1906, 439, 439, 2, 2.40, 79.54); 
update estoque set quant_venda = quant_venda + 2, quant_atual = quant_atual - 2 where id = 439; 
update estoque_total set total = total - 2 where medicamento_id = 439; 

insert into venda values (1907, '2023-08-22 08:12:00', 109.89, 18, null); 
insert into itens_venda values (default, 1907, 491, 491, 1, 2.20, 54.25); 
update estoque set quant_venda = quant_venda + 1, quant_atual = quant_atual - 1 where id = 491; 
update estoque_total set total = total - 1 where medicamento_id = 491; 
insert into itens_venda values (default, 1907, 479, 479, 1, 0.00, 36.69); 
update estoque set quant_venda = quant_venda + 1, quant_atual = quant_atual - 1 where id = 479; 
update estoque_total set total = total - 1 where medicamento_id = 479; 
insert into itens_venda values (default, 1907, 451, 451, 1, 0.30, 18.95); 
update estoque set quant_venda = quant_venda + 1, quant_atual = quant_atual - 1 where id = 451; 
update estoque_total set total = total - 1 where medicamento_id = 451; 

insert into venda values (1908, '2023-08-22 08:35:08', 13.15, null, null); 
insert into itens_venda values (default, 1908, 463, 463, 1, 0.20, 13.15); 
update estoque set quant_venda = quant_venda + 1, quant_atual = quant_atual - 1 where id = 463; 
update estoque_total set total = total - 1 where medicamento_id = 463; 

insert into venda values (1909, '2023-08-22 09:54:35', 112.27, null, null); 
insert into itens_venda values (default, 1909, 442, 442, 1, 0.60, 22.44); 
update estoque set quant_venda = quant_venda + 1, quant_atual = quant_atual - 1 where id = 442; 
update estoque_total set total = total - 1 where medicamento_id = 442; 
insert into itens_venda values (default, 1909, 379, 379, 3, 0.00, 38.04); 
update estoque set quant_venda = quant_venda + 3, quant_atual = quant_atual - 3 where id = 379; 
update estoque_total set total = total - 3 where medicamento_id = 379; 
insert into itens_venda values (default, 1909, 438, 438, 1, 0.50, 51.79); 
update estoque set quant_venda = quant_venda + 1, quant_atual = quant_atual - 1 where id = 438; 
update estoque_total set total = total - 1 where medicamento_id = 438; 

insert into venda values (1910, '2023-08-22 10:06:46', 286.16, null, 22); 
insert into itens_venda values (default, 1910, 478, 478, 1, 1.10, 56.42); 
update estoque set quant_venda = quant_venda + 1, quant_atual = quant_atual - 1 where id = 478; 
update estoque_total set total = total - 1 where medicamento_id = 478; 
insert into itens_venda values (default, 1910, 247, 247, 2, 1.30, 137.58); 
update estoque set quant_venda = quant_venda + 2, quant_atual = quant_atual - 2 where id = 247; 
update estoque_total set total = total - 2 where medicamento_id = 247; 
insert into itens_venda values (default, 1910, 136, 136, 2, 0.00, 92.16); 
update estoque set quant_venda = quant_venda + 2, quant_atual = quant_atual - 2 where id = 136; 
update estoque_total set total = total - 2 where medicamento_id = 136; 

insert into venda values (1911, '2023-08-22 10:53:04', 55.57, 15, null); 
insert into itens_venda values (default, 1911, 452, 452, 1, 4.10, 55.57); 
update estoque set quant_venda = quant_venda + 1, quant_atual = quant_atual - 1 where id = 452; 
update estoque_total set total = total - 1 where medicamento_id = 452; 

insert into venda values (1912, '2023-08-22 11:31:42', 333.75, 13, 24); 
insert into itens_venda values (default, 1912, 482, 482, 2, 0.00, 32.74); 
update estoque set quant_venda = quant_venda + 2, quant_atual = quant_atual - 2 where id = 482; 
update estoque_total set total = total - 2 where medicamento_id = 482; 
insert into itens_venda values (default, 1912, 41, 41, 1, 2.60, 257.42); 
update estoque set quant_venda = quant_venda + 1, quant_atual = quant_atual - 1 where id = 41; 
update estoque_total set total = total - 1 where medicamento_id = 41; 
insert into itens_venda values (default, 1912, 489, 489, 1, 0.40, 43.59); 
update estoque set quant_venda = quant_venda + 1, quant_atual = quant_atual - 1 where id = 489; 
update estoque_total set total = total - 1 where medicamento_id = 489; 

insert into venda values (1913, '2023-08-22 12:10:41', 167.80, null, null); 
insert into itens_venda values (default, 1913, 497, 497, 2, 2.20, 73.00); 
update estoque set quant_venda = quant_venda + 2, quant_atual = quant_atual - 2 where id = 497; 
update estoque_total set total = total - 2 where medicamento_id = 497; 
insert into itens_venda values (default, 1913, 426, 426, 1, 0.70, 35.56); 
update estoque set quant_venda = quant_venda + 1, quant_atual = quant_atual - 1 where id = 426; 
update estoque_total set total = total - 1 where medicamento_id = 426; 
insert into itens_venda values (default, 1913, 303, 303, 2, 2.40, 59.24); 
update estoque set quant_venda = quant_venda + 2, quant_atual = quant_atual - 2 where id = 303; 
update estoque_total set total = total - 2 where medicamento_id = 303; 

insert into venda values (1914, '2023-08-22 12:43:37', 37.47, 20, null); 
insert into itens_venda values (default, 1914, 241, 241, 1, 1.90, 37.47); 
update estoque set quant_venda = quant_venda + 1, quant_atual = quant_atual - 1 where id = 241; 
update estoque_total set total = total - 1 where medicamento_id = 241; 

insert into venda values (1915, '2023-08-22 13:42:22', 152.60, 9, null); 
insert into itens_venda values (default, 1915, 371, 371, 1, 8.20, 129.33); 
update estoque set quant_venda = quant_venda + 1, quant_atual = quant_atual - 1 where id = 371; 
update estoque_total set total = total - 1 where medicamento_id = 371; 
insert into itens_venda values (default, 1915, 476, 476, 1, 0.90, 23.27); 
update estoque set quant_venda = quant_venda + 1, quant_atual = quant_atual - 1 where id = 476; 
update estoque_total set total = total - 1 where medicamento_id = 476; 

insert into venda values (1916, '2023-08-23 07:00:50', 55.28, null, null); 
insert into itens_venda values (default, 1916, 417, 417, 3, 0.00, 44.22); 
update estoque set quant_venda = quant_venda + 3, quant_atual = quant_atual - 3 where id = 417; 
update estoque_total set total = total - 3 where medicamento_id = 417; 
insert into itens_venda values (default, 1916, 431, 431, 1, 0.20, 11.06); 
update estoque set quant_venda = quant_venda + 1, quant_atual = quant_atual - 1 where id = 431; 
update estoque_total set total = total - 1 where medicamento_id = 431; 

insert into venda values (1917, '2023-08-23 08:28:10', 423.14, 17, 23); 
insert into itens_venda values (default, 1917, 245, 245, 1, 7.30, 140.45); 
update estoque set quant_venda = quant_venda + 1, quant_atual = quant_atual - 1 where id = 245; 
update estoque_total set total = total - 1 where medicamento_id = 245; 
insert into itens_venda values (default, 1917, 75, 75, 1, 19.40, 258.44); 
update estoque set quant_venda = quant_venda + 1, quant_atual = quant_atual - 1 where id = 75; 
update estoque_total set total = total - 1 where medicamento_id = 75; 
insert into itens_venda values (default, 1917, 409, 409, 1, 0.20, 24.25); 
update estoque set quant_venda = quant_venda + 1, quant_atual = quant_atual - 1 where id = 409; 
update estoque_total set total = total - 1 where medicamento_id = 409; 

insert into venda values (1918, '2023-08-23 10:51:18', 111.14, null, null); 
insert into itens_venda values (default, 1918, 480, 480, 1, 0.30, 31.24); 
update estoque set quant_venda = quant_venda + 1, quant_atual = quant_atual - 1 where id = 480; 
update estoque_total set total = total - 1 where medicamento_id = 480; 
insert into itens_venda values (default, 1918, 494, 494, 2, 1.30, 31.64); 
update estoque set quant_venda = quant_venda + 2, quant_atual = quant_atual - 2 where id = 494; 
update estoque_total set total = total - 2 where medicamento_id = 494; 
insert into itens_venda values (default, 1918, 473, 473, 1, 0.90, 48.26); 
update estoque set quant_venda = quant_venda + 1, quant_atual = quant_atual - 1 where id = 473; 
update estoque_total set total = total - 1 where medicamento_id = 473; 

insert into venda values (1919, '2023-08-24 08:42:57', 6.40, null, null); 
insert into itens_venda values (default, 1919, 453, 453, 1, 0.10, 6.40); 
update estoque set quant_venda = quant_venda + 1, quant_atual = quant_atual - 1 where id = 453; 
update estoque_total set total = total - 1 where medicamento_id = 453; 

insert into venda values (1920, '2023-08-24 10:20:45', 187.13, null, null); 
insert into itens_venda values (default, 1920, 237, 237, 1, 4.00, 131.23); 
update estoque set quant_venda = quant_venda + 1, quant_atual = quant_atual - 1 where id = 237; 
update estoque_total set total = total - 1 where medicamento_id = 237; 
insert into itens_venda values (default, 1920, 441, 441, 2, 1.10, 55.90); 
update estoque set quant_venda = quant_venda + 2, quant_atual = quant_atual - 2 where id = 441; 
update estoque_total set total = total - 2 where medicamento_id = 441; 

insert into venda values (1921, '2023-08-24 10:21:46', 99.95, 17, null); 
insert into itens_venda values (default, 1921, 480, 480, 2, 2.50, 60.58); 
update estoque set quant_venda = quant_venda + 2, quant_atual = quant_atual - 2 where id = 480; 
update estoque_total set total = total - 2 where medicamento_id = 480; 
insert into itens_venda values (default, 1921, 439, 439, 1, 1.60, 39.37); 
update estoque set quant_venda = quant_venda + 1, quant_atual = quant_atual - 1 where id = 439; 
update estoque_total set total = total - 1 where medicamento_id = 439; 

insert into venda values (1922, '2023-08-24 10:48:53', 120.98, 11, null); 
insert into itens_venda values (default, 1922, 436, 436, 2, 10.50, 120.98); 
update estoque set quant_venda = quant_venda + 2, quant_atual = quant_atual - 2 where id = 436; 
update estoque_total set total = total - 2 where medicamento_id = 436; 

insert into venda values (1923, '2023-08-24 11:56:41', 55.98, 3, null); 
insert into itens_venda values (default, 1923, 406, 406, 3, 0.60, 21.00); 
update estoque set quant_venda = quant_venda + 3, quant_atual = quant_atual - 3 where id = 406; 
update estoque_total set total = total - 3 where medicamento_id = 406; 
insert into itens_venda values (default, 1923, 495, 495, 1, 0.80, 9.88); 
update estoque set quant_venda = quant_venda + 1, quant_atual = quant_atual - 1 where id = 495; 
update estoque_total set total = total - 1 where medicamento_id = 495; 
insert into itens_venda values (default, 1923, 463, 463, 2, 1.60, 25.10); 
update estoque set quant_venda = quant_venda + 2, quant_atual = quant_atual - 2 where id = 463; 
update estoque_total set total = total - 2 where medicamento_id = 463; 

insert into venda values (1924, '2023-08-24 13:50:20', 56.68, 5, null); 
insert into itens_venda values (default, 1924, 328, 328, 2, 3.60, 56.68); 
update estoque set quant_venda = quant_venda + 2, quant_atual = quant_atual - 2 where id = 328; 
update estoque_total set total = total - 2 where medicamento_id = 328; 

insert into venda values (1925, '2023-08-24 15:38:43', 21.68, null, null); 
insert into itens_venda values (default, 1925, 486, 486, 2, 0.20, 21.68); 
update estoque set quant_venda = quant_venda + 2, quant_atual = quant_atual - 2 where id = 486; 
update estoque_total set total = total - 2 where medicamento_id = 486; 

insert into venda values (1926, '2023-08-25 08:40:24', 19.22, null, null); 
insert into itens_venda values (default, 1926, 324, 324, 1, 0.30, 19.22); 
update estoque set quant_venda = quant_venda + 1, quant_atual = quant_atual - 1 where id = 324; 
update estoque_total set total = total - 1 where medicamento_id = 324; 

insert into venda values (1927, '2023-08-25 09:37:27', 40.07, null, null); 
insert into itens_venda values (default, 1927, 395, 395, 1, 1.20, 40.07); 
update estoque set quant_venda = quant_venda + 1, quant_atual = quant_atual - 1 where id = 395; 
update estoque_total set total = total - 1 where medicamento_id = 395; 

insert into venda values (1928, '2023-08-25 11:53:55', 399.21, null, null); 
insert into itens_venda values (default, 1928, 270, 270, 1, 6.60, 323.71); 
update estoque set quant_venda = quant_venda + 1, quant_atual = quant_atual - 1 where id = 270; 
update estoque_total set total = total - 1 where medicamento_id = 270; 
insert into itens_venda values (default, 1928, 414, 414, 2, 1.50, 75.50); 
update estoque set quant_venda = quant_venda + 2, quant_atual = quant_atual - 2 where id = 414; 
update estoque_total set total = total - 2 where medicamento_id = 414; 

insert into venda values (1929, '2023-08-25 12:33:58', 165.62, null, 25); 
insert into itens_venda values (default, 1929, 403, 403, 3, 2.90, 71.83); 
update estoque set quant_venda = quant_venda + 3, quant_atual = quant_atual - 3 where id = 403; 
update estoque_total set total = total - 3 where medicamento_id = 403; 
insert into itens_venda values (default, 1929, 338, 338, 1, 2.90, 93.79); 
update estoque set quant_venda = quant_venda + 1, quant_atual = quant_atual - 1 where id = 338; 
update estoque_total set total = total - 1 where medicamento_id = 338; 

insert into venda values (1930, '2023-08-25 14:20:25', 152.36, 9, null); 
insert into itens_venda values (default, 1930, 248, 248, 1, 0.00, 25.01); 
update estoque set quant_venda = quant_venda + 1, quant_atual = quant_atual - 1 where id = 248; 
update estoque_total set total = total - 1 where medicamento_id = 248; 
insert into itens_venda values (default, 1930, 483, 483, 1, 3.50, 46.71); 
update estoque set quant_venda = quant_venda + 1, quant_atual = quant_atual - 1 where id = 483; 
update estoque_total set total = total - 1 where medicamento_id = 483; 
insert into itens_venda values (default, 1930, 138, 138, 2, 7.90, 80.64); 
update estoque set quant_venda = quant_venda + 2, quant_atual = quant_atual - 2 where id = 138; 
update estoque_total set total = total - 2 where medicamento_id = 138; 

insert into venda values (1931, '2023-08-25 15:09:23', 236.67, 15, null); 
insert into itens_venda values (default, 1931, 282, 282, 1, 3.20, 50.44); 
update estoque set quant_venda = quant_venda + 1, quant_atual = quant_atual - 1 where id = 282; 
update estoque_total set total = total - 1 where medicamento_id = 282; 
insert into itens_venda values (default, 1931, 487, 487, 1, 1.80, 186.23); 
update estoque set quant_venda = quant_venda + 1, quant_atual = quant_atual - 1 where id = 487; 
update estoque_total set total = total - 1 where medicamento_id = 487; 

insert into venda values (1932, '2023-08-27 07:23:26', 112.10, null, null); 
insert into itens_venda values (default, 1932, 439, 439, 1, 0.00, 40.97); 
update estoque set quant_venda = quant_venda + 1, quant_atual = quant_atual - 1 where id = 439; 
update estoque_total set total = total - 1 where medicamento_id = 439; 
insert into itens_venda values (default, 1932, 441, 441, 1, 0.00, 28.50); 
update estoque set quant_venda = quant_venda + 1, quant_atual = quant_atual - 1 where id = 441; 
update estoque_total set total = total - 1 where medicamento_id = 441; 
insert into itens_venda values (default, 1932, 492, 492, 1, 1.70, 42.63); 
update estoque set quant_venda = quant_venda + 1, quant_atual = quant_atual - 1 where id = 492; 
update estoque_total set total = total - 1 where medicamento_id = 492; 

insert into venda values (1933, '2023-08-27 09:10:21', 408.62, 9, null); 
insert into itens_venda values (default, 1933, 446, 446, 1, 2.60, 129.22); 
update estoque set quant_venda = quant_venda + 1, quant_atual = quant_atual - 1 where id = 446; 
update estoque_total set total = total - 1 where medicamento_id = 446; 
insert into itens_venda values (default, 1933, 160, 160, 1, 17.80, 279.40); 
update estoque set quant_venda = quant_venda + 1, quant_atual = quant_atual - 1 where id = 160; 
update estoque_total set total = total - 1 where medicamento_id = 160; 

insert into venda values (1934, '2023-08-27 09:56:22', 48.14, null, null); 
insert into itens_venda values (default, 1934, 393, 393, 2, 0.90, 48.14); 
update estoque set quant_venda = quant_venda + 2, quant_atual = quant_atual - 2 where id = 393; 
update estoque_total set total = total - 2 where medicamento_id = 393; 

insert into venda values (1935, '2023-08-27 10:24:46', 80.49, 20, null); 
insert into itens_venda values (default, 1935, 501, 501, 3, 2.70, 66.57); 
update estoque set quant_venda = quant_venda + 3, quant_atual = quant_atual - 3 where id = 501; 
update estoque_total set total = total - 3 where medicamento_id = 501; 
insert into itens_venda values (default, 1935, 493, 493, 2, 1.20, 13.92); 
update estoque set quant_venda = quant_venda + 2, quant_atual = quant_atual - 2 where id = 493; 
update estoque_total set total = total - 2 where medicamento_id = 493; 

insert into venda values (1936, '2023-08-27 11:29:27', 269.24, 12, null); 
insert into itens_venda values (default, 1936, 318, 318, 2, 0.00, 111.78); 
update estoque set quant_venda = quant_venda + 2, quant_atual = quant_atual - 2 where id = 318; 
update estoque_total set total = total - 2 where medicamento_id = 318; 
insert into itens_venda values (default, 1936, 182, 182, 2, 6.20, 97.62); 
update estoque set quant_venda = quant_venda + 2, quant_atual = quant_atual - 2 where id = 182; 
update estoque_total set total = total - 2 where medicamento_id = 182; 
insert into itens_venda values (default, 1936, 436, 436, 1, 5.90, 59.84); 
update estoque set quant_venda = quant_venda + 1, quant_atual = quant_atual - 1 where id = 436; 
update estoque_total set total = total - 1 where medicamento_id = 436; 

insert into venda values (1937, '2023-08-27 13:43:30', 194.26, null, null); 
insert into itens_venda values (default, 1937, 446, 446, 1, 3.90, 127.92); 
update estoque set quant_venda = quant_venda + 1, quant_atual = quant_atual - 1 where id = 446; 
update estoque_total set total = total - 1 where medicamento_id = 446; 
insert into itens_venda values (default, 1937, 457, 457, 2, 2.00, 66.34); 
update estoque set quant_venda = quant_venda + 2, quant_atual = quant_atual - 2 where id = 457; 
update estoque_total set total = total - 2 where medicamento_id = 457; 

insert into venda values (1938, '2023-08-27 13:58:19', 115.92, null, null); 
insert into itens_venda values (default, 1938, 297, 297, 2, 1.10, 115.92); 
update estoque set quant_venda = quant_venda + 2, quant_atual = quant_atual - 2 where id = 297; 
update estoque_total set total = total - 2 where medicamento_id = 297; 

insert into venda values (1939, '2023-08-28 06:59:29', 143.25, null, null); 
insert into itens_venda values (default, 1939, 331, 331, 3, 2.10, 69.87); 
update estoque set quant_venda = quant_venda + 3, quant_atual = quant_atual - 3 where id = 331; 
update estoque_total set total = total - 3 where medicamento_id = 331; 
insert into itens_venda values (default, 1939, 479, 479, 2, 0.00, 73.38); 
update estoque set quant_venda = quant_venda + 2, quant_atual = quant_atual - 2 where id = 479; 
update estoque_total set total = total - 2 where medicamento_id = 479; 

insert into venda values (1940, '2023-08-28 07:35:02', 21.41, 8, null); 
insert into itens_venda values (default, 1940, 502, 502, 1, 0.40, 21.41); 
update estoque set quant_venda = quant_venda + 1, quant_atual = quant_atual - 1 where id = 502; 
update estoque_total set total = total - 1 where medicamento_id = 502; 

insert into venda values (1941, '2023-08-28 08:21:12', 163.78, null, null); 
insert into itens_venda values (default, 1941, 335, 335, 3, 2.20, 74.36); 
update estoque set quant_venda = quant_venda + 3, quant_atual = quant_atual - 3 where id = 335; 
update estoque_total set total = total - 3 where medicamento_id = 335; 
insert into itens_venda values (default, 1941, 464, 464, 2, 0.00, 64.90); 
update estoque set quant_venda = quant_venda + 2, quant_atual = quant_atual - 2 where id = 464; 
update estoque_total set total = total - 2 where medicamento_id = 464; 
insert into itens_venda values (default, 1941, 220, 220, 2, 0.00, 24.52); 
update estoque set quant_venda = quant_venda + 2, quant_atual = quant_atual - 2 where id = 220; 
update estoque_total set total = total - 2 where medicamento_id = 220; 

insert into venda values (1942, '2023-08-28 09:04:59', 57.02, null, null); 
insert into itens_venda values (default, 1942, 478, 478, 1, 0.50, 57.02); 
update estoque set quant_venda = quant_venda + 1, quant_atual = quant_atual - 1 where id = 478; 
update estoque_total set total = total - 1 where medicamento_id = 478; 

insert into venda values (1943, '2023-08-28 09:17:20', 182.94, null, null); 
insert into itens_venda values (default, 1943, 205, 205, 1, 3.70, 182.94); 
update estoque set quant_venda = quant_venda + 1, quant_atual = quant_atual - 1 where id = 205; 
update estoque_total set total = total - 1 where medicamento_id = 205; 

insert into venda values (1944, '2023-08-28 09:32:22', 296.34, null, 25); 
insert into itens_venda values (default, 1944, 266, 266, 1, 2.30, 117.57); 
update estoque set quant_venda = quant_venda + 1, quant_atual = quant_atual - 1 where id = 266; 
update estoque_total set total = total - 1 where medicamento_id = 266; 
insert into itens_venda values (default, 1944, 347, 347, 1, 0.60, 61.73); 
update estoque set quant_venda = quant_venda + 1, quant_atual = quant_atual - 1 where id = 347; 
update estoque_total set total = total - 1 where medicamento_id = 347; 
insert into itens_venda values (default, 1944, 452, 452, 2, 2.30, 117.04); 
update estoque set quant_venda = quant_venda + 2, quant_atual = quant_atual - 2 where id = 452; 
update estoque_total set total = total - 2 where medicamento_id = 452; 

insert into venda values (1945, '2023-08-28 10:27:14', 219.57, 5, null); 
insert into itens_venda values (default, 1945, 457, 457, 1, 0.00, 34.17); 
update estoque set quant_venda = quant_venda + 1, quant_atual = quant_atual - 1 where id = 457; 
update estoque_total set total = total - 1 where medicamento_id = 457; 
insert into itens_venda values (default, 1945, 249, 249, 2, 2.00, 99.70); 
update estoque set quant_venda = quant_venda + 2, quant_atual = quant_atual - 2 where id = 249; 
update estoque_total set total = total - 2 where medicamento_id = 249; 
insert into itens_venda values (default, 1945, 470, 470, 1, 1.70, 85.70); 
update estoque set quant_venda = quant_venda + 1, quant_atual = quant_atual - 1 where id = 470; 
update estoque_total set total = total - 1 where medicamento_id = 470; 

insert into venda values (1946, '2023-08-28 10:57:44', 165.89, 2, null); 
insert into itens_venda values (default, 1946, 430, 430, 3, 5.10, 69.03); 
update estoque set quant_venda = quant_venda + 3, quant_atual = quant_atual - 3 where id = 430; 
update estoque_total set total = total - 3 where medicamento_id = 430; 
insert into itens_venda values (default, 1946, 490, 490, 2, 7.20, 96.86); 
update estoque set quant_venda = quant_venda + 2, quant_atual = quant_atual - 2 where id = 490; 
update estoque_total set total = total - 2 where medicamento_id = 490; 

insert into venda values (1947, '2023-08-28 11:41:58', 84.12, 9, null); 
insert into itens_venda values (default, 1947, 475, 475, 3, 2.40, 57.90); 
update estoque set quant_venda = quant_venda + 3, quant_atual = quant_atual - 3 where id = 475; 
update estoque_total set total = total - 3 where medicamento_id = 475; 
insert into itens_venda values (default, 1947, 238, 238, 2, 2.20, 26.22); 
update estoque set quant_venda = quant_venda + 2, quant_atual = quant_atual - 2 where id = 238; 
update estoque_total set total = total - 2 where medicamento_id = 238; 

insert into venda values (1948, '2023-08-28 11:48:05', 226.04, 1, null); 
insert into itens_venda values (default, 1948, 499, 499, 1, 0.00, 38.77); 
update estoque set quant_venda = quant_venda + 1, quant_atual = quant_atual - 1 where id = 499; 
update estoque_total set total = total - 1 where medicamento_id = 499; 
insert into itens_venda values (default, 1948, 408, 408, 1, 3.40, 113.13); 
update estoque set quant_venda = quant_venda + 1, quant_atual = quant_atual - 1 where id = 408; 
update estoque_total set total = total - 1 where medicamento_id = 408; 
insert into itens_venda values (default, 1948, 233, 233, 3, 3.80, 74.14); 
update estoque set quant_venda = quant_venda + 3, quant_atual = quant_atual - 3 where id = 233; 
update estoque_total set total = total - 3 where medicamento_id = 233; 

insert into venda values (1949, '2023-08-28 12:59:43', 104.68, null, null); 
insert into itens_venda values (default, 1949, 410, 410, 1, 2.10, 104.68); 
update estoque set quant_venda = quant_venda + 1, quant_atual = quant_atual - 1 where id = 410; 
update estoque_total set total = total - 1 where medicamento_id = 410; 

insert into venda values (1950, '2023-08-28 13:21:17', 337.75, 20, 21); 
insert into itens_venda values (default, 1950, 310, 310, 1, 6.10, 117.34); 
update estoque set quant_venda = quant_venda + 1, quant_atual = quant_atual - 1 where id = 310; 
update estoque_total set total = total - 1 where medicamento_id = 310; 
insert into itens_venda values (default, 1950, 452, 452, 1, 4.70, 54.97); 
update estoque set quant_venda = quant_venda + 1, quant_atual = quant_atual - 1 where id = 452; 
update estoque_total set total = total - 1 where medicamento_id = 452; 
insert into itens_venda values (default, 1950, 180, 180, 1, 6.80, 165.44); 
update estoque set quant_venda = quant_venda + 1, quant_atual = quant_atual - 1 where id = 180; 
update estoque_total set total = total - 1 where medicamento_id = 180; 

insert into venda values (1951, '2023-08-28 14:27:58', 30.64, 6, null); 
insert into itens_venda values (default, 1951, 401, 401, 1, 3.00, 30.64); 
update estoque set quant_venda = quant_venda + 1, quant_atual = quant_atual - 1 where id = 401; 
update estoque_total set total = total - 1 where medicamento_id = 401; 

insert into venda values (1952, '2023-08-29 07:26:57', 188.81, null, null); 
insert into itens_venda values (default, 1952, 503, 503, 3, 0.20, 10.81); 
update estoque set quant_venda = quant_venda + 3, quant_atual = quant_atual - 3 where id = 503; 
update estoque_total set total = total - 3 where medicamento_id = 503; 
insert into itens_venda values (default, 1952, 391, 391, 2, 0.00, 178.00); 
update estoque set quant_venda = quant_venda + 2, quant_atual = quant_atual - 2 where id = 391; 
update estoque_total set total = total - 2 where medicamento_id = 391; 

insert into venda values (1953, '2023-08-29 09:30:47', 167.06, null, 22); 
insert into itens_venda values (default, 1953, 86, 86, 1, 0.00, 144.30); 
update estoque set quant_venda = quant_venda + 1, quant_atual = quant_atual - 1 where id = 86; 
update estoque_total set total = total - 1 where medicamento_id = 86; 
insert into itens_venda values (default, 1953, 416, 416, 1, 0.00, 22.76); 
update estoque set quant_venda = quant_venda + 1, quant_atual = quant_atual - 1 where id = 416; 
update estoque_total set total = total - 1 where medicamento_id = 416; 

insert into venda values (1954, '2023-08-29 09:53:04', 223.62, null, null); 
insert into itens_venda values (default, 1954, 196, 196, 1, 1.80, 187.46); 
update estoque set quant_venda = quant_venda + 1, quant_atual = quant_atual - 1 where id = 196; 
update estoque_total set total = total - 1 where medicamento_id = 196; 
insert into itens_venda values (default, 1954, 460, 460, 1, 1.50, 36.16); 
update estoque set quant_venda = quant_venda + 1, quant_atual = quant_atual - 1 where id = 460; 
update estoque_total set total = total - 1 where medicamento_id = 460; 

insert into venda values (1955, '2023-08-30 06:06:14', 162.11, null, 22); 
insert into itens_venda values (default, 1955, 500, 500, 2, 0.30, 31.64); 
update estoque set quant_venda = quant_venda + 2, quant_atual = quant_atual - 2 where id = 500; 
update estoque_total set total = total - 2 where medicamento_id = 500; 
insert into itens_venda values (default, 1955, 225, 225, 1, 4.00, 130.47); 
update estoque set quant_venda = quant_venda + 1, quant_atual = quant_atual - 1 where id = 225; 
update estoque_total set total = total - 1 where medicamento_id = 225; 

insert into venda values (1956, '2023-08-30 07:07:48', 83.55, null, 25); 
insert into itens_venda values (default, 1956, 112, 112, 3, 2.30, 56.29); 
update estoque set quant_venda = quant_venda + 3, quant_atual = quant_atual - 3 where id = 112; 
update estoque_total set total = total - 3 where medicamento_id = 112; 
insert into itens_venda values (default, 1956, 304, 304, 1, 0.20, 27.26); 
update estoque set quant_venda = quant_venda + 1, quant_atual = quant_atual - 1 where id = 304; 
update estoque_total set total = total - 1 where medicamento_id = 304; 

insert into venda values (1957, '2023-08-30 08:12:55', 318.93, null, null); 
insert into itens_venda values (default, 1957, 264, 264, 2, 0.00, 98.32); 
update estoque set quant_venda = quant_venda + 2, quant_atual = quant_atual - 2 where id = 264; 
update estoque_total set total = total - 2 where medicamento_id = 264; 
insert into itens_venda values (default, 1957, 312, 312, 1, 1.00, 25.45); 
update estoque set quant_venda = quant_venda + 1, quant_atual = quant_atual - 1 where id = 312; 
update estoque_total set total = total - 1 where medicamento_id = 312; 
insert into itens_venda values (default, 1957, 295, 295, 2, 0.00, 195.16); 
update estoque set quant_venda = quant_venda + 2, quant_atual = quant_atual - 2 where id = 295; 
update estoque_total set total = total - 2 where medicamento_id = 295; 

insert into venda values (1958, '2023-08-30 09:35:16', 62.28, 8, null); 
insert into itens_venda values (default, 1958, 505, 505, 2, 5.40, 62.28); 
update estoque set quant_venda = quant_venda + 2, quant_atual = quant_atual - 2 where id = 505; 
update estoque_total set total = total - 2 where medicamento_id = 505; 

insert into venda values (1959, '2023-08-30 10:08:21', 271.32, 1, null); 
insert into itens_venda values (default, 1959, 372, 372, 1, 2.10, 105.40); 
update estoque set quant_venda = quant_venda + 1, quant_atual = quant_atual - 1 where id = 372; 
update estoque_total set total = total - 1 where medicamento_id = 372; 
insert into itens_venda values (default, 1959, 298, 298, 1, 6.30, 99.68); 
update estoque set quant_venda = quant_venda + 1, quant_atual = quant_atual - 1 where id = 298; 
update estoque_total set total = total - 1 where medicamento_id = 298; 
insert into itens_venda values (default, 1959, 364, 364, 2, 0.00, 66.24); 
update estoque set quant_venda = quant_venda + 2, quant_atual = quant_atual - 2 where id = 364; 
update estoque_total set total = total - 2 where medicamento_id = 364; 

insert into venda values (1960, '2023-08-30 10:45:01', 12.86, 3, null); 
insert into itens_venda values (default, 1960, 392, 392, 1, 1.10, 12.86); 
update estoque set quant_venda = quant_venda + 1, quant_atual = quant_atual - 1 where id = 392; 
update estoque_total set total = total - 1 where medicamento_id = 392; 

insert into venda values (1961, '2023-08-30 11:18:59', 67.81, null, null); 
insert into itens_venda values (default, 1961, 151, 151, 1, 0.70, 18.29); 
update estoque set quant_venda = quant_venda + 1, quant_atual = quant_atual - 1 where id = 151; 
update estoque_total set total = total - 1 where medicamento_id = 151; 
insert into itens_venda values (default, 1961, 248, 248, 2, 0.50, 49.52); 
update estoque set quant_venda = quant_venda + 2, quant_atual = quant_atual - 2 where id = 248; 
update estoque_total set total = total - 2 where medicamento_id = 248; 

insert into venda values (1962, '2023-08-30 12:18:58', 105.25, null, null); 
insert into itens_venda values (default, 1962, 496, 496, 3, 0.00, 22.11); 
update estoque set quant_venda = quant_venda + 3, quant_atual = quant_atual - 3 where id = 496; 
update estoque_total set total = total - 3 where medicamento_id = 496; 
insert into itens_venda values (default, 1962, 306, 306, 1, 0.00, 83.14); 
update estoque set quant_venda = quant_venda + 1, quant_atual = quant_atual - 1 where id = 306; 
update estoque_total set total = total - 1 where medicamento_id = 306; 

insert into venda values (1963, '2023-08-31 07:54:57', 87.68, null, null); 
insert into itens_venda values (default, 1963, 384, 384, 2, 0.00, 87.68); 
update estoque set quant_venda = quant_venda + 2, quant_atual = quant_atual - 2 where id = 384; 
update estoque_total set total = total - 2 where medicamento_id = 384; 

insert into venda values (1964, '2023-08-31 09:52:58', 87.86, 17, null); 
insert into itens_venda values (default, 1964, 492, 492, 2, 0.80, 87.86); 
update estoque set quant_venda = quant_venda + 2, quant_atual = quant_atual - 2 where id = 492; 
update estoque_total set total = total - 2 where medicamento_id = 492; 

insert into venda values (1965, '2023-08-31 12:26:16', 128.32, 18, null); 
insert into itens_venda values (default, 1965, 273, 273, 2, 2.60, 63.72); 
update estoque set quant_venda = quant_venda + 2, quant_atual = quant_atual - 2 where id = 273; 
update estoque_total set total = total - 2 where medicamento_id = 273; 
insert into itens_venda values (default, 1965, 443, 443, 3, 5.60, 64.60); 
update estoque set quant_venda = quant_venda + 3, quant_atual = quant_atual - 3 where id = 443; 
update estoque_total set total = total - 3 where medicamento_id = 443; 

insert into venda values (1966, '2023-08-31 14:55:14', 42.07, 8, null); 
insert into itens_venda values (default, 1966, 496, 496, 3, 0.80, 21.31); 
update estoque set quant_venda = quant_venda + 3, quant_atual = quant_atual - 3 where id = 496; 
update estoque_total set total = total - 3 where medicamento_id = 496; 
insert into itens_venda values (default, 1966, 495, 495, 2, 0.60, 20.76); 
update estoque set quant_venda = quant_venda + 2, quant_atual = quant_atual - 2 where id = 495; 
update estoque_total set total = total - 2 where medicamento_id = 495; 

insert into venda values (1967, '2023-09-01 06:38:08', 71.39, 15, null); 
insert into itens_venda values (default, 1967, 427, 427, 1, 0.60, 12.38); 
update estoque set quant_venda = quant_venda + 1, quant_atual = quant_atual - 1 where id = 427; 
update estoque_total set total = total - 1 where medicamento_id = 427; 
insert into itens_venda values (default, 1967, 406, 406, 3, 1.90, 19.70); 
update estoque set quant_venda = quant_venda + 3, quant_atual = quant_atual - 3 where id = 406; 
update estoque_total set total = total - 3 where medicamento_id = 406; 
insert into itens_venda values (default, 1967, 198, 198, 1, 1.60, 39.31); 
update estoque set quant_venda = quant_venda + 1, quant_atual = quant_atual - 1 where id = 198; 
update estoque_total set total = total - 1 where medicamento_id = 198; 

insert into venda values (1968, '2023-09-01 07:11:32', 171.94, null, null); 
insert into itens_venda values (default, 1968, 123, 123, 1, 2.00, 49.72); 
update estoque set quant_venda = quant_venda + 1, quant_atual = quant_atual - 1 where id = 123; 
update estoque_total set total = total - 1 where medicamento_id = 123; 
insert into itens_venda values (default, 1968, 465, 465, 1, 0.00, 122.22); 
update estoque set quant_venda = quant_venda + 1, quant_atual = quant_atual - 1 where id = 465; 
update estoque_total set total = total - 1 where medicamento_id = 465; 

insert into venda values (1969, '2023-09-01 07:58:34', 58.06, 12, null); 
insert into itens_venda values (default, 1969, 324, 324, 3, 0.50, 58.06); 
update estoque set quant_venda = quant_venda + 3, quant_atual = quant_atual - 3 where id = 324; 
update estoque_total set total = total - 3 where medicamento_id = 324; 

insert into venda values (1970, '2023-09-01 08:55:19', 140.53, null, null); 
insert into itens_venda values (default, 1970, 288, 288, 1, 0.30, 16.04); 
update estoque set quant_venda = quant_venda + 1, quant_atual = quant_atual - 1 where id = 288; 
update estoque_total set total = total - 1 where medicamento_id = 288; 
insert into itens_venda values (default, 1970, 352, 352, 2, 0.50, 53.38); 
update estoque set quant_venda = quant_venda + 2, quant_atual = quant_atual - 2 where id = 352; 
update estoque_total set total = total - 2 where medicamento_id = 352; 
insert into itens_venda values (default, 1970, 476, 476, 3, 1.40, 71.11); 
update estoque set quant_venda = quant_venda + 3, quant_atual = quant_atual - 3 where id = 476; 
update estoque_total set total = total - 3 where medicamento_id = 476; 

insert into venda values (1971, '2023-09-01 09:43:27', 234.13, null, null); 
insert into itens_venda values (default, 1971, 167, 167, 1, 6.50, 212.62); 
update estoque set quant_venda = quant_venda + 1, quant_atual = quant_atual - 1 where id = 167; 
update estoque_total set total = total - 1 where medicamento_id = 167; 
insert into itens_venda values (default, 1971, 262, 262, 1, 0.00, 21.51); 
update estoque set quant_venda = quant_venda + 1, quant_atual = quant_atual - 1 where id = 262; 
update estoque_total set total = total - 1 where medicamento_id = 262; 

insert into venda values (1972, '2023-09-01 10:16:19', 475.08, 5, 24); 
insert into itens_venda values (default, 1972, 191, 191, 1, 0.00, 362.45); 
update estoque set quant_venda = quant_venda + 1, quant_atual = quant_atual - 1 where id = 191; 
update estoque_total set total = total - 1 where medicamento_id = 191; 
insert into itens_venda values (default, 1972, 200, 200, 1, 9.70, 112.63); 
update estoque set quant_venda = quant_venda + 1, quant_atual = quant_atual - 1 where id = 200; 
update estoque_total set total = total - 1 where medicamento_id = 200; 

insert into venda values (1973, '2023-09-01 10:53:48', 181.30, 3, null); 
insert into itens_venda values (default, 1973, 278, 278, 1, 2.10, 32.94); 
update estoque set quant_venda = quant_venda + 1, quant_atual = quant_atual - 1 where id = 278; 
update estoque_total set total = total - 1 where medicamento_id = 278; 
insert into itens_venda values (default, 1973, 493, 493, 1, 0.60, 6.96); 
update estoque set quant_venda = quant_venda + 1, quant_atual = quant_atual - 1 where id = 493; 
update estoque_total set total = total - 1 where medicamento_id = 493; 
insert into itens_venda values (default, 1973, 232, 232, 2, 13.90, 141.40); 
update estoque set quant_venda = quant_venda + 2, quant_atual = quant_atual - 2 where id = 232; 
update estoque_total set total = total - 2 where medicamento_id = 232; 

insert into venda values (1974, '2023-09-01 10:56:13', 236.63, null, null); 
insert into itens_venda values (default, 1974, 372, 372, 1, 3.20, 104.30); 
update estoque set quant_venda = quant_venda + 1, quant_atual = quant_atual - 1 where id = 372; 
update estoque_total set total = total - 1 where medicamento_id = 372; 
insert into itens_venda values (default, 1974, 409, 409, 3, 0.70, 72.65); 
update estoque set quant_venda = quant_venda + 3, quant_atual = quant_atual - 3 where id = 409; 
update estoque_total set total = total - 3 where medicamento_id = 409; 
insert into itens_venda values (default, 1974, 328, 328, 2, 0.60, 59.68); 
update estoque set quant_venda = quant_venda + 2, quant_atual = quant_atual - 2 where id = 328; 
update estoque_total set total = total - 2 where medicamento_id = 328; 

insert into venda values (1975, '2023-09-01 11:27:47', 213.61, null, 25); 
insert into itens_venda values (default, 1975, 359, 359, 2, 0.00, 181.16); 
update estoque set quant_venda = quant_venda + 2, quant_atual = quant_atual - 2 where id = 359; 
update estoque_total set total = total - 2 where medicamento_id = 359; 
insert into itens_venda values (default, 1975, 464, 464, 1, 0.00, 32.45); 
update estoque set quant_venda = quant_venda + 1, quant_atual = quant_atual - 1 where id = 464; 
update estoque_total set total = total - 1 where medicamento_id = 464; 

insert into venda values (1976, '2023-09-02 06:31:46', 32.38, null, null); 
insert into itens_venda values (default, 1976, 448, 448, 2, 0.60, 32.38); 
update estoque set quant_venda = quant_venda + 2, quant_atual = quant_atual - 2 where id = 448; 
update estoque_total set total = total - 2 where medicamento_id = 448; 

insert into venda values (1977, '2023-09-02 08:16:05', 143.54, 10, null); 
insert into itens_venda values (default, 1977, 419, 419, 1, 0.20, 27.18); 
update estoque set quant_venda = quant_venda + 1, quant_atual = quant_atual - 1 where id = 419; 
update estoque_total set total = total - 1 where medicamento_id = 419; 
insert into itens_venda values (default, 1977, 334, 334, 2, 8.70, 116.36); 
update estoque set quant_venda = quant_venda + 2, quant_atual = quant_atual - 2 where id = 334; 
update estoque_total set total = total - 2 where medicamento_id = 334; 

insert into venda values (1978, '2023-09-02 10:47:32', 138.58, 12, 24); 
insert into itens_venda values (default, 1978, 441, 441, 3, 5.10, 80.40); 
update estoque set quant_venda = quant_venda + 3, quant_atual = quant_atual - 3 where id = 441; 
update estoque_total set total = total - 3 where medicamento_id = 441; 
insert into itens_venda values (default, 1978, 357, 357, 1, 3.70, 58.18); 
update estoque set quant_venda = quant_venda + 1, quant_atual = quant_atual - 1 where id = 357; 
update estoque_total set total = total - 1 where medicamento_id = 357; 

insert into venda values (1979, '2023-09-02 11:22:40', 355.58, 3, 24); 
insert into itens_venda values (default, 1979, 393, 393, 3, 5.80, 67.76); 
update estoque set quant_venda = quant_venda + 3, quant_atual = quant_atual - 3 where id = 393; 
update estoque_total set total = total - 3 where medicamento_id = 393; 
insert into itens_venda values (default, 1979, 41, 41, 1, 10.40, 249.62); 
update estoque set quant_venda = quant_venda + 1, quant_atual = quant_atual - 1 where id = 41; 
update estoque_total set total = total - 1 where medicamento_id = 41; 
insert into itens_venda values (default, 1979, 451, 451, 2, 0.30, 38.20); 
update estoque set quant_venda = quant_venda + 2, quant_atual = quant_atual - 2 where id = 451; 
update estoque_total set total = total - 2 where medicamento_id = 451; 

insert into venda values (1980, '2023-09-03 07:01:40', 235.83, 20, null); 
insert into itens_venda values (default, 1980, 383, 383, 1, 0.50, 51.41); 
update estoque set quant_venda = quant_venda + 1, quant_atual = quant_atual - 1 where id = 383; 
update estoque_total set total = total - 1 where medicamento_id = 383; 
insert into itens_venda values (default, 1980, 58, 58, 1, 0.00, 184.42); 
update estoque set quant_venda = quant_venda + 1, quant_atual = quant_atual - 1 where id = 58; 
update estoque_total set total = total - 1 where medicamento_id = 58; 

insert into venda values (1981, '2023-09-03 07:29:55', 182.51, null, null); 
insert into itens_venda values (default, 1981, 159, 159, 1, 0.00, 100.70); 
update estoque set quant_venda = quant_venda + 1, quant_atual = quant_atual - 1 where id = 159; 
update estoque_total set total = total - 1 where medicamento_id = 159; 
insert into itens_venda values (default, 1981, 153, 153, 1, 0.00, 81.81); 
update estoque set quant_venda = quant_venda + 1, quant_atual = quant_atual - 1 where id = 153; 
update estoque_total set total = total - 1 where medicamento_id = 153; 

insert into venda values (1982, '2023-09-03 08:41:30', 729.99, 6, 25); 
insert into itens_venda values (default, 1982, 31, 31, 1, 19.70, 374.74); 
update estoque set quant_venda = quant_venda + 1, quant_atual = quant_atual - 1 where id = 31; 
update estoque_total set total = total - 1 where medicamento_id = 31; 
insert into itens_venda values (default, 1982, 191, 191, 1, 7.20, 355.25); 
update estoque set quant_venda = quant_venda + 1, quant_atual = quant_atual - 1 where id = 191; 
update estoque_total set total = total - 1 where medicamento_id = 191; 

insert into venda values (1983, '2023-09-03 09:48:31', 47.88, null, null); 
insert into itens_venda values (default, 1983, 469, 469, 1, 0.00, 47.88); 
update estoque set quant_venda = quant_venda + 1, quant_atual = quant_atual - 1 where id = 469; 
update estoque_total set total = total - 1 where medicamento_id = 469; 

insert into venda values (1984, '2023-09-03 11:10:57', 45.52, 17, null); 
insert into itens_venda values (default, 1984, 430, 430, 2, 3.90, 45.52); 
update estoque set quant_venda = quant_venda + 2, quant_atual = quant_atual - 2 where id = 430; 
update estoque_total set total = total - 2 where medicamento_id = 430; 

insert into venda values (1985, '2023-09-03 11:21:20', 55.03, 6, null); 
insert into itens_venda values (default, 1985, 496, 496, 1, 0.10, 7.27); 
update estoque set quant_venda = quant_venda + 1, quant_atual = quant_atual - 1 where id = 496; 
update estoque_total set total = total - 1 where medicamento_id = 496; 
insert into itens_venda values (default, 1985, 473, 473, 1, 1.40, 47.76); 
update estoque set quant_venda = quant_venda + 1, quant_atual = quant_atual - 1 where id = 473; 
update estoque_total set total = total - 1 where medicamento_id = 473; 

insert into venda values (1986, '2023-09-03 11:35:52', 222.10, 1, null); 
insert into itens_venda values (default, 1986, 488, 488, 1, 0.40, 48.83); 
update estoque set quant_venda = quant_venda + 1, quant_atual = quant_atual - 1 where id = 488; 
update estoque_total set total = total - 1 where medicamento_id = 488; 
insert into itens_venda values (default, 1986, 291, 291, 2, 0.20, 25.52); 
update estoque set quant_venda = quant_venda + 2, quant_atual = quant_atual - 2 where id = 291; 
update estoque_total set total = total - 2 where medicamento_id = 291; 
insert into itens_venda values (default, 1986, 245, 245, 1, 0.00, 147.75); 
update estoque set quant_venda = quant_venda + 1, quant_atual = quant_atual - 1 where id = 245; 
update estoque_total set total = total - 1 where medicamento_id = 245; 

insert into venda values (1987, '2023-09-03 12:02:30', 208.53, null, null); 
insert into itens_venda values (default, 1987, 470, 470, 1, 0.00, 87.40); 
update estoque set quant_venda = quant_venda + 1, quant_atual = quant_atual - 1 where id = 470; 
update estoque_total set total = total - 1 where medicamento_id = 470; 
insert into itens_venda values (default, 1987, 200, 200, 1, 1.20, 121.13); 
update estoque set quant_venda = quant_venda + 1, quant_atual = quant_atual - 1 where id = 200; 
update estoque_total set total = total - 1 where medicamento_id = 200; 

insert into venda values (1988, '2023-09-03 13:14:32', 67.76, null, 21); 
insert into itens_venda values (default, 1988, 133, 133, 1, 2.00, 67.76); 
update estoque set quant_venda = quant_venda + 1, quant_atual = quant_atual - 1 where id = 133; 
update estoque_total set total = total - 1 where medicamento_id = 133; 

insert into venda values (1989, '2023-09-04 06:34:00', 31.02, null, 23); 
insert into itens_venda values (default, 1989, 290, 290, 1, 0.00, 31.02); 
update estoque set quant_venda = quant_venda + 1, quant_atual = quant_atual - 1 where id = 290; 
update estoque_total set total = total - 1 where medicamento_id = 290; 

insert into venda values (1990, '2023-09-04 07:21:13', 51.22, null, null); 
insert into itens_venda values (default, 1990, 355, 355, 2, 1.00, 51.22); 
update estoque set quant_venda = quant_venda + 2, quant_atual = quant_atual - 2 where id = 355; 
update estoque_total set total = total - 2 where medicamento_id = 355; 

insert into venda values (1991, '2023-09-04 08:47:12', 31.68, 12, null); 
insert into itens_venda values (default, 1991, 448, 448, 2, 1.30, 31.68); 
update estoque set quant_venda = quant_venda + 2, quant_atual = quant_atual - 2 where id = 448; 
update estoque_total set total = total - 2 where medicamento_id = 448; 

insert into venda values (1992, '2023-09-04 09:13:06', 59.79, 15, null); 
insert into itens_venda values (default, 1992, 381, 381, 1, 0.60, 59.79); 
update estoque set quant_venda = quant_venda + 1, quant_atual = quant_atual - 1 where id = 381; 
update estoque_total set total = total - 1 where medicamento_id = 381; 

insert into venda values (1993, '2023-09-04 09:28:47', 124.54, 2, null); 
insert into itens_venda values (default, 1993, 498, 498, 1, 0.00, 35.43); 
update estoque set quant_venda = quant_venda + 1, quant_atual = quant_atual - 1 where id = 498; 
update estoque_total set total = total - 1 where medicamento_id = 498; 
insert into itens_venda values (default, 1993, 484, 484, 2, 2.90, 30.14); 
update estoque set quant_venda = quant_venda + 2, quant_atual = quant_atual - 2 where id = 484; 
update estoque_total set total = total - 2 where medicamento_id = 484; 
insert into itens_venda values (default, 1993, 468, 468, 1, 0.50, 58.97); 
update estoque set quant_venda = quant_venda + 1, quant_atual = quant_atual - 1 where id = 468; 
update estoque_total set total = total - 1 where medicamento_id = 468; 

insert into venda values (1994, '2023-09-04 10:27:47', 150.61, null, 25); 
insert into itens_venda values (default, 1994, 186, 186, 2, 2.30, 112.94); 
update estoque set quant_venda = quant_venda + 2, quant_atual = quant_atual - 2 where id = 186; 
update estoque_total set total = total - 2 where medicamento_id = 186; 
insert into itens_venda values (default, 1994, 499, 499, 1, 1.10, 37.67); 
update estoque set quant_venda = quant_venda + 1, quant_atual = quant_atual - 1 where id = 499; 
update estoque_total set total = total - 1 where medicamento_id = 499; 

insert into venda values (1995, '2023-09-05 06:46:04', 142.49, null, null); 
insert into itens_venda values (default, 1995, 314, 314, 1, 0.40, 20.59); 
update estoque set quant_venda = quant_venda + 1, quant_atual = quant_atual - 1 where id = 314; 
update estoque_total set total = total - 1 where medicamento_id = 314; 
insert into itens_venda values (default, 1995, 258, 258, 2, 5.00, 121.90); 
update estoque set quant_venda = quant_venda + 2, quant_atual = quant_atual - 2 where id = 258; 
update estoque_total set total = total - 2 where medicamento_id = 258; 

insert into venda values (1996, '2023-09-05 07:51:47', 77.00, null, null); 
insert into itens_venda values (default, 1996, 414, 414, 2, 0.00, 77.00); 
update estoque set quant_venda = quant_venda + 2, quant_atual = quant_atual - 2 where id = 414; 
update estoque_total set total = total - 2 where medicamento_id = 414; 

insert into venda values (1997, '2023-09-05 08:00:09', 163.20, null, 24); 
insert into itens_venda values (default, 1997, 178, 178, 1, 0.00, 66.78); 
update estoque set quant_venda = quant_venda + 1, quant_atual = quant_atual - 1 where id = 178; 
update estoque_total set total = total - 1 where medicamento_id = 178; 
insert into itens_venda values (default, 1997, 473, 473, 2, 1.90, 96.42); 
update estoque set quant_venda = quant_venda + 2, quant_atual = quant_atual - 2 where id = 473; 
update estoque_total set total = total - 2 where medicamento_id = 473; 

insert into venda values (1998, '2023-09-05 08:05:10', 179.45, null, null); 
insert into itens_venda values (default, 1998, 441, 441, 3, 0.00, 85.50); 
update estoque set quant_venda = quant_venda + 3, quant_atual = quant_atual - 3 where id = 441; 
update estoque_total set total = total - 3 where medicamento_id = 441; 
insert into itens_venda values (default, 1998, 355, 355, 1, 0.50, 25.61); 
update estoque set quant_venda = quant_venda + 1, quant_atual = quant_atual - 1 where id = 355; 
update estoque_total set total = total - 1 where medicamento_id = 355; 
insert into itens_venda values (default, 1998, 457, 457, 2, 0.00, 68.34); 
update estoque set quant_venda = quant_venda + 2, quant_atual = quant_atual - 2 where id = 457; 
update estoque_total set total = total - 2 where medicamento_id = 457; 

insert into venda values (1999, '2023-09-05 09:14:23', 108.97, null, null); 
insert into itens_venda values (default, 1999, 413, 413, 1, 0.90, 89.32); 
update estoque set quant_venda = quant_venda + 1, quant_atual = quant_atual - 1 where id = 413; 
update estoque_total set total = total - 1 where medicamento_id = 413; 
insert into itens_venda values (default, 1999, 504, 504, 3, 0.60, 19.65); 
update estoque set quant_venda = quant_venda + 3, quant_atual = quant_atual - 3 where id = 504; 
update estoque_total set total = total - 3 where medicamento_id = 504; 

insert into venda values (2000, '2023-09-05 09:39:50', 183.02, 12, null); 
insert into itens_venda values (default, 2000, 491, 491, 2, 10.10, 102.80); 
update estoque set quant_venda = quant_venda + 2, quant_atual = quant_atual - 2 where id = 491; 
update estoque_total set total = total - 2 where medicamento_id = 491; 
insert into itens_venda values (default, 2000, 198, 198, 2, 1.60, 80.22); 
update estoque set quant_venda = quant_venda + 2, quant_atual = quant_atual - 2 where id = 198; 
update estoque_total set total = total - 2 where medicamento_id = 198; 

insert into venda values (2001, '2023-09-05 09:53:49', 122.56, null, 22); 
insert into itens_venda values (default, 2001, 357, 357, 2, 1.20, 122.56); 
update estoque set quant_venda = quant_venda + 2, quant_atual = quant_atual - 2 where id = 357; 
update estoque_total set total = total - 2 where medicamento_id = 357; 

insert into venda values (2002, '2023-09-05 10:53:06', 7.56, null, null); 
insert into itens_venda values (default, 2002, 493, 493, 1, 0.00, 7.56); 
update estoque set quant_venda = quant_venda + 1, quant_atual = quant_atual - 1 where id = 493; 
update estoque_total set total = total - 1 where medicamento_id = 493; 

insert into venda values (2003, '2023-09-05 11:23:52', 88.36, null, null); 
insert into itens_venda values (default, 2003, 484, 484, 2, 0.60, 32.44); 
update estoque set quant_venda = quant_venda + 2, quant_atual = quant_atual - 2 where id = 484; 
update estoque_total set total = total - 2 where medicamento_id = 484; 
insert into itens_venda values (default, 2003, 442, 442, 1, 0.40, 22.64); 
update estoque set quant_venda = quant_venda + 1, quant_atual = quant_atual - 1 where id = 442; 
update estoque_total set total = total - 1 where medicamento_id = 442; 
insert into itens_venda values (default, 2003, 428, 428, 2, 0.00, 33.28); 
update estoque set quant_venda = quant_venda + 2, quant_atual = quant_atual - 2 where id = 428; 
update estoque_total set total = total - 2 where medicamento_id = 428; 

insert into venda values (2004, '2023-09-05 11:39:49', 69.83, null, null); 
insert into itens_venda values (default, 2004, 407, 407, 1, 0.00, 69.83); 
update estoque set quant_venda = quant_venda + 1, quant_atual = quant_atual - 1 where id = 407; 
update estoque_total set total = total - 1 where medicamento_id = 407; 

insert into venda values (2005, '2023-09-05 11:54:38', 225.30, null, null); 
insert into itens_venda values (default, 2005, 163, 163, 1, 0.00, 165.02); 
update estoque set quant_venda = quant_venda + 1, quant_atual = quant_atual - 1 where id = 163; 
update estoque_total set total = total - 1 where medicamento_id = 163; 
insert into itens_venda values (default, 2005, 244, 244, 2, 0.00, 60.28); 
update estoque set quant_venda = quant_venda + 2, quant_atual = quant_atual - 2 where id = 244; 
update estoque_total set total = total - 2 where medicamento_id = 244; 

insert into venda values (2006, '2023-09-05 12:00:36', 31.20, null, null); 
insert into itens_venda values (default, 2006, 389, 389, 1, 1.20, 31.20); 
update estoque set quant_venda = quant_venda + 1, quant_atual = quant_atual - 1 where id = 389; 
update estoque_total set total = total - 1 where medicamento_id = 389; 

insert into venda values (2007, '2023-09-06 07:46:38', 66.52, 9, null); 
insert into itens_venda values (default, 2007, 342, 342, 1, 0.40, 42.51); 
update estoque set quant_venda = quant_venda + 1, quant_atual = quant_atual - 1 where id = 342; 
update estoque_total set total = total - 1 where medicamento_id = 342; 
insert into itens_venda values (default, 2007, 430, 430, 1, 0.70, 24.01); 
update estoque set quant_venda = quant_venda + 1, quant_atual = quant_atual - 1 where id = 430; 
update estoque_total set total = total - 1 where medicamento_id = 430; 

insert into venda values (2008, '2023-09-06 08:35:36', 137.98, null, 24); 
insert into itens_venda values (default, 2008, 277, 277, 1, 1.00, 34.38); 
update estoque set quant_venda = quant_venda + 1, quant_atual = quant_atual - 1 where id = 277; 
update estoque_total set total = total - 1 where medicamento_id = 277; 
insert into itens_venda values (default, 2008, 388, 388, 2, 2.30, 76.92); 
update estoque set quant_venda = quant_venda + 2, quant_atual = quant_atual - 2 where id = 388; 
update estoque_total set total = total - 2 where medicamento_id = 388; 
insert into itens_venda values (default, 2008, 481, 481, 2, 0.00, 26.68); 
update estoque set quant_venda = quant_venda + 2, quant_atual = quant_atual - 2 where id = 481; 
update estoque_total set total = total - 2 where medicamento_id = 481; 

insert into venda values (2009, '2023-09-07 06:04:17', 83.17, null, null); 
insert into itens_venda values (default, 2009, 499, 499, 1, 0.30, 38.47); 
update estoque set quant_venda = quant_venda + 1, quant_atual = quant_atual - 1 where id = 499; 
update estoque_total set total = total - 1 where medicamento_id = 499; 
insert into itens_venda values (default, 2009, 376, 376, 3, 0.00, 44.70); 
update estoque set quant_venda = quant_venda + 3, quant_atual = quant_atual - 3 where id = 376; 
update estoque_total set total = total - 3 where medicamento_id = 376; 

insert into venda values (2010, '2023-09-07 06:23:22', 157.24, null, null); 
insert into itens_venda values (default, 2010, 434, 434, 1, 0.30, 32.36); 
update estoque set quant_venda = quant_venda + 1, quant_atual = quant_atual - 1 where id = 434; 
update estoque_total set total = total - 1 where medicamento_id = 434; 
insert into itens_venda values (default, 2010, 466, 466, 1, 0.00, 124.88); 
update estoque set quant_venda = quant_venda + 1, quant_atual = quant_atual - 1 where id = 466; 
update estoque_total set total = total - 1 where medicamento_id = 466; 

insert into venda values (2011, '2023-09-07 06:57:51', 82.79, null, null); 
insert into itens_venda values (default, 2011, 448, 448, 2, 0.30, 32.68); 
update estoque set quant_venda = quant_venda + 2, quant_atual = quant_atual - 2 where id = 448; 
update estoque_total set total = total - 2 where medicamento_id = 448; 
insert into itens_venda values (default, 2011, 459, 459, 1, 0.30, 33.62); 
update estoque set quant_venda = quant_venda + 1, quant_atual = quant_atual - 1 where id = 459; 
update estoque_total set total = total - 1 where medicamento_id = 459; 
insert into itens_venda values (default, 2011, 448, 448, 1, 0.00, 16.49); 
update estoque set quant_venda = quant_venda + 1, quant_atual = quant_atual - 1 where id = 448; 
update estoque_total set total = total - 1 where medicamento_id = 448; 

insert into venda values (2012, '2023-09-07 07:18:59', 68.86, null, null); 
insert into itens_venda values (default, 2012, 373, 373, 2, 0.60, 68.86); 
update estoque set quant_venda = quant_venda + 2, quant_atual = quant_atual - 2 where id = 373; 
update estoque_total set total = total - 2 where medicamento_id = 373; 

insert into venda values (2013, '2023-09-07 07:46:34', 123.77, 20, 25); 
insert into itens_venda values (default, 2013, 225, 225, 1, 10.70, 123.77); 
update estoque set quant_venda = quant_venda + 1, quant_atual = quant_atual - 1 where id = 225; 
update estoque_total set total = total - 1 where medicamento_id = 225; 

insert into venda values (2014, '2023-09-07 07:47:54', 372.85, null, 23); 
insert into itens_venda values (default, 2014, 99, 99, 1, 3.00, 301.54); 
update estoque set quant_venda = quant_venda + 1, quant_atual = quant_atual - 1 where id = 99; 
update estoque_total set total = total - 1 where medicamento_id = 99; 
insert into itens_venda values (default, 2014, 380, 380, 2, 0.00, 16.46); 
update estoque set quant_venda = quant_venda + 2, quant_atual = quant_atual - 2 where id = 380; 
update estoque_total set total = total - 2 where medicamento_id = 380; 
insert into itens_venda values (default, 2014, 491, 491, 1, 1.60, 54.85); 
update estoque set quant_venda = quant_venda + 1, quant_atual = quant_atual - 1 where id = 491; 
update estoque_total set total = total - 1 where medicamento_id = 491; 

insert into venda values (2015, '2023-09-07 08:50:28', 227.66, null, null); 
insert into itens_venda values (default, 2015, 266, 266, 1, 1.10, 118.77); 
update estoque set quant_venda = quant_venda + 1, quant_atual = quant_atual - 1 where id = 266; 
update estoque_total set total = total - 1 where medicamento_id = 266; 
insert into itens_venda values (default, 2015, 445, 445, 3, 0.00, 54.63); 
update estoque set quant_venda = quant_venda + 3, quant_atual = quant_atual - 3 where id = 445; 
update estoque_total set total = total - 3 where medicamento_id = 445; 
insert into itens_venda values (default, 2015, 419, 419, 2, 0.50, 54.26); 
update estoque set quant_venda = quant_venda + 2, quant_atual = quant_atual - 2 where id = 419; 
update estoque_total set total = total - 2 where medicamento_id = 419; 

insert into venda values (2016, '2023-09-07 10:10:18', 138.37, null, null); 
insert into itens_venda values (default, 2016, 74, 74, 1, 3.00, 99.43); 
update estoque set quant_venda = quant_venda + 1, quant_atual = quant_atual - 1 where id = 74; 
update estoque_total set total = total - 1 where medicamento_id = 74; 
insert into itens_venda values (default, 2016, 427, 427, 3, 0.00, 38.94); 
update estoque set quant_venda = quant_venda + 3, quant_atual = quant_atual - 3 where id = 427; 
update estoque_total set total = total - 3 where medicamento_id = 427; 

insert into venda values (2017, '2023-09-07 10:33:59', 81.80, null, null); 
insert into itens_venda values (default, 2017, 431, 431, 2, 0.40, 22.12); 
update estoque set quant_venda = quant_venda + 2, quant_atual = quant_atual - 2 where id = 431; 
update estoque_total set total = total - 2 where medicamento_id = 431; 
insert into itens_venda values (default, 2017, 238, 238, 1, 0.10, 14.11); 
update estoque set quant_venda = quant_venda + 1, quant_atual = quant_atual - 1 where id = 238; 
update estoque_total set total = total - 1 where medicamento_id = 238; 
insert into itens_venda values (default, 2017, 127, 127, 1, 0.00, 45.57); 
update estoque set quant_venda = quant_venda + 1, quant_atual = quant_atual - 1 where id = 127; 
update estoque_total set total = total - 1 where medicamento_id = 127; 

insert into venda values (2018, '2023-09-07 10:36:06', 63.65, 9, null); 
insert into itens_venda values (default, 2018, 458, 458, 1, 2.80, 33.40); 
update estoque set quant_venda = quant_venda + 1, quant_atual = quant_atual - 1 where id = 458; 
update estoque_total set total = total - 1 where medicamento_id = 458; 
insert into itens_venda values (default, 2018, 464, 464, 1, 2.20, 30.25); 
update estoque set quant_venda = quant_venda + 1, quant_atual = quant_atual - 1 where id = 464; 
update estoque_total set total = total - 1 where medicamento_id = 464; 

insert into venda values (2019, '2023-09-07 11:08:39', 169.35, null, 25); 
insert into itens_venda values (default, 2019, 131, 131, 1, 1.00, 99.85); 
update estoque set quant_venda = quant_venda + 1, quant_atual = quant_atual - 1 where id = 131; 
update estoque_total set total = total - 1 where medicamento_id = 131; 
insert into itens_venda values (default, 2019, 443, 443, 3, 0.70, 69.50); 
update estoque set quant_venda = quant_venda + 3, quant_atual = quant_atual - 3 where id = 443; 
update estoque_total set total = total - 3 where medicamento_id = 443; 

insert into venda values (2020, '2023-09-07 11:32:06', 270.03, 7, 23); 
insert into itens_venda values (default, 2020, 237, 237, 1, 4.00, 131.23); 
update estoque set quant_venda = quant_venda + 1, quant_atual = quant_atual - 1 where id = 237; 
update estoque_total set total = total - 1 where medicamento_id = 237; 
insert into itens_venda values (default, 2020, 265, 265, 2, 0.00, 138.80); 
update estoque set quant_venda = quant_venda + 2, quant_atual = quant_atual - 2 where id = 265; 
update estoque_total set total = total - 2 where medicamento_id = 265; 

insert into venda values (2021, '2023-09-08 08:26:28', 29.62, null, null); 
insert into itens_venda values (default, 2021, 303, 303, 1, 1.20, 29.62); 
update estoque set quant_venda = quant_venda + 1, quant_atual = quant_atual - 1 where id = 303; 
update estoque_total set total = total - 1 where medicamento_id = 303; 

insert into venda values (2022, '2023-09-09 06:30:48', 150.16, 13, null); 
insert into itens_venda values (default, 2022, 341, 341, 1, 1.30, 13.22); 
update estoque set quant_venda = quant_venda + 1, quant_atual = quant_atual - 1 where id = 341; 
update estoque_total set total = total - 1 where medicamento_id = 341; 
insert into itens_venda values (default, 2022, 426, 426, 1, 2.90, 33.36); 
update estoque set quant_venda = quant_venda + 1, quant_atual = quant_atual - 1 where id = 426; 
update estoque_total set total = total - 1 where medicamento_id = 426; 
insert into itens_venda values (default, 2022, 410, 410, 1, 3.20, 103.58); 
update estoque set quant_venda = quant_venda + 1, quant_atual = quant_atual - 1 where id = 410; 
update estoque_total set total = total - 1 where medicamento_id = 410; 

insert into venda values (2023, '2023-09-09 07:00:59', 4.30, 11, null); 
insert into itens_venda values (default, 2023, 432, 432, 1, 0.40, 4.30); 
update estoque set quant_venda = quant_venda + 1, quant_atual = quant_atual - 1 where id = 432; 
update estoque_total set total = total - 1 where medicamento_id = 432; 

insert into venda values (2024, '2023-09-09 07:40:11', 201.56, null, null); 
insert into itens_venda values (default, 2024, 364, 364, 2, 0.60, 65.64); 
update estoque set quant_venda = quant_venda + 2, quant_atual = quant_atual - 2 where id = 364; 
update estoque_total set total = total - 2 where medicamento_id = 364; 
insert into itens_venda values (default, 2024, 334, 334, 2, 1.20, 123.86); 
update estoque set quant_venda = quant_venda + 2, quant_atual = quant_atual - 2 where id = 334; 
update estoque_total set total = total - 2 where medicamento_id = 334; 
insert into itens_venda values (default, 2024, 220, 220, 1, 0.20, 12.06); 
update estoque set quant_venda = quant_venda + 1, quant_atual = quant_atual - 1 where id = 220; 
update estoque_total set total = total - 1 where medicamento_id = 220; 

insert into venda values (2025, '2023-09-09 08:15:31', 342.20, null, null); 
insert into itens_venda values (default, 2025, 474, 474, 3, 1.30, 43.28); 
update estoque set quant_venda = quant_venda + 3, quant_atual = quant_atual - 3 where id = 474; 
update estoque_total set total = total - 3 where medicamento_id = 474; 
insert into itens_venda values (default, 2025, 126, 126, 2, 1.80, 186.18); 
update estoque set quant_venda = quant_venda + 2, quant_atual = quant_atual - 2 where id = 126; 
update estoque_total set total = total - 2 where medicamento_id = 126; 
insert into itens_venda values (default, 2025, 478, 478, 2, 2.30, 112.74); 
update estoque set quant_venda = quant_venda + 2, quant_atual = quant_atual - 2 where id = 478; 
update estoque_total set total = total - 2 where medicamento_id = 478; 

insert into venda values (2026, '2023-09-09 08:36:10', 165.32, null, 25); 
insert into itens_venda values (default, 2026, 330, 330, 2, 0.00, 165.32); 
update estoque set quant_venda = quant_venda + 2, quant_atual = quant_atual - 2 where id = 330; 
update estoque_total set total = total - 2 where medicamento_id = 330; 

insert into venda values (2027, '2023-09-09 09:13:31', 551.30, 18, 25); 
insert into itens_venda values (default, 2027, 82, 82, 1, 2.80, 280.35); 
update estoque set quant_venda = quant_venda + 1, quant_atual = quant_atual - 1 where id = 82; 
update estoque_total set total = total - 1 where medicamento_id = 82; 
insert into itens_venda values (default, 2027, 490, 490, 2, 5.20, 98.86); 
update estoque set quant_venda = quant_venda + 2, quant_atual = quant_atual - 2 where id = 490; 
update estoque_total set total = total - 2 where medicamento_id = 490; 
insert into itens_venda values (default, 2027, 150, 150, 1, 9.00, 172.09); 
update estoque set quant_venda = quant_venda + 1, quant_atual = quant_atual - 1 where id = 150; 
update estoque_total set total = total - 1 where medicamento_id = 150; 

insert into venda values (2028, '2023-09-09 09:40:16', 148.98, null, null); 
insert into itens_venda values (default, 2028, 420, 420, 2, 0.00, 133.54); 
update estoque set quant_venda = quant_venda + 2, quant_atual = quant_atual - 2 where id = 420; 
update estoque_total set total = total - 2 where medicamento_id = 420; 
insert into itens_venda values (default, 2028, 398, 398, 1, 0.10, 15.44); 
update estoque set quant_venda = quant_venda + 1, quant_atual = quant_atual - 1 where id = 398; 
update estoque_total set total = total - 1 where medicamento_id = 398; 

insert into venda values (2029, '2023-09-09 10:58:57', 41.12, 4, 21); 
insert into itens_venda values (default, 2029, 188, 188, 2, 2.10, 41.12); 
update estoque set quant_venda = quant_venda + 2, quant_atual = quant_atual - 2 where id = 188; 
update estoque_total set total = total - 2 where medicamento_id = 188; 

insert into venda values (2030, '2023-09-09 11:26:43', 177.90, null, null); 
insert into itens_venda values (default, 2030, 436, 436, 2, 2.60, 128.88); 
update estoque set quant_venda = quant_venda + 2, quant_atual = quant_atual - 2 where id = 436; 
update estoque_total set total = total - 2 where medicamento_id = 436; 
insert into itens_venda values (default, 2030, 428, 428, 3, 0.90, 49.02); 
update estoque set quant_venda = quant_venda + 3, quant_atual = quant_atual - 3 where id = 428; 
update estoque_total set total = total - 3 where medicamento_id = 428; 

insert into venda values (2031, '2023-09-09 11:29:09', 144.73, 13, 23); 
insert into itens_venda values (default, 2031, 358, 358, 1, 3.30, 33.69); 
update estoque set quant_venda = quant_venda + 1, quant_atual = quant_atual - 1 where id = 358; 
update estoque_total set total = total - 1 where medicamento_id = 358; 
insert into itens_venda values (default, 2031, 499, 499, 1, 2.30, 36.47); 
update estoque set quant_venda = quant_venda + 1, quant_atual = quant_atual - 1 where id = 499; 
update estoque_total set total = total - 1 where medicamento_id = 499; 
insert into itens_venda values (default, 2031, 260, 260, 1, 1.50, 74.57); 
update estoque set quant_venda = quant_venda + 1, quant_atual = quant_atual - 1 where id = 260; 
update estoque_total set total = total - 1 where medicamento_id = 260; 

insert into venda values (2032, '2023-09-09 11:33:55', 22.00, null, null); 
insert into itens_venda values (default, 2032, 424, 424, 2, 0.00, 22.00); 
update estoque set quant_venda = quant_venda + 2, quant_atual = quant_atual - 2 where id = 424; 
update estoque_total set total = total - 2 where medicamento_id = 424; 

insert into venda values (2033, '2023-09-09 12:09:42', 497.42, null, null); 
insert into itens_venda values (default, 2033, 307, 307, 1, 7.20, 234.63); 
update estoque set quant_venda = quant_venda + 1, quant_atual = quant_atual - 1 where id = 307; 
update estoque_total set total = total - 1 where medicamento_id = 307; 
insert into itens_venda values (default, 2033, 467, 467, 1, 0.00, 62.33); 
update estoque set quant_venda = quant_venda + 1, quant_atual = quant_atual - 1 where id = 467; 
update estoque_total set total = total - 1 where medicamento_id = 467; 
insert into itens_venda values (default, 2033, 320, 320, 1, 8.30, 200.46); 
update estoque set quant_venda = quant_venda + 1, quant_atual = quant_atual - 1 where id = 320; 
update estoque_total set total = total - 1 where medicamento_id = 320; 

insert into venda values (2034, '2023-09-10 06:32:58', 37.91, null, null); 
insert into itens_venda values (default, 2034, 440, 440, 1, 1.50, 37.91); 
update estoque set quant_venda = quant_venda + 1, quant_atual = quant_atual - 1 where id = 440; 
update estoque_total set total = total - 1 where medicamento_id = 440; 

insert into venda values (2035, '2023-09-10 07:43:07', 174.22, null, null); 
insert into itens_venda values (default, 2035, 428, 428, 3, 1.90, 48.02); 
update estoque set quant_venda = quant_venda + 3, quant_atual = quant_atual - 3 where id = 428; 
update estoque_total set total = total - 3 where medicamento_id = 428; 
insert into itens_venda values (default, 2035, 443, 443, 1, 0.90, 22.50); 
update estoque set quant_venda = quant_venda + 1, quant_atual = quant_atual - 1 where id = 443; 
update estoque_total set total = total - 1 where medicamento_id = 443; 
insert into itens_venda values (default, 2035, 399, 399, 2, 0.00, 103.70); 
update estoque set quant_venda = quant_venda + 2, quant_atual = quant_atual - 2 where id = 399; 
update estoque_total set total = total - 2 where medicamento_id = 399; 

insert into venda values (2036, '2023-09-10 07:55:45', 51.87, 7, null); 
insert into itens_venda values (default, 2036, 461, 461, 3, 3.90, 51.87); 
update estoque set quant_venda = quant_venda + 3, quant_atual = quant_atual - 3 where id = 461; 
update estoque_total set total = total - 3 where medicamento_id = 461; 

insert into venda values (2037, '2023-09-10 08:30:37', 248.50, null, null); 
insert into itens_venda values (default, 2037, 497, 497, 2, 3.00, 72.20); 
update estoque set quant_venda = quant_venda + 2, quant_atual = quant_atual - 2 where id = 497; 
update estoque_total set total = total - 2 where medicamento_id = 497; 
insert into itens_venda values (default, 2037, 391, 391, 2, 1.70, 176.30); 
update estoque set quant_venda = quant_venda + 2, quant_atual = quant_atual - 2 where id = 391; 
update estoque_total set total = total - 2 where medicamento_id = 391; 

insert into venda values (2038, '2023-09-10 08:41:54', 119.33, null, null); 
insert into itens_venda values (default, 2038, 431, 431, 3, 0.60, 33.18); 
update estoque set quant_venda = quant_venda + 3, quant_atual = quant_atual - 3 where id = 431; 
update estoque_total set total = total - 3 where medicamento_id = 431; 
insert into itens_venda values (default, 2038, 395, 395, 1, 0.00, 41.27); 
update estoque set quant_venda = quant_venda + 1, quant_atual = quant_atual - 1 where id = 395; 
update estoque_total set total = total - 1 where medicamento_id = 395; 
insert into itens_venda values (default, 2038, 501, 501, 2, 1.30, 44.88); 
update estoque set quant_venda = quant_venda + 2, quant_atual = quant_atual - 2 where id = 501; 
update estoque_total set total = total - 2 where medicamento_id = 501; 

insert into venda values (2039, '2023-09-10 09:38:05', 123.64, null, null); 
insert into itens_venda values (default, 2039, 187, 187, 1, 0.30, 36.71); 
update estoque set quant_venda = quant_venda + 1, quant_atual = quant_atual - 1 where id = 187; 
update estoque_total set total = total - 1 where medicamento_id = 187; 
insert into itens_venda values (default, 2039, 502, 502, 1, 0.20, 21.61); 
update estoque set quant_venda = quant_venda + 1, quant_atual = quant_atual - 1 where id = 502; 
update estoque_total set total = total - 1 where medicamento_id = 502; 
insert into itens_venda values (default, 2039, 434, 434, 2, 0.00, 65.32); 
update estoque set quant_venda = quant_venda + 2, quant_atual = quant_atual - 2 where id = 434; 
update estoque_total set total = total - 2 where medicamento_id = 434; 

insert into venda values (2040, '2023-09-10 10:56:57', 208.18, 17, null); 
insert into itens_venda values (default, 2040, 439, 439, 2, 5.70, 76.24); 
update estoque set quant_venda = quant_venda + 2, quant_atual = quant_atual - 2 where id = 439; 
update estoque_total set total = total - 2 where medicamento_id = 439; 
insert into itens_venda values (default, 2040, 344, 344, 2, 4.90, 65.60); 
update estoque set quant_venda = quant_venda + 2, quant_atual = quant_atual - 2 where id = 344; 
update estoque_total set total = total - 2 where medicamento_id = 344; 
insert into itens_venda values (default, 2040, 457, 457, 2, 2.00, 66.34); 
update estoque set quant_venda = quant_venda + 2, quant_atual = quant_atual - 2 where id = 457; 
update estoque_total set total = total - 2 where medicamento_id = 457; 

insert into venda values (2041, '2023-09-10 11:27:44', 180.77, null, 21); 
insert into itens_venda values (default, 2041, 260, 260, 2, 0.00, 152.14); 
update estoque set quant_venda = quant_venda + 2, quant_atual = quant_atual - 2 where id = 260; 
update estoque_total set total = total - 2 where medicamento_id = 260; 
insert into itens_venda values (default, 2041, 394, 394, 1, 0.00, 28.63); 
update estoque set quant_venda = quant_venda + 1, quant_atual = quant_atual - 1 where id = 394; 
update estoque_total set total = total - 1 where medicamento_id = 394; 

insert into venda values (2042, '2023-09-10 12:23:42', 483.26, null, null); 
insert into itens_venda values (default, 2042, 370, 370, 1, 9.40, 227.94); 
update estoque set quant_venda = quant_venda + 1, quant_atual = quant_atual - 1 where id = 370; 
update estoque_total set total = total - 1 where medicamento_id = 370; 
insert into itens_venda values (default, 2042, 435, 435, 2, 7.80, 188.24); 
update estoque set quant_venda = quant_venda + 2, quant_atual = quant_atual - 2 where id = 435; 
update estoque_total set total = total - 2 where medicamento_id = 435; 
insert into itens_venda values (default, 2042, 505, 505, 2, 0.60, 67.08); 
update estoque set quant_venda = quant_venda + 2, quant_atual = quant_atual - 2 where id = 505; 
update estoque_total set total = total - 2 where medicamento_id = 505; 

insert into venda values (2043, '2023-09-11 07:09:16', 64.16, null, null); 
insert into itens_venda values (default, 2043, 450, 450, 3, 1.90, 64.16); 
update estoque set quant_venda = quant_venda + 3, quant_atual = quant_atual - 3 where id = 450; 
update estoque_total set total = total - 3 where medicamento_id = 450; 

insert into venda values (2044, '2023-09-11 09:46:44', 343.98, null, null); 
insert into itens_venda values (default, 2044, 438, 438, 2, 3.10, 101.48); 
update estoque set quant_venda = quant_venda + 2, quant_atual = quant_atual - 2 where id = 438; 
update estoque_total set total = total - 2 where medicamento_id = 438; 
insert into itens_venda values (default, 2044, 300, 300, 1, 7.50, 242.50); 
update estoque set quant_venda = quant_venda + 1, quant_atual = quant_atual - 1 where id = 300; 
update estoque_total set total = total - 1 where medicamento_id = 300; 

insert into venda values (2045, '2023-09-11 11:23:24', 112.76, null, 21); 
insert into itens_venda values (default, 2045, 356, 356, 1, 2.30, 112.76); 
update estoque set quant_venda = quant_venda + 1, quant_atual = quant_atual - 1 where id = 356; 
update estoque_total set total = total - 1 where medicamento_id = 356; 

insert into venda values (2046, '2023-09-11 13:43:09', 138.87, null, null); 
insert into itens_venda values (default, 2046, 500, 500, 3, 0.90, 47.01); 
update estoque set quant_venda = quant_venda + 3, quant_atual = quant_atual - 3 where id = 500; 
update estoque_total set total = total - 3 where medicamento_id = 500; 
insert into itens_venda values (default, 2046, 488, 488, 1, 0.00, 49.23); 
update estoque set quant_venda = quant_venda + 1, quant_atual = quant_atual - 1 where id = 488; 
update estoque_total set total = total - 1 where medicamento_id = 488; 
insert into itens_venda values (default, 2046, 492, 492, 1, 1.70, 42.63); 
update estoque set quant_venda = quant_venda + 1, quant_atual = quant_atual - 1 where id = 492; 
update estoque_total set total = total - 1 where medicamento_id = 492; 

insert into venda values (2047, '2023-09-11 15:09:05', 715.84, null, 24); 
insert into itens_venda values (default, 2047, 106, 106, 1, 15.70, 378.74); 
update estoque set quant_venda = quant_venda + 1, quant_atual = quant_atual - 1 where id = 106; 
update estoque_total set total = total - 1 where medicamento_id = 106; 
insert into itens_venda values (default, 2047, 257, 257, 1, 6.80, 337.10); 
update estoque set quant_venda = quant_venda + 1, quant_atual = quant_atual - 1 where id = 257; 
update estoque_total set total = total - 1 where medicamento_id = 257; 

insert into venda values (2048, '2023-09-11 16:10:13', 216.24, null, null); 
insert into itens_venda values (default, 2048, 469, 469, 2, 0.90, 94.86); 
update estoque set quant_venda = quant_venda + 2, quant_atual = quant_atual - 2 where id = 469; 
update estoque_total set total = total - 2 where medicamento_id = 469; 
insert into itens_venda values (default, 2048, 483, 483, 2, 0.00, 100.42); 
update estoque set quant_venda = quant_venda + 2, quant_atual = quant_atual - 2 where id = 483; 
update estoque_total set total = total - 2 where medicamento_id = 483; 
insert into itens_venda values (default, 2048, 495, 495, 2, 0.40, 20.96); 
update estoque set quant_venda = quant_venda + 2, quant_atual = quant_atual - 2 where id = 495; 
update estoque_total set total = total - 2 where medicamento_id = 495; 

insert into venda values (2049, '2023-09-11 17:39:06', 40.80, 10, null); 
insert into itens_venda values (default, 2049, 494, 494, 1, 0.90, 15.57); 
update estoque set quant_venda = quant_venda + 1, quant_atual = quant_atual - 1 where id = 494; 
update estoque_total set total = total - 1 where medicamento_id = 494; 
insert into itens_venda values (default, 2049, 447, 447, 1, 1.30, 25.23); 
update estoque set quant_venda = quant_venda + 1, quant_atual = quant_atual - 1 where id = 447; 
update estoque_total set total = total - 1 where medicamento_id = 447; 

insert into venda values (2050, '2023-09-12 06:15:05', 272.31, null, null); 
insert into itens_venda values (default, 2050, 307, 307, 1, 0.00, 241.83); 
update estoque set quant_venda = quant_venda + 1, quant_atual = quant_atual - 1 where id = 307; 
update estoque_total set total = total - 1 where medicamento_id = 307; 
insert into itens_venda values (default, 2050, 398, 398, 2, 0.60, 30.48); 
update estoque set quant_venda = quant_venda + 2, quant_atual = quant_atual - 2 where id = 398; 
update estoque_total set total = total - 2 where medicamento_id = 398; 

insert into venda values (2051, '2023-09-12 08:12:51', 83.38, 15, null); 
insert into itens_venda values (default, 2051, 331, 331, 2, 2.80, 45.18); 
update estoque set quant_venda = quant_venda + 2, quant_atual = quant_atual - 2 where id = 331; 
update estoque_total set total = total - 2 where medicamento_id = 331; 
insert into itens_venda values (default, 2051, 451, 451, 2, 0.30, 38.20); 
update estoque set quant_venda = quant_venda + 2, quant_atual = quant_atual - 2 where id = 451; 
update estoque_total set total = total - 2 where medicamento_id = 451; 

insert into venda values (2052, '2023-09-12 09:20:31', 227.82, null, null); 
insert into itens_venda values (default, 2052, 489, 489, 1, 0.80, 43.19); 
update estoque set quant_venda = quant_venda + 1, quant_atual = quant_atual - 1 where id = 489; 
update estoque_total set total = total - 1 where medicamento_id = 489; 
insert into itens_venda values (default, 2052, 314, 314, 3, 0.60, 62.37); 
update estoque set quant_venda = quant_venda + 3, quant_atual = quant_atual - 3 where id = 314; 
update estoque_total set total = total - 3 where medicamento_id = 314; 
insert into itens_venda values (default, 2052, 467, 467, 2, 2.40, 122.26); 
update estoque set quant_venda = quant_venda + 2, quant_atual = quant_atual - 2 where id = 467; 
update estoque_total set total = total - 2 where medicamento_id = 467; 

insert into venda values (2053, '2023-09-12 10:11:50', 240.29, null, null); 
insert into itens_venda values (default, 2053, 441, 441, 3, 0.80, 84.70); 
update estoque set quant_venda = quant_venda + 3, quant_atual = quant_atual - 3 where id = 441; 
update estoque_total set total = total - 3 where medicamento_id = 441; 
insert into itens_venda values (default, 2053, 140, 140, 1, 0.00, 155.59); 
update estoque set quant_venda = quant_venda + 1, quant_atual = quant_atual - 1 where id = 140; 
update estoque_total set total = total - 1 where medicamento_id = 140; 

insert into venda values (2054, '2023-09-12 12:55:46', 273.56, null, 25); 
insert into itens_venda values (default, 2054, 197, 197, 1, 0.00, 273.56); 
update estoque set quant_venda = quant_venda + 1, quant_atual = quant_atual - 1 where id = 197; 
update estoque_total set total = total - 1 where medicamento_id = 197; 

insert into venda values (2055, '2023-09-12 13:38:37', 212.98, 4, null); 
insert into itens_venda values (default, 2055, 439, 439, 2, 5.70, 76.24); 
update estoque set quant_venda = quant_venda + 2, quant_atual = quant_atual - 2 where id = 439; 
update estoque_total set total = total - 2 where medicamento_id = 439; 
insert into itens_venda values (default, 2055, 374, 374, 2, 5.40, 62.82); 
update estoque set quant_venda = quant_venda + 2, quant_atual = quant_atual - 2 where id = 374; 
update estoque_total set total = total - 2 where medicamento_id = 374; 
insert into itens_venda values (default, 2055, 269, 269, 2, 3.00, 73.92); 
update estoque set quant_venda = quant_venda + 2, quant_atual = quant_atual - 2 where id = 269; 
update estoque_total set total = total - 2 where medicamento_id = 269; 

insert into venda values (2056, '2023-09-12 15:25:53', 265.29, null, 22); 
insert into itens_venda values (default, 2056, 263, 263, 1, 6.30, 205.21); 
update estoque set quant_venda = quant_venda + 1, quant_atual = quant_atual - 1 where id = 263; 
update estoque_total set total = total - 1 where medicamento_id = 263; 
insert into itens_venda values (default, 2056, 357, 357, 1, 1.80, 60.08); 
update estoque set quant_venda = quant_venda + 1, quant_atual = quant_atual - 1 where id = 357; 
update estoque_total set total = total - 1 where medicamento_id = 357; 

insert into venda values (2057, '2023-09-14 07:47:06', 103.27, null, null); 
insert into itens_venda values (default, 2057, 503, 503, 3, 0.30, 10.71); 
update estoque set quant_venda = quant_venda + 3, quant_atual = quant_atual - 3 where id = 503; 
update estoque_total set total = total - 3 where medicamento_id = 503; 
insert into itens_venda values (default, 2057, 157, 157, 1, 2.10, 71.07); 
update estoque set quant_venda = quant_venda + 1, quant_atual = quant_atual - 1 where id = 157; 
update estoque_total set total = total - 1 where medicamento_id = 157; 
insert into itens_venda values (default, 2057, 385, 385, 1, 0.00, 21.49); 
update estoque set quant_venda = quant_venda + 1, quant_atual = quant_atual - 1 where id = 385; 
update estoque_total set total = total - 1 where medicamento_id = 385; 

insert into venda values (2058, '2023-09-14 08:36:25', 357.83, null, 21); 
insert into itens_venda values (default, 2058, 319, 319, 2, 0.00, 118.34); 
update estoque set quant_venda = quant_venda + 2, quant_atual = quant_atual - 2 where id = 319; 
update estoque_total set total = total - 2 where medicamento_id = 319; 
insert into itens_venda values (default, 2058, 213, 213, 1, 5.10, 165.51); 
update estoque set quant_venda = quant_venda + 1, quant_atual = quant_atual - 1 where id = 213; 
update estoque_total set total = total - 1 where medicamento_id = 213; 
insert into itens_venda values (default, 2058, 358, 358, 2, 0.00, 73.98); 
update estoque set quant_venda = quant_venda + 2, quant_atual = quant_atual - 2 where id = 358; 
update estoque_total set total = total - 2 where medicamento_id = 358; 

insert into venda values (2059, '2023-09-14 10:06:35', 501.20, null, null); 
insert into itens_venda values (default, 2059, 461, 461, 2, 1.40, 35.78); 
update estoque set quant_venda = quant_venda + 2, quant_atual = quant_atual - 2 where id = 461; 
update estoque_total set total = total - 2 where medicamento_id = 461; 
insert into itens_venda values (default, 2059, 446, 446, 1, 0.00, 131.82); 
update estoque set quant_venda = quant_venda + 1, quant_atual = quant_atual - 1 where id = 446; 
update estoque_total set total = total - 1 where medicamento_id = 446; 
insert into itens_venda values (default, 2059, 257, 257, 1, 10.30, 333.60); 
update estoque set quant_venda = quant_venda + 1, quant_atual = quant_atual - 1 where id = 257; 
update estoque_total set total = total - 1 where medicamento_id = 257; 

insert into venda values (2060, '2023-09-14 11:46:54', 275.92, null, 22); 
insert into itens_venda values (default, 2060, 186, 186, 2, 2.30, 112.94); 
update estoque set quant_venda = quant_venda + 2, quant_atual = quant_atual - 2 where id = 186; 
update estoque_total set total = total - 2 where medicamento_id = 186; 
insert into itens_venda values (default, 2060, 378, 378, 1, 1.10, 36.47); 
update estoque set quant_venda = quant_venda + 1, quant_atual = quant_atual - 1 where id = 378; 
update estoque_total set total = total - 1 where medicamento_id = 378; 
insert into itens_venda values (default, 2060, 93, 93, 1, 0.00, 126.51); 
update estoque set quant_venda = quant_venda + 1, quant_atual = quant_atual - 1 where id = 93; 
update estoque_total set total = total - 1 where medicamento_id = 93; 

insert into venda values (2061, '2023-09-16 07:12:53', 81.31, null, null); 
insert into itens_venda values (default, 2061, 402, 402, 1, 0.00, 16.87); 
update estoque set quant_venda = quant_venda + 1, quant_atual = quant_atual - 1 where id = 402; 
update estoque_total set total = total - 1 where medicamento_id = 402; 
insert into itens_venda values (default, 2061, 477, 477, 1, 0.60, 64.44); 
update estoque set quant_venda = quant_venda + 1, quant_atual = quant_atual - 1 where id = 477; 
update estoque_total set total = total - 1 where medicamento_id = 477; 

insert into venda values (2062, '2023-09-16 07:48:52', 61.69, 17, null); 
insert into itens_venda values (default, 2062, 365, 365, 2, 1.90, 31.14); 
update estoque set quant_venda = quant_venda + 2, quant_atual = quant_atual - 2 where id = 365; 
update estoque_total set total = total - 2 where medicamento_id = 365; 
insert into itens_venda values (default, 2062, 464, 464, 1, 1.90, 30.55); 
update estoque set quant_venda = quant_venda + 1, quant_atual = quant_atual - 1 where id = 464; 
update estoque_total set total = total - 1 where medicamento_id = 464; 

insert into venda values (2063, '2023-09-16 09:00:55', 143.57, null, null); 
insert into itens_venda values (default, 2063, 129, 129, 1, 2.20, 55.10); 
update estoque set quant_venda = quant_venda + 1, quant_atual = quant_atual - 1 where id = 129; 
update estoque_total set total = total - 1 where medicamento_id = 129; 
insert into itens_venda values (default, 2063, 412, 412, 1, 0.00, 88.47); 
update estoque set quant_venda = quant_venda + 1, quant_atual = quant_atual - 1 where id = 412; 
update estoque_total set total = total - 1 where medicamento_id = 412; 

insert into venda values (2064, '2023-09-16 09:12:22', 205.71, 2, 25); 
insert into itens_venda values (default, 2064, 261, 261, 2, 4.40, 145.36); 
update estoque set quant_venda = quant_venda + 2, quant_atual = quant_atual - 2 where id = 261; 
update estoque_total set total = total - 2 where medicamento_id = 261; 
insert into itens_venda values (default, 2064, 184, 184, 3, 3.10, 60.35); 
update estoque set quant_venda = quant_venda + 3, quant_atual = quant_atual - 3 where id = 184; 
update estoque_total set total = total - 3 where medicamento_id = 184; 

insert into venda values (2065, '2023-09-16 09:14:47', 179.45, null, 21); 
insert into itens_venda values (default, 2065, 500, 500, 3, 0.00, 47.91); 
update estoque set quant_venda = quant_venda + 3, quant_atual = quant_atual - 3 where id = 500; 
update estoque_total set total = total - 3 where medicamento_id = 500; 
insert into itens_venda values (default, 2065, 244, 244, 2, 1.80, 58.48); 
update estoque set quant_venda = quant_venda + 2, quant_atual = quant_atual - 2 where id = 244; 
update estoque_total set total = total - 2 where medicamento_id = 244; 
insert into itens_venda values (default, 2065, 354, 354, 1, 0.00, 73.06); 
update estoque set quant_venda = quant_venda + 1, quant_atual = quant_atual - 1 where id = 354; 
update estoque_total set total = total - 1 where medicamento_id = 354; 

insert into venda values (2066, '2023-09-16 09:34:04', 24.32, null, null); 
insert into itens_venda values (default, 2066, 393, 393, 1, 0.20, 24.32); 
update estoque set quant_venda = quant_venda + 1, quant_atual = quant_atual - 1 where id = 393; 
update estoque_total set total = total - 1 where medicamento_id = 393; 

insert into venda values (2067, '2023-09-16 10:55:33', 187.01, 8, null); 
insert into itens_venda values (default, 2067, 445, 445, 1, 0.30, 17.91); 
update estoque set quant_venda = quant_venda + 1, quant_atual = quant_atual - 1 where id = 445; 
update estoque_total set total = total - 1 where medicamento_id = 445; 
insert into itens_venda values (default, 2067, 391, 391, 2, 8.90, 169.10); 
update estoque set quant_venda = quant_venda + 2, quant_atual = quant_atual - 2 where id = 391; 
update estoque_total set total = total - 2 where medicamento_id = 391; 

insert into venda values (2068, '2023-09-16 11:40:45', 96.62, 7, null); 
insert into itens_venda values (default, 2068, 182, 182, 2, 7.20, 96.62); 
update estoque set quant_venda = quant_venda + 2, quant_atual = quant_atual - 2 where id = 182; 
update estoque_total set total = total - 2 where medicamento_id = 182; 

insert into venda values (2069, '2023-09-16 12:13:34', 35.96, null, null); 
insert into itens_venda values (default, 2069, 426, 426, 1, 0.30, 35.96); 
update estoque set quant_venda = quant_venda + 1, quant_atual = quant_atual - 1 where id = 426; 
update estoque_total set total = total - 1 where medicamento_id = 426; 

insert into venda values (2070, '2023-09-16 12:43:29', 375.48, 15, null); 
insert into itens_venda values (default, 2070, 454, 454, 2, 3.50, 174.46); 
update estoque set quant_venda = quant_venda + 2, quant_atual = quant_atual - 2 where id = 454; 
update estoque_total set total = total - 2 where medicamento_id = 454; 
insert into itens_venda values (default, 2070, 361, 361, 1, 7.50, 182.28); 
update estoque set quant_venda = quant_venda + 1, quant_atual = quant_atual - 1 where id = 361; 
update estoque_total set total = total - 1 where medicamento_id = 361; 
insert into itens_venda values (default, 2070, 449, 449, 1, 0.90, 18.74); 
update estoque set quant_venda = quant_venda + 1, quant_atual = quant_atual - 1 where id = 449; 
update estoque_total set total = total - 1 where medicamento_id = 449; 

insert into venda values (2071, '2023-09-16 13:31:05', 162.30, 16, null); 
insert into itens_venda values (default, 2071, 386, 386, 3, 3.80, 51.28); 
update estoque set quant_venda = quant_venda + 3, quant_atual = quant_atual - 3 where id = 386; 
update estoque_total set total = total - 3 where medicamento_id = 386; 
insert into itens_venda values (default, 2071, 453, 453, 2, 1.10, 11.90); 
update estoque set quant_venda = quant_venda + 2, quant_atual = quant_atual - 2 where id = 453; 
update estoque_total set total = total - 2 where medicamento_id = 453; 
insert into itens_venda values (default, 2071, 296, 296, 2, 9.80, 99.12); 
update estoque set quant_venda = quant_venda + 2, quant_atual = quant_atual - 2 where id = 296; 
update estoque_total set total = total - 2 where medicamento_id = 296; 

insert into venda values (2072, '2023-09-17 06:39:59', 125.03, null, 24); 
insert into itens_venda values (default, 2072, 472, 472, 1, 0.20, 29.12); 
update estoque set quant_venda = quant_venda + 1, quant_atual = quant_atual - 1 where id = 472; 
update estoque_total set total = total - 1 where medicamento_id = 472; 
insert into itens_venda values (default, 2072, 472, 472, 2, 2.30, 56.34); 
update estoque set quant_venda = quant_venda + 2, quant_atual = quant_atual - 2 where id = 472; 
update estoque_total set total = total - 2 where medicamento_id = 472; 
insert into itens_venda values (default, 2072, 111, 111, 1, 0.00, 39.57); 
update estoque set quant_venda = quant_venda + 1, quant_atual = quant_atual - 1 where id = 111; 
update estoque_total set total = total - 1 where medicamento_id = 111; 

insert into venda values (2073, '2023-09-17 06:44:07', 94.62, 18, 21); 
insert into itens_venda values (default, 2073, 367, 367, 1, 2.90, 94.62); 
update estoque set quant_venda = quant_venda + 1, quant_atual = quant_atual - 1 where id = 367; 
update estoque_total set total = total - 1 where medicamento_id = 367; 

insert into venda values (2074, '2023-09-17 07:25:02', 72.59, null, null); 
insert into itens_venda values (default, 2074, 444, 444, 1, 3.00, 72.59); 
update estoque set quant_venda = quant_venda + 1, quant_atual = quant_atual - 1 where id = 444; 
update estoque_total set total = total - 1 where medicamento_id = 444; 

insert into venda values (2075, '2023-09-17 08:06:55', 112.79, 14, null); 
insert into itens_venda values (default, 2075, 483, 483, 2, 4.00, 96.42); 
update estoque set quant_venda = quant_venda + 2, quant_atual = quant_atual - 2 where id = 483; 
update estoque_total set total = total - 2 where medicamento_id = 483; 
insert into itens_venda values (default, 2075, 482, 482, 1, 0.00, 16.37); 
update estoque set quant_venda = quant_venda + 1, quant_atual = quant_atual - 1 where id = 482; 
update estoque_total set total = total - 1 where medicamento_id = 482; 

insert into venda values (2076, '2023-09-17 08:31:54', 259.71, null, null); 
insert into itens_venda values (default, 2076, 369, 369, 2, 3.50, 175.88); 
update estoque set quant_venda = quant_venda + 2, quant_atual = quant_atual - 2 where id = 369; 
update estoque_total set total = total - 2 where medicamento_id = 369; 
insert into itens_venda values (default, 2076, 431, 431, 3, 0.30, 33.48); 
update estoque set quant_venda = quant_venda + 3, quant_atual = quant_atual - 3 where id = 431; 
update estoque_total set total = total - 3 where medicamento_id = 431; 
insert into itens_venda values (default, 2076, 399, 399, 1, 1.50, 50.35); 
update estoque set quant_venda = quant_venda + 1, quant_atual = quant_atual - 1 where id = 399; 
update estoque_total set total = total - 1 where medicamento_id = 399; 

insert into venda values (2077, '2023-09-17 09:19:26', 365.70, 6, null); 
insert into itens_venda values (default, 2077, 272, 272, 1, 2.70, 273.61); 
update estoque set quant_venda = quant_venda + 1, quant_atual = quant_atual - 1 where id = 272; 
update estoque_total set total = total - 1 where medicamento_id = 272; 
insert into itens_venda values (default, 2077, 468, 468, 1, 3.50, 55.97); 
update estoque set quant_venda = quant_venda + 1, quant_atual = quant_atual - 1 where id = 468; 
update estoque_total set total = total - 1 where medicamento_id = 468; 
insert into itens_venda values (default, 2077, 445, 445, 2, 0.30, 36.12); 
update estoque set quant_venda = quant_venda + 2, quant_atual = quant_atual - 2 where id = 445; 
update estoque_total set total = total - 2 where medicamento_id = 445; 

insert into venda values (2078, '2023-09-17 09:41:20', 97.72, null, null); 
insert into itens_venda values (default, 2078, 385, 385, 1, 0.60, 20.89); 
update estoque set quant_venda = quant_venda + 1, quant_atual = quant_atual - 1 where id = 385; 
update estoque_total set total = total - 1 where medicamento_id = 385; 
insert into itens_venda values (default, 2078, 355, 355, 3, 1.50, 76.83); 
update estoque set quant_venda = quant_venda + 3, quant_atual = quant_atual - 3 where id = 355; 
update estoque_total set total = total - 3 where medicamento_id = 355; 

insert into venda values (2079, '2023-09-17 09:53:29', 24.00, null, 21); 
insert into itens_venda values (default, 2079, 185, 185, 1, 0.90, 24.00); 
update estoque set quant_venda = quant_venda + 1, quant_atual = quant_atual - 1 where id = 185; 
update estoque_total set total = total - 1 where medicamento_id = 185; 

insert into venda values (2080, '2023-09-18 07:14:03', 88.22, null, null); 
insert into itens_venda values (default, 2080, 485, 485, 2, 0.90, 31.28); 
update estoque set quant_venda = quant_venda + 2, quant_atual = quant_atual - 2 where id = 485; 
update estoque_total set total = total - 2 where medicamento_id = 485; 
insert into itens_venda values (default, 2080, 472, 472, 2, 1.70, 56.94); 
update estoque set quant_venda = quant_venda + 2, quant_atual = quant_atual - 2 where id = 472; 
update estoque_total set total = total - 2 where medicamento_id = 472; 

insert into venda values (2081, '2023-09-18 07:54:39', 130.23, null, null); 
insert into itens_venda values (default, 2081, 389, 389, 1, 0.60, 31.80); 
update estoque set quant_venda = quant_venda + 1, quant_atual = quant_atual - 1 where id = 389; 
update estoque_total set total = total - 1 where medicamento_id = 389; 
insert into itens_venda values (default, 2081, 74, 74, 1, 4.00, 98.43); 
update estoque set quant_venda = quant_venda + 1, quant_atual = quant_atual - 1 where id = 74; 
update estoque_total set total = total - 1 where medicamento_id = 74; 

insert into venda values (2082, '2023-09-18 07:58:48', 635.31, null, 22); 
insert into itens_venda values (default, 2082, 89, 89, 1, 2.40, 238.31); 
update estoque set quant_venda = quant_venda + 1, quant_atual = quant_atual - 1 where id = 89; 
update estoque_total set total = total - 1 where medicamento_id = 89; 
insert into itens_venda values (default, 2082, 435, 435, 2, 7.80, 188.24); 
update estoque set quant_venda = quant_venda + 2, quant_atual = quant_atual - 2 where id = 435; 
update estoque_total set total = total - 2 where medicamento_id = 435; 
insert into itens_venda values (default, 2082, 320, 320, 1, 0.00, 208.76); 
update estoque set quant_venda = quant_venda + 1, quant_atual = quant_atual - 1 where id = 320; 
update estoque_total set total = total - 1 where medicamento_id = 320; 

insert into venda values (2083, '2023-09-18 08:38:04', 297.20, 19, null); 
insert into itens_venda values (default, 2083, 160, 160, 1, 0.00, 297.20); 
update estoque set quant_venda = quant_venda + 1, quant_atual = quant_atual - 1 where id = 160; 
update estoque_total set total = total - 1 where medicamento_id = 160; 

insert into venda values (2084, '2023-09-18 09:55:00', 293.36, 19, null); 
insert into itens_venda values (default, 2084, 440, 440, 2, 3.90, 74.92); 
update estoque set quant_venda = quant_venda + 2, quant_atual = quant_atual - 2 where id = 440; 
update estoque_total set total = total - 2 where medicamento_id = 440; 
insert into itens_venda values (default, 2084, 370, 370, 1, 18.90, 218.44); 
update estoque set quant_venda = quant_venda + 1, quant_atual = quant_atual - 1 where id = 370; 
update estoque_total set total = total - 1 where medicamento_id = 370; 

insert into venda values (2085, '2023-09-18 11:17:27', 40.93, 1, null); 
insert into itens_venda values (default, 2085, 238, 238, 3, 1.70, 40.93); 
update estoque set quant_venda = quant_venda + 3, quant_atual = quant_atual - 3 where id = 238; 
update estoque_total set total = total - 3 where medicamento_id = 238; 

insert into venda values (2086, '2023-09-18 12:14:06', 35.37, 19, null); 
insert into itens_venda values (default, 2086, 378, 378, 1, 2.20, 35.37); 
update estoque set quant_venda = quant_venda + 1, quant_atual = quant_atual - 1 where id = 378; 
update estoque_total set total = total - 1 where medicamento_id = 378; 

insert into venda values (2087, '2023-09-18 13:01:07', 186.80, 7, null); 
insert into itens_venda values (default, 2087, 440, 440, 2, 2.30, 76.52); 
update estoque set quant_venda = quant_venda + 2, quant_atual = quant_atual - 2 where id = 440; 
update estoque_total set total = total - 2 where medicamento_id = 440; 
insert into itens_venda values (default, 2087, 419, 419, 3, 0.80, 81.34); 
update estoque set quant_venda = quant_venda + 3, quant_atual = quant_atual - 3 where id = 419; 
update estoque_total set total = total - 3 where medicamento_id = 419; 
insert into itens_venda values (default, 2087, 328, 328, 1, 1.20, 28.94); 
update estoque set quant_venda = quant_venda + 1, quant_atual = quant_atual - 1 where id = 328; 
update estoque_total set total = total - 1 where medicamento_id = 328; 

insert into venda values (2088, '2023-09-18 13:53:29', 155.76, null, 25); 
insert into itens_venda values (default, 2088, 476, 476, 1, 0.90, 23.27); 
update estoque set quant_venda = quant_venda + 1, quant_atual = quant_atual - 1 where id = 476; 
update estoque_total set total = total - 1 where medicamento_id = 476; 
insert into itens_venda values (default, 2088, 188, 188, 3, 2.50, 62.33); 
update estoque set quant_venda = quant_venda + 3, quant_atual = quant_atual - 3 where id = 188; 
update estoque_total set total = total - 3 where medicamento_id = 188; 
insert into itens_venda values (default, 2088, 498, 498, 2, 0.70, 70.16); 
update estoque set quant_venda = quant_venda + 2, quant_atual = quant_atual - 2 where id = 498; 
update estoque_total set total = total - 2 where medicamento_id = 498; 

insert into venda values (2089, '2023-09-18 15:08:08', 291.41, 12, 21); 
insert into itens_venda values (default, 2089, 150, 150, 1, 5.40, 175.69); 
update estoque set quant_venda = quant_venda + 1, quant_atual = quant_atual - 1 where id = 150; 
update estoque_total set total = total - 1 where medicamento_id = 150; 
insert into itens_venda values (default, 2089, 153, 153, 1, 3.20, 78.61); 
update estoque set quant_venda = quant_venda + 1, quant_atual = quant_atual - 1 where id = 153; 
update estoque_total set total = total - 1 where medicamento_id = 153; 
insert into itens_venda values (default, 2089, 440, 440, 1, 2.30, 37.11); 
update estoque set quant_venda = quant_venda + 1, quant_atual = quant_atual - 1 where id = 440; 
update estoque_total set total = total - 1 where medicamento_id = 440; 

insert into venda values (2090, '2023-09-18 16:06:33', 210.89, 7, null); 
insert into itens_venda values (default, 2090, 504, 504, 3, 1.40, 18.85); 
update estoque set quant_venda = quant_venda + 3, quant_atual = quant_atual - 3 where id = 504; 
update estoque_total set total = total - 3 where medicamento_id = 504; 
insert into itens_venda values (default, 2090, 446, 446, 1, 6.50, 125.32); 
update estoque set quant_venda = quant_venda + 1, quant_atual = quant_atual - 1 where id = 446; 
update estoque_total set total = total - 1 where medicamento_id = 446; 
insert into itens_venda values (default, 2090, 426, 426, 2, 5.80, 66.72); 
update estoque set quant_venda = quant_venda + 2, quant_atual = quant_atual - 2 where id = 426; 
update estoque_total set total = total - 2 where medicamento_id = 426; 

insert into venda values (2091, '2023-09-18 16:11:12', 270.07, null, null); 
insert into itens_venda values (default, 2091, 412, 412, 1, 0.00, 88.47); 
update estoque set quant_venda = quant_venda + 1, quant_atual = quant_atual - 1 where id = 412; 
update estoque_total set total = total - 1 where medicamento_id = 412; 
insert into itens_venda values (default, 2091, 84, 84, 2, 0.00, 148.76); 
update estoque set quant_venda = quant_venda + 2, quant_atual = quant_atual - 2 where id = 84; 
update estoque_total set total = total - 2 where medicamento_id = 84; 
insert into itens_venda values (default, 2091, 505, 505, 1, 1.00, 32.84); 
update estoque set quant_venda = quant_venda + 1, quant_atual = quant_atual - 1 where id = 505; 
update estoque_total set total = total - 1 where medicamento_id = 505; 

insert into venda values (2092, '2023-09-19 07:56:07', 54.36, null, null); 
insert into itens_venda values (default, 2092, 397, 397, 3, 0.00, 54.36); 
update estoque set quant_venda = quant_venda + 3, quant_atual = quant_atual - 3 where id = 397; 
update estoque_total set total = total - 3 where medicamento_id = 397; 

insert into venda values (2093, '2023-09-19 10:07:07', 344.05, null, null); 
insert into itens_venda values (default, 2093, 468, 468, 2, 2.30, 116.64); 
update estoque set quant_venda = quant_venda + 2, quant_atual = quant_atual - 2 where id = 468; 
update estoque_total set total = total - 2 where medicamento_id = 468; 
insert into itens_venda values (default, 2093, 314, 314, 2, 0.80, 41.18); 
update estoque set quant_venda = quant_venda + 2, quant_atual = quant_atual - 2 where id = 314; 
update estoque_total set total = total - 2 where medicamento_id = 314; 
insert into itens_venda values (default, 2093, 487, 487, 1, 1.80, 186.23); 
update estoque set quant_venda = quant_venda + 1, quant_atual = quant_atual - 1 where id = 487; 
update estoque_total set total = total - 1 where medicamento_id = 487; 

insert into venda values (2094, '2023-09-19 12:45:12', 251.65, 14, 22); 
insert into itens_venda values (default, 2094, 452, 452, 1, 3.50, 56.17); 
update estoque set quant_venda = quant_venda + 1, quant_atual = quant_atual - 1 where id = 452; 
update estoque_total set total = total - 1 where medicamento_id = 452; 
insert into itens_venda values (default, 2094, 490, 490, 2, 5.20, 98.86); 
update estoque set quant_venda = quant_venda + 2, quant_atual = quant_atual - 2 where id = 490; 
update estoque_total set total = total - 2 where medicamento_id = 490; 
insert into itens_venda values (default, 2094, 367, 367, 1, 0.90, 96.62); 
update estoque set quant_venda = quant_venda + 1, quant_atual = quant_atual - 1 where id = 367; 
update estoque_total set total = total - 1 where medicamento_id = 367; 

insert into venda values (2095, '2023-09-20 08:07:51', 182.62, null, null); 
insert into itens_venda values (default, 2095, 58, 58, 1, 1.80, 182.62); 
update estoque set quant_venda = quant_venda + 1, quant_atual = quant_atual - 1 where id = 58; 
update estoque_total set total = total - 1 where medicamento_id = 58; 

insert into venda values (2096, '2023-09-20 09:58:02', 188.99, null, null); 
insert into itens_venda values (default, 2096, 468, 468, 2, 1.10, 117.84); 
update estoque set quant_venda = quant_venda + 2, quant_atual = quant_atual - 2 where id = 468; 
update estoque_total set total = total - 2 where medicamento_id = 468; 
insert into itens_venda values (default, 2096, 409, 409, 3, 2.20, 71.15); 
update estoque set quant_venda = quant_venda + 3, quant_atual = quant_atual - 3 where id = 409; 
update estoque_total set total = total - 3 where medicamento_id = 409; 

insert into venda values (2097, '2023-09-21 06:20:08', 206.76, 20, null); 
insert into itens_venda values (default, 2097, 320, 320, 1, 2.00, 206.76); 
update estoque set quant_venda = quant_venda + 1, quant_atual = quant_atual - 1 where id = 320; 
update estoque_total set total = total - 1 where medicamento_id = 320; 

insert into venda values (2098, '2023-09-21 09:00:16', 105.32, null, null); 
insert into itens_venda values (default, 2098, 476, 476, 1, 0.20, 23.97); 
update estoque set quant_venda = quant_venda + 1, quant_atual = quant_atual - 1 where id = 476; 
update estoque_total set total = total - 1 where medicamento_id = 476; 
insert into itens_venda values (default, 2098, 418, 418, 3, 1.60, 81.35); 
update estoque set quant_venda = quant_venda + 3, quant_atual = quant_atual - 3 where id = 418; 
update estoque_total set total = total - 3 where medicamento_id = 418; 

insert into venda values (2099, '2023-09-21 11:29:40', 426.93, null, null); 
insert into itens_venda values (default, 2099, 272, 272, 1, 0.00, 276.31); 
update estoque set quant_venda = quant_venda + 1, quant_atual = quant_atual - 1 where id = 272; 
update estoque_total set total = total - 1 where medicamento_id = 272; 
insert into itens_venda values (default, 2099, 74, 74, 1, 2.00, 100.43); 
update estoque set quant_venda = quant_venda + 1, quant_atual = quant_atual - 1 where id = 74; 
update estoque_total set total = total - 1 where medicamento_id = 74; 
insert into itens_venda values (default, 2099, 377, 377, 3, 0.00, 50.19); 
update estoque set quant_venda = quant_venda + 3, quant_atual = quant_atual - 3 where id = 377; 
update estoque_total set total = total - 3 where medicamento_id = 377; 

insert into venda values (2100, '2023-09-21 13:33:51', 301.53, 4, 23); 
insert into itens_venda values (default, 2100, 439, 439, 1, 2.00, 38.97); 
update estoque set quant_venda = quant_venda + 1, quant_atual = quant_atual - 1 where id = 439; 
update estoque_total set total = total - 1 where medicamento_id = 439; 
insert into itens_venda values (default, 2100, 472, 472, 1, 0.50, 28.82); 
update estoque set quant_venda = quant_venda + 1, quant_atual = quant_atual - 1 where id = 472; 
update estoque_total set total = total - 1 where medicamento_id = 472; 
insert into itens_venda values (default, 2100, 96, 96, 1, 20.30, 233.74); 
update estoque set quant_venda = quant_venda + 1, quant_atual = quant_atual - 1 where id = 96; 
update estoque_total set total = total - 1 where medicamento_id = 96; 

insert into venda values (2101, '2023-09-21 15:38:27', 247.43, null, null); 
insert into itens_venda values (default, 2101, 449, 449, 1, 0.30, 19.34); 
update estoque set quant_venda = quant_venda + 1, quant_atual = quant_atual - 1 where id = 449; 
update estoque_total set total = total - 1 where medicamento_id = 449; 
insert into itens_venda values (default, 2101, 296, 296, 1, 0.00, 54.46); 
update estoque set quant_venda = quant_venda + 1, quant_atual = quant_atual - 1 where id = 296; 
update estoque_total set total = total - 1 where medicamento_id = 296; 
insert into itens_venda values (default, 2101, 267, 267, 1, 3.50, 173.63); 
update estoque set quant_venda = quant_venda + 1, quant_atual = quant_atual - 1 where id = 267; 
update estoque_total set total = total - 1 where medicamento_id = 267; 

insert into venda values (2102, '2023-09-22 06:55:10', 318.80, 15, null); 
insert into itens_venda values (default, 2102, 369, 369, 2, 3.50, 175.88); 
update estoque set quant_venda = quant_venda + 2, quant_atual = quant_atual - 2 where id = 369; 
update estoque_total set total = total - 2 where medicamento_id = 369; 
insert into itens_venda values (default, 2102, 415, 415, 1, 10.70, 142.92); 
update estoque set quant_venda = quant_venda + 1, quant_atual = quant_atual - 1 where id = 415; 
update estoque_total set total = total - 1 where medicamento_id = 415; 

insert into venda values (2103, '2023-09-22 07:47:00', 100.42, null, null); 
insert into itens_venda values (default, 2103, 483, 483, 2, 0.00, 100.42); 
update estoque set quant_venda = quant_venda + 2, quant_atual = quant_atual - 2 where id = 483; 
update estoque_total set total = total - 2 where medicamento_id = 483; 

insert into venda values (2104, '2023-09-22 07:57:43', 197.30, 3, null); 
insert into itens_venda values (default, 2104, 345, 345, 3, 2.30, 75.88); 
update estoque set quant_venda = quant_venda + 3, quant_atual = quant_atual - 3 where id = 345; 
update estoque_total set total = total - 3 where medicamento_id = 345; 
insert into itens_venda values (default, 2104, 337, 337, 2, 0.00, 90.22); 
update estoque set quant_venda = quant_venda + 2, quant_atual = quant_atual - 2 where id = 337; 
update estoque_total set total = total - 2 where medicamento_id = 337; 
insert into itens_venda values (default, 2104, 389, 389, 1, 1.20, 31.20); 
update estoque set quant_venda = quant_venda + 1, quant_atual = quant_atual - 1 where id = 389; 
update estoque_total set total = total - 1 where medicamento_id = 389; 

insert into venda values (2105, '2023-09-22 09:29:44', 52.17, null, 21); 
insert into itens_venda values (default, 2105, 308, 308, 1, 1.00, 52.17); 
update estoque set quant_venda = quant_venda + 1, quant_atual = quant_atual - 1 where id = 308; 
update estoque_total set total = total - 1 where medicamento_id = 308; 

insert into venda values (2106, '2023-09-23 06:58:49', 167.44, null, 23); 
insert into itens_venda values (default, 2106, 390, 390, 2, 2.20, 74.42); 
update estoque set quant_venda = quant_venda + 2, quant_atual = quant_atual - 2 where id = 390; 
update estoque_total set total = total - 2 where medicamento_id = 390; 
insert into itens_venda values (default, 2106, 357, 357, 1, 0.60, 61.28); 
update estoque set quant_venda = quant_venda + 1, quant_atual = quant_atual - 1 where id = 357; 
update estoque_total set total = total - 1 where medicamento_id = 357; 
insert into itens_venda values (default, 2106, 495, 495, 3, 0.30, 31.74); 
update estoque set quant_venda = quant_venda + 3, quant_atual = quant_atual - 3 where id = 495; 
update estoque_total set total = total - 3 where medicamento_id = 495; 

insert into venda values (2107, '2023-09-23 07:58:15', 87.09, null, null); 
insert into itens_venda values (default, 2107, 464, 464, 1, 0.00, 32.45); 
update estoque set quant_venda = quant_venda + 1, quant_atual = quant_atual - 1 where id = 464; 
update estoque_total set total = total - 1 where medicamento_id = 464; 
insert into itens_venda values (default, 2107, 322, 322, 2, 1.60, 54.64); 
update estoque set quant_venda = quant_venda + 2, quant_atual = quant_atual - 2 where id = 322; 
update estoque_total set total = total - 2 where medicamento_id = 322; 

insert into venda values (2108, '2023-09-23 09:06:53', 61.66, 16, null); 
insert into itens_venda values (default, 2108, 505, 505, 1, 0.00, 33.84); 
update estoque set quant_venda = quant_venda + 1, quant_atual = quant_atual - 1 where id = 505; 
update estoque_total set total = total - 1 where medicamento_id = 505; 
insert into itens_venda values (default, 2108, 279, 279, 1, 1.70, 27.82); 
update estoque set quant_venda = quant_venda + 1, quant_atual = quant_atual - 1 where id = 279; 
update estoque_total set total = total - 1 where medicamento_id = 279; 

insert into venda values (2109, '2023-09-23 09:50:51', 306.87, 1, null); 
insert into itens_venda values (default, 2109, 81, 81, 1, 13.50, 180.25); 
update estoque set quant_venda = quant_venda + 1, quant_atual = quant_atual - 1 where id = 81; 
update estoque_total set total = total - 1 where medicamento_id = 81; 
insert into itens_venda values (default, 2109, 446, 446, 1, 5.20, 126.62); 
update estoque set quant_venda = quant_venda + 1, quant_atual = quant_atual - 1 where id = 446; 
update estoque_total set total = total - 1 where medicamento_id = 446; 

insert into venda values (2110, '2023-09-23 11:07:55', 18.08, 7, null); 
insert into itens_venda values (default, 2110, 421, 421, 2, 0.30, 18.08); 
update estoque set quant_venda = quant_venda + 2, quant_atual = quant_atual - 2 where id = 421; 
update estoque_total set total = total - 2 where medicamento_id = 421; 

insert into venda values (2111, '2023-09-23 11:32:03', 121.04, null, 22); 
insert into itens_venda values (default, 2111, 310, 310, 1, 2.40, 121.04); 
update estoque set quant_venda = quant_venda + 1, quant_atual = quant_atual - 1 where id = 310; 
update estoque_total set total = total - 1 where medicamento_id = 310; 

insert into venda values (2112, '2023-09-23 12:22:08', 49.21, 7, null); 
insert into itens_venda values (default, 2112, 483, 483, 1, 1.00, 49.21); 
update estoque set quant_venda = quant_venda + 1, quant_atual = quant_atual - 1 where id = 483; 
update estoque_total set total = total - 1 where medicamento_id = 483; 

insert into venda values (2113, '2023-09-23 13:10:49', 28.48, 14, null); 
insert into itens_venda values (default, 2113, 496, 496, 2, 0.50, 14.24); 
update estoque set quant_venda = quant_venda + 2, quant_atual = quant_atual - 2 where id = 496; 
update estoque_total set total = total - 2 where medicamento_id = 496; 
insert into itens_venda values (default, 2113, 417, 417, 1, 0.50, 14.24); 
update estoque set quant_venda = quant_venda + 1, quant_atual = quant_atual - 1 where id = 417; 
update estoque_total set total = total - 1 where medicamento_id = 417; 

insert into venda values (2114, '2023-09-23 13:45:39', 222.43, null, null); 
insert into itens_venda values (default, 2114, 412, 412, 1, 2.60, 85.87); 
update estoque set quant_venda = quant_venda + 1, quant_atual = quant_atual - 1 where id = 412; 
update estoque_total set total = total - 1 where medicamento_id = 412; 
insert into itens_venda values (default, 2114, 107, 107, 1, 0.00, 136.56); 
update estoque set quant_venda = quant_venda + 1, quant_atual = quant_atual - 1 where id = 107; 
update estoque_total set total = total - 1 where medicamento_id = 107; 

insert into venda values (2115, '2023-09-24 06:25:01', 738.27, null, 25); 
insert into itens_venda values (default, 2115, 87, 87, 1, 7.80, 382.68); 
update estoque set quant_venda = quant_venda + 1, quant_atual = quant_atual - 1 where id = 87; 
update estoque_total set total = total - 1 where medicamento_id = 87; 
insert into itens_venda values (default, 2115, 453, 453, 2, 0.50, 12.50); 
update estoque set quant_venda = quant_venda + 2, quant_atual = quant_atual - 2 where id = 453; 
update estoque_total set total = total - 2 where medicamento_id = 453; 
insert into itens_venda values (default, 2115, 168, 168, 1, 0.00, 343.09); 
update estoque set quant_venda = quant_venda + 1, quant_atual = quant_atual - 1 where id = 168; 
update estoque_total set total = total - 1 where medicamento_id = 168; 

insert into venda values (2116, '2023-09-24 06:54:57', 221.22, 16, 23); 
insert into itens_venda values (default, 2116, 432, 432, 2, 0.70, 8.70); 
update estoque set quant_venda = quant_venda + 2, quant_atual = quant_atual - 2 where id = 432; 
update estoque_total set total = total - 2 where medicamento_id = 432; 
insert into itens_venda values (default, 2116, 440, 440, 2, 6.30, 72.52); 
update estoque set quant_venda = quant_venda + 2, quant_atual = quant_atual - 2 where id = 440; 
update estoque_total set total = total - 2 where medicamento_id = 440; 
insert into itens_venda values (default, 2116, 86, 86, 1, 4.30, 140.00); 
update estoque set quant_venda = quant_venda + 1, quant_atual = quant_atual - 1 where id = 86; 
update estoque_total set total = total - 1 where medicamento_id = 86; 

insert into venda values (2117, '2023-09-24 07:53:42', 271.72, null, null); 
insert into itens_venda values (default, 2117, 321, 321, 3, 0.00, 84.15); 
update estoque set quant_venda = quant_venda + 3, quant_atual = quant_atual - 3 where id = 321; 
update estoque_total set total = total - 3 where medicamento_id = 321; 
insert into itens_venda values (default, 2117, 251, 251, 2, 4.40, 144.66); 
update estoque set quant_venda = quant_venda + 2, quant_atual = quant_atual - 2 where id = 251; 
update estoque_total set total = total - 2 where medicamento_id = 251; 
insert into itens_venda values (default, 2117, 342, 342, 1, 0.00, 42.91); 
update estoque set quant_venda = quant_venda + 1, quant_atual = quant_atual - 1 where id = 342; 
update estoque_total set total = total - 1 where medicamento_id = 342; 

insert into venda values (2118, '2023-09-24 08:47:06', 3.57, 15, null); 
insert into itens_venda values (default, 2118, 503, 503, 1, 0.10, 3.57); 
update estoque set quant_venda = quant_venda + 1, quant_atual = quant_atual - 1 where id = 503; 
update estoque_total set total = total - 1 where medicamento_id = 503; 

insert into venda values (2119, '2023-09-24 09:07:21', 382.73, null, 22); 
insert into itens_venda values (default, 2119, 342, 342, 1, 0.40, 42.51); 
update estoque set quant_venda = quant_venda + 1, quant_atual = quant_atual - 1 where id = 342; 
update estoque_total set total = total - 1 where medicamento_id = 342; 
insert into itens_venda values (default, 2119, 62, 62, 1, 0.00, 289.26); 
update estoque set quant_venda = quant_venda + 1, quant_atual = quant_atual - 1 where id = 62; 
update estoque_total set total = total - 1 where medicamento_id = 62; 
insert into itens_venda values (default, 2119, 233, 233, 2, 1.00, 50.96); 
update estoque set quant_venda = quant_venda + 2, quant_atual = quant_atual - 2 where id = 233; 
update estoque_total set total = total - 2 where medicamento_id = 233; 

insert into venda values (2120, '2023-09-24 09:42:35', 243.88, 14, null); 
insert into itens_venda values (default, 2120, 491, 491, 2, 4.50, 108.40); 
update estoque set quant_venda = quant_venda + 2, quant_atual = quant_atual - 2 where id = 491; 
update estoque_total set total = total - 2 where medicamento_id = 491; 
insert into itens_venda values (default, 2120, 296, 296, 2, 6.50, 102.42); 
update estoque set quant_venda = quant_venda + 2, quant_atual = quant_atual - 2 where id = 296; 
update estoque_total set total = total - 2 where medicamento_id = 296; 
insert into itens_venda values (default, 2120, 426, 426, 1, 3.20, 33.06); 
update estoque set quant_venda = quant_venda + 1, quant_atual = quant_atual - 1 where id = 426; 
update estoque_total set total = total - 1 where medicamento_id = 426; 

insert into venda values (2121, '2023-09-24 10:08:28', 180.75, null, null); 
insert into itens_venda values (default, 2121, 249, 249, 2, 0.00, 101.70); 
update estoque set quant_venda = quant_venda + 2, quant_atual = quant_atual - 2 where id = 249; 
update estoque_total set total = total - 2 where medicamento_id = 249; 
insert into itens_venda values (default, 2121, 379, 379, 2, 0.00, 25.36); 
update estoque set quant_venda = quant_venda + 2, quant_atual = quant_atual - 2 where id = 379; 
update estoque_total set total = total - 2 where medicamento_id = 379; 
insert into itens_venda values (default, 2121, 318, 318, 1, 2.20, 53.69); 
update estoque set quant_venda = quant_venda + 1, quant_atual = quant_atual - 1 where id = 318; 
update estoque_total set total = total - 1 where medicamento_id = 318; 

insert into venda values (2122, '2023-09-24 11:23:02', 4.70, null, null); 
insert into itens_venda values (default, 2122, 432, 432, 1, 0.00, 4.70); 
update estoque set quant_venda = quant_venda + 1, quant_atual = quant_atual - 1 where id = 432; 
update estoque_total set total = total - 1 where medicamento_id = 432; 

insert into venda values (2123, '2023-09-24 11:33:29', 306.36, 13, 24); 
insert into itens_venda values (default, 2123, 485, 485, 1, 0.80, 15.29); 
update estoque set quant_venda = quant_venda + 1, quant_atual = quant_atual - 1 where id = 485; 
update estoque_total set total = total - 1 where medicamento_id = 485; 
insert into itens_venda values (default, 2123, 268, 268, 1, 0.00, 291.07); 
update estoque set quant_venda = quant_venda + 1, quant_atual = quant_atual - 1 where id = 268; 
update estoque_total set total = total - 1 where medicamento_id = 268; 

insert into venda values (2124, '2023-09-24 12:27:36', 38.82, 10, null); 
insert into itens_venda values (default, 2124, 481, 481, 3, 1.20, 38.82); 
update estoque set quant_venda = quant_venda + 3, quant_atual = quant_atual - 3 where id = 481; 
update estoque_total set total = total - 3 where medicamento_id = 481; 

insert into venda values (2125, '2023-09-24 13:35:01', 111.05, 4, null); 
insert into itens_venda values (default, 2125, 295, 295, 1, 1.90, 95.68); 
update estoque set quant_venda = quant_venda + 1, quant_atual = quant_atual - 1 where id = 295; 
update estoque_total set total = total - 1 where medicamento_id = 295; 
insert into itens_venda values (default, 2125, 500, 500, 1, 0.60, 15.37); 
update estoque set quant_venda = quant_venda + 1, quant_atual = quant_atual - 1 where id = 500; 
update estoque_total set total = total - 1 where medicamento_id = 500; 

insert into venda values (2126, '2023-09-24 14:31:52', 223.08, null, null); 
insert into itens_venda values (default, 2126, 105, 105, 1, 4.50, 223.08); 
update estoque set quant_venda = quant_venda + 1, quant_atual = quant_atual - 1 where id = 105; 
update estoque_total set total = total - 1 where medicamento_id = 105; 

insert into venda values (2127, '2023-09-26 06:08:17', 141.74, 5, 22); 
insert into itens_venda values (default, 2127, 295, 295, 1, 5.80, 91.78); 
update estoque set quant_venda = quant_venda + 1, quant_atual = quant_atual - 1 where id = 295; 
update estoque_total set total = total - 1 where medicamento_id = 295; 
insert into itens_venda values (default, 2127, 309, 309, 1, 0.00, 14.00); 
update estoque set quant_venda = quant_venda + 1, quant_atual = quant_atual - 1 where id = 309; 
update estoque_total set total = total - 1 where medicamento_id = 309; 
insert into itens_venda values (default, 2127, 181, 181, 1, 0.00, 35.96); 
update estoque set quant_venda = quant_venda + 1, quant_atual = quant_atual - 1 where id = 181; 
update estoque_total set total = total - 1 where medicamento_id = 181; 

insert into venda values (2128, '2023-09-26 07:09:27', 65.36, 4, null); 
insert into itens_venda values (default, 2128, 273, 273, 1, 1.60, 31.56); 
update estoque set quant_venda = quant_venda + 1, quant_atual = quant_atual - 1 where id = 273; 
update estoque_total set total = total - 1 where medicamento_id = 273; 
insert into itens_venda values (default, 2128, 329, 329, 1, 0.30, 33.80); 
update estoque set quant_venda = quant_venda + 1, quant_atual = quant_atual - 1 where id = 329; 
update estoque_total set total = total - 1 where medicamento_id = 329; 

insert into venda values (2129, '2023-09-26 07:15:12', 349.50, null, null); 
insert into itens_venda values (default, 2129, 454, 454, 2, 3.50, 174.46); 
update estoque set quant_venda = quant_venda + 2, quant_atual = quant_atual - 2 where id = 454; 
update estoque_total set total = total - 2 where medicamento_id = 454; 
insert into itens_venda values (default, 2129, 413, 413, 2, 5.40, 175.04); 
update estoque set quant_venda = quant_venda + 2, quant_atual = quant_atual - 2 where id = 413; 
update estoque_total set total = total - 2 where medicamento_id = 413; 

insert into venda values (2130, '2023-09-26 08:14:53', 98.14, null, null); 
insert into itens_venda values (default, 2130, 156, 156, 1, 2.00, 98.14); 
update estoque set quant_venda = quant_venda + 1, quant_atual = quant_atual - 1 where id = 156; 
update estoque_total set total = total - 1 where medicamento_id = 156; 

insert into venda values (2131, '2023-09-26 09:22:42', 186.30, null, null); 
insert into itens_venda values (default, 2131, 326, 326, 2, 0.00, 91.44); 
update estoque set quant_venda = quant_venda + 2, quant_atual = quant_atual - 2 where id = 326; 
update estoque_total set total = total - 2 where medicamento_id = 326; 
insert into itens_venda values (default, 2131, 406, 406, 1, 0.20, 7.00); 
update estoque set quant_venda = quant_venda + 1, quant_atual = quant_atual - 1 where id = 406; 
update estoque_total set total = total - 1 where medicamento_id = 406; 
insert into itens_venda values (default, 2131, 492, 492, 2, 0.80, 87.86); 
update estoque set quant_venda = quant_venda + 2, quant_atual = quant_atual - 2 where id = 492; 
update estoque_total set total = total - 2 where medicamento_id = 492; 

insert into venda values (2132, '2023-09-26 09:57:10', 15.56, 15, null); 
insert into itens_venda values (default, 2132, 380, 380, 2, 0.90, 15.56); 
update estoque set quant_venda = quant_venda + 2, quant_atual = quant_atual - 2 where id = 380; 
update estoque_total set total = total - 2 where medicamento_id = 380; 

insert into venda values (2133, '2023-09-26 10:44:54', 144.44, 17, null); 
insert into itens_venda values (default, 2133, 158, 158, 1, 5.90, 112.70); 
update estoque set quant_venda = quant_venda + 1, quant_atual = quant_atual - 1 where id = 158; 
update estoque_total set total = total - 1 where medicamento_id = 158; 
insert into itens_venda values (default, 2133, 495, 495, 3, 0.30, 31.74); 
update estoque set quant_venda = quant_venda + 3, quant_atual = quant_atual - 3 where id = 495; 
update estoque_total set total = total - 3 where medicamento_id = 495; 

insert into venda values (2134, '2023-09-26 11:44:25', 14.40, null, null); 
insert into itens_venda values (default, 2134, 376, 376, 1, 0.50, 14.40); 
update estoque set quant_venda = quant_venda + 1, quant_atual = quant_atual - 1 where id = 376; 
update estoque_total set total = total - 1 where medicamento_id = 376; 

insert into venda values (2135, '2023-09-26 12:53:48', 114.24, null, null); 
insert into itens_venda values (default, 2135, 468, 468, 2, 4.70, 114.24); 
update estoque set quant_venda = quant_venda + 2, quant_atual = quant_atual - 2 where id = 468; 
update estoque_total set total = total - 2 where medicamento_id = 468; 

insert into venda values (2136, '2023-09-26 13:55:28', 116.26, null, null); 
insert into itens_venda values (default, 2136, 231, 231, 2, 4.80, 116.26); 
update estoque set quant_venda = quant_venda + 2, quant_atual = quant_atual - 2 where id = 231; 
update estoque_total set total = total - 2 where medicamento_id = 231; 

insert into venda values (2137, '2023-09-26 14:09:11', 155.07, null, null); 
insert into itens_venda values (default, 2137, 482, 482, 3, 1.40, 47.71); 
update estoque set quant_venda = quant_venda + 3, quant_atual = quant_atual - 3 where id = 482; 
update estoque_total set total = total - 3 where medicamento_id = 482; 
insert into itens_venda values (default, 2137, 253, 253, 1, 1.50, 75.52); 
update estoque set quant_venda = quant_venda + 1, quant_atual = quant_atual - 1 where id = 253; 
update estoque_total set total = total - 1 where medicamento_id = 253; 
insert into itens_venda values (default, 2137, 482, 482, 2, 0.90, 31.84); 
update estoque set quant_venda = quant_venda + 2, quant_atual = quant_atual - 2 where id = 482; 
update estoque_total set total = total - 2 where medicamento_id = 482; 

insert into venda values (2138, '2023-09-27 06:16:52', 72.22, null, null); 
insert into itens_venda values (default, 2138, 403, 403, 1, 0.20, 24.71); 
update estoque set quant_venda = quant_venda + 1, quant_atual = quant_atual - 1 where id = 403; 
update estoque_total set total = total - 1 where medicamento_id = 403; 
insert into itens_venda values (default, 2138, 500, 500, 3, 0.40, 47.51); 
update estoque set quant_venda = quant_venda + 3, quant_atual = quant_atual - 3 where id = 500; 
update estoque_total set total = total - 3 where medicamento_id = 500; 

insert into venda values (2139, '2023-09-27 06:23:54', 599.09, 4, null); 
insert into itens_venda values (default, 2139, 465, 465, 1, 1.20, 121.02); 
update estoque set quant_venda = quant_venda + 1, quant_atual = quant_atual - 1 where id = 465; 
update estoque_total set total = total - 1 where medicamento_id = 465; 
insert into itens_venda values (default, 2139, 487, 487, 1, 11.20, 176.83); 
update estoque set quant_venda = quant_venda + 1, quant_atual = quant_atual - 1 where id = 487; 
update estoque_total set total = total - 1 where medicamento_id = 487; 
insert into itens_venda values (default, 2139, 139, 139, 1, 6.10, 301.24); 
update estoque set quant_venda = quant_venda + 1, quant_atual = quant_atual - 1 where id = 139; 
update estoque_total set total = total - 1 where medicamento_id = 139; 

insert into venda values (2140, '2023-09-27 07:39:30', 299.47, 5, null); 
insert into itens_venda values (default, 2140, 196, 196, 1, 15.10, 174.16); 
update estoque set quant_venda = quant_venda + 1, quant_atual = quant_atual - 1 where id = 196; 
update estoque_total set total = total - 1 where medicamento_id = 196; 
insert into itens_venda values (default, 2140, 93, 93, 1, 1.20, 125.31); 
update estoque set quant_venda = quant_venda + 1, quant_atual = quant_atual - 1 where id = 93; 
update estoque_total set total = total - 1 where medicamento_id = 93; 

insert into venda values (2141, '2023-09-27 08:20:36', 61.32, 19, null); 
insert into itens_venda values (default, 2141, 497, 497, 1, 3.30, 34.30); 
update estoque set quant_venda = quant_venda + 1, quant_atual = quant_atual - 1 where id = 497; 
update estoque_total set total = total - 1 where medicamento_id = 497; 
insert into itens_venda values (default, 2141, 472, 472, 1, 2.30, 27.02); 
update estoque set quant_venda = quant_venda + 1, quant_atual = quant_atual - 1 where id = 472; 
update estoque_total set total = total - 1 where medicamento_id = 472; 

insert into venda values (2142, '2023-09-27 09:01:02', 524.05, null, 22); 
insert into itens_venda values (default, 2142, 337, 337, 1, 0.00, 45.11); 
update estoque set quant_venda = quant_venda + 1, quant_atual = quant_atual - 1 where id = 337; 
update estoque_total set total = total - 1 where medicamento_id = 337; 
insert into itens_venda values (default, 2142, 317, 317, 1, 1.80, 88.60); 
update estoque set quant_venda = quant_venda + 1, quant_atual = quant_atual - 1 where id = 317; 
update estoque_total set total = total - 1 where medicamento_id = 317; 
insert into itens_venda values (default, 2142, 259, 259, 1, 3.90, 390.34); 
update estoque set quant_venda = quant_venda + 1, quant_atual = quant_atual - 1 where id = 259; 
update estoque_total set total = total - 1 where medicamento_id = 259; 

insert into venda values (2143, '2023-09-27 10:22:34', 326.02, null, null); 
insert into itens_venda values (default, 2143, 283, 283, 2, 0.00, 103.80); 
update estoque set quant_venda = quant_venda + 2, quant_atual = quant_atual - 2 where id = 283; 
update estoque_total set total = total - 2 where medicamento_id = 283; 
insert into itens_venda values (default, 2143, 319, 319, 2, 1.10, 117.24); 
update estoque set quant_venda = quant_venda + 2, quant_atual = quant_atual - 2 where id = 319; 
update estoque_total set total = total - 2 where medicamento_id = 319; 
insert into itens_venda values (default, 2143, 298, 298, 1, 1.00, 104.98); 
update estoque set quant_venda = quant_venda + 1, quant_atual = quant_atual - 1 where id = 298; 
update estoque_total set total = total - 1 where medicamento_id = 298; 

insert into venda values (2144, '2023-09-27 11:21:16', 227.98, null, null); 
insert into itens_venda values (default, 2144, 451, 451, 3, 2.30, 55.45); 
update estoque set quant_venda = quant_venda + 3, quant_atual = quant_atual - 3 where id = 451; 
update estoque_total set total = total - 3 where medicamento_id = 451; 
insert into itens_venda values (default, 2144, 485, 485, 1, 0.00, 16.09); 
update estoque set quant_venda = quant_venda + 1, quant_atual = quant_atual - 1 where id = 485; 
update estoque_total set total = total - 1 where medicamento_id = 485; 
insert into itens_venda values (default, 2144, 224, 224, 2, 3.10, 156.44); 
update estoque set quant_venda = quant_venda + 2, quant_atual = quant_atual - 2 where id = 224; 
update estoque_total set total = total - 2 where medicamento_id = 224; 

insert into venda values (2145, '2023-09-27 12:42:59', 188.96, 6, null); 
insert into itens_venda values (default, 2145, 153, 153, 2, 4.90, 158.72); 
update estoque set quant_venda = quant_venda + 2, quant_atual = quant_atual - 2 where id = 153; 
update estoque_total set total = total - 2 where medicamento_id = 153; 
insert into itens_venda values (default, 2145, 349, 349, 1, 0.90, 30.24); 
update estoque set quant_venda = quant_venda + 1, quant_atual = quant_atual - 1 where id = 349; 
update estoque_total set total = total - 1 where medicamento_id = 349; 

insert into venda values (2146, '2023-09-27 12:50:09', 243.90, null, 23); 
insert into itens_venda values (default, 2146, 391, 391, 2, 3.50, 174.50); 
update estoque set quant_venda = quant_venda + 2, quant_atual = quant_atual - 2 where id = 391; 
update estoque_total set total = total - 2 where medicamento_id = 391; 
insert into itens_venda values (default, 2146, 265, 265, 1, 0.00, 69.40); 
update estoque set quant_venda = quant_venda + 1, quant_atual = quant_atual - 1 where id = 265; 
update estoque_total set total = total - 1 where medicamento_id = 265; 

insert into venda values (2147, '2023-09-27 13:54:42', 261.21, null, 23); 
insert into itens_venda values (default, 2147, 170, 170, 1, 3.00, 73.70); 
update estoque set quant_venda = quant_venda + 1, quant_atual = quant_atual - 1 where id = 170; 
update estoque_total set total = total - 1 where medicamento_id = 170; 
insert into itens_venda values (default, 2147, 154, 154, 2, 1.30, 136.00); 
update estoque set quant_venda = quant_venda + 2, quant_atual = quant_atual - 2 where id = 154; 
update estoque_total set total = total - 2 where medicamento_id = 154; 
insert into itens_venda values (default, 2147, 323, 323, 3, 1.50, 51.51); 
update estoque set quant_venda = quant_venda + 3, quant_atual = quant_atual - 3 where id = 323; 
update estoque_total set total = total - 3 where medicamento_id = 323; 

insert into venda values (2148, '2023-09-27 14:44:46', 49.60, null, null); 
insert into itens_venda values (default, 2148, 495, 495, 1, 0.30, 10.38); 
update estoque set quant_venda = quant_venda + 1, quant_atual = quant_atual - 1 where id = 495; 
update estoque_total set total = total - 1 where medicamento_id = 495; 
insert into itens_venda values (default, 2148, 481, 481, 3, 0.80, 39.22); 
update estoque set quant_venda = quant_venda + 3, quant_atual = quant_atual - 3 where id = 481; 
update estoque_total set total = total - 3 where medicamento_id = 481; 

insert into venda values (2149, '2023-09-28 07:14:36', 505.58, null, 22); 
insert into itens_venda values (default, 2149, 87, 87, 1, 0.00, 390.48); 
update estoque set quant_venda = quant_venda + 1, quant_atual = quant_atual - 1 where id = 87; 
update estoque_total set total = total - 1 where medicamento_id = 87; 
insert into itens_venda values (default, 2149, 158, 158, 1, 3.50, 115.10); 
update estoque set quant_venda = quant_venda + 1, quant_atual = quant_atual - 1 where id = 158; 
update estoque_total set total = total - 1 where medicamento_id = 158; 

insert into venda values (2150, '2023-09-28 09:18:10', 101.48, null, null); 
insert into itens_venda values (default, 2150, 438, 438, 2, 3.10, 101.48); 
update estoque set quant_venda = quant_venda + 2, quant_atual = quant_atual - 2 where id = 438; 
update estoque_total set total = total - 2 where medicamento_id = 438; 

insert into venda values (2151, '2023-09-28 10:19:28', 189.41, null, 23); 
insert into itens_venda values (default, 2151, 340, 340, 2, 1.60, 40.76); 
update estoque set quant_venda = quant_venda + 2, quant_atual = quant_atual - 2 where id = 340; 
update estoque_total set total = total - 2 where medicamento_id = 340; 
insert into itens_venda values (default, 2151, 178, 178, 2, 1.30, 132.26); 
update estoque set quant_venda = quant_venda + 2, quant_atual = quant_atual - 2 where id = 178; 
update estoque_total set total = total - 2 where medicamento_id = 178; 
insert into itens_venda values (default, 2151, 448, 448, 1, 0.10, 16.39); 
update estoque set quant_venda = quant_venda + 1, quant_atual = quant_atual - 1 where id = 448; 
update estoque_total set total = total - 1 where medicamento_id = 448; 

insert into venda values (2152, '2023-09-29 06:28:06', 142.16, null, null); 
insert into itens_venda values (default, 2152, 360, 360, 1, 5.90, 142.16); 
update estoque set quant_venda = quant_venda + 1, quant_atual = quant_atual - 1 where id = 360; 
update estoque_total set total = total - 1 where medicamento_id = 360; 

insert into venda values (2153, '2023-09-29 06:31:37', 335.70, null, null); 
insert into itens_venda values (default, 2153, 413, 413, 2, 3.60, 176.84); 
update estoque set quant_venda = quant_venda + 2, quant_atual = quant_atual - 2 where id = 413; 
update estoque_total set total = total - 2 where medicamento_id = 413; 
insert into itens_venda values (default, 2153, 332, 332, 1, 2.50, 60.54); 
update estoque set quant_venda = quant_venda + 1, quant_atual = quant_atual - 1 where id = 332; 
update estoque_total set total = total - 1 where medicamento_id = 332; 
insert into itens_venda values (default, 2153, 473, 473, 2, 0.00, 98.32); 
update estoque set quant_venda = quant_venda + 2, quant_atual = quant_atual - 2 where id = 473; 
update estoque_total set total = total - 2 where medicamento_id = 473; 

insert into venda values (2154, '2023-09-29 06:55:36', 297.88, null, null); 
insert into itens_venda values (default, 2154, 468, 468, 2, 0.00, 118.94); 
update estoque set quant_venda = quant_venda + 2, quant_atual = quant_atual - 2 where id = 468; 
update estoque_total set total = total - 2 where medicamento_id = 468; 
insert into itens_venda values (default, 2154, 458, 458, 2, 0.70, 71.70); 
update estoque set quant_venda = quant_venda + 2, quant_atual = quant_atual - 2 where id = 458; 
update estoque_total set total = total - 2 where medicamento_id = 458; 
insert into itens_venda values (default, 2154, 235, 235, 2, 0.00, 107.24); 
update estoque set quant_venda = quant_venda + 2, quant_atual = quant_atual - 2 where id = 235; 
update estoque_total set total = total - 2 where medicamento_id = 235; 

insert into venda values (2155, '2023-09-29 07:34:43', 83.36, null, null); 
insert into itens_venda values (default, 2155, 353, 353, 2, 0.00, 83.36); 
update estoque set quant_venda = quant_venda + 2, quant_atual = quant_atual - 2 where id = 353; 
update estoque_total set total = total - 2 where medicamento_id = 353; 

insert into venda values (2156, '2023-09-29 07:50:56', 142.55, null, null); 
insert into itens_venda values (default, 2156, 467, 467, 1, 0.60, 61.73); 
update estoque set quant_venda = quant_venda + 1, quant_atual = quant_atual - 1 where id = 467; 
update estoque_total set total = total - 1 where medicamento_id = 467; 
insert into itens_venda values (default, 2156, 352, 352, 3, 0.00, 80.82); 
update estoque set quant_venda = quant_venda + 3, quant_atual = quant_atual - 3 where id = 352; 
update estoque_total set total = total - 3 where medicamento_id = 352; 

insert into venda values (2157, '2023-09-29 08:32:23', 452.93, 18, 22); 
insert into itens_venda values (default, 2157, 502, 502, 1, 0.80, 21.01); 
update estoque set quant_venda = quant_venda + 1, quant_atual = quant_atual - 1 where id = 502; 
update estoque_total set total = total - 1 where medicamento_id = 502; 
insert into itens_venda values (default, 2157, 350, 350, 1, 8.60, 114.84); 
update estoque set quant_venda = quant_venda + 1, quant_atual = quant_atual - 1 where id = 350; 
update estoque_total set total = total - 1 where medicamento_id = 350; 
insert into itens_venda values (default, 2157, 95, 95, 1, 3.20, 317.08); 
update estoque set quant_venda = quant_venda + 1, quant_atual = quant_atual - 1 where id = 95; 
update estoque_total set total = total - 1 where medicamento_id = 95; 

insert into venda values (2158, '2023-09-29 08:55:00', 228.65, 16, null); 
insert into itens_venda values (default, 2158, 479, 479, 2, 0.00, 73.38); 
update estoque set quant_venda = quant_venda + 2, quant_atual = quant_atual - 2 where id = 479; 
update estoque_total set total = total - 2 where medicamento_id = 479; 
insert into itens_venda values (default, 2158, 193, 193, 1, 13.40, 155.27); 
update estoque set quant_venda = quant_venda + 1, quant_atual = quant_atual - 1 where id = 193; 
update estoque_total set total = total - 1 where medicamento_id = 193; 

insert into venda values (2159, '2023-09-29 09:15:33', 7.27, null, null); 
insert into itens_venda values (default, 2159, 496, 496, 1, 0.10, 7.27); 
update estoque set quant_venda = quant_venda + 1, quant_atual = quant_atual - 1 where id = 496; 
update estoque_total set total = total - 1 where medicamento_id = 496; 

insert into venda values (2160, '2023-09-29 09:50:09', 363.93, 8, null); 
insert into itens_venda values (default, 2160, 343, 343, 2, 3.70, 59.18); 
update estoque set quant_venda = quant_venda + 2, quant_atual = quant_atual - 2 where id = 343; 
update estoque_total set total = total - 2 where medicamento_id = 343; 
insert into itens_venda values (default, 2160, 101, 101, 1, 26.50, 304.75); 
update estoque set quant_venda = quant_venda + 1, quant_atual = quant_atual - 1 where id = 101; 
update estoque_total set total = total - 1 where medicamento_id = 101; 

insert into venda values (2161, '2023-09-29 10:48:46', 260.79, 10, null); 
insert into itens_venda values (default, 2161, 505, 505, 2, 0.60, 67.08); 
update estoque set quant_venda = quant_venda + 2, quant_atual = quant_atual - 2 where id = 505; 
update estoque_total set total = total - 2 where medicamento_id = 505; 
insert into itens_venda values (default, 2161, 436, 436, 2, 2.60, 128.88); 
update estoque set quant_venda = quant_venda + 2, quant_atual = quant_atual - 2 where id = 436; 
update estoque_total set total = total - 2 where medicamento_id = 436; 
insert into itens_venda values (default, 2161, 502, 502, 3, 0.60, 64.83); 
update estoque set quant_venda = quant_venda + 3, quant_atual = quant_atual - 3 where id = 502; 
update estoque_total set total = total - 3 where medicamento_id = 502; 

insert into venda values (2162, '2023-09-30 06:43:47', 436.59, null, 22); 
insert into itens_venda values (default, 2162, 476, 476, 2, 0.00, 48.34); 
update estoque set quant_venda = quant_venda + 2, quant_atual = quant_atual - 2 where id = 476; 
update estoque_total set total = total - 2 where medicamento_id = 476; 
insert into itens_venda values (default, 2162, 202, 202, 1, 0.00, 280.33); 
update estoque set quant_venda = quant_venda + 1, quant_atual = quant_atual - 1 where id = 202; 
update estoque_total set total = total - 1 where medicamento_id = 202; 
insert into itens_venda values (default, 2162, 296, 296, 2, 1.00, 107.92); 
update estoque set quant_venda = quant_venda + 2, quant_atual = quant_atual - 2 where id = 296; 
update estoque_total set total = total - 2 where medicamento_id = 296; 

insert into venda values (2163, '2023-09-30 08:46:58', 191.90, null, null); 
insert into itens_venda values (default, 2163, 342, 342, 2, 0.80, 85.02); 
update estoque set quant_venda = quant_venda + 2, quant_atual = quant_atual - 2 where id = 342; 
update estoque_total set total = total - 2 where medicamento_id = 342; 
insert into itens_venda values (default, 2163, 426, 426, 1, 1.40, 34.86); 
update estoque set quant_venda = quant_venda + 1, quant_atual = quant_atual - 1 where id = 426; 
update estoque_total set total = total - 1 where medicamento_id = 426; 
insert into itens_venda values (default, 2163, 405, 405, 2, 0.00, 72.02); 
update estoque set quant_venda = quant_venda + 2, quant_atual = quant_atual - 2 where id = 405; 
update estoque_total set total = total - 2 where medicamento_id = 405; 

insert into venda values (2164, '2023-09-30 11:00:48', 75.47, 5, null); 
insert into itens_venda values (default, 2164, 457, 457, 1, 3.00, 31.17); 
update estoque set quant_venda = quant_venda + 1, quant_atual = quant_atual - 1 where id = 457; 
update estoque_total set total = total - 1 where medicamento_id = 457; 
insert into itens_venda values (default, 2164, 404, 404, 3, 4.30, 44.30); 
update estoque set quant_venda = quant_venda + 3, quant_atual = quant_atual - 3 where id = 404; 
update estoque_total set total = total - 3 where medicamento_id = 404; 

insert into venda values (2165, '2023-09-30 12:20:58', 311.69, 14, null); 
insert into itens_venda values (default, 2165, 251, 251, 2, 10.40, 138.66); 
update estoque set quant_venda = quant_venda + 2, quant_atual = quant_atual - 2 where id = 251; 
update estoque_total set total = total - 2 where medicamento_id = 251; 
insert into itens_venda values (default, 2165, 487, 487, 1, 15.00, 173.03); 
update estoque set quant_venda = quant_venda + 1, quant_atual = quant_atual - 1 where id = 487; 
update estoque_total set total = total - 1 where medicamento_id = 487; 

insert into venda values (2166, '2023-09-30 14:50:03', 186.75, null, null); 
insert into itens_venda values (default, 2166, 448, 448, 3, 1.40, 48.07); 
update estoque set quant_venda = quant_venda + 3, quant_atual = quant_atual - 3 where id = 448; 
update estoque_total set total = total - 3 where medicamento_id = 448; 
insert into itens_venda values (default, 2166, 289, 289, 2, 4.20, 138.68); 
update estoque set quant_venda = quant_venda + 2, quant_atual = quant_atual - 2 where id = 289; 
update estoque_total set total = total - 2 where medicamento_id = 289; 

insert into venda values (2167, '2023-09-30 16:46:47', 85.52, null, null); 
insert into itens_venda values (default, 2167, 199, 199, 2, 0.80, 85.52); 
update estoque set quant_venda = quant_venda + 2, quant_atual = quant_atual - 2 where id = 199; 
update estoque_total set total = total - 2 where medicamento_id = 199; 

insert into venda values (2168, '2023-09-30 17:17:45', 5.40, 20, null); 
insert into itens_venda values (default, 2168, 227, 227, 2, 0.00, 5.40); 
update estoque set quant_venda = quant_venda + 2, quant_atual = quant_atual - 2 where id = 227; 
update estoque_total set total = total - 2 where medicamento_id = 227; 

insert into venda values (2169, '2023-10-01 06:02:44', 392.64, 14, null); 
insert into itens_venda values (default, 2169, 463, 463, 2, 0.80, 25.90); 
update estoque set quant_venda = quant_venda + 2, quant_atual = quant_atual - 2 where id = 463; 
update estoque_total set total = total - 2 where medicamento_id = 463; 
insert into itens_venda values (default, 2169, 259, 259, 1, 27.50, 366.74); 
update estoque set quant_venda = quant_venda + 1, quant_atual = quant_atual - 1 where id = 259; 
update estoque_total set total = total - 1 where medicamento_id = 259; 

insert into venda values (2170, '2023-10-02 06:09:06', 166.45, 18, null); 
insert into itens_venda values (default, 2170, 275, 275, 2, 11.70, 155.74); 
update estoque set quant_venda = quant_venda + 2, quant_atual = quant_atual - 2 where id = 275; 
update estoque_total set total = total - 2 where medicamento_id = 275; 
insert into itens_venda values (default, 2170, 503, 503, 3, 0.30, 10.71); 
update estoque set quant_venda = quant_venda + 3, quant_atual = quant_atual - 3 where id = 503; 
update estoque_total set total = total - 3 where medicamento_id = 503; 

insert into venda values (2171, '2023-10-02 07:18:56', 200.54, null, 21); 
insert into itens_venda values (default, 2171, 436, 436, 1, 0.00, 65.74); 
update estoque set quant_venda = quant_venda + 1, quant_atual = quant_atual - 1 where id = 436; 
update estoque_total set total = total - 1 where medicamento_id = 436; 
insert into itens_venda values (default, 2171, 357, 357, 2, 4.90, 118.86); 
update estoque set quant_venda = quant_venda + 2, quant_atual = quant_atual - 2 where id = 357; 
update estoque_total set total = total - 2 where medicamento_id = 357; 
insert into itens_venda values (default, 2171, 288, 288, 1, 0.40, 15.94); 
update estoque set quant_venda = quant_venda + 1, quant_atual = quant_atual - 1 where id = 288; 
update estoque_total set total = total - 1 where medicamento_id = 288; 

insert into venda values (2172, '2023-10-02 08:22:24', 116.51, null, null); 
insert into itens_venda values (default, 2172, 382, 382, 2, 1.30, 67.74); 
update estoque set quant_venda = quant_venda + 2, quant_atual = quant_atual - 2 where id = 382; 
update estoque_total set total = total - 2 where medicamento_id = 382; 
insert into itens_venda values (default, 2172, 404, 404, 2, 0.00, 32.40); 
update estoque set quant_venda = quant_venda + 2, quant_atual = quant_atual - 2 where id = 404; 
update estoque_total set total = total - 2 where medicamento_id = 404; 
insert into itens_venda values (default, 2172, 494, 494, 1, 0.10, 16.37); 
update estoque set quant_venda = quant_venda + 1, quant_atual = quant_atual - 1 where id = 494; 
update estoque_total set total = total - 1 where medicamento_id = 494; 

insert into venda values (2173, '2023-10-02 09:23:55', 69.92, 17, null); 
insert into itens_venda values (default, 2173, 405, 405, 2, 2.10, 69.92); 
update estoque set quant_venda = quant_venda + 2, quant_atual = quant_atual - 2 where id = 405; 
update estoque_total set total = total - 2 where medicamento_id = 405; 

insert into venda values (2174, '2023-10-02 10:42:50', 60.53, 11, null); 
insert into itens_venda values (default, 2174, 231, 231, 1, 0.00, 60.53); 
update estoque set quant_venda = quant_venda + 1, quant_atual = quant_atual - 1 where id = 231; 
update estoque_total set total = total - 1 where medicamento_id = 231; 

insert into venda values (2175, '2023-10-02 12:32:44', 379.14, null, null); 
insert into itens_venda values (default, 2175, 360, 360, 1, 5.90, 142.16); 
update estoque set quant_venda = quant_venda + 1, quant_atual = quant_atual - 1 where id = 360; 
update estoque_total set total = total - 1 where medicamento_id = 360; 
insert into itens_venda values (default, 2175, 166, 166, 1, 9.80, 236.98); 
update estoque set quant_venda = quant_venda + 1, quant_atual = quant_atual - 1 where id = 166; 
update estoque_total set total = total - 1 where medicamento_id = 166; 

insert into venda values (2176, '2023-10-03 06:40:50', 15.80, null, null); 
insert into itens_venda values (default, 2176, 404, 404, 1, 0.40, 15.80); 
update estoque set quant_venda = quant_venda + 1, quant_atual = quant_atual - 1 where id = 404; 
update estoque_total set total = total - 1 where medicamento_id = 404; 

insert into venda values (2177, '2023-10-03 07:04:23', 70.73, 3, null); 
insert into itens_venda values (default, 2177, 457, 457, 1, 1.30, 32.87); 
update estoque set quant_venda = quant_venda + 1, quant_atual = quant_atual - 1 where id = 457; 
update estoque_total set total = total - 1 where medicamento_id = 457; 
insert into itens_venda values (default, 2177, 252, 252, 1, 2.50, 25.56); 
update estoque set quant_venda = quant_venda + 1, quant_atual = quant_atual - 1 where id = 252; 
update estoque_total set total = total - 1 where medicamento_id = 252; 
insert into estoque values (default, 252, 'lote 774089', '2023-10-03', '2024-03-31', 20.3, 30, 0, 30); 
update estoque_total set total = total + 30 where medicamento_id = 252; 
insert into itens_venda values (default, 2177, 504, 504, 2, 1.20, 12.30); 
update estoque set quant_venda = quant_venda + 2, quant_atual = quant_atual - 2 where id = 504; 
update estoque_total set total = total - 2 where medicamento_id = 504; 

insert into venda values (2178, '2023-10-03 08:21:41', 146.17, 19, 24); 
insert into itens_venda values (default, 2178, 473, 473, 1, 3.90, 45.26); 
update estoque set quant_venda = quant_venda + 1, quant_atual = quant_atual - 1 where id = 473; 
update estoque_total set total = total - 1 where medicamento_id = 473; 
insert into itens_venda values (default, 2178, 206, 206, 1, 3.00, 30.75); 
update estoque set quant_venda = quant_venda + 1, quant_atual = quant_atual - 1 where id = 206; 
update estoque_total set total = total - 1 where medicamento_id = 206; 
insert into itens_venda values (default, 2178, 498, 498, 2, 0.70, 70.16); 
update estoque set quant_venda = quant_venda + 2, quant_atual = quant_atual - 2 where id = 498; 
update estoque_total set total = total - 2 where medicamento_id = 498; 

insert into venda values (2179, '2023-10-03 08:57:03', 95.79, null, null); 
insert into itens_venda values (default, 2179, 504, 504, 1, 0.10, 6.65); 
update estoque set quant_venda = quant_venda + 1, quant_atual = quant_atual - 1 where id = 504; 
update estoque_total set total = total - 1 where medicamento_id = 504; 
insert into itens_venda values (default, 2179, 398, 398, 1, 0.10, 15.44); 
update estoque set quant_venda = quant_venda + 1, quant_atual = quant_atual - 1 where id = 398; 
update estoque_total set total = total - 1 where medicamento_id = 398; 
insert into itens_venda values (default, 2179, 497, 497, 2, 1.50, 73.70); 
update estoque set quant_venda = quant_venda + 2, quant_atual = quant_atual - 2 where id = 497; 
update estoque_total set total = total - 2 where medicamento_id = 497; 

insert into venda values (2180, '2023-10-03 10:09:34', 595.75, null, 23); 
insert into itens_venda values (default, 2180, 408, 408, 1, 0.00, 116.53); 
update estoque set quant_venda = quant_venda + 1, quant_atual = quant_atual - 1 where id = 408; 
update estoque_total set total = total - 1 where medicamento_id = 408; 
insert into itens_venda values (default, 2180, 438, 438, 2, 4.10, 100.48); 
update estoque set quant_venda = quant_venda + 2, quant_atual = quant_atual - 2 where id = 438; 
update estoque_total set total = total - 2 where medicamento_id = 438; 
insert into itens_venda values (default, 2180, 106, 106, 1, 15.70, 378.74); 
update estoque set quant_venda = quant_venda + 1, quant_atual = quant_atual - 1 where id = 106; 
update estoque_total set total = total - 1 where medicamento_id = 106; 

insert into venda values (2181, '2023-10-03 10:40:08', 204.64, 3, null); 
insert into itens_venda values (default, 2181, 467, 467, 2, 7.40, 117.26); 
update estoque set quant_venda = quant_venda + 2, quant_atual = quant_atual - 2 where id = 467; 
update estoque_total set total = total - 2 where medicamento_id = 467; 
insert into itens_venda values (default, 2181, 474, 474, 3, 0.80, 43.78); 
update estoque set quant_venda = quant_venda + 3, quant_atual = quant_atual - 3 where id = 474; 
update estoque_total set total = total - 3 where medicamento_id = 474; 
insert into itens_venda values (default, 2181, 443, 443, 2, 3.20, 43.60); 
update estoque set quant_venda = quant_venda + 2, quant_atual = quant_atual - 2 where id = 443; 
update estoque_total set total = total - 2 where medicamento_id = 443; 

insert into venda values (2182, '2023-10-03 11:32:44', 291.35, 17, null); 
insert into itens_venda values (default, 2182, 361, 361, 1, 15.10, 174.68); 
update estoque set quant_venda = quant_venda + 1, quant_atual = quant_atual - 1 where id = 361; 
update estoque_total set total = total - 1 where medicamento_id = 361; 
insert into itens_venda values (default, 2182, 418, 418, 3, 6.60, 76.35); 
update estoque set quant_venda = quant_venda + 3, quant_atual = quant_atual - 3 where id = 418; 
update estoque_total set total = total - 3 where medicamento_id = 418; 
insert into itens_venda values (default, 2182, 417, 417, 3, 3.90, 40.32); 
update estoque set quant_venda = quant_venda + 3, quant_atual = quant_atual - 3 where id = 417; 
update estoque_total set total = total - 3 where medicamento_id = 417; 

insert into venda values (2183, '2023-10-03 12:04:45', 164.55, null, null); 
insert into itens_venda values (default, 2183, 492, 492, 1, 1.30, 43.03); 
update estoque set quant_venda = quant_venda + 1, quant_atual = quant_atual - 1 where id = 492; 
update estoque_total set total = total - 1 where medicamento_id = 492; 
insert into itens_venda values (default, 2183, 476, 476, 3, 2.90, 69.61); 
update estoque set quant_venda = quant_venda + 3, quant_atual = quant_atual - 3 where id = 476; 
update estoque_total set total = total - 3 where medicamento_id = 476; 
insert into itens_venda values (default, 2183, 182, 182, 1, 0.00, 51.91); 
update estoque set quant_venda = quant_venda + 1, quant_atual = quant_atual - 1 where id = 182; 
update estoque_total set total = total - 1 where medicamento_id = 182; 

insert into venda values (2184, '2023-10-03 12:42:18', 185.75, null, null); 
insert into itens_venda values (default, 2184, 74, 74, 1, 1.00, 101.43); 
update estoque set quant_venda = quant_venda + 1, quant_atual = quant_atual - 1 where id = 74; 
update estoque_total set total = total - 1 where medicamento_id = 74; 
insert into itens_venda values (default, 2184, 305, 305, 2, 2.60, 84.32); 
update estoque set quant_venda = quant_venda + 2, quant_atual = quant_atual - 2 where id = 305; 
update estoque_total set total = total - 2 where medicamento_id = 305; 

insert into venda values (2185, '2023-10-03 13:50:12', 288.11, 11, 24); 
insert into itens_venda values (default, 2185, 350, 350, 1, 9.80, 113.64); 
update estoque set quant_venda = quant_venda + 1, quant_atual = quant_atual - 1 where id = 350; 
update estoque_total set total = total - 1 where medicamento_id = 350; 
insert into itens_venda values (default, 2185, 78, 78, 1, 13.10, 174.47); 
update estoque set quant_venda = quant_venda + 1, quant_atual = quant_atual - 1 where id = 78; 
update estoque_total set total = total - 1 where medicamento_id = 78; 

insert into venda values (2186, '2023-10-03 14:07:21', 12.88, null, null); 
insert into itens_venda values (default, 2186, 427, 427, 1, 0.10, 12.88); 
update estoque set quant_venda = quant_venda + 1, quant_atual = quant_atual - 1 where id = 427; 
update estoque_total set total = total - 1 where medicamento_id = 427; 

insert into venda values (2187, '2023-10-03 14:55:21', 318.40, null, null); 
insert into itens_venda values (default, 2187, 167, 167, 1, 6.50, 212.62); 
update estoque set quant_venda = quant_venda + 1, quant_atual = quant_atual - 1 where id = 167; 
update estoque_total set total = total - 1 where medicamento_id = 167; 
insert into itens_venda values (default, 2187, 410, 410, 1, 1.00, 105.78); 
update estoque set quant_venda = quant_venda + 1, quant_atual = quant_atual - 1 where id = 410; 
update estoque_total set total = total - 1 where medicamento_id = 410; 

insert into venda values (2188, '2023-10-03 15:06:49', 425.49, null, 24); 
insert into itens_venda values (default, 2188, 378, 378, 1, 0.00, 37.57); 
update estoque set quant_venda = quant_venda + 1, quant_atual = quant_atual - 1 where id = 378; 
update estoque_total set total = total - 1 where medicamento_id = 378; 
insert into itens_venda values (default, 2188, 172, 172, 1, 0.00, 136.34); 
update estoque set quant_venda = quant_venda + 1, quant_atual = quant_atual - 1 where id = 172; 
update estoque_total set total = total - 1 where medicamento_id = 172; 
insert into itens_venda values (default, 2188, 210, 210, 1, 2.50, 251.58); 
update estoque set quant_venda = quant_venda + 1, quant_atual = quant_atual - 1 where id = 210; 
update estoque_total set total = total - 1 where medicamento_id = 210; 

insert into venda values (2189, '2023-10-04 07:37:04', 50.36, null, null); 
insert into itens_venda values (default, 2189, 437, 437, 2, 2.00, 50.36); 
update estoque set quant_venda = quant_venda + 2, quant_atual = quant_atual - 2 where id = 437; 
update estoque_total set total = total - 2 where medicamento_id = 437; 

insert into venda values (2190, '2023-10-04 10:11:50', 157.46, 15, 23); 
insert into itens_venda values (default, 2190, 504, 504, 2, 1.20, 12.30); 
update estoque set quant_venda = quant_venda + 2, quant_atual = quant_atual - 2 where id = 504; 
update estoque_total set total = total - 2 where medicamento_id = 504; 
insert into itens_venda values (default, 2190, 393, 393, 1, 0.40, 24.12); 
update estoque set quant_venda = quant_venda + 1, quant_atual = quant_atual - 1 where id = 393; 
update estoque_total set total = total - 1 where medicamento_id = 393; 
insert into itens_venda values (default, 2190, 310, 310, 1, 2.40, 121.04); 
update estoque set quant_venda = quant_venda + 1, quant_atual = quant_atual - 1 where id = 310; 
update estoque_total set total = total - 1 where medicamento_id = 310; 

insert into venda values (2191, '2023-10-04 11:44:36', 35.34, null, null); 
insert into itens_venda values (default, 2191, 323, 323, 2, 0.00, 35.34); 
update estoque set quant_venda = quant_venda + 2, quant_atual = quant_atual - 2 where id = 323; 
update estoque_total set total = total - 2 where medicamento_id = 323; 

insert into venda values (2192, '2023-10-04 11:50:39', 102.19, null, null); 
insert into itens_venda values (default, 2192, 397, 397, 3, 0.50, 53.86); 
update estoque set quant_venda = quant_venda + 3, quant_atual = quant_atual - 3 where id = 397; 
update estoque_total set total = total - 3 where medicamento_id = 397; 
insert into itens_venda values (default, 2192, 488, 488, 1, 0.90, 48.33); 
update estoque set quant_venda = quant_venda + 1, quant_atual = quant_atual - 1 where id = 488; 
update estoque_total set total = total - 1 where medicamento_id = 488; 

insert into venda values (2193, '2023-10-04 14:31:29', 87.56, null, null); 
insert into itens_venda values (default, 2193, 234, 234, 2, 1.70, 87.56); 
update estoque set quant_venda = quant_venda + 2, quant_atual = quant_atual - 2 where id = 234; 
update estoque_total set total = total - 2 where medicamento_id = 234; 

insert into venda values (2194, '2023-10-05 06:39:00', 39.67, 18, null); 
insert into itens_venda values (default, 2194, 395, 395, 1, 1.60, 39.67); 
update estoque set quant_venda = quant_venda + 1, quant_atual = quant_atual - 1 where id = 395; 
update estoque_total set total = total - 1 where medicamento_id = 395; 

insert into venda values (2195, '2023-10-05 08:00:18', 239.43, null, null); 
insert into itens_venda values (default, 2195, 307, 307, 1, 2.40, 239.43); 
update estoque set quant_venda = quant_venda + 1, quant_atual = quant_atual - 1 where id = 307; 
update estoque_total set total = total - 1 where medicamento_id = 307; 

insert into venda values (2196, '2023-10-05 09:08:44', 197.62, 3, null); 
insert into itens_venda values (default, 2196, 408, 408, 1, 2.30, 114.23); 
update estoque set quant_venda = quant_venda + 1, quant_atual = quant_atual - 1 where id = 408; 
update estoque_total set total = total - 1 where medicamento_id = 408; 
insert into itens_venda values (default, 2196, 394, 394, 3, 2.50, 83.39); 
update estoque set quant_venda = quant_venda + 3, quant_atual = quant_atual - 3 where id = 394; 
update estoque_total set total = total - 3 where medicamento_id = 394; 

insert into venda values (2197, '2023-10-05 09:21:26', 57.38, null, null); 
insert into itens_venda values (default, 2197, 486, 486, 2, 0.00, 21.88); 
update estoque set quant_venda = quant_venda + 2, quant_atual = quant_atual - 2 where id = 486; 
update estoque_total set total = total - 2 where medicamento_id = 486; 
insert into itens_venda values (default, 2197, 458, 458, 1, 0.70, 35.50); 
update estoque set quant_venda = quant_venda + 1, quant_atual = quant_atual - 1 where id = 458; 
update estoque_total set total = total - 1 where medicamento_id = 458; 

insert into venda values (2198, '2023-10-05 10:03:19', 135.47, null, 24); 
insert into itens_venda values (default, 2198, 302, 302, 3, 0.80, 40.39); 
update estoque set quant_venda = quant_venda + 3, quant_atual = quant_atual - 3 where id = 302; 
update estoque_total set total = total - 3 where medicamento_id = 302; 
insert into itens_venda values (default, 2198, 373, 373, 1, 0.60, 34.13); 
update estoque set quant_venda = quant_venda + 1, quant_atual = quant_atual - 1 where id = 373; 
update estoque_total set total = total - 1 where medicamento_id = 373; 
insert into itens_venda values (default, 2198, 184, 184, 3, 2.50, 60.95); 
update estoque set quant_venda = quant_venda + 3, quant_atual = quant_atual - 3 where id = 184; 
update estoque_total set total = total - 3 where medicamento_id = 184; 

insert into venda values (2199, '2023-10-05 10:34:13', 93.13, null, null); 
insert into itens_venda values (default, 2199, 427, 427, 3, 1.50, 37.44); 
update estoque set quant_venda = quant_venda + 3, quant_atual = quant_atual - 3 where id = 427; 
update estoque_total set total = total - 3 where medicamento_id = 427; 
insert into itens_venda values (default, 2199, 462, 462, 3, 1.10, 55.69); 
update estoque set quant_venda = quant_venda + 3, quant_atual = quant_atual - 3 where id = 462; 
update estoque_total set total = total - 3 where medicamento_id = 462; 

insert into venda values (2200, '2023-10-05 11:08:19', 167.65, 7, null); 
insert into itens_venda values (default, 2200, 488, 488, 2, 0.90, 97.56); 
update estoque set quant_venda = quant_venda + 2, quant_atual = quant_atual - 2 where id = 488; 
update estoque_total set total = total - 2 where medicamento_id = 488; 
insert into itens_venda values (default, 2200, 421, 421, 1, 0.20, 8.99); 
update estoque set quant_venda = quant_venda + 1, quant_atual = quant_atual - 1 where id = 421; 
update estoque_total set total = total - 1 where medicamento_id = 421; 
insert into itens_venda values (default, 2200, 464, 464, 2, 3.80, 61.10); 
update estoque set quant_venda = quant_venda + 2, quant_atual = quant_atual - 2 where id = 464; 
update estoque_total set total = total - 2 where medicamento_id = 464; 

insert into venda values (2201, '2023-10-05 12:26:14', 178.70, 3, null); 
insert into itens_venda values (default, 2201, 273, 273, 1, 0.60, 32.56); 
update estoque set quant_venda = quant_venda + 1, quant_atual = quant_atual - 1 where id = 273; 
update estoque_total set total = total - 1 where medicamento_id = 273; 
insert into itens_venda values (default, 2201, 334, 334, 2, 10.00, 115.06); 
update estoque set quant_venda = quant_venda + 2, quant_atual = quant_atual - 2 where id = 334; 
update estoque_total set total = total - 2 where medicamento_id = 334; 
insert into itens_venda values (default, 2201, 398, 398, 2, 0.00, 31.08); 
update estoque set quant_venda = quant_venda + 2, quant_atual = quant_atual - 2 where id = 398; 
update estoque_total set total = total - 2 where medicamento_id = 398; 

insert into venda values (2202, '2023-10-05 12:55:10', 155.16, 1, null); 
insert into itens_venda values (default, 2202, 468, 468, 2, 5.90, 113.04); 
update estoque set quant_venda = quant_venda + 2, quant_atual = quant_atual - 2 where id = 468; 
update estoque_total set total = total - 2 where medicamento_id = 468; 
insert into itens_venda values (default, 2202, 326, 326, 1, 3.60, 42.12); 
update estoque set quant_venda = quant_venda + 1, quant_atual = quant_atual - 1 where id = 326; 
update estoque_total set total = total - 1 where medicamento_id = 326; 

insert into venda values (2203, '2023-10-05 13:41:18', 204.88, null, null); 
insert into itens_venda values (default, 2203, 423, 423, 3, 1.90, 46.07); 
update estoque set quant_venda = quant_venda + 3, quant_atual = quant_atual - 3 where id = 423; 
update estoque_total set total = total - 3 where medicamento_id = 423; 
insert into itens_venda values (default, 2203, 482, 482, 3, 0.40, 48.71); 
update estoque set quant_venda = quant_venda + 3, quant_atual = quant_atual - 3 where id = 482; 
update estoque_total set total = total - 3 where medicamento_id = 482; 
insert into itens_venda values (default, 2203, 129, 129, 2, 4.50, 110.10); 
update estoque set quant_venda = quant_venda + 2, quant_atual = quant_atual - 2 where id = 129; 
update estoque_total set total = total - 2 where medicamento_id = 129; 

insert into venda values (2204, '2023-10-05 14:25:14', 167.90, 3, null); 
insert into itens_venda values (default, 2204, 470, 470, 2, 6.90, 167.90); 
update estoque set quant_venda = quant_venda + 2, quant_atual = quant_atual - 2 where id = 470; 
update estoque_total set total = total - 2 where medicamento_id = 470; 

insert into venda values (2205, '2023-10-05 15:16:55', 185.29, 15, 24); 
insert into itens_venda values (default, 2205, 483, 483, 2, 5.00, 95.42); 
update estoque set quant_venda = quant_venda + 2, quant_atual = quant_atual - 2 where id = 483; 
update estoque_total set total = total - 2 where medicamento_id = 483; 
insert into itens_venda values (default, 2205, 258, 258, 1, 1.90, 61.55); 
update estoque set quant_venda = quant_venda + 1, quant_atual = quant_atual - 1 where id = 258; 
update estoque_total set total = total - 1 where medicamento_id = 258; 
insert into itens_venda values (default, 2205, 290, 290, 1, 2.70, 28.32); 
update estoque set quant_venda = quant_venda + 1, quant_atual = quant_atual - 1 where id = 290; 
update estoque_total set total = total - 1 where medicamento_id = 290; 

insert into venda values (2206, '2023-10-05 16:14:17', 169.40, null, null); 
insert into itens_venda values (default, 2206, 154, 154, 2, 2.70, 134.60); 
update estoque set quant_venda = quant_venda + 2, quant_atual = quant_atual - 2 where id = 154; 
update estoque_total set total = total - 2 where medicamento_id = 154; 
insert into itens_venda values (default, 2206, 458, 458, 1, 1.40, 34.80); 
update estoque set quant_venda = quant_venda + 1, quant_atual = quant_atual - 1 where id = 458; 
update estoque_total set total = total - 1 where medicamento_id = 458; 

insert into venda values (2207, '2023-10-06 06:20:21', 182.85, null, null); 
insert into itens_venda values (default, 2207, 496, 496, 3, 0.60, 21.51); 
update estoque set quant_venda = quant_venda + 3, quant_atual = quant_atual - 3 where id = 496; 
update estoque_total set total = total - 3 where medicamento_id = 496; 
insert into itens_venda values (default, 2207, 343, 343, 1, 0.30, 31.14); 
update estoque set quant_venda = quant_venda + 1, quant_atual = quant_atual - 1 where id = 343; 
update estoque_total set total = total - 1 where medicamento_id = 343; 
insert into itens_venda values (default, 2207, 387, 387, 2, 0.00, 130.20); 
update estoque set quant_venda = quant_venda + 2, quant_atual = quant_atual - 2 where id = 387; 
update estoque_total set total = total - 2 where medicamento_id = 387; 

insert into venda values (2208, '2023-10-06 07:40:13', 111.56, 8, null); 
insert into itens_venda values (default, 2208, 440, 440, 2, 5.50, 73.32); 
update estoque set quant_venda = quant_venda + 2, quant_atual = quant_atual - 2 where id = 440; 
update estoque_total set total = total - 2 where medicamento_id = 440; 
insert into itens_venda values (default, 2208, 427, 427, 3, 0.70, 38.24); 
update estoque set quant_venda = quant_venda + 3, quant_atual = quant_atual - 3 where id = 427; 
update estoque_total set total = total - 3 where medicamento_id = 427; 

insert into venda values (2209, '2023-10-06 08:01:32', 70.20, null, null); 
insert into itens_venda values (default, 2209, 443, 443, 3, 0.00, 70.20); 
update estoque set quant_venda = quant_venda + 3, quant_atual = quant_atual - 3 where id = 443; 
update estoque_total set total = total - 3 where medicamento_id = 443; 

insert into venda values (2210, '2023-10-06 09:02:35', 340.21, null, null); 
insert into itens_venda values (default, 2210, 77, 77, 1, 4.70, 232.47); 
update estoque set quant_venda = quant_venda + 1, quant_atual = quant_atual - 1 where id = 77; 
update estoque_total set total = total - 1 where medicamento_id = 77; 
insert into itens_venda values (default, 2210, 461, 461, 3, 1.60, 54.17); 
update estoque set quant_venda = quant_venda + 3, quant_atual = quant_atual - 3 where id = 461; 
update estoque_total set total = total - 3 where medicamento_id = 461; 
insert into itens_venda values (default, 2210, 461, 461, 3, 2.20, 53.57); 
update estoque set quant_venda = quant_venda + 3, quant_atual = quant_atual - 3 where id = 461; 
update estoque_total set total = total - 3 where medicamento_id = 461; 

insert into venda values (2211, '2023-10-06 10:11:33', 126.28, null, null); 
insert into itens_venda values (default, 2211, 436, 436, 2, 5.20, 126.28); 
update estoque set quant_venda = quant_venda + 2, quant_atual = quant_atual - 2 where id = 436; 
update estoque_total set total = total - 2 where medicamento_id = 436; 

insert into venda values (2212, '2023-10-06 10:46:23', 145.58, null, null); 
insert into itens_venda values (default, 2212, 392, 392, 3, 1.60, 40.28); 
update estoque set quant_venda = quant_venda + 3, quant_atual = quant_atual - 3 where id = 392; 
update estoque_total set total = total - 3 where medicamento_id = 392; 
insert into itens_venda values (default, 2212, 455, 455, 1, 2.00, 48.17); 
update estoque set quant_venda = quant_venda + 1, quant_atual = quant_atual - 1 where id = 455; 
update estoque_total set total = total - 1 where medicamento_id = 455; 
insert into itens_venda values (default, 2212, 375, 375, 3, 2.30, 57.13); 
update estoque set quant_venda = quant_venda + 3, quant_atual = quant_atual - 3 where id = 375; 
update estoque_total set total = total - 3 where medicamento_id = 375; 

insert into venda values (2213, '2023-10-06 11:50:14', 215.39, null, 24); 
insert into itens_venda values (default, 2213, 432, 432, 2, 0.00, 9.40); 
update estoque set quant_venda = quant_venda + 2, quant_atual = quant_atual - 2 where id = 432; 
update estoque_total set total = total - 2 where medicamento_id = 432; 
insert into itens_venda values (default, 2213, 189, 189, 1, 2.00, 205.99); 
update estoque set quant_venda = quant_venda + 1, quant_atual = quant_atual - 1 where id = 189; 
update estoque_total set total = total - 1 where medicamento_id = 189; 

insert into venda values (2214, '2023-10-06 11:53:31', 48.34, 12, null); 
insert into itens_venda values (default, 2214, 476, 476, 2, 0.00, 48.34); 
update estoque set quant_venda = quant_venda + 2, quant_atual = quant_atual - 2 where id = 476; 
update estoque_total set total = total - 2 where medicamento_id = 476; 

insert into venda values (2215, '2023-10-06 12:19:47', 169.94, 10, null); 
insert into itens_venda values (default, 2215, 412, 412, 2, 7.00, 169.94); 
update estoque set quant_venda = quant_venda + 2, quant_atual = quant_atual - 2 where id = 412; 
update estoque_total set total = total - 2 where medicamento_id = 412; 

insert into venda values (2216, '2023-10-07 06:26:46', 45.78, null, null); 
insert into itens_venda values (default, 2216, 501, 501, 2, 0.40, 45.78); 
update estoque set quant_venda = quant_venda + 2, quant_atual = quant_atual - 2 where id = 501; 
update estoque_total set total = total - 2 where medicamento_id = 501; 

insert into venda values (2217, '2023-10-07 06:53:15', 453.55, 13, null); 
insert into itens_venda values (default, 2217, 305, 305, 2, 4.30, 82.62); 
update estoque set quant_venda = quant_venda + 2, quant_atual = quant_atual - 2 where id = 305; 
update estoque_total set total = total - 2 where medicamento_id = 305; 
insert into itens_venda values (default, 2217, 230, 230, 1, 31.70, 364.88); 
update estoque set quant_venda = quant_venda + 1, quant_atual = quant_atual - 1 where id = 230; 
update estoque_total set total = total - 1 where medicamento_id = 230; 
insert into itens_venda values (default, 2217, 242, 242, 1, 0.10, 6.05); 
update estoque set quant_venda = quant_venda + 1, quant_atual = quant_atual - 1 where id = 242; 
update estoque_total set total = total - 1 where medicamento_id = 242; 

insert into venda values (2218, '2023-10-07 07:18:29', 82.12, null, null); 
insert into itens_venda values (default, 2218, 275, 275, 1, 1.60, 82.12); 
update estoque set quant_venda = quant_venda + 1, quant_atual = quant_atual - 1 where id = 275; 
update estoque_total set total = total - 1 where medicamento_id = 275; 

insert into venda values (2219, '2023-10-07 08:14:34', 118.48, 4, null); 
insert into itens_venda values (default, 2219, 401, 401, 1, 2.00, 31.64); 
update estoque set quant_venda = quant_venda + 1, quant_atual = quant_atual - 1 where id = 401; 
update estoque_total set total = total - 1 where medicamento_id = 401; 
insert into itens_venda values (default, 2219, 138, 138, 2, 1.70, 86.84); 
update estoque set quant_venda = quant_venda + 2, quant_atual = quant_atual - 2 where id = 138; 
update estoque_total set total = total - 2 where medicamento_id = 138; 

insert into venda values (2220, '2023-10-07 08:42:13', 103.90, 13, null); 
insert into itens_venda values (default, 2220, 491, 491, 2, 9.00, 103.90); 
update estoque set quant_venda = quant_venda + 2, quant_atual = quant_atual - 2 where id = 491; 
update estoque_total set total = total - 2 where medicamento_id = 491; 

insert into venda values (2221, '2023-10-07 08:59:18', 32.10, 15, null); 
insert into itens_venda values (default, 2221, 404, 404, 2, 0.30, 32.10); 
update estoque set quant_venda = quant_venda + 2, quant_atual = quant_atual - 2 where id = 404; 
update estoque_total set total = total - 2 where medicamento_id = 404; 

insert into venda values (2222, '2023-10-07 10:14:22', 161.02, 17, 21); 
insert into itens_venda values (default, 2222, 463, 463, 2, 0.20, 26.50); 
update estoque set quant_venda = quant_venda + 2, quant_atual = quant_atual - 2 where id = 463; 
update estoque_total set total = total - 2 where medicamento_id = 463; 
insert into itens_venda values (default, 2222, 354, 354, 2, 11.60, 134.52); 
update estoque set quant_venda = quant_venda + 2, quant_atual = quant_atual - 2 where id = 354; 
update estoque_total set total = total - 2 where medicamento_id = 354; 

insert into venda values (2223, '2023-10-07 11:00:03', 196.28, null, null); 
insert into itens_venda values (default, 2223, 267, 267, 1, 7.00, 170.13); 
update estoque set quant_venda = quant_venda + 1, quant_atual = quant_atual - 1 where id = 267; 
update estoque_total set total = total - 1 where medicamento_id = 267; 
insert into itens_venda values (default, 2223, 433, 433, 1, 1.00, 26.15); 
update estoque set quant_venda = quant_venda + 1, quant_atual = quant_atual - 1 where id = 433; 
update estoque_total set total = total - 1 where medicamento_id = 433; 

insert into venda values (2224, '2023-10-07 11:11:57', 31.74, 19, null); 
insert into itens_venda values (default, 2224, 495, 495, 3, 0.30, 31.74); 
update estoque set quant_venda = quant_venda + 3, quant_atual = quant_atual - 3 where id = 495; 
update estoque_total set total = total - 3 where medicamento_id = 495; 

insert into venda values (2225, '2023-10-07 11:42:37', 124.88, null, null); 
insert into itens_venda values (default, 2225, 433, 433, 1, 0.80, 26.35); 
update estoque set quant_venda = quant_venda + 1, quant_atual = quant_atual - 1 where id = 433; 
update estoque_total set total = total - 1 where medicamento_id = 433; 
insert into itens_venda values (default, 2225, 342, 342, 1, 0.80, 42.11); 
update estoque set quant_venda = quant_venda + 1, quant_atual = quant_atual - 1 where id = 342; 
update estoque_total set total = total - 1 where medicamento_id = 342; 
insert into itens_venda values (default, 2225, 478, 478, 1, 1.10, 56.42); 
update estoque set quant_venda = quant_venda + 1, quant_atual = quant_atual - 1 where id = 478; 
update estoque_total set total = total - 1 where medicamento_id = 478; 

insert into venda values (2226, '2023-10-07 12:06:44', 357.70, null, 22); 
insert into itens_venda values (default, 2226, 472, 472, 2, 1.10, 57.54); 
update estoque set quant_venda = quant_venda + 2, quant_atual = quant_atual - 2 where id = 472; 
update estoque_total set total = total - 2 where medicamento_id = 472; 
insert into itens_venda values (default, 2226, 268, 268, 1, 8.70, 282.37); 
update estoque set quant_venda = quant_venda + 1, quant_atual = quant_atual - 1 where id = 268; 
update estoque_total set total = total - 1 where medicamento_id = 268; 
insert into itens_venda values (default, 2226, 471, 471, 1, 0.10, 17.79); 
update estoque set quant_venda = quant_venda + 1, quant_atual = quant_atual - 1 where id = 471; 
update estoque_total set total = total - 1 where medicamento_id = 471; 

insert into venda values (2227, '2023-10-07 13:23:13', 112.94, null, 21); 
insert into itens_venda values (default, 2227, 186, 186, 2, 2.30, 112.94); 
update estoque set quant_venda = quant_venda + 2, quant_atual = quant_atual - 2 where id = 186; 
update estoque_total set total = total - 2 where medicamento_id = 186; 

insert into venda values (2228, '2023-10-07 13:55:22', 212.58, null, null); 
insert into itens_venda values (default, 2228, 446, 446, 1, 5.20, 126.62); 
update estoque set quant_venda = quant_venda + 1, quant_atual = quant_atual - 1 where id = 446; 
update estoque_total set total = total - 1 where medicamento_id = 446; 
insert into itens_venda values (default, 2228, 279, 279, 3, 2.60, 85.96); 
update estoque set quant_venda = quant_venda + 3, quant_atual = quant_atual - 3 where id = 279; 
update estoque_total set total = total - 3 where medicamento_id = 279; 

insert into venda values (2229, '2023-10-08 08:18:29', 53.18, 8, null); 
insert into itens_venda values (default, 2229, 416, 416, 1, 2.00, 20.76); 
update estoque set quant_venda = quant_venda + 1, quant_atual = quant_atual - 1 where id = 416; 
update estoque_total set total = total - 1 where medicamento_id = 416; 
insert into itens_venda values (default, 2229, 377, 377, 1, 0.00, 16.73); 
update estoque set quant_venda = quant_venda + 1, quant_atual = quant_atual - 1 where id = 377; 
update estoque_total set total = total - 1 where medicamento_id = 377; 
insert into itens_venda values (default, 2229, 423, 423, 1, 0.30, 15.69); 
update estoque set quant_venda = quant_venda + 1, quant_atual = quant_atual - 1 where id = 423; 
update estoque_total set total = total - 1 where medicamento_id = 423; 

insert into venda values (2230, '2023-10-08 08:34:04', 27.44, 13, null); 
insert into itens_venda values (default, 2230, 328, 328, 1, 2.70, 27.44); 
update estoque set quant_venda = quant_venda + 1, quant_atual = quant_atual - 1 where id = 328; 
update estoque_total set total = total - 1 where medicamento_id = 328; 

insert into venda values (2231, '2023-10-08 08:53:11', 127.92, null, null); 
insert into itens_venda values (default, 2231, 498, 498, 2, 0.70, 70.16); 
update estoque set quant_venda = quant_venda + 2, quant_atual = quant_atual - 2 where id = 498; 
update estoque_total set total = total - 2 where medicamento_id = 498; 
insert into itens_venda values (default, 2231, 293, 293, 2, 0.50, 57.76); 
update estoque set quant_venda = quant_venda + 2, quant_atual = quant_atual - 2 where id = 293; 
update estoque_total set total = total - 2 where medicamento_id = 293; 

insert into venda values (2232, '2023-10-08 11:29:13', 372.98, null, null); 
insert into itens_venda values (default, 2232, 495, 495, 3, 1.20, 30.84); 
update estoque set quant_venda = quant_venda + 3, quant_atual = quant_atual - 3 where id = 495; 
update estoque_total set total = total - 3 where medicamento_id = 495; 
insert into itens_venda values (default, 2232, 180, 180, 1, 6.80, 165.44); 
update estoque set quant_venda = quant_venda + 1, quant_atual = quant_atual - 1 where id = 180; 
update estoque_total set total = total - 1 where medicamento_id = 180; 
insert into itens_venda values (default, 2232, 250, 250, 2, 0.00, 176.70); 
update estoque set quant_venda = quant_venda + 2, quant_atual = quant_atual - 2 where id = 250; 
update estoque_total set total = total - 2 where medicamento_id = 250; 

insert into venda values (2233, '2023-10-08 11:44:47', 179.56, null, 24); 
insert into itens_venda values (default, 2233, 359, 359, 1, 2.70, 87.88); 
update estoque set quant_venda = quant_venda + 1, quant_atual = quant_atual - 1 where id = 359; 
update estoque_total set total = total - 1 where medicamento_id = 359; 
insert into itens_venda values (default, 2233, 142, 142, 1, 0.00, 91.68); 
update estoque set quant_venda = quant_venda + 1, quant_atual = quant_atual - 1 where id = 142; 
update estoque_total set total = total - 1 where medicamento_id = 142; 

insert into venda values (2234, '2023-10-08 14:04:28', 545.76, 1, 25); 
insert into itens_venda values (default, 2234, 302, 302, 2, 0.50, 26.96); 
update estoque set quant_venda = quant_venda + 2, quant_atual = quant_atual - 2 where id = 302; 
update estoque_total set total = total - 2 where medicamento_id = 302; 
insert into itens_venda values (default, 2234, 163, 163, 1, 1.60, 163.42); 
update estoque set quant_venda = quant_venda + 1, quant_atual = quant_atual - 1 where id = 163; 
update estoque_total set total = total - 1 where medicamento_id = 163; 
insert into itens_venda values (default, 2234, 87, 87, 1, 35.10, 355.38); 
update estoque set quant_venda = quant_venda + 1, quant_atual = quant_atual - 1 where id = 87; 
update estoque_total set total = total - 1 where medicamento_id = 87; 

insert into venda values (2235, '2023-10-09 06:55:13', 43.92, 7, null); 
insert into itens_venda values (default, 2235, 326, 326, 1, 1.80, 43.92); 
update estoque set quant_venda = quant_venda + 1, quant_atual = quant_atual - 1 where id = 326; 
update estoque_total set total = total - 1 where medicamento_id = 326; 

insert into venda values (2236, '2023-10-09 07:01:39', 173.20, 10, null); 
insert into itens_venda values (default, 2236, 463, 463, 1, 1.00, 12.35); 
update estoque set quant_venda = quant_venda + 1, quant_atual = quant_atual - 1 where id = 463; 
update estoque_total set total = total - 1 where medicamento_id = 463; 
insert into itens_venda values (default, 2236, 52, 52, 1, 7.70, 78.05); 
update estoque set quant_venda = quant_venda + 1, quant_atual = quant_atual - 1 where id = 52; 
update estoque_total set total = total - 1 where medicamento_id = 52; 
insert into itens_venda values (default, 2236, 391, 391, 1, 6.20, 82.80); 
update estoque set quant_venda = quant_venda + 1, quant_atual = quant_atual - 1 where id = 391; 
update estoque_total set total = total - 1 where medicamento_id = 391; 

insert into venda values (2237, '2023-10-09 09:09:24', 340.50, null, null); 
insert into itens_venda values (default, 2237, 257, 257, 1, 3.40, 340.50); 
update estoque set quant_venda = quant_venda + 1, quant_atual = quant_atual - 1 where id = 257; 
update estoque_total set total = total - 1 where medicamento_id = 257; 

insert into venda values (2238, '2023-10-09 11:24:50', 423.66, 16, null); 
insert into itens_venda values (default, 2238, 176, 176, 1, 13.60, 327.24); 
update estoque set quant_venda = quant_venda + 1, quant_atual = quant_atual - 1 where id = 176; 
update estoque_total set total = total - 1 where medicamento_id = 176; 
insert into itens_venda values (default, 2238, 475, 475, 1, 0.60, 19.50); 
update estoque set quant_venda = quant_venda + 1, quant_atual = quant_atual - 1 where id = 475; 
update estoque_total set total = total - 1 where medicamento_id = 475; 
insert into itens_venda values (default, 2238, 388, 388, 2, 2.30, 76.92); 
update estoque set quant_venda = quant_venda + 2, quant_atual = quant_atual - 2 where id = 388; 
update estoque_total set total = total - 2 where medicamento_id = 388; 

insert into venda values (2239, '2023-10-09 14:04:13', 275.86, null, null); 
insert into itens_venda values (default, 2239, 172, 172, 1, 1.30, 135.04); 
update estoque set quant_venda = quant_venda + 1, quant_atual = quant_atual - 1 where id = 172; 
update estoque_total set total = total - 1 where medicamento_id = 172; 
insert into itens_venda values (default, 2239, 489, 489, 2, 0.80, 87.18); 
update estoque set quant_venda = quant_venda + 2, quant_atual = quant_atual - 2 where id = 489; 
update estoque_total set total = total - 2 where medicamento_id = 489; 
insert into itens_venda values (default, 2239, 282, 282, 1, 0.00, 53.64); 
update estoque set quant_venda = quant_venda + 1, quant_atual = quant_atual - 1 where id = 282; 
update estoque_total set total = total - 1 where medicamento_id = 282; 
insert into estoque values (default, 282, 'lote 297745', '2023-10-09', '2024-04-06', 38.8, 30, 0, 30); 
update estoque_total set total = total + 30 where medicamento_id = 282; 

insert into venda values (2240, '2023-10-09 15:40:56', 115.10, 10, null); 
insert into itens_venda values (default, 2240, 372, 372, 1, 4.30, 103.20); 
update estoque set quant_venda = quant_venda + 1, quant_atual = quant_atual - 1 where id = 372; 
update estoque_total set total = total - 1 where medicamento_id = 372; 
insert into itens_venda values (default, 2240, 242, 242, 2, 0.40, 11.90); 
update estoque set quant_venda = quant_venda + 2, quant_atual = quant_atual - 2 where id = 242; 
update estoque_total set total = total - 2 where medicamento_id = 242; 

insert into venda values (2241, '2023-10-09 16:46:40', 43.99, null, null); 
insert into itens_venda values (default, 2241, 489, 489, 1, 0.00, 43.99); 
update estoque set quant_venda = quant_venda + 1, quant_atual = quant_atual - 1 where id = 489; 
update estoque_total set total = total - 1 where medicamento_id = 489; 

insert into venda values (2242, '2023-10-10 06:15:49', 451.25, null, 23); 
insert into itens_venda values (default, 2242, 372, 372, 1, 4.30, 103.20); 
update estoque set quant_venda = quant_venda + 1, quant_atual = quant_atual - 1 where id = 372; 
update estoque_total set total = total - 1 where medicamento_id = 372; 
insert into itens_venda values (default, 2242, 191, 191, 1, 14.40, 348.05); 
update estoque set quant_venda = quant_venda + 1, quant_atual = quant_atual - 1 where id = 191; 
update estoque_total set total = total - 1 where medicamento_id = 191; 

insert into venda values (2243, '2023-10-10 07:25:41', 49.36, 16, null); 
insert into itens_venda values (default, 2243, 447, 447, 2, 3.70, 49.36); 
update estoque set quant_venda = quant_venda + 2, quant_atual = quant_atual - 2 where id = 447; 
update estoque_total set total = total - 2 where medicamento_id = 447; 

insert into venda values (2244, '2023-10-10 07:46:26', 87.88, 14, null); 
insert into itens_venda values (default, 2244, 459, 459, 1, 0.60, 33.32); 
update estoque set quant_venda = quant_venda + 1, quant_atual = quant_atual - 1 where id = 459; 
update estoque_total set total = total - 1 where medicamento_id = 459; 
insert into itens_venda values (default, 2244, 324, 324, 3, 4.00, 54.56); 
update estoque set quant_venda = quant_venda + 3, quant_atual = quant_atual - 3 where id = 324; 
update estoque_total set total = total - 3 where medicamento_id = 324; 

insert into venda values (2245, '2023-10-10 09:09:27', 291.45, null, 22); 
insert into itens_venda values (default, 2245, 347, 347, 1, 0.60, 61.73); 
update estoque set quant_venda = quant_venda + 1, quant_atual = quant_atual - 1 where id = 347; 
update estoque_total set total = total - 1 where medicamento_id = 347; 
insert into itens_venda values (default, 2245, 304, 304, 2, 0.00, 54.92); 
update estoque set quant_venda = quant_venda + 2, quant_atual = quant_atual - 2 where id = 304; 
update estoque_total set total = total - 2 where medicamento_id = 304; 
insert into itens_venda values (default, 2245, 470, 470, 2, 0.00, 174.80); 
update estoque set quant_venda = quant_venda + 2, quant_atual = quant_atual - 2 where id = 470; 
update estoque_total set total = total - 2 where medicamento_id = 470; 

insert into venda values (2246, '2023-10-10 10:11:09', 85.57, null, null); 
insert into itens_venda values (default, 2246, 475, 475, 2, 1.20, 39.00); 
update estoque set quant_venda = quant_venda + 2, quant_atual = quant_atual - 2 where id = 475; 
update estoque_total set total = total - 2 where medicamento_id = 475; 
insert into itens_venda values (default, 2246, 422, 422, 3, 1.40, 46.57); 
update estoque set quant_venda = quant_venda + 3, quant_atual = quant_atual - 3 where id = 422; 
update estoque_total set total = total - 3 where medicamento_id = 422; 

insert into venda values (2247, '2023-10-10 10:25:22', 125.58, null, null); 
insert into itens_venda values (default, 2247, 468, 468, 1, 0.50, 58.97); 
update estoque set quant_venda = quant_venda + 1, quant_atual = quant_atual - 1 where id = 468; 
update estoque_total set total = total - 1 where medicamento_id = 468; 
insert into itens_venda values (default, 2247, 441, 441, 1, 0.20, 28.30); 
update estoque set quant_venda = quant_venda + 1, quant_atual = quant_atual - 1 where id = 441; 
update estoque_total set total = total - 1 where medicamento_id = 441; 
insert into itens_venda values (default, 2247, 440, 440, 1, 1.10, 38.31); 
update estoque set quant_venda = quant_venda + 1, quant_atual = quant_atual - 1 where id = 440; 
update estoque_total set total = total - 1 where medicamento_id = 440; 

insert into venda values (2248, '2023-10-10 10:36:17', 73.62, null, null); 
insert into itens_venda values (default, 2248, 390, 390, 2, 3.00, 73.62); 
update estoque set quant_venda = quant_venda + 2, quant_atual = quant_atual - 2 where id = 390; 
update estoque_total set total = total - 2 where medicamento_id = 390; 

insert into venda values (2249, '2023-10-10 11:36:08', 345.33, 9, null); 
insert into itens_venda values (default, 2249, 458, 458, 2, 4.30, 68.10); 
update estoque set quant_venda = quant_venda + 2, quant_atual = quant_atual - 2 where id = 458; 
update estoque_total set total = total - 2 where medicamento_id = 458; 
insert into itens_venda values (default, 2249, 466, 466, 1, 7.40, 117.48); 
update estoque set quant_venda = quant_venda + 1, quant_atual = quant_atual - 1 where id = 466; 
update estoque_total set total = total - 1 where medicamento_id = 466; 
insert into itens_venda values (default, 2249, 60, 60, 1, 8.40, 159.75); 
update estoque set quant_venda = quant_venda + 1, quant_atual = quant_atual - 1 where id = 60; 
update estoque_total set total = total - 1 where medicamento_id = 60; 

insert into venda values (2250, '2023-10-10 11:37:26', 346.66, null, null); 
insert into itens_venda values (default, 2250, 477, 477, 1, 0.60, 64.44); 
update estoque set quant_venda = quant_venda + 1, quant_atual = quant_atual - 1 where id = 477; 
update estoque_total set total = total - 1 where medicamento_id = 477; 
insert into itens_venda values (default, 2250, 400, 400, 1, 5.40, 130.80); 
update estoque set quant_venda = quant_venda + 1, quant_atual = quant_atual - 1 where id = 400; 
update estoque_total set total = total - 1 where medicamento_id = 400; 
insert into itens_venda values (default, 2250, 65, 65, 2, 3.00, 151.42); 
update estoque set quant_venda = quant_venda + 2, quant_atual = quant_atual - 2 where id = 65; 
update estoque_total set total = total - 2 where medicamento_id = 65; 

insert into venda values (2251, '2023-10-10 12:40:46', 360.09, 13, 24); 
insert into itens_venda values (default, 2251, 260, 260, 2, 0.00, 152.14); 
update estoque set quant_venda = quant_venda + 2, quant_atual = quant_atual - 2 where id = 260; 
update estoque_total set total = total - 2 where medicamento_id = 260; 
insert into itens_venda values (default, 2251, 236, 236, 1, 6.60, 126.21); 
update estoque set quant_venda = quant_venda + 1, quant_atual = quant_atual - 1 where id = 236; 
update estoque_total set total = total - 1 where medicamento_id = 236; 
insert into itens_venda values (default, 2251, 395, 395, 2, 0.80, 81.74); 
update estoque set quant_venda = quant_venda + 2, quant_atual = quant_atual - 2 where id = 395; 
update estoque_total set total = total - 2 where medicamento_id = 395; 

insert into venda values (2252, '2023-10-11 07:13:32', 200.22, 18, null); 
insert into itens_venda values (default, 2252, 405, 405, 2, 0.70, 71.32); 
update estoque set quant_venda = quant_venda + 2, quant_atual = quant_atual - 2 where id = 405; 
update estoque_total set total = total - 2 where medicamento_id = 405; 
insert into itens_venda values (default, 2252, 387, 387, 2, 1.30, 128.90); 
update estoque set quant_venda = quant_venda + 2, quant_atual = quant_atual - 2 where id = 387; 
update estoque_total set total = total - 2 where medicamento_id = 387; 

insert into venda values (2253, '2023-10-11 07:45:37', 126.22, 9, null); 
insert into itens_venda values (default, 2253, 335, 335, 2, 1.50, 49.54); 
update estoque set quant_venda = quant_venda + 2, quant_atual = quant_atual - 2 where id = 335; 
update estoque_total set total = total - 2 where medicamento_id = 335; 
insert into itens_venda values (default, 2253, 345, 345, 3, 1.50, 76.68); 
update estoque set quant_venda = quant_venda + 3, quant_atual = quant_atual - 3 where id = 345; 
update estoque_total set total = total - 3 where medicamento_id = 345; 

insert into venda values (2254, '2023-10-11 09:02:34', 139.78, 16, null); 
insert into itens_venda values (default, 2254, 363, 363, 2, 4.30, 139.78); 
update estoque set quant_venda = quant_venda + 2, quant_atual = quant_atual - 2 where id = 363; 
update estoque_total set total = total - 2 where medicamento_id = 363; 

insert into venda values (2255, '2023-10-11 09:47:01', 416.34, 14, 22); 
insert into itens_venda values (default, 2255, 186, 186, 2, 1.10, 114.14); 
update estoque set quant_venda = quant_venda + 2, quant_atual = quant_atual - 2 where id = 186; 
update estoque_total set total = total - 2 where medicamento_id = 186; 
insert into itens_venda values (default, 2255, 26, 26, 1, 19.20, 302.20); 
update estoque set quant_venda = quant_venda + 1, quant_atual = quant_atual - 1 where id = 26; 
update estoque_total set total = total - 1 where medicamento_id = 26; 

insert into venda values (2256, '2023-10-11 10:17:35', 147.90, null, null); 
insert into itens_venda values (default, 2256, 502, 502, 2, 0.80, 42.82); 
update estoque set quant_venda = quant_venda + 2, quant_atual = quant_atual - 2 where id = 502; 
update estoque_total set total = total - 2 where medicamento_id = 502; 
insert into itens_venda values (default, 2256, 402, 402, 2, 0.00, 33.74); 
update estoque set quant_venda = quant_venda + 2, quant_atual = quant_atual - 2 where id = 402; 
update estoque_total set total = total - 2 where medicamento_id = 402; 
insert into itens_venda values (default, 2256, 363, 363, 1, 0.70, 71.34); 
update estoque set quant_venda = quant_venda + 1, quant_atual = quant_atual - 1 where id = 363; 
update estoque_total set total = total - 1 where medicamento_id = 363; 

insert into venda values (2257, '2023-10-11 10:32:32', 236.46, null, null); 
insert into itens_venda values (default, 2257, 482, 482, 3, 0.40, 48.71); 
update estoque set quant_venda = quant_venda + 3, quant_atual = quant_atual - 3 where id = 482; 
update estoque_total set total = total - 3 where medicamento_id = 482; 
insert into itens_venda values (default, 2257, 119, 119, 1, 3.00, 151.97); 
update estoque set quant_venda = quant_venda + 1, quant_atual = quant_atual - 1 where id = 119; 
update estoque_total set total = total - 1 where medicamento_id = 119; 
insert into itens_venda values (default, 2257, 461, 461, 2, 1.40, 35.78); 
update estoque set quant_venda = quant_venda + 2, quant_atual = quant_atual - 2 where id = 461; 
update estoque_total set total = total - 2 where medicamento_id = 461; 

insert into venda values (2258, '2023-10-11 10:43:42', 90.00, 18, null); 
insert into itens_venda values (default, 2258, 440, 440, 1, 0.70, 38.71); 
update estoque set quant_venda = quant_venda + 1, quant_atual = quant_atual - 1 where id = 440; 
update estoque_total set total = total - 1 where medicamento_id = 440; 
insert into itens_venda values (default, 2258, 438, 438, 1, 1.00, 51.29); 
update estoque set quant_venda = quant_venda + 1, quant_atual = quant_atual - 1 where id = 438; 
update estoque_total set total = total - 1 where medicamento_id = 438; 

insert into venda values (2259, '2023-10-11 11:44:33', 89.88, null, null); 
insert into itens_venda values (default, 2259, 142, 142, 1, 1.80, 89.88); 
update estoque set quant_venda = quant_venda + 1, quant_atual = quant_atual - 1 where id = 142; 
update estoque_total set total = total - 1 where medicamento_id = 142; 

insert into venda values (2260, '2023-10-11 13:04:01', 69.60, 5, null); 
insert into itens_venda values (default, 2260, 458, 458, 2, 2.80, 69.60); 
update estoque set quant_venda = quant_venda + 2, quant_atual = quant_atual - 2 where id = 458; 
update estoque_total set total = total - 2 where medicamento_id = 458; 

insert into venda values (2261, '2023-10-12 06:28:40', 282.89, null, null); 
insert into itens_venda values (default, 2261, 487, 487, 1, 0.00, 188.03); 
update estoque set quant_venda = quant_venda + 1, quant_atual = quant_atual - 1 where id = 487; 
update estoque_total set total = total - 1 where medicamento_id = 487; 
insert into itens_venda values (default, 2261, 305, 305, 1, 0.00, 43.46); 
update estoque set quant_venda = quant_venda + 1, quant_atual = quant_atual - 1 where id = 305; 
update estoque_total set total = total - 1 where medicamento_id = 305; 
insert into itens_venda values (default, 2261, 312, 312, 2, 1.50, 51.40); 
update estoque set quant_venda = quant_venda + 2, quant_atual = quant_atual - 2 where id = 312; 
update estoque_total set total = total - 2 where medicamento_id = 312; 

insert into venda values (2262, '2023-10-12 06:55:52', 16.52, null, null); 
insert into itens_venda values (default, 2262, 365, 365, 1, 0.00, 16.52); 
update estoque set quant_venda = quant_venda + 1, quant_atual = quant_atual - 1 where id = 365; 
update estoque_total set total = total - 1 where medicamento_id = 365; 

insert into venda values (2263, '2023-10-12 07:55:08', 327.70, null, null); 
insert into itens_venda values (default, 2263, 396, 396, 1, 13.60, 327.70); 
update estoque set quant_venda = quant_venda + 1, quant_atual = quant_atual - 1 where id = 396; 
update estoque_total set total = total - 1 where medicamento_id = 396; 

insert into venda values (2264, '2023-10-12 08:24:26', 39.98, 11, null); 
insert into itens_venda values (default, 2264, 385, 385, 2, 3.00, 39.98); 
update estoque set quant_venda = quant_venda + 2, quant_atual = quant_atual - 2 where id = 385; 
update estoque_total set total = total - 2 where medicamento_id = 385; 

insert into venda values (2265, '2023-10-12 08:26:38', 371.64, null, null); 
insert into itens_venda values (default, 2265, 179, 179, 2, 1.90, 96.36); 
update estoque set quant_venda = quant_venda + 2, quant_atual = quant_atual - 2 where id = 179; 
update estoque_total set total = total - 2 where medicamento_id = 179; 
insert into itens_venda values (default, 2265, 470, 470, 2, 0.00, 174.80); 
update estoque set quant_venda = quant_venda + 2, quant_atual = quant_atual - 2 where id = 470; 
update estoque_total set total = total - 2 where medicamento_id = 470; 
insert into itens_venda values (default, 2265, 438, 438, 2, 4.10, 100.48); 
update estoque set quant_venda = quant_venda + 2, quant_atual = quant_atual - 2 where id = 438; 
update estoque_total set total = total - 2 where medicamento_id = 438; 

insert into venda values (2266, '2023-10-12 08:29:49', 412.09, null, 23); 
insert into itens_venda values (default, 2266, 268, 268, 1, 11.60, 279.47); 
update estoque set quant_venda = quant_venda + 1, quant_atual = quant_atual - 1 where id = 268; 
update estoque_total set total = total - 1 where medicamento_id = 268; 
insert into itens_venda values (default, 2266, 438, 438, 2, 4.10, 100.48); 
update estoque set quant_venda = quant_venda + 2, quant_atual = quant_atual - 2 where id = 438; 
update estoque_total set total = total - 2 where medicamento_id = 438; 
insert into itens_venda values (default, 2266, 484, 484, 2, 0.90, 32.14); 
update estoque set quant_venda = quant_venda + 2, quant_atual = quant_atual - 2 where id = 484; 
update estoque_total set total = total - 2 where medicamento_id = 484; 

insert into venda values (2267, '2023-10-12 09:23:22', 185.71, null, null); 
insert into itens_venda values (default, 2267, 462, 462, 3, 2.20, 54.59); 
update estoque set quant_venda = quant_venda + 3, quant_atual = quant_atual - 3 where id = 462; 
update estoque_total set total = total - 3 where medicamento_id = 462; 
insert into itens_venda values (default, 2267, 498, 498, 2, 2.10, 68.76); 
update estoque set quant_venda = quant_venda + 2, quant_atual = quant_atual - 2 where id = 498; 
update estoque_total set total = total - 2 where medicamento_id = 498; 
insert into itens_venda values (default, 2267, 287, 287, 1, 0.60, 62.36); 
update estoque set quant_venda = quant_venda + 1, quant_atual = quant_atual - 1 where id = 287; 
update estoque_total set total = total - 1 where medicamento_id = 287; 

insert into venda values (2268, '2023-10-12 10:19:01', 106.67, null, null); 
insert into itens_venda values (default, 2268, 325, 325, 1, 1.70, 55.28); 
update estoque set quant_venda = quant_venda + 1, quant_atual = quant_atual - 1 where id = 325; 
update estoque_total set total = total - 1 where medicamento_id = 325; 
insert into itens_venda values (default, 2268, 269, 269, 1, 0.30, 38.16); 
update estoque set quant_venda = quant_venda + 1, quant_atual = quant_atual - 1 where id = 269; 
update estoque_total set total = total - 1 where medicamento_id = 269; 
insert into itens_venda values (default, 2268, 302, 302, 1, 0.50, 13.23); 
update estoque set quant_venda = quant_venda + 1, quant_atual = quant_atual - 1 where id = 302; 
update estoque_total set total = total - 1 where medicamento_id = 302; 

insert into venda values (2269, '2023-10-12 10:49:01', 370.85, 6, 25); 
insert into itens_venda values (default, 2269, 142, 142, 2, 1.80, 181.56); 
update estoque set quant_venda = quant_venda + 2, quant_atual = quant_atual - 2 where id = 142; 
update estoque_total set total = total - 2 where medicamento_id = 142; 
insert into itens_venda values (default, 2269, 189, 189, 1, 18.70, 189.29); 
update estoque set quant_venda = quant_venda + 1, quant_atual = quant_atual - 1 where id = 189; 
update estoque_total set total = total - 1 where medicamento_id = 189; 

insert into venda values (2270, '2023-10-12 11:39:59', 406.16, null, null); 
insert into itens_venda values (default, 2270, 173, 173, 1, 11.60, 279.20); 
update estoque set quant_venda = quant_venda + 1, quant_atual = quant_atual - 1 where id = 173; 
update estoque_total set total = total - 1 where medicamento_id = 173; 
insert into itens_venda values (default, 2270, 390, 390, 2, 0.70, 75.92); 
update estoque set quant_venda = quant_venda + 2, quant_atual = quant_atual - 2 where id = 390; 
update estoque_total set total = total - 2 where medicamento_id = 390; 
insert into itens_venda values (default, 2270, 335, 335, 2, 0.00, 51.04); 
update estoque set quant_venda = quant_venda + 2, quant_atual = quant_atual - 2 where id = 335; 
update estoque_total set total = total - 2 where medicamento_id = 335; 

insert into venda values (2271, '2023-10-12 11:41:42', 280.33, null, 24); 
insert into itens_venda values (default, 2271, 202, 202, 1, 0.00, 280.33); 
update estoque set quant_venda = quant_venda + 1, quant_atual = quant_atual - 1 where id = 202; 
update estoque_total set total = total - 1 where medicamento_id = 202; 

insert into venda values (2272, '2023-10-12 12:22:50', 238.57, null, 21); 
insert into itens_venda values (default, 2272, 192, 192, 1, 5.50, 132.18); 
update estoque set quant_venda = quant_venda + 1, quant_atual = quant_atual - 1 where id = 192; 
update estoque_total set total = total - 1 where medicamento_id = 192; 
insert into itens_venda values (default, 2272, 394, 394, 3, 0.80, 85.09); 
update estoque set quant_venda = quant_venda + 3, quant_atual = quant_atual - 3 where id = 394; 
update estoque_total set total = total - 3 where medicamento_id = 394; 
insert into itens_venda values (default, 2272, 217, 217, 2, 0.80, 21.30); 
update estoque set quant_venda = quant_venda + 2, quant_atual = quant_atual - 2 where id = 217; 
update estoque_total set total = total - 2 where medicamento_id = 217; 

insert into venda values (2273, '2023-10-12 12:58:35', 176.86, null, null); 
insert into itens_venda values (default, 2273, 383, 383, 2, 3.10, 100.72); 
update estoque set quant_venda = quant_venda + 2, quant_atual = quant_atual - 2 where id = 383; 
update estoque_total set total = total - 2 where medicamento_id = 383; 
insert into itens_venda values (default, 2273, 504, 504, 2, 0.50, 13.00); 
update estoque set quant_venda = quant_venda + 2, quant_atual = quant_atual - 2 where id = 504; 
update estoque_total set total = total - 2 where medicamento_id = 504; 
insert into itens_venda values (default, 2273, 477, 477, 1, 1.90, 63.14); 
update estoque set quant_venda = quant_venda + 1, quant_atual = quant_atual - 1 where id = 477; 
update estoque_total set total = total - 1 where medicamento_id = 477; 

insert into venda values (2274, '2023-10-13 06:13:31', 152.37, null, null); 
insert into itens_venda values (default, 2274, 482, 482, 2, 0.30, 32.44); 
update estoque set quant_venda = quant_venda + 2, quant_atual = quant_atual - 2 where id = 482; 
update estoque_total set total = total - 2 where medicamento_id = 482; 
insert into itens_venda values (default, 2274, 200, 200, 1, 2.40, 119.93); 
update estoque set quant_venda = quant_venda + 1, quant_atual = quant_atual - 1 where id = 200; 
update estoque_total set total = total - 1 where medicamento_id = 200; 

insert into venda values (2275, '2023-10-13 06:30:14', 137.94, null, null); 
insert into itens_venda values (default, 2275, 417, 417, 3, 0.00, 44.22); 
update estoque set quant_venda = quant_venda + 3, quant_atual = quant_atual - 3 where id = 417; 
update estoque_total set total = total - 3 where medicamento_id = 417; 
insert into itens_venda values (default, 2275, 283, 283, 1, 2.00, 49.90); 
update estoque set quant_venda = quant_venda + 1, quant_atual = quant_atual - 1 where id = 283; 
update estoque_total set total = total - 1 where medicamento_id = 283; 
insert into itens_venda values (default, 2275, 417, 417, 3, 0.40, 43.82); 
update estoque set quant_venda = quant_venda + 3, quant_atual = quant_atual - 3 where id = 417; 
update estoque_total set total = total - 3 where medicamento_id = 417; 

insert into venda values (2276, '2023-10-13 07:48:15', 406.66, 19, 25); 
insert into itens_venda values (default, 2276, 226, 226, 2, 7.10, 172.74); 
update estoque set quant_venda = quant_venda + 2, quant_atual = quant_atual - 2 where id = 226; 
update estoque_total set total = total - 2 where medicamento_id = 226; 
insert into itens_venda values (default, 2276, 460, 460, 2, 6.00, 69.32); 
update estoque set quant_venda = quant_venda + 2, quant_atual = quant_atual - 2 where id = 460; 
update estoque_total set total = total - 2 where medicamento_id = 460; 
insert into itens_venda values (default, 2276, 317, 317, 2, 16.20, 164.60); 
update estoque set quant_venda = quant_venda + 2, quant_atual = quant_atual - 2 where id = 317; 
update estoque_total set total = total - 2 where medicamento_id = 317; 

insert into venda values (2277, '2023-10-13 08:30:36', 32.04, null, null); 
insert into itens_venda values (default, 2277, 495, 495, 3, 0.00, 32.04); 
update estoque set quant_venda = quant_venda + 3, quant_atual = quant_atual - 3 where id = 495; 
update estoque_total set total = total - 3 where medicamento_id = 495; 

insert into venda values (2278, '2023-10-13 09:28:50', 137.65, null, null); 
insert into itens_venda values (default, 2278, 368, 368, 1, 0.60, 15.18); 
update estoque set quant_venda = quant_venda + 1, quant_atual = quant_atual - 1 where id = 368; 
update estoque_total set total = total - 1 where medicamento_id = 368; 
insert into itens_venda values (default, 2278, 271, 271, 1, 0.00, 90.09); 
update estoque set quant_venda = quant_venda + 1, quant_atual = quant_atual - 1 where id = 271; 
update estoque_total set total = total - 1 where medicamento_id = 271; 
insert into itens_venda values (default, 2278, 428, 428, 2, 0.90, 32.38); 
update estoque set quant_venda = quant_venda + 2, quant_atual = quant_atual - 2 where id = 428; 
update estoque_total set total = total - 2 where medicamento_id = 428; 

insert into venda values (2279, '2023-10-13 10:24:45', 100.36, null, null); 
insert into itens_venda values (default, 2279, 453, 453, 2, 0.50, 12.50); 
update estoque set quant_venda = quant_venda + 2, quant_atual = quant_atual - 2 where id = 453; 
update estoque_total set total = total - 2 where medicamento_id = 453; 
insert into itens_venda values (default, 2279, 384, 384, 1, 0.80, 43.04); 
update estoque set quant_venda = quant_venda + 1, quant_atual = quant_atual - 1 where id = 384; 
update estoque_total set total = total - 1 where medicamento_id = 384; 
insert into itens_venda values (default, 2279, 398, 398, 3, 1.80, 44.82); 
update estoque set quant_venda = quant_venda + 3, quant_atual = quant_atual - 3 where id = 398; 
update estoque_total set total = total - 3 where medicamento_id = 398; 

insert into venda values (2280, '2023-10-13 11:16:05', 316.70, null, 21); 
insert into itens_venda values (default, 2280, 208, 208, 2, 4.20, 102.76); 
update estoque set quant_venda = quant_venda + 2, quant_atual = quant_atual - 2 where id = 208; 
update estoque_total set total = total - 2 where medicamento_id = 208; 
insert into itens_venda values (default, 2280, 367, 367, 2, 1.90, 193.14); 
update estoque set quant_venda = quant_venda + 2, quant_atual = quant_atual - 2 where id = 367; 
update estoque_total set total = total - 2 where medicamento_id = 367; 
insert into itens_venda values (default, 2280, 292, 292, 2, 0.60, 20.80); 
update estoque set quant_venda = quant_venda + 2, quant_atual = quant_atual - 2 where id = 292; 
update estoque_total set total = total - 2 where medicamento_id = 292; 

insert into venda values (2281, '2023-10-13 12:23:47', 176.24, 7, null); 
insert into itens_venda values (default, 2281, 226, 226, 2, 16.10, 163.74); 
update estoque set quant_venda = quant_venda + 2, quant_atual = quant_atual - 2 where id = 226; 
update estoque_total set total = total - 2 where medicamento_id = 226; 
insert into itens_venda values (default, 2281, 453, 453, 2, 0.50, 12.50); 
update estoque set quant_venda = quant_venda + 2, quant_atual = quant_atual - 2 where id = 453; 
update estoque_total set total = total - 2 where medicamento_id = 453; 

insert into venda values (2282, '2023-10-13 12:27:39', 50.66, 13, null); 
insert into itens_venda values (default, 2282, 296, 296, 1, 3.80, 50.66); 
update estoque set quant_venda = quant_venda + 1, quant_atual = quant_atual - 1 where id = 296; 
update estoque_total set total = total - 1 where medicamento_id = 296; 

insert into venda values (2283, '2023-10-13 12:48:46', 134.82, null, null); 
insert into itens_venda values (default, 2283, 405, 405, 1, 1.00, 35.01); 
update estoque set quant_venda = quant_venda + 1, quant_atual = quant_atual - 1 where id = 405; 
update estoque_total set total = total - 1 where medicamento_id = 405; 
insert into itens_venda values (default, 2283, 502, 502, 2, 0.40, 43.22); 
update estoque set quant_venda = quant_venda + 2, quant_atual = quant_atual - 2 where id = 502; 
update estoque_total set total = total - 2 where medicamento_id = 502; 
insert into itens_venda values (default, 2283, 281, 281, 1, 0.50, 56.59); 
update estoque set quant_venda = quant_venda + 1, quant_atual = quant_atual - 1 where id = 281; 
update estoque_total set total = total - 1 where medicamento_id = 281; 

insert into venda values (2284, '2023-10-13 14:04:46', 48.60, null, null); 
insert into itens_venda values (default, 2284, 404, 404, 3, 0.00, 48.60); 
update estoque set quant_venda = quant_venda + 3, quant_atual = quant_atual - 3 where id = 404; 
update estoque_total set total = total - 3 where medicamento_id = 404; 

insert into venda values (2285, '2023-10-14 06:34:33', 262.78, 7, 24); 
insert into itens_venda values (default, 2285, 342, 342, 1, 3.00, 39.91); 
update estoque set quant_venda = quant_venda + 1, quant_atual = quant_atual - 1 where id = 342; 
update estoque_total set total = total - 1 where medicamento_id = 342; 
insert into itens_venda values (default, 2285, 80, 80, 1, 14.20, 222.87); 
update estoque set quant_venda = quant_venda + 1, quant_atual = quant_atual - 1 where id = 80; 
update estoque_total set total = total - 1 where medicamento_id = 80; 

insert into venda values (2286, '2023-10-14 07:28:32', 533.84, 9, 25); 
insert into itens_venda values (default, 2286, 357, 357, 2, 9.90, 113.86); 
update estoque set quant_venda = quant_venda + 2, quant_atual = quant_atual - 2 where id = 357; 
update estoque_total set total = total - 2 where medicamento_id = 357; 
insert into itens_venda values (default, 2286, 301, 301, 1, 2.80, 287.14); 
update estoque set quant_venda = quant_venda + 1, quant_atual = quant_atual - 1 where id = 301; 
update estoque_total set total = total - 1 where medicamento_id = 301; 
insert into itens_venda values (default, 2286, 411, 411, 2, 11.50, 132.84); 
update estoque set quant_venda = quant_venda + 2, quant_atual = quant_atual - 2 where id = 411; 
update estoque_total set total = total - 2 where medicamento_id = 411; 

insert into venda values (2287, '2023-10-14 08:28:58', 85.50, 16, null); 
insert into itens_venda values (default, 2287, 391, 391, 1, 3.50, 85.50); 
update estoque set quant_venda = quant_venda + 1, quant_atual = quant_atual - 1 where id = 391; 
update estoque_total set total = total - 1 where medicamento_id = 391; 

insert into venda values (2288, '2023-10-14 08:51:36', 68.45, 8, null); 
insert into itens_venda values (default, 2288, 448, 448, 2, 0.60, 32.38); 
update estoque set quant_venda = quant_venda + 2, quant_atual = quant_atual - 2 where id = 448; 
update estoque_total set total = total - 2 where medicamento_id = 448; 
insert into itens_venda values (default, 2288, 499, 499, 1, 2.70, 36.07); 
update estoque set quant_venda = quant_venda + 1, quant_atual = quant_atual - 1 where id = 499; 
update estoque_total set total = total - 1 where medicamento_id = 499; 

insert into venda values (2289, '2023-10-14 09:46:32', 138.64, 16, null); 
insert into itens_venda values (default, 2289, 411, 411, 2, 5.70, 138.64); 
update estoque set quant_venda = quant_venda + 2, quant_atual = quant_atual - 2 where id = 411; 
update estoque_total set total = total - 2 where medicamento_id = 411; 

insert into venda values (2290, '2023-10-14 10:15:18', 220.27, null, null); 
insert into itens_venda values (default, 2290, 397, 397, 2, 0.30, 35.94); 
update estoque set quant_venda = quant_venda + 2, quant_atual = quant_atual - 2 where id = 397; 
update estoque_total set total = total - 2 where medicamento_id = 397; 
insert into itens_venda values (default, 2290, 487, 487, 1, 3.70, 184.33); 
update estoque set quant_venda = quant_venda + 1, quant_atual = quant_atual - 1 where id = 487; 
update estoque_total set total = total - 1 where medicamento_id = 487; 

insert into venda values (2291, '2023-10-14 10:39:22', 298.88, null, null); 
insert into itens_venda values (default, 2291, 346, 346, 2, 0.00, 89.86); 
update estoque set quant_venda = quant_venda + 2, quant_atual = quant_atual - 2 where id = 346; 
update estoque_total set total = total - 2 where medicamento_id = 346; 
insert into itens_venda values (default, 2291, 473, 473, 2, 0.00, 98.32); 
update estoque set quant_venda = quant_venda + 2, quant_atual = quant_atual - 2 where id = 473; 
update estoque_total set total = total - 2 where medicamento_id = 473; 
insert into itens_venda values (default, 2291, 491, 491, 2, 2.20, 110.70); 
update estoque set quant_venda = quant_venda + 2, quant_atual = quant_atual - 2 where id = 491; 
update estoque_total set total = total - 2 where medicamento_id = 491; 

insert into venda values (2292, '2023-10-14 11:12:15', 70.90, 1, null); 
insert into itens_venda values (default, 2292, 209, 209, 1, 4.10, 41.92); 
update estoque set quant_venda = quant_venda + 1, quant_atual = quant_atual - 1 where id = 209; 
update estoque_total set total = total - 1 where medicamento_id = 209; 
insert into itens_venda values (default, 2292, 417, 417, 2, 0.50, 28.98); 
update estoque set quant_venda = quant_venda + 2, quant_atual = quant_atual - 2 where id = 417; 
update estoque_total set total = total - 2 where medicamento_id = 417; 

insert into venda values (2293, '2023-10-14 11:50:36', 280.98, 4, null); 
insert into itens_venda values (default, 2293, 443, 443, 3, 4.90, 65.30); 
update estoque set quant_venda = quant_venda + 3, quant_atual = quant_atual - 3 where id = 443; 
update estoque_total set total = total - 3 where medicamento_id = 443; 
insert into itens_venda values (default, 2293, 316, 316, 1, 3.50, 176.00); 
update estoque set quant_venda = quant_venda + 1, quant_atual = quant_atual - 1 where id = 316; 
update estoque_total set total = total - 1 where medicamento_id = 316; 
insert into itens_venda values (default, 2293, 353, 353, 1, 2.00, 39.68); 
update estoque set quant_venda = quant_venda + 1, quant_atual = quant_atual - 1 where id = 353; 
update estoque_total set total = total - 1 where medicamento_id = 353; 

insert into venda values (2294, '2023-10-15 07:48:13', 24.81, null, null); 
insert into itens_venda values (default, 2294, 248, 248, 1, 0.20, 24.81); 
update estoque set quant_venda = quant_venda + 1, quant_atual = quant_atual - 1 where id = 248; 
update estoque_total set total = total - 1 where medicamento_id = 248; 

insert into venda values (2295, '2023-10-15 09:09:34', 119.98, null, null); 
insert into itens_venda values (default, 2295, 466, 466, 1, 4.90, 119.98); 
update estoque set quant_venda = quant_venda + 1, quant_atual = quant_atual - 1 where id = 466; 
update estoque_total set total = total - 1 where medicamento_id = 466; 

insert into venda values (2296, '2023-10-17 06:11:53', 81.04, 17, 23); 
insert into itens_venda values (default, 2296, 347, 347, 1, 4.30, 58.03); 
update estoque set quant_venda = quant_venda + 1, quant_atual = quant_atual - 1 where id = 347; 
update estoque_total set total = total - 1 where medicamento_id = 347; 
insert into itens_venda values (default, 2296, 430, 430, 1, 1.70, 23.01); 
update estoque set quant_venda = quant_venda + 1, quant_atual = quant_atual - 1 where id = 430; 
update estoque_total set total = total - 1 where medicamento_id = 430; 

insert into venda values (2297, '2023-10-17 07:23:31', 257.27, null, 24); 
insert into itens_venda values (default, 2297, 475, 475, 2, 0.80, 39.40); 
update estoque set quant_venda = quant_venda + 2, quant_atual = quant_atual - 2 where id = 475; 
update estoque_total set total = total - 2 where medicamento_id = 475; 
insert into itens_venda values (default, 2297, 333, 333, 1, 3.60, 117.45); 
update estoque set quant_venda = quant_venda + 1, quant_atual = quant_atual - 1 where id = 333; 
update estoque_total set total = total - 1 where medicamento_id = 333; 
insert into itens_venda values (default, 2297, 483, 483, 2, 0.00, 100.42); 
update estoque set quant_venda = quant_venda + 2, quant_atual = quant_atual - 2 where id = 483; 
update estoque_total set total = total - 2 where medicamento_id = 483; 

insert into venda values (2298, '2023-10-17 07:59:50', 37.40, null, null); 
insert into itens_venda values (default, 2298, 451, 451, 2, 1.10, 37.40); 
update estoque set quant_venda = quant_venda + 2, quant_atual = quant_atual - 2 where id = 451; 
update estoque_total set total = total - 2 where medicamento_id = 451; 

insert into venda values (2299, '2023-10-17 08:49:40', 394.93, null, null); 
insert into itens_venda values (default, 2299, 207, 207, 1, 0.90, 97.02); 
update estoque set quant_venda = quant_venda + 1, quant_atual = quant_atual - 1 where id = 207; 
update estoque_total set total = total - 1 where medicamento_id = 207; 
insert into itens_venda values (default, 2299, 272, 272, 1, 0.00, 276.31); 
update estoque set quant_venda = quant_venda + 1, quant_atual = quant_atual - 1 where id = 272; 
update estoque_total set total = total - 1 where medicamento_id = 272; 
insert into itens_venda values (default, 2299, 406, 406, 3, 0.00, 21.60); 
update estoque set quant_venda = quant_venda + 3, quant_atual = quant_atual - 3 where id = 406; 
update estoque_total set total = total - 3 where medicamento_id = 406; 

insert into venda values (2300, '2023-10-17 10:06:16', 60.44, null, null); 
insert into itens_venda values (default, 2300, 303, 303, 2, 1.20, 60.44); 
update estoque set quant_venda = quant_venda + 2, quant_atual = quant_atual - 2 where id = 303; 
update estoque_total set total = total - 2 where medicamento_id = 303; 

insert into venda values (2301, '2023-10-17 10:25:22', 255.84, null, null); 
insert into itens_venda values (default, 2301, 58, 58, 1, 5.50, 178.92); 
update estoque set quant_venda = quant_venda + 1, quant_atual = quant_atual - 1 where id = 58; 
update estoque_total set total = total - 1 where medicamento_id = 58; 
insert into itens_venda values (default, 2301, 456, 456, 2, 0.00, 76.92); 
update estoque set quant_venda = quant_venda + 2, quant_atual = quant_atual - 2 where id = 456; 
update estoque_total set total = total - 2 where medicamento_id = 456; 

insert into venda values (2302, '2023-10-17 11:09:48', 99.05, null, null); 
insert into itens_venda values (default, 2302, 498, 498, 1, 0.70, 34.73); 
update estoque set quant_venda = quant_venda + 1, quant_atual = quant_atual - 1 where id = 498; 
update estoque_total set total = total - 1 where medicamento_id = 498; 
insert into itens_venda values (default, 2302, 294, 294, 3, 0.00, 49.86); 
update estoque set quant_venda = quant_venda + 3, quant_atual = quant_atual - 3 where id = 294; 
update estoque_total set total = total - 3 where medicamento_id = 294; 
insert into itens_venda values (default, 2302, 474, 474, 1, 0.40, 14.46); 
update estoque set quant_venda = quant_venda + 1, quant_atual = quant_atual - 1 where id = 474; 
update estoque_total set total = total - 1 where medicamento_id = 474; 

insert into venda values (2303, '2023-10-17 11:59:23', 101.48, 10, null); 
insert into itens_venda values (default, 2303, 410, 410, 1, 5.30, 101.48); 
update estoque set quant_venda = quant_venda + 1, quant_atual = quant_atual - 1 where id = 410; 
update estoque_total set total = total - 1 where medicamento_id = 410; 

insert into venda values (2304, '2023-10-17 12:59:42', 48.09, null, null); 
insert into itens_venda values (default, 2304, 292, 292, 1, 0.20, 10.50); 
update estoque set quant_venda = quant_venda + 1, quant_atual = quant_atual - 1 where id = 292; 
update estoque_total set total = total - 1 where medicamento_id = 292; 
insert into itens_venda values (default, 2304, 431, 431, 1, 0.00, 11.26); 
update estoque set quant_venda = quant_venda + 1, quant_atual = quant_atual - 1 where id = 431; 
update estoque_total set total = total - 1 where medicamento_id = 431; 
insert into itens_venda values (default, 2304, 447, 447, 1, 0.20, 26.33); 
update estoque set quant_venda = quant_venda + 1, quant_atual = quant_atual - 1 where id = 447; 
update estoque_total set total = total - 1 where medicamento_id = 447; 

insert into venda values (2305, '2023-10-17 13:14:25', 205.88, null, null); 
insert into itens_venda values (default, 2305, 157, 157, 2, 4.30, 142.04); 
update estoque set quant_venda = quant_venda + 2, quant_atual = quant_atual - 2 where id = 157; 
update estoque_total set total = total - 2 where medicamento_id = 157; 
insert into itens_venda values (default, 2305, 436, 436, 1, 1.90, 63.84); 
update estoque set quant_venda = quant_venda + 1, quant_atual = quant_atual - 1 where id = 436; 
update estoque_total set total = total - 1 where medicamento_id = 436; 

insert into venda values (2306, '2023-10-17 14:22:37', 169.07, 9, null); 
insert into itens_venda values (default, 2306, 495, 495, 3, 0.30, 31.74); 
update estoque set quant_venda = quant_venda + 3, quant_atual = quant_atual - 3 where id = 495; 
update estoque_total set total = total - 3 where medicamento_id = 495; 
insert into itens_venda values (default, 2306, 57, 57, 1, 8.70, 137.33); 
update estoque set quant_venda = quant_venda + 1, quant_atual = quant_atual - 1 where id = 57; 
update estoque_total set total = total - 1 where medicamento_id = 57; 

insert into venda values (2307, '2023-10-18 08:02:27', 92.14, 12, null); 
insert into itens_venda values (default, 2307, 156, 156, 1, 8.00, 92.14); 
update estoque set quant_venda = quant_venda + 1, quant_atual = quant_atual - 1 where id = 156; 
update estoque_total set total = total - 1 where medicamento_id = 156; 

insert into venda values (2308, '2023-10-18 09:14:33', 61.88, 15, null); 
insert into itens_venda values (default, 2308, 480, 480, 2, 1.20, 61.88); 
update estoque set quant_venda = quant_venda + 2, quant_atual = quant_atual - 2 where id = 480; 
update estoque_total set total = total - 2 where medicamento_id = 480; 

insert into venda values (2309, '2023-10-18 10:03:55', 166.20, null, null); 
insert into itens_venda values (default, 2309, 392, 392, 2, 0.20, 27.72); 
update estoque set quant_venda = quant_venda + 2, quant_atual = quant_atual - 2 where id = 392; 
update estoque_total set total = total - 2 where medicamento_id = 392; 
insert into itens_venda values (default, 2309, 469, 469, 2, 0.90, 94.86); 
update estoque set quant_venda = quant_venda + 2, quant_atual = quant_atual - 2 where id = 469; 
update estoque_total set total = total - 2 where medicamento_id = 469; 
insert into itens_venda values (default, 2309, 502, 502, 2, 0.00, 43.62); 
update estoque set quant_venda = quant_venda + 2, quant_atual = quant_atual - 2 where id = 502; 
update estoque_total set total = total - 2 where medicamento_id = 502; 

insert into venda values (2310, '2023-10-18 12:01:37', 26.72, 4, null); 
insert into itens_venda values (default, 2310, 322, 322, 1, 1.40, 26.72); 
update estoque set quant_venda = quant_venda + 1, quant_atual = quant_atual - 1 where id = 322; 
update estoque_total set total = total - 1 where medicamento_id = 322; 

insert into venda values (2311, '2023-10-18 12:22:34', 51.72, 1, null); 
insert into itens_venda values (default, 2311, 304, 304, 2, 3.20, 51.72); 
update estoque set quant_venda = quant_venda + 2, quant_atual = quant_atual - 2 where id = 304; 
update estoque_total set total = total - 2 where medicamento_id = 304; 

insert into venda values (2312, '2023-10-18 14:34:46', 163.34, null, 24); 
insert into itens_venda values (default, 2312, 499, 499, 1, 1.50, 37.27); 
update estoque set quant_venda = quant_venda + 1, quant_atual = quant_atual - 1 where id = 499; 
update estoque_total set total = total - 1 where medicamento_id = 499; 
insert into itens_venda values (default, 2312, 145, 145, 1, 1.20, 126.07); 
update estoque set quant_venda = quant_venda + 1, quant_atual = quant_atual - 1 where id = 145; 
update estoque_total set total = total - 1 where medicamento_id = 145; 

insert into venda values (2313, '2023-10-19 06:19:42', 150.05, null, null); 
insert into itens_venda values (default, 2313, 490, 490, 1, 0.00, 52.03); 
update estoque set quant_venda = quant_venda + 1, quant_atual = quant_atual - 1 where id = 490; 
update estoque_total set total = total - 1 where medicamento_id = 490; 
insert into itens_venda values (default, 2313, 435, 435, 1, 0.00, 98.02); 
update estoque set quant_venda = quant_venda + 1, quant_atual = quant_atual - 1 where id = 435; 
update estoque_total set total = total - 1 where medicamento_id = 435; 

insert into venda values (2314, '2023-10-19 06:37:05', 244.09, 13, 21); 
insert into itens_venda values (default, 2314, 504, 504, 2, 0.00, 13.50); 
update estoque set quant_venda = quant_venda + 2, quant_atual = quant_atual - 2 where id = 504; 
update estoque_total set total = total - 2 where medicamento_id = 504; 
insert into itens_venda values (default, 2314, 254, 254, 1, 12.10, 230.59); 
update estoque set quant_venda = quant_venda + 1, quant_atual = quant_atual - 1 where id = 254; 
update estoque_total set total = total - 1 where medicamento_id = 254; 

insert into venda values (2315, '2023-10-19 07:55:10', 136.20, null, null); 
insert into itens_venda values (default, 2315, 400, 400, 1, 0.00, 136.20); 
update estoque set quant_venda = quant_venda + 1, quant_atual = quant_atual - 1 where id = 400; 
update estoque_total set total = total - 1 where medicamento_id = 400; 

insert into venda values (2316, '2023-10-19 09:11:31', 273.87, 5, null); 
insert into itens_venda values (default, 2316, 470, 470, 2, 12.20, 162.60); 
update estoque set quant_venda = quant_venda + 2, quant_atual = quant_atual - 2 where id = 470; 
update estoque_total set total = total - 2 where medicamento_id = 470; 
insert into itens_venda values (default, 2316, 499, 499, 1, 0.70, 38.07); 
update estoque set quant_venda = quant_venda + 1, quant_atual = quant_atual - 1 where id = 499; 
update estoque_total set total = total - 1 where medicamento_id = 499; 
insert into itens_venda values (default, 2316, 414, 414, 2, 3.80, 73.20); 
update estoque set quant_venda = quant_venda + 2, quant_atual = quant_atual - 2 where id = 414; 
update estoque_total set total = total - 2 where medicamento_id = 414; 

insert into venda values (2317, '2023-10-19 10:33:36', 146.08, 2, 24); 
insert into itens_venda values (default, 2317, 407, 407, 1, 6.20, 63.63); 
update estoque set quant_venda = quant_venda + 1, quant_atual = quant_atual - 1 where id = 407; 
update estoque_total set total = total - 1 where medicamento_id = 407; 
insert into itens_venda values (default, 2317, 284, 284, 2, 2.90, 29.78); 
update estoque set quant_venda = quant_venda + 2, quant_atual = quant_atual - 2 where id = 284; 
update estoque_total set total = total - 2 where medicamento_id = 284; 
insert into itens_venda values (default, 2317, 308, 308, 1, 0.50, 52.67); 
update estoque set quant_venda = quant_venda + 1, quant_atual = quant_atual - 1 where id = 308; 
update estoque_total set total = total - 1 where medicamento_id = 308; 

insert into venda values (2318, '2023-10-19 11:46:33', 157.57, null, 22); 
insert into itens_venda values (default, 2318, 405, 405, 1, 1.00, 35.01); 
update estoque set quant_venda = quant_venda + 1, quant_atual = quant_atual - 1 where id = 405; 
update estoque_total set total = total - 1 where medicamento_id = 405; 
insert into itens_venda values (default, 2318, 357, 357, 2, 1.20, 122.56); 
update estoque set quant_venda = quant_venda + 2, quant_atual = quant_atual - 2 where id = 357; 
update estoque_total set total = total - 2 where medicamento_id = 357; 

insert into venda values (2319, '2023-10-19 12:30:21', 65.03, 1, null); 
insert into itens_venda values (default, 2319, 293, 293, 1, 0.00, 29.13); 
update estoque set quant_venda = quant_venda + 1, quant_atual = quant_atual - 1 where id = 293; 
update estoque_total set total = total - 1 where medicamento_id = 293; 
insert into itens_venda values (default, 2319, 414, 414, 1, 2.60, 35.90); 
update estoque set quant_venda = quant_venda + 1, quant_atual = quant_atual - 1 where id = 414; 
update estoque_total set total = total - 1 where medicamento_id = 414; 

insert into venda values (2320, '2023-10-19 12:52:53', 23.40, null, null); 
insert into itens_venda values (default, 2320, 443, 443, 1, 0.00, 23.40); 
update estoque set quant_venda = quant_venda + 1, quant_atual = quant_atual - 1 where id = 443; 
update estoque_total set total = total - 1 where medicamento_id = 443; 

insert into venda values (2321, '2023-10-19 12:53:59', 57.48, 9, null); 
insert into itens_venda values (default, 2321, 480, 480, 2, 5.60, 57.48); 
update estoque set quant_venda = quant_venda + 2, quant_atual = quant_atual - 2 where id = 480; 
update estoque_total set total = total - 2 where medicamento_id = 480; 

insert into venda values (2322, '2023-10-19 13:16:32', 625.28, 4, 24); 
insert into itens_venda values (default, 2322, 468, 468, 2, 5.90, 113.04); 
update estoque set quant_venda = quant_venda + 2, quant_atual = quant_atual - 2 where id = 468; 
update estoque_total set total = total - 2 where medicamento_id = 468; 
insert into itens_venda values (default, 2322, 360, 360, 1, 11.80, 136.26); 
update estoque set quant_venda = quant_venda + 1, quant_atual = quant_atual - 1 where id = 360; 
update estoque_total set total = total - 1 where medicamento_id = 360; 
insert into itens_venda values (default, 2322, 194, 194, 1, 23.90, 375.98); 
update estoque set quant_venda = quant_venda + 1, quant_atual = quant_atual - 1 where id = 194; 
update estoque_total set total = total - 1 where medicamento_id = 194; 

insert into venda values (2323, '2023-10-19 13:25:11', 203.45, null, 25); 
insert into itens_venda values (default, 2323, 427, 427, 2, 0.00, 25.96); 
update estoque set quant_venda = quant_venda + 2, quant_atual = quant_atual - 2 where id = 427; 
update estoque_total set total = total - 2 where medicamento_id = 427; 
insert into itens_venda values (default, 2323, 150, 150, 1, 3.60, 177.49); 
update estoque set quant_venda = quant_venda + 1, quant_atual = quant_atual - 1 where id = 150; 
update estoque_total set total = total - 1 where medicamento_id = 150; 

insert into venda values (2324, '2023-10-19 14:40:07', 266.32, 20, 25); 
insert into itens_venda values (default, 2324, 460, 460, 2, 6.70, 68.62); 
update estoque set quant_venda = quant_venda + 2, quant_atual = quant_atual - 2 where id = 460; 
update estoque_total set total = total - 2 where medicamento_id = 460; 
insert into itens_venda values (default, 2324, 201, 201, 2, 5.70, 65.78); 
update estoque set quant_venda = quant_venda + 2, quant_atual = quant_atual - 2 where id = 201; 
update estoque_total set total = total - 2 where medicamento_id = 201; 
insert into itens_venda values (default, 2324, 223, 223, 2, 13.00, 131.92); 
update estoque set quant_venda = quant_venda + 2, quant_atual = quant_atual - 2 where id = 223; 
update estoque_total set total = total - 2 where medicamento_id = 223; 

insert into venda values (2325, '2023-10-20 06:32:00', 485.67, 18, 23); 
insert into itens_venda values (default, 2325, 311, 311, 3, 0.90, 44.73); 
update estoque set quant_venda = quant_venda + 3, quant_atual = quant_atual - 3 where id = 311; 
update estoque_total set total = total - 3 where medicamento_id = 311; 
insert into itens_venda values (default, 2325, 310, 310, 1, 0.00, 123.44); 
update estoque set quant_venda = quant_venda + 1, quant_atual = quant_atual - 1 where id = 310; 
update estoque_total set total = total - 1 where medicamento_id = 310; 
insert into itens_venda values (default, 2325, 396, 396, 1, 23.80, 317.50); 
update estoque set quant_venda = quant_venda + 1, quant_atual = quant_atual - 1 where id = 396; 
update estoque_total set total = total - 1 where medicamento_id = 396; 

insert into venda values (2326, '2023-10-20 06:38:50', 87.44, 2, null); 
insert into itens_venda values (default, 2326, 209, 209, 2, 4.60, 87.44); 
update estoque set quant_venda = quant_venda + 2, quant_atual = quant_atual - 2 where id = 209; 
update estoque_total set total = total - 2 where medicamento_id = 209; 

insert into venda values (2327, '2023-10-20 07:48:56', 324.61, 7, null); 
insert into itens_venda values (default, 2327, 446, 446, 1, 5.20, 126.62); 
update estoque set quant_venda = quant_venda + 1, quant_atual = quant_atual - 1 where id = 446; 
update estoque_total set total = total - 1 where medicamento_id = 446; 
insert into itens_venda values (default, 2327, 348, 348, 1, 1.80, 21.69); 
update estoque set quant_venda = quant_venda + 1, quant_atual = quant_atual - 1 where id = 348; 
update estoque_total set total = total - 1 where medicamento_id = 348; 
insert into itens_venda values (default, 2327, 391, 391, 2, 1.70, 176.30); 
update estoque set quant_venda = quant_venda + 2, quant_atual = quant_atual - 2 where id = 391; 
update estoque_total set total = total - 2 where medicamento_id = 391; 

insert into venda values (2328, '2023-10-20 08:42:41', 169.47, 14, null); 
insert into itens_venda values (default, 2328, 266, 266, 1, 7.10, 112.77); 
update estoque set quant_venda = quant_venda + 1, quant_atual = quant_atual - 1 where id = 266; 
update estoque_total set total = total - 1 where medicamento_id = 266; 
insert into itens_venda values (default, 2328, 421, 421, 2, 1.40, 16.98); 
update estoque set quant_venda = quant_venda + 2, quant_atual = quant_atual - 2 where id = 421; 
update estoque_total set total = total - 2 where medicamento_id = 421; 
insert into itens_venda values (default, 2328, 502, 502, 2, 3.90, 39.72); 
update estoque set quant_venda = quant_venda + 2, quant_atual = quant_atual - 2 where id = 502; 
update estoque_total set total = total - 2 where medicamento_id = 502; 

insert into venda values (2329, '2023-10-20 09:33:10', 208.09, 11, null); 
insert into itens_venda values (default, 2329, 476, 476, 3, 3.60, 68.91); 
update estoque set quant_venda = quant_venda + 3, quant_atual = quant_atual - 3 where id = 476; 
update estoque_total set total = total - 3 where medicamento_id = 476; 
insert into itens_venda values (default, 2329, 444, 444, 2, 12.00, 139.18); 
update estoque set quant_venda = quant_venda + 2, quant_atual = quant_atual - 2 where id = 444; 
update estoque_total set total = total - 2 where medicamento_id = 444; 

insert into venda values (2330, '2023-10-20 10:17:06', 295.13, 10, 23); 
insert into itens_venda values (default, 2330, 108, 108, 1, 12.60, 198.28); 
update estoque set quant_venda = quant_venda + 1, quant_atual = quant_atual - 1 where id = 108; 
update estoque_total set total = total - 1 where medicamento_id = 108; 
insert into itens_venda values (default, 2330, 477, 477, 1, 1.30, 63.74); 
update estoque set quant_venda = quant_venda + 1, quant_atual = quant_atual - 1 where id = 477; 
update estoque_total set total = total - 1 where medicamento_id = 477; 
insert into itens_venda values (default, 2330, 374, 374, 1, 1.00, 33.11); 
update estoque set quant_venda = quant_venda + 1, quant_atual = quant_atual - 1 where id = 374; 
update estoque_total set total = total - 1 where medicamento_id = 374; 

insert into venda values (2331, '2023-10-20 11:02:26', 208.76, null, null); 
insert into itens_venda values (default, 2331, 320, 320, 1, 0.00, 208.76); 
update estoque set quant_venda = quant_venda + 1, quant_atual = quant_atual - 1 where id = 320; 
update estoque_total set total = total - 1 where medicamento_id = 320; 

insert into venda values (2332, '2023-10-20 12:13:46', 55.60, null, null); 
insert into itens_venda values (default, 2332, 321, 321, 2, 0.50, 55.60); 
update estoque set quant_venda = quant_venda + 2, quant_atual = quant_atual - 2 where id = 321; 
update estoque_total set total = total - 2 where medicamento_id = 321; 

insert into venda values (2333, '2023-10-20 13:28:04', 184.34, null, null); 
insert into itens_venda values (default, 2333, 464, 464, 2, 1.20, 63.70); 
update estoque set quant_venda = quant_venda + 2, quant_atual = quant_atual - 2 where id = 464; 
update estoque_total set total = total - 2 where medicamento_id = 464; 
insert into itens_venda values (default, 2333, 497, 497, 2, 1.50, 73.70); 
update estoque set quant_venda = quant_venda + 2, quant_atual = quant_atual - 2 where id = 497; 
update estoque_total set total = total - 2 where medicamento_id = 497; 
insert into itens_venda values (default, 2333, 368, 368, 3, 0.40, 46.94); 
update estoque set quant_venda = quant_venda + 3, quant_atual = quant_atual - 3 where id = 368; 
update estoque_total set total = total - 3 where medicamento_id = 368; 

insert into venda values (2334, '2023-10-20 14:36:46', 92.96, null, null); 
insert into itens_venda values (default, 2334, 469, 469, 2, 2.80, 92.96); 
update estoque set quant_venda = quant_venda + 2, quant_atual = quant_atual - 2 where id = 469; 
update estoque_total set total = total - 2 where medicamento_id = 469; 

insert into venda values (2335, '2023-10-20 15:28:20', 85.26, 15, 22); 
insert into itens_venda values (default, 2335, 449, 449, 1, 1.50, 18.14); 
update estoque set quant_venda = quant_venda + 1, quant_atual = quant_atual - 1 where id = 449; 
update estoque_total set total = total - 1 where medicamento_id = 449; 
insert into itens_venda values (default, 2335, 214, 214, 1, 1.30, 67.12); 
update estoque set quant_venda = quant_venda + 1, quant_atual = quant_atual - 1 where id = 214; 
update estoque_total set total = total - 1 where medicamento_id = 214; 

insert into venda values (2336, '2023-10-20 15:34:55', 330.17, null, 22); 
insert into itens_venda values (default, 2336, 83, 83, 2, 0.00, 187.24); 
update estoque set quant_venda = quant_venda + 2, quant_atual = quant_atual - 2 where id = 83; 
update estoque_total set total = total - 2 where medicamento_id = 83; 
insert into itens_venda values (default, 2336, 262, 262, 1, 0.80, 20.71); 
update estoque set quant_venda = quant_venda + 1, quant_atual = quant_atual - 1 where id = 262; 
update estoque_total set total = total - 1 where medicamento_id = 262; 
insert into itens_venda values (default, 2336, 465, 465, 1, 0.00, 122.22); 
update estoque set quant_venda = quant_venda + 1, quant_atual = quant_atual - 1 where id = 465; 
update estoque_total set total = total - 1 where medicamento_id = 465; 

insert into venda values (2337, '2023-10-21 08:35:53', 45.17, 13, null); 
insert into itens_venda values (default, 2337, 423, 423, 3, 2.80, 45.17); 
update estoque set quant_venda = quant_venda + 3, quant_atual = quant_atual - 3 where id = 423; 
update estoque_total set total = total - 3 where medicamento_id = 423; 

insert into venda values (2338, '2023-10-21 08:50:23', 169.24, null, null); 
insert into itens_venda values (default, 2338, 360, 360, 1, 0.00, 148.06); 
update estoque set quant_venda = quant_venda + 1, quant_atual = quant_atual - 1 where id = 360; 
update estoque_total set total = total - 1 where medicamento_id = 360; 
insert into itens_venda values (default, 2338, 340, 340, 1, 0.00, 21.18); 
update estoque set quant_venda = quant_venda + 1, quant_atual = quant_atual - 1 where id = 340; 
update estoque_total set total = total - 1 where medicamento_id = 340; 

insert into venda values (2339, '2023-10-21 11:14:34', 201.96, 11, 21); 
insert into itens_venda values (default, 2339, 188, 188, 3, 4.50, 60.33); 
update estoque set quant_venda = quant_venda + 3, quant_atual = quant_atual - 3 where id = 188; 
update estoque_total set total = total - 3 where medicamento_id = 188; 
insert into itens_venda values (default, 2339, 8, 8, 1, 12.30, 141.63); 
update estoque set quant_venda = quant_venda + 1, quant_atual = quant_atual - 1 where id = 8; 
update estoque_total set total = total - 1 where medicamento_id = 8; 

insert into venda values (2340, '2023-10-21 12:02:55', 188.88, null, null); 
insert into itens_venda values (default, 2340, 362, 362, 1, 0.00, 188.88); 
update estoque set quant_venda = quant_venda + 1, quant_atual = quant_atual - 1 where id = 362; 
update estoque_total set total = total - 1 where medicamento_id = 362; 

insert into venda values (2341, '2023-10-21 12:26:54', 370.34, 6, null); 
insert into itens_venda values (default, 2341, 426, 426, 1, 3.20, 33.06); 
update estoque set quant_venda = quant_venda + 1, quant_atual = quant_atual - 1 where id = 426; 
update estoque_total set total = total - 1 where medicamento_id = 426; 
insert into itens_venda values (default, 2341, 481, 481, 2, 2.40, 24.28); 
update estoque set quant_venda = quant_venda + 2, quant_atual = quant_atual - 2 where id = 481; 
update estoque_total set total = total - 2 where medicamento_id = 481; 
insert into itens_venda values (default, 2341, 257, 257, 1, 30.90, 313.00); 
update estoque set quant_venda = quant_venda + 1, quant_atual = quant_atual - 1 where id = 257; 
update estoque_total set total = total - 1 where medicamento_id = 257; 

insert into venda values (2342, '2023-10-21 13:06:53', 103.21, null, null); 
insert into itens_venda values (default, 2342, 331, 331, 1, 0.00, 23.99); 
update estoque set quant_venda = quant_venda + 1, quant_atual = quant_atual - 1 where id = 331; 
update estoque_total set total = total - 1 where medicamento_id = 331; 
insert into itens_venda values (default, 2342, 388, 388, 2, 0.00, 79.22); 
update estoque set quant_venda = quant_venda + 2, quant_atual = quant_atual - 2 where id = 388; 
update estoque_total set total = total - 2 where medicamento_id = 388; 

insert into venda values (2343, '2023-10-21 15:34:54', 106.82, 1, null); 
insert into itens_venda values (default, 2343, 296, 296, 2, 2.10, 106.82); 
update estoque set quant_venda = quant_venda + 2, quant_atual = quant_atual - 2 where id = 296; 
update estoque_total set total = total - 2 where medicamento_id = 296; 

insert into venda values (2344, '2023-10-22 06:41:08', 96.06, null, null); 
insert into itens_venda values (default, 2344, 453, 453, 2, 0.30, 12.70); 
update estoque set quant_venda = quant_venda + 2, quant_atual = quant_atual - 2 where id = 453; 
update estoque_total set total = total - 2 where medicamento_id = 453; 
insert into itens_venda values (default, 2344, 353, 353, 2, 0.00, 83.36); 
update estoque set quant_venda = quant_venda + 2, quant_atual = quant_atual - 2 where id = 353; 
update estoque_total set total = total - 2 where medicamento_id = 353; 

insert into venda values (2345, '2023-10-22 09:26:13', 257.39, null, 21); 
insert into itens_venda values (default, 2345, 409, 409, 3, 1.40, 71.95); 
update estoque set quant_venda = quant_venda + 3, quant_atual = quant_atual - 3 where id = 409; 
update estoque_total set total = total - 3 where medicamento_id = 409; 
insert into itens_venda values (default, 2345, 83, 83, 2, 1.80, 185.44); 
update estoque set quant_venda = quant_venda + 2, quant_atual = quant_atual - 2 where id = 83; 
update estoque_total set total = total - 2 where medicamento_id = 83; 

insert into venda values (2346, '2023-10-23 06:50:32', 85.27, 14, 21); 
insert into itens_venda values (default, 2346, 501, 501, 3, 5.50, 63.77); 
update estoque set quant_venda = quant_venda + 3, quant_atual = quant_atual - 3 where id = 501; 
update estoque_total set total = total - 3 where medicamento_id = 501; 
insert into itens_venda values (default, 2346, 217, 217, 2, 0.60, 21.50); 
update estoque set quant_venda = quant_venda + 2, quant_atual = quant_atual - 2 where id = 217; 
update estoque_total set total = total - 2 where medicamento_id = 217; 

insert into venda values (2347, '2023-10-23 07:40:58', 49.02, 19, null); 
insert into itens_venda values (default, 2347, 430, 430, 2, 0.40, 49.02); 
update estoque set quant_venda = quant_venda + 2, quant_atual = quant_atual - 2 where id = 430; 
update estoque_total set total = total - 2 where medicamento_id = 430; 

insert into venda values (2348, '2023-10-23 08:54:43', 111.29, null, 22); 
insert into itens_venda values (default, 2348, 347, 347, 1, 0.60, 61.73); 
update estoque set quant_venda = quant_venda + 1, quant_atual = quant_atual - 1 where id = 347; 
update estoque_total set total = total - 1 where medicamento_id = 347; 
insert into itens_venda values (default, 2348, 365, 365, 3, 0.00, 49.56); 
update estoque set quant_venda = quant_venda + 3, quant_atual = quant_atual - 3 where id = 365; 
update estoque_total set total = total - 3 where medicamento_id = 365; 

insert into venda values (2349, '2023-10-23 08:58:59', 266.06, null, null); 
insert into itens_venda values (default, 2349, 166, 166, 1, 2.40, 244.38); 
update estoque set quant_venda = quant_venda + 1, quant_atual = quant_atual - 1 where id = 166; 
update estoque_total set total = total - 1 where medicamento_id = 166; 
insert into itens_venda values (default, 2349, 486, 486, 2, 0.20, 21.68); 
update estoque set quant_venda = quant_venda + 2, quant_atual = quant_atual - 2 where id = 486; 
update estoque_total set total = total - 2 where medicamento_id = 486; 

insert into venda values (2350, '2023-10-23 09:59:26', 81.06, 3, null); 
insert into itens_venda values (default, 2350, 463, 463, 2, 0.00, 26.70); 
update estoque set quant_venda = quant_venda + 2, quant_atual = quant_atual - 2 where id = 463; 
update estoque_total set total = total - 2 where medicamento_id = 463; 
insert into itens_venda values (default, 2350, 397, 397, 3, 0.00, 54.36); 
update estoque set quant_venda = quant_venda + 3, quant_atual = quant_atual - 3 where id = 397; 
update estoque_total set total = total - 3 where medicamento_id = 397; 

insert into venda values (2351, '2023-10-23 10:46:15', 179.12, null, null); 
insert into itens_venda values (default, 2351, 474, 474, 3, 0.00, 44.58); 
update estoque set quant_venda = quant_venda + 3, quant_atual = quant_atual - 3 where id = 474; 
update estoque_total set total = total - 3 where medicamento_id = 474; 
insert into itens_venda values (default, 2351, 441, 441, 3, 0.00, 85.50); 
update estoque set quant_venda = quant_venda + 3, quant_atual = quant_atual - 3 where id = 441; 
update estoque_total set total = total - 3 where medicamento_id = 441; 
insert into itens_venda values (default, 2351, 335, 335, 2, 2.00, 49.04); 
update estoque set quant_venda = quant_venda + 2, quant_atual = quant_atual - 2 where id = 335; 
update estoque_total set total = total - 2 where medicamento_id = 335; 

insert into venda values (2352, '2023-10-23 12:03:02', 38.56, 5, null); 
insert into itens_venda values (default, 2352, 496, 496, 3, 0.40, 21.71); 
update estoque set quant_venda = quant_venda + 3, quant_atual = quant_atual - 3 where id = 496; 
update estoque_total set total = total - 3 where medicamento_id = 496; 
insert into itens_venda values (default, 2352, 242, 242, 3, 1.60, 16.85); 
update estoque set quant_venda = quant_venda + 3, quant_atual = quant_atual - 3 where id = 242; 
update estoque_total set total = total - 3 where medicamento_id = 242; 

insert into venda values (2353, '2023-10-23 13:23:29', 61.57, 12, null); 
insert into itens_venda values (default, 2353, 343, 343, 1, 2.50, 28.94); 
update estoque set quant_venda = quant_venda + 1, quant_atual = quant_atual - 1 where id = 343; 
update estoque_total set total = total - 1 where medicamento_id = 343; 
insert into itens_venda values (default, 2353, 498, 498, 1, 2.80, 32.63); 
update estoque set quant_venda = quant_venda + 1, quant_atual = quant_atual - 1 where id = 498; 
update estoque_total set total = total - 1 where medicamento_id = 498; 

insert into venda values (2354, '2023-10-24 06:21:06', 149.12, null, null); 
insert into itens_venda values (default, 2354, 489, 489, 2, 2.60, 85.38); 
update estoque set quant_venda = quant_venda + 2, quant_atual = quant_atual - 2 where id = 489; 
update estoque_total set total = total - 2 where medicamento_id = 489; 
insert into itens_venda values (default, 2354, 477, 477, 1, 1.30, 63.74); 
update estoque set quant_venda = quant_venda + 1, quant_atual = quant_atual - 1 where id = 477; 
update estoque_total set total = total - 1 where medicamento_id = 477; 

insert into venda values (2355, '2023-10-24 06:57:11', 122.16, null, null); 
insert into itens_venda values (default, 2355, 445, 445, 3, 1.00, 53.63); 
update estoque set quant_venda = quant_venda + 3, quant_atual = quant_atual - 3 where id = 445; 
update estoque_total set total = total - 3 where medicamento_id = 445; 
insert into itens_venda values (default, 2355, 407, 407, 1, 1.30, 68.53); 
update estoque set quant_venda = quant_venda + 1, quant_atual = quant_atual - 1 where id = 407; 
update estoque_total set total = total - 1 where medicamento_id = 407; 

insert into venda values (2356, '2023-10-25 07:17:27', 97.34, 5, null); 
insert into itens_venda values (default, 2356, 455, 455, 2, 3.00, 97.34); 
update estoque set quant_venda = quant_venda + 2, quant_atual = quant_atual - 2 where id = 455; 
update estoque_total set total = total - 2 where medicamento_id = 455; 

insert into venda values (2357, '2023-10-25 08:35:43', 247.43, 2, 24); 
insert into itens_venda values (default, 2357, 93, 93, 1, 5.00, 121.51); 
update estoque set quant_venda = quant_venda + 1, quant_atual = quant_atual - 1 where id = 93; 
update estoque_total set total = total - 1 where medicamento_id = 93; 
insert into itens_venda values (default, 2357, 116, 116, 1, 0.50, 7.24); 
update estoque set quant_venda = quant_venda + 1, quant_atual = quant_atual - 1 where id = 116; 
update estoque_total set total = total - 1 where medicamento_id = 116; 
insert into itens_venda values (default, 2357, 466, 466, 1, 6.20, 118.68); 
update estoque set quant_venda = quant_venda + 1, quant_atual = quant_atual - 1 where id = 466; 
update estoque_total set total = total - 1 where medicamento_id = 466; 

insert into venda values (2358, '2023-10-25 09:21:47', 124.04, null, null); 
insert into itens_venda values (default, 2358, 433, 433, 2, 1.60, 52.70); 
update estoque set quant_venda = quant_venda + 2, quant_atual = quant_atual - 2 where id = 433; 
update estoque_total set total = total - 2 where medicamento_id = 433; 
insert into itens_venda values (default, 2358, 363, 363, 1, 0.70, 71.34); 
update estoque set quant_venda = quant_venda + 1, quant_atual = quant_atual - 1 where id = 363; 
update estoque_total set total = total - 1 where medicamento_id = 363; 

insert into venda values (2359, '2023-10-25 10:56:18', 10.61, null, null); 
insert into itens_venda values (default, 2359, 503, 503, 3, 0.40, 10.61); 
update estoque set quant_venda = quant_venda + 3, quant_atual = quant_atual - 3 where id = 503; 
update estoque_total set total = total - 3 where medicamento_id = 503; 

insert into venda values (2360, '2023-10-25 11:10:22', 295.08, 17, null); 
insert into itens_venda values (default, 2360, 410, 410, 1, 9.60, 97.18); 
update estoque set quant_venda = quant_venda + 1, quant_atual = quant_atual - 1 where id = 410; 
update estoque_total set total = total - 1 where medicamento_id = 410; 
insert into itens_venda values (default, 2360, 262, 262, 2, 1.20, 41.82); 
update estoque set quant_venda = quant_venda + 2, quant_atual = quant_atual - 2 where id = 262; 
update estoque_total set total = total - 2 where medicamento_id = 262; 
insert into itens_venda values (default, 2360, 147, 147, 1, 6.50, 156.08); 
update estoque set quant_venda = quant_venda + 1, quant_atual = quant_atual - 1 where id = 147; 
update estoque_total set total = total - 1 where medicamento_id = 147; 

insert into venda values (2361, '2023-10-25 11:52:53', 108.08, 12, null); 
insert into itens_venda values (default, 2361, 240, 240, 2, 5.50, 55.86); 
update estoque set quant_venda = quant_venda + 2, quant_atual = quant_atual - 2 where id = 240; 
update estoque_total set total = total - 2 where medicamento_id = 240; 
insert into itens_venda values (default, 2361, 252, 252, 2, 3.90, 52.22); 
update estoque set quant_venda = quant_venda + 2, quant_atual = quant_atual - 2 where id = 252; 
update estoque_total set total = total - 2 where medicamento_id = 252; 

insert into venda values (2362, '2023-10-27 07:14:21', 88.22, null, null); 
insert into itens_venda values (default, 2362, 226, 226, 1, 1.70, 88.22); 
update estoque set quant_venda = quant_venda + 1, quant_atual = quant_atual - 1 where id = 226; 
update estoque_total set total = total - 1 where medicamento_id = 226; 

insert into venda values (2363, '2023-10-27 07:57:32', 193.75, null, null); 
insert into itens_venda values (default, 2363, 378, 378, 1, 1.10, 36.47); 
update estoque set quant_venda = quant_venda + 1, quant_atual = quant_atual - 1 where id = 378; 
update estoque_total set total = total - 1 where medicamento_id = 378; 
insert into itens_venda values (default, 2363, 477, 477, 2, 2.60, 127.48); 
update estoque set quant_venda = quant_venda + 2, quant_atual = quant_atual - 2 where id = 477; 
update estoque_total set total = total - 2 where medicamento_id = 477; 
insert into itens_venda values (default, 2363, 376, 376, 2, 0.00, 29.80); 
update estoque set quant_venda = quant_venda + 2, quant_atual = quant_atual - 2 where id = 376; 
update estoque_total set total = total - 2 where medicamento_id = 376; 

insert into venda values (2364, '2023-10-27 08:34:04', 14.74, null, null); 
insert into itens_venda values (default, 2364, 417, 417, 1, 0.00, 14.74); 
update estoque set quant_venda = quant_venda + 1, quant_atual = quant_atual - 1 where id = 417; 
update estoque_total set total = total - 1 where medicamento_id = 417; 

insert into venda values (2365, '2023-10-27 09:44:53', 112.99, 11, 23); 
insert into itens_venda values (default, 2365, 406, 406, 3, 0.60, 21.00); 
update estoque set quant_venda = quant_venda + 3, quant_atual = quant_atual - 3 where id = 406; 
update estoque_total set total = total - 3 where medicamento_id = 406; 
insert into itens_venda values (default, 2365, 281, 281, 1, 3.40, 53.69); 
update estoque set quant_venda = quant_venda + 1, quant_atual = quant_atual - 1 where id = 281; 
update estoque_total set total = total - 1 where medicamento_id = 281; 
insert into itens_venda values (default, 2365, 165, 165, 1, 1.10, 38.30); 
update estoque set quant_venda = quant_venda + 1, quant_atual = quant_atual - 1 where id = 165; 
update estoque_total set total = total - 1 where medicamento_id = 165; 

insert into venda values (2366, '2023-10-27 11:05:05', 44.68, 14, null); 
insert into itens_venda values (default, 2366, 348, 348, 2, 2.30, 44.68); 
update estoque set quant_venda = quant_venda + 2, quant_atual = quant_atual - 2 where id = 348; 
update estoque_total set total = total - 2 where medicamento_id = 348; 

insert into venda values (2367, '2023-10-27 11:49:44', 201.78, null, 22); 
insert into itens_venda values (default, 2367, 455, 455, 2, 0.00, 100.34); 
update estoque set quant_venda = quant_venda + 2, quant_atual = quant_atual - 2 where id = 455; 
update estoque_total set total = total - 2 where medicamento_id = 455; 
insert into itens_venda values (default, 2367, 133, 133, 1, 2.70, 67.06); 
update estoque set quant_venda = quant_venda + 1, quant_atual = quant_atual - 1 where id = 133; 
update estoque_total set total = total - 1 where medicamento_id = 133; 
insert into itens_venda values (default, 2367, 277, 277, 1, 1.00, 34.38); 
update estoque set quant_venda = quant_venda + 1, quant_atual = quant_atual - 1 where id = 277; 
update estoque_total set total = total - 1 where medicamento_id = 277; 

insert into venda values (2368, '2023-10-27 11:59:37', 153.07, null, null); 
insert into itens_venda values (default, 2368, 430, 430, 3, 0.00, 74.13); 
update estoque set quant_venda = quant_venda + 3, quant_atual = quant_atual - 3 where id = 430; 
update estoque_total set total = total - 3 where medicamento_id = 430; 
insert into itens_venda values (default, 2368, 128, 128, 1, 0.00, 78.94); 
update estoque set quant_venda = quant_venda + 1, quant_atual = quant_atual - 1 where id = 128; 
update estoque_total set total = total - 1 where medicamento_id = 128; 

insert into venda values (2369, '2023-10-27 12:58:01', 21.81, 15, null); 
insert into itens_venda values (default, 2369, 502, 502, 1, 0.00, 21.81); 
update estoque set quant_venda = quant_venda + 1, quant_atual = quant_atual - 1 where id = 502; 
update estoque_total set total = total - 1 where medicamento_id = 502; 

insert into venda values (2370, '2023-10-27 13:41:05', 315.15, null, null); 
insert into itens_venda values (default, 2370, 52, 52, 2, 1.70, 169.80); 
update estoque set quant_venda = quant_venda + 2, quant_atual = quant_atual - 2 where id = 52; 
update estoque_total set total = total - 2 where medicamento_id = 52; 
insert into itens_venda values (default, 2370, 500, 500, 3, 0.00, 47.91); 
update estoque set quant_venda = quant_venda + 3, quant_atual = quant_atual - 3 where id = 500; 
update estoque_total set total = total - 3 where medicamento_id = 500; 
insert into itens_venda values (default, 2370, 255, 255, 2, 4.00, 97.44); 
update estoque set quant_venda = quant_venda + 2, quant_atual = quant_atual - 2 where id = 255; 
update estoque_total set total = total - 2 where medicamento_id = 255; 

insert into venda values (2371, '2023-10-27 14:19:05', 207.20, null, null); 
insert into itens_venda values (default, 2371, 76, 76, 1, 2.90, 145.84); 
update estoque set quant_venda = quant_venda + 1, quant_atual = quant_atual - 1 where id = 76; 
update estoque_total set total = total - 1 where medicamento_id = 76; 
insert into itens_venda values (default, 2371, 240, 240, 2, 0.00, 61.36); 
update estoque set quant_venda = quant_venda + 2, quant_atual = quant_atual - 2 where id = 240; 
update estoque_total set total = total - 2 where medicamento_id = 240; 

insert into venda values (2372, '2023-10-27 14:59:34', 139.09, 13, null); 
insert into itens_venda values (default, 2372, 503, 503, 3, 0.30, 10.71); 
update estoque set quant_venda = quant_venda + 3, quant_atual = quant_atual - 3 where id = 503; 
update estoque_total set total = total - 3 where medicamento_id = 503; 
insert into itens_venda values (default, 2372, 309, 309, 2, 1.40, 26.60); 
update estoque set quant_venda = quant_venda + 2, quant_atual = quant_atual - 2 where id = 309; 
update estoque_total set total = total - 2 where medicamento_id = 309; 
insert into itens_venda values (default, 2372, 298, 298, 1, 4.20, 101.78); 
update estoque set quant_venda = quant_venda + 1, quant_atual = quant_atual - 1 where id = 298; 
update estoque_total set total = total - 1 where medicamento_id = 298; 

insert into venda values (2373, '2023-10-28 06:21:53', 123.46, null, null); 
insert into itens_venda values (default, 2373, 467, 467, 2, 1.20, 123.46); 
update estoque set quant_venda = quant_venda + 2, quant_atual = quant_atual - 2 where id = 467; 
update estoque_total set total = total - 2 where medicamento_id = 467; 

insert into venda values (2374, '2023-10-28 06:43:42', 447.92, null, null); 
insert into itens_venda values (default, 2374, 353, 353, 2, 0.00, 83.36); 
update estoque set quant_venda = quant_venda + 2, quant_atual = quant_atual - 2 where id = 353; 
update estoque_total set total = total - 2 where medicamento_id = 353; 
insert into itens_venda values (default, 2374, 176, 176, 1, 10.20, 330.64); 
update estoque set quant_venda = quant_venda + 1, quant_atual = quant_atual - 1 where id = 176; 
update estoque_total set total = total - 1 where medicamento_id = 176; 
insert into itens_venda values (default, 2374, 382, 382, 1, 0.60, 33.92); 
update estoque set quant_venda = quant_venda + 1, quant_atual = quant_atual - 1 where id = 382; 
update estoque_total set total = total - 1 where medicamento_id = 382; 

insert into venda values (2375, '2023-10-28 07:30:38', 225.55, 17, 24); 
insert into itens_venda values (default, 2375, 420, 420, 1, 1.30, 65.47); 
update estoque set quant_venda = quant_venda + 1, quant_atual = quant_atual - 1 where id = 420; 
update estoque_total set total = total - 1 where medicamento_id = 420; 
insert into itens_venda values (default, 2375, 178, 178, 2, 5.30, 128.26); 
update estoque set quant_venda = quant_venda + 2, quant_atual = quant_atual - 2 where id = 178; 
update estoque_total set total = total - 2 where medicamento_id = 178; 
insert into itens_venda values (default, 2375, 364, 364, 1, 1.30, 31.82); 
update estoque set quant_venda = quant_venda + 1, quant_atual = quant_atual - 1 where id = 364; 
update estoque_total set total = total - 1 where medicamento_id = 364; 

insert into venda values (2376, '2023-10-28 08:25:57', 103.45, null, null); 
insert into itens_venda values (default, 2376, 425, 425, 1, 1.40, 34.80); 
update estoque set quant_venda = quant_venda + 1, quant_atual = quant_atual - 1 where id = 425; 
update estoque_total set total = total - 1 where medicamento_id = 425; 
insert into itens_venda values (default, 2376, 154, 154, 1, 0.00, 68.65); 
update estoque set quant_venda = quant_venda + 1, quant_atual = quant_atual - 1 where id = 154; 
update estoque_total set total = total - 1 where medicamento_id = 154; 

insert into venda values (2377, '2023-10-28 08:41:32', 264.15, 12, null); 
insert into itens_venda values (default, 2377, 465, 465, 1, 2.40, 119.82); 
update estoque set quant_venda = quant_venda + 1, quant_atual = quant_atual - 1 where id = 465; 
update estoque_total set total = total - 1 where medicamento_id = 465; 
insert into itens_venda values (default, 2377, 505, 505, 2, 0.00, 67.68); 
update estoque set quant_venda = quant_venda + 2, quant_atual = quant_atual - 2 where id = 505; 
update estoque_total set total = total - 2 where medicamento_id = 505; 
insert into itens_venda values (default, 2377, 433, 433, 3, 4.80, 76.65); 
update estoque set quant_venda = quant_venda + 3, quant_atual = quant_atual - 3 where id = 433; 
update estoque_total set total = total - 3 where medicamento_id = 433; 

insert into venda values (2378, '2023-10-28 09:03:45', 121.32, 9, null); 
insert into itens_venda values (default, 2378, 446, 446, 1, 10.50, 121.32); 
update estoque set quant_venda = quant_venda + 1, quant_atual = quant_atual - 1 where id = 446; 
update estoque_total set total = total - 1 where medicamento_id = 446; 

insert into venda values (2379, '2023-10-28 09:54:50', 141.04, null, null); 
insert into itens_venda values (default, 2379, 405, 405, 2, 0.70, 71.32); 
update estoque set quant_venda = quant_venda + 2, quant_atual = quant_atual - 2 where id = 405; 
update estoque_total set total = total - 2 where medicamento_id = 405; 
insert into itens_venda values (default, 2379, 505, 505, 1, 1.30, 32.54); 
update estoque set quant_venda = quant_venda + 1, quant_atual = quant_atual - 1 where id = 505; 
update estoque_total set total = total - 1 where medicamento_id = 505; 
insert into itens_venda values (default, 2379, 461, 461, 2, 0.00, 37.18); 
update estoque set quant_venda = quant_venda + 2, quant_atual = quant_atual - 2 where id = 461; 
update estoque_total set total = total - 2 where medicamento_id = 461; 

insert into venda values (2380, '2023-10-28 10:36:04', 54.45, null, null); 
insert into itens_venda values (default, 2380, 505, 505, 1, 0.60, 33.24); 
update estoque set quant_venda = quant_venda + 1, quant_atual = quant_atual - 1 where id = 505; 
update estoque_total set total = total - 1 where medicamento_id = 505; 
insert into itens_venda values (default, 2380, 502, 502, 1, 0.60, 21.21); 
update estoque set quant_venda = quant_venda + 1, quant_atual = quant_atual - 1 where id = 502; 
update estoque_total set total = total - 1 where medicamento_id = 502; 

insert into venda values (2381, '2023-10-28 11:28:49', 85.76, null, 23); 
insert into itens_venda values (default, 2381, 201, 201, 1, 0.70, 35.04); 
update estoque set quant_venda = quant_venda + 1, quant_atual = quant_atual - 1 where id = 201; 
update estoque_total set total = total - 1 where medicamento_id = 201; 
insert into itens_venda values (default, 2381, 255, 255, 1, 0.00, 50.72); 
update estoque set quant_venda = quant_venda + 1, quant_atual = quant_atual - 1 where id = 255; 
update estoque_total set total = total - 1 where medicamento_id = 255; 

insert into venda values (2382, '2023-10-28 12:21:59', 10.24, 14, null); 
insert into itens_venda values (default, 2382, 486, 486, 1, 0.70, 10.24); 
update estoque set quant_venda = quant_venda + 1, quant_atual = quant_atual - 1 where id = 486; 
update estoque_total set total = total - 1 where medicamento_id = 486; 

insert into venda values (2383, '2023-10-28 12:27:10', 381.67, null, null); 
insert into itens_venda values (default, 2383, 300, 300, 1, 0.00, 250.00); 
update estoque set quant_venda = quant_venda + 1, quant_atual = quant_atual - 1 where id = 300; 
update estoque_total set total = total - 1 where medicamento_id = 300; 
insert into itens_venda values (default, 2383, 466, 466, 1, 2.40, 122.48); 
update estoque set quant_venda = quant_venda + 1, quant_atual = quant_atual - 1 where id = 466; 
update estoque_total set total = total - 1 where medicamento_id = 466; 
insert into itens_venda values (default, 2383, 421, 421, 1, 0.00, 9.19); 
update estoque set quant_venda = quant_venda + 1, quant_atual = quant_atual - 1 where id = 421; 
update estoque_total set total = total - 1 where medicamento_id = 421; 

insert into venda values (2384, '2023-10-28 13:09:25', 159.91, null, 22); 
insert into itens_venda values (default, 2384, 344, 344, 1, 0.00, 35.25); 
update estoque set quant_venda = quant_venda + 1, quant_atual = quant_atual - 1 where id = 344; 
update estoque_total set total = total - 1 where medicamento_id = 344; 
insert into itens_venda values (default, 2384, 347, 347, 2, 0.00, 124.66); 
update estoque set quant_venda = quant_venda + 2, quant_atual = quant_atual - 2 where id = 347; 
update estoque_total set total = total - 2 where medicamento_id = 347; 

insert into venda values (2385, '2023-10-28 13:46:06', 291.14, null, null); 
insert into itens_venda values (default, 2385, 77, 77, 1, 4.70, 232.47); 
update estoque set quant_venda = quant_venda + 1, quant_atual = quant_atual - 1 where id = 77; 
update estoque_total set total = total - 1 where medicamento_id = 77; 
insert into itens_venda values (default, 2385, 319, 319, 1, 0.50, 58.67); 
update estoque set quant_venda = quant_venda + 1, quant_atual = quant_atual - 1 where id = 319; 
update estoque_total set total = total - 1 where medicamento_id = 319; 

insert into venda values (2386, '2023-10-29 06:36:20', 57.39, null, null); 
insert into itens_venda values (default, 2386, 405, 405, 1, 0.70, 35.31); 
update estoque set quant_venda = quant_venda + 1, quant_atual = quant_atual - 1 where id = 405; 
update estoque_total set total = total - 1 where medicamento_id = 405; 
insert into itens_venda values (default, 2386, 493, 493, 3, 0.60, 22.08); 
update estoque set quant_venda = quant_venda + 3, quant_atual = quant_atual - 3 where id = 493; 
update estoque_total set total = total - 3 where medicamento_id = 493; 

insert into venda values (2387, '2023-10-29 06:42:35', 398.95, null, null); 
insert into itens_venda values (default, 2387, 425, 425, 2, 1.40, 71.00); 
update estoque set quant_venda = quant_venda + 2, quant_atual = quant_atual - 2 where id = 425; 
update estoque_total set total = total - 2 where medicamento_id = 425; 
insert into itens_venda values (default, 2387, 101, 101, 1, 3.30, 327.95); 
update estoque set quant_venda = quant_venda + 1, quant_atual = quant_atual - 1 where id = 101; 
update estoque_total set total = total - 1 where medicamento_id = 101; 

insert into venda values (2388, '2023-10-29 07:34:21', 469.24, 2, 25); 
insert into itens_venda values (default, 2388, 178, 178, 2, 12.00, 121.56); 
update estoque set quant_venda = quant_venda + 2, quant_atual = quant_atual - 2 where id = 178; 
update estoque_total set total = total - 2 where medicamento_id = 178; 
insert into estoque values (default, 178, 'lote 922883', '2023-10-29', '2024-04-26', 50.12, 20, 0, 20); 
update estoque_total set total = total + 20 where medicamento_id = 178; 
insert into itens_venda values (default, 2388, 26, 26, 1, 6.40, 315.00); 
update estoque set quant_venda = quant_venda + 1, quant_atual = quant_atual - 1 where id = 26; 
update estoque_total set total = total - 1 where medicamento_id = 26; 
insert into itens_venda values (default, 2388, 428, 428, 2, 0.60, 32.68); 
update estoque set quant_venda = quant_venda + 2, quant_atual = quant_atual - 2 where id = 428; 
update estoque_total set total = total - 2 where medicamento_id = 428; 

insert into venda values (2389, '2023-10-29 08:12:32', 365.55, 14, 24); 
insert into itens_venda values (default, 2389, 446, 446, 1, 5.20, 126.62); 
update estoque set quant_venda = quant_venda + 1, quant_atual = quant_atual - 1 where id = 446; 
update estoque_total set total = total - 1 where medicamento_id = 446; 
insert into itens_venda values (default, 2389, 91, 91, 1, 15.20, 238.93); 
update estoque set quant_venda = quant_venda + 1, quant_atual = quant_atual - 1 where id = 91; 
update estoque_total set total = total - 1 where medicamento_id = 91; 

insert into venda values (2390, '2023-10-29 08:20:18', 174.62, null, null); 
insert into itens_venda values (default, 2390, 325, 325, 2, 1.10, 112.86); 
update estoque set quant_venda = quant_venda + 2, quant_atual = quant_atual - 2 where id = 325; 
update estoque_total set total = total - 2 where medicamento_id = 325; 
insert into itens_venda values (default, 2390, 287, 287, 1, 1.20, 61.76); 
update estoque set quant_venda = quant_venda + 1, quant_atual = quant_atual - 1 where id = 287; 
update estoque_total set total = total - 1 where medicamento_id = 287; 

insert into venda values (2391, '2023-10-29 09:19:15', 79.66, null, null); 
insert into itens_venda values (default, 2391, 324, 324, 3, 2.30, 56.26); 
update estoque set quant_venda = quant_venda + 3, quant_atual = quant_atual - 3 where id = 324; 
update estoque_total set total = total - 3 where medicamento_id = 324; 
insert into itens_venda values (default, 2391, 443, 443, 1, 0.00, 23.40); 
update estoque set quant_venda = quant_venda + 1, quant_atual = quant_atual - 1 where id = 443; 
update estoque_total set total = total - 1 where medicamento_id = 443; 

insert into venda values (2392, '2023-10-29 10:07:58', 111.97, 3, 22); 
insert into itens_venda values (default, 2392, 63, 63, 1, 1.10, 111.97); 
update estoque set quant_venda = quant_venda + 1, quant_atual = quant_atual - 1 where id = 63; 
update estoque_total set total = total - 1 where medicamento_id = 63; 

insert into venda values (2393, '2023-10-29 10:32:03', 16.37, null, null); 
insert into itens_venda values (default, 2393, 494, 494, 1, 0.10, 16.37); 
update estoque set quant_venda = quant_venda + 1, quant_atual = quant_atual - 1 where id = 494; 
update estoque_total set total = total - 1 where medicamento_id = 494; 

insert into venda values (2394, '2023-10-29 11:33:31', 255.82, null, null); 
insert into itens_venda values (default, 2394, 420, 420, 2, 2.60, 130.94); 
update estoque set quant_venda = quant_venda + 2, quant_atual = quant_atual - 2 where id = 420; 
update estoque_total set total = total - 2 where medicamento_id = 420; 
insert into itens_venda values (default, 2394, 466, 466, 1, 0.00, 124.88); 
update estoque set quant_venda = quant_venda + 1, quant_atual = quant_atual - 1 where id = 466; 
update estoque_total set total = total - 1 where medicamento_id = 466; 

insert into venda values (2395, '2023-10-29 12:48:55', 177.42, null, null); 
insert into itens_venda values (default, 2395, 372, 372, 1, 3.20, 104.30); 
update estoque set quant_venda = quant_venda + 1, quant_atual = quant_atual - 1 where id = 372; 
update estoque_total set total = total - 1 where medicamento_id = 372; 
insert into itens_venda values (default, 2395, 255, 255, 1, 1.00, 49.72); 
update estoque set quant_venda = quant_venda + 1, quant_atual = quant_atual - 1 where id = 255; 
update estoque_total set total = total - 1 where medicamento_id = 255; 
insert into itens_venda values (default, 2395, 443, 443, 1, 0.00, 23.40); 
update estoque set quant_venda = quant_venda + 1, quant_atual = quant_atual - 1 where id = 443; 
update estoque_total set total = total - 1 where medicamento_id = 443; 

insert into venda values (2396, '2023-10-30 07:22:09', 77.72, 11, null); 
insert into itens_venda values (default, 2396, 388, 388, 2, 1.50, 77.72); 
update estoque set quant_venda = quant_venda + 2, quant_atual = quant_atual - 2 where id = 388; 
update estoque_total set total = total - 2 where medicamento_id = 388; 

insert into venda values (2397, '2023-10-30 08:07:28', 451.39, null, null); 
insert into itens_venda values (default, 2397, 266, 266, 1, 4.70, 115.17); 
update estoque set quant_venda = quant_venda + 1, quant_atual = quant_atual - 1 where id = 266; 
update estoque_total set total = total - 1 where medicamento_id = 266; 
insert into itens_venda values (default, 2397, 502, 502, 2, 1.70, 41.92); 
update estoque set quant_venda = quant_venda + 2, quant_atual = quant_atual - 2 where id = 502; 
update estoque_total set total = total - 2 where medicamento_id = 502; 
insert into itens_venda values (default, 2397, 160, 160, 1, 2.90, 294.30); 
update estoque set quant_venda = quant_venda + 1, quant_atual = quant_atual - 1 where id = 160; 
update estoque_total set total = total - 1 where medicamento_id = 160; 

insert into venda values (2398, '2023-10-30 09:05:40', 205.46, null, 25); 
insert into itens_venda values (default, 2398, 279, 279, 1, 0.50, 29.02); 
update estoque set quant_venda = quant_venda + 1, quant_atual = quant_atual - 1 where id = 279; 
update estoque_total set total = total - 1 where medicamento_id = 279; 
insert into itens_venda values (default, 2398, 199, 199, 1, 1.70, 41.46); 
update estoque set quant_venda = quant_venda + 1, quant_atual = quant_atual - 1 where id = 199; 
update estoque_total set total = total - 1 where medicamento_id = 199; 
insert into itens_venda values (default, 2398, 192, 192, 1, 2.70, 134.98); 
update estoque set quant_venda = quant_venda + 1, quant_atual = quant_atual - 1 where id = 192; 
update estoque_total set total = total - 1 where medicamento_id = 192; 

insert into venda values (2399, '2023-10-30 09:46:11', 298.68, null, null); 
insert into itens_venda values (default, 2399, 492, 492, 2, 2.60, 86.06); 
update estoque set quant_venda = quant_venda + 2, quant_atual = quant_atual - 2 where id = 492; 
update estoque_total set total = total - 2 where medicamento_id = 492; 
insert into itens_venda values (default, 2399, 167, 167, 1, 6.50, 212.62); 
update estoque set quant_venda = quant_venda + 1, quant_atual = quant_atual - 1 where id = 167; 
update estoque_total set total = total - 1 where medicamento_id = 167; 

insert into venda values (2400, '2023-10-30 09:55:11', 79.98, 11, 24); 
insert into itens_venda values (default, 2400, 141, 141, 1, 4.40, 45.52); 
update estoque set quant_venda = quant_venda + 1, quant_atual = quant_atual - 1 where id = 141; 
update estoque_total set total = total - 1 where medicamento_id = 141; 
insert into itens_venda values (default, 2400, 426, 426, 1, 1.80, 34.46); 
update estoque set quant_venda = quant_venda + 1, quant_atual = quant_atual - 1 where id = 426; 
update estoque_total set total = total - 1 where medicamento_id = 426; 

insert into venda values (2401, '2023-10-30 09:56:39', 69.38, 14, null); 
insert into itens_venda values (default, 2401, 278, 278, 2, 0.70, 69.38); 
update estoque set quant_venda = quant_venda + 2, quant_atual = quant_atual - 2 where id = 278; 
update estoque_total set total = total - 2 where medicamento_id = 278; 

insert into venda values (2402, '2023-10-30 11:07:55', 113.24, 3, null); 
insert into itens_venda values (default, 2402, 432, 432, 1, 0.30, 4.40); 
update estoque set quant_venda = quant_venda + 1, quant_atual = quant_atual - 1 where id = 432; 
update estoque_total set total = total - 1 where medicamento_id = 432; 
insert into itens_venda values (default, 2402, 340, 340, 2, 1.20, 41.16); 
update estoque set quant_venda = quant_venda + 2, quant_atual = quant_atual - 2 where id = 340; 
update estoque_total set total = total - 2 where medicamento_id = 340; 
insert into itens_venda values (default, 2402, 505, 505, 2, 0.00, 67.68); 
update estoque set quant_venda = quant_venda + 2, quant_atual = quant_atual - 2 where id = 505; 
update estoque_total set total = total - 2 where medicamento_id = 505; 

insert into venda values (2403, '2023-10-30 11:32:20', 103.88, 6, null); 
insert into itens_venda values (default, 2403, 298, 298, 1, 2.10, 103.88); 
update estoque set quant_venda = quant_venda + 1, quant_atual = quant_atual - 1 where id = 298; 
update estoque_total set total = total - 1 where medicamento_id = 298; 

insert into venda values (2404, '2023-10-30 12:40:56', 26.11, null, null); 
insert into itens_venda values (default, 2404, 355, 355, 1, 0.00, 26.11); 
update estoque set quant_venda = quant_venda + 1, quant_atual = quant_atual - 1 where id = 355; 
update estoque_total set total = total - 1 where medicamento_id = 355; 

insert into venda values (2405, '2023-10-30 13:29:45', 43.67, 17, null); 
insert into itens_venda values (default, 2405, 422, 422, 3, 4.30, 43.67); 
update estoque set quant_venda = quant_venda + 3, quant_atual = quant_atual - 3 where id = 422; 
update estoque_total set total = total - 3 where medicamento_id = 422; 

insert into venda values (2406, '2023-10-31 06:46:08', 102.00, null, null); 
insert into itens_venda values (default, 2406, 325, 325, 1, 0.50, 56.48); 
update estoque set quant_venda = quant_venda + 1, quant_atual = quant_atual - 1 where id = 325; 
update estoque_total set total = total - 1 where medicamento_id = 325; 
insert into itens_venda values (default, 2406, 416, 416, 2, 0.00, 45.52); 
update estoque set quant_venda = quant_venda + 2, quant_atual = quant_atual - 2 where id = 416; 
update estoque_total set total = total - 2 where medicamento_id = 416; 

insert into venda values (2407, '2023-10-31 06:47:07', 301.08, 9, null); 
insert into itens_venda values (default, 2407, 494, 494, 1, 0.90, 15.57); 
update estoque set quant_venda = quant_venda + 1, quant_atual = quant_atual - 1 where id = 494; 
update estoque_total set total = total - 1 where medicamento_id = 494; 
insert into itens_venda values (default, 2407, 371, 371, 1, 5.50, 132.03); 
update estoque set quant_venda = quant_venda + 1, quant_atual = quant_atual - 1 where id = 371; 
update estoque_total set total = total - 1 where medicamento_id = 371; 
insert into itens_venda values (default, 2407, 256, 256, 2, 6.30, 153.48); 
update estoque set quant_venda = quant_venda + 2, quant_atual = quant_atual - 2 where id = 256; 
update estoque_total set total = total - 2 where medicamento_id = 256; 

insert into venda values (2408, '2023-10-31 07:36:01', 52.74, 7, null); 
insert into itens_venda values (default, 2408, 409, 409, 2, 2.90, 46.00); 
update estoque set quant_venda = quant_venda + 2, quant_atual = quant_atual - 2 where id = 409; 
update estoque_total set total = total - 2 where medicamento_id = 409; 
insert into itens_venda values (default, 2408, 503, 503, 2, 0.60, 6.74); 
update estoque set quant_venda = quant_venda + 2, quant_atual = quant_atual - 2 where id = 503; 
update estoque_total set total = total - 2 where medicamento_id = 503; 

insert into venda values (2409, '2023-10-31 07:39:03', 287.55, null, null); 
insert into itens_venda values (default, 2409, 465, 465, 1, 0.00, 122.22); 
update estoque set quant_venda = quant_venda + 1, quant_atual = quant_atual - 1 where id = 465; 
update estoque_total set total = total - 1 where medicamento_id = 465; 
insert into itens_venda values (default, 2409, 237, 237, 1, 4.00, 131.23); 
update estoque set quant_venda = quant_venda + 1, quant_atual = quant_atual - 1 where id = 237; 
update estoque_total set total = total - 1 where medicamento_id = 237; 
insert into itens_venda values (default, 2409, 329, 329, 1, 0.00, 34.10); 
update estoque set quant_venda = quant_venda + 1, quant_atual = quant_atual - 1 where id = 329; 
update estoque_total set total = total - 1 where medicamento_id = 329; 

insert into venda values (2410, '2023-10-31 07:47:38', 226.43, 16, 23); 
insert into itens_venda values (default, 2410, 221, 221, 2, 9.60, 182.84); 
update estoque set quant_venda = quant_venda + 2, quant_atual = quant_atual - 2 where id = 221; 
update estoque_total set total = total - 2 where medicamento_id = 221; 
insert into itens_venda values (default, 2410, 489, 489, 1, 0.40, 43.59); 
update estoque set quant_venda = quant_venda + 1, quant_atual = quant_atual - 1 where id = 489; 
update estoque_total set total = total - 1 where medicamento_id = 489; 

insert into venda values (2411, '2023-10-31 08:37:42', 43.04, null, null); 
insert into itens_venda values (default, 2411, 341, 341, 2, 0.80, 28.24); 
update estoque set quant_venda = quant_venda + 2, quant_atual = quant_atual - 2 where id = 341; 
update estoque_total set total = total - 2 where medicamento_id = 341; 
insert into itens_venda values (default, 2411, 376, 376, 1, 0.10, 14.80); 
update estoque set quant_venda = quant_venda + 1, quant_atual = quant_atual - 1 where id = 376; 
update estoque_total set total = total - 1 where medicamento_id = 376; 

insert into venda values (2412, '2023-10-31 08:49:20', 232.23, null, null); 
insert into itens_venda values (default, 2412, 307, 307, 1, 9.60, 232.23); 
update estoque set quant_venda = quant_venda + 1, quant_atual = quant_atual - 1 where id = 307; 
update estoque_total set total = total - 1 where medicamento_id = 307; 

insert into venda values (2413, '2023-10-31 09:43:54', 147.95, 17, 24); 
insert into itens_venda values (default, 2413, 493, 493, 1, 0.50, 7.06); 
update estoque set quant_venda = quant_venda + 1, quant_atual = quant_atual - 1 where id = 493; 
update estoque_total set total = total - 1 where medicamento_id = 493; 
insert into itens_venda values (default, 2413, 347, 347, 1, 0.00, 62.33); 
update estoque set quant_venda = quant_venda + 1, quant_atual = quant_atual - 1 where id = 347; 
update estoque_total set total = total - 1 where medicamento_id = 347; 
insert into itens_venda values (default, 2413, 330, 330, 1, 4.10, 78.56); 
update estoque set quant_venda = quant_venda + 1, quant_atual = quant_atual - 1 where id = 330; 
update estoque_total set total = total - 1 where medicamento_id = 330; 

insert into venda values (2414, '2023-10-31 09:54:22', 285.18, null, null); 
insert into itens_venda values (default, 2414, 460, 460, 1, 0.30, 37.36); 
update estoque set quant_venda = quant_venda + 1, quant_atual = quant_atual - 1 where id = 460; 
update estoque_total set total = total - 1 where medicamento_id = 460; 
insert into itens_venda values (default, 2414, 71, 71, 1, 4.30, 215.18); 
update estoque set quant_venda = quant_venda + 1, quant_atual = quant_atual - 1 where id = 71; 
update estoque_total set total = total - 1 where medicamento_id = 71; 
insert into itens_venda values (default, 2414, 294, 294, 2, 0.60, 32.64); 
update estoque set quant_venda = quant_venda + 2, quant_atual = quant_atual - 2 where id = 294; 
update estoque_total set total = total - 2 where medicamento_id = 294; 

insert into venda values (2415, '2023-10-31 10:20:15', 105.13, 1, null); 
insert into itens_venda values (default, 2415, 430, 430, 1, 0.00, 24.71); 
update estoque set quant_venda = quant_venda + 1, quant_atual = quant_atual - 1 where id = 430; 
update estoque_total set total = total - 1 where medicamento_id = 430; 
insert into itens_venda values (default, 2415, 275, 275, 1, 3.30, 80.42); 
update estoque set quant_venda = quant_venda + 1, quant_atual = quant_atual - 1 where id = 275; 
update estoque_total set total = total - 1 where medicamento_id = 275; 

insert into venda values (2416, '2023-10-31 11:39:31', 46.48, null, null); 
insert into itens_venda values (default, 2416, 469, 469, 1, 1.40, 46.48); 
update estoque set quant_venda = quant_venda + 1, quant_atual = quant_atual - 1 where id = 469; 
update estoque_total set total = total - 1 where medicamento_id = 469; 

insert into venda values (2417, '2023-10-31 12:57:02', 72.13, 17, null); 
insert into itens_venda values (default, 2417, 355, 355, 3, 6.20, 72.13); 
update estoque set quant_venda = quant_venda + 3, quant_atual = quant_atual - 3 where id = 355; 
update estoque_total set total = total - 3 where medicamento_id = 355; 

insert into venda values (2418, '2023-11-01 07:34:29', 218.95, null, null); 
insert into itens_venda values (default, 2418, 452, 452, 1, 1.70, 57.97); 
update estoque set quant_venda = quant_venda + 1, quant_atual = quant_atual - 1 where id = 452; 
update estoque_total set total = total - 1 where medicamento_id = 452; 
insert into itens_venda values (default, 2418, 146, 146, 1, 1.60, 160.98); 
update estoque set quant_venda = quant_venda + 1, quant_atual = quant_atual - 1 where id = 146; 
update estoque_total set total = total - 1 where medicamento_id = 146; 

insert into venda values (2419, '2023-11-01 09:51:26', 618.35, null, 21); 
insert into itens_venda values (default, 2419, 369, 369, 2, 3.50, 175.88); 
update estoque set quant_venda = quant_venda + 2, quant_atual = quant_atual - 2 where id = 369; 
update estoque_total set total = total - 2 where medicamento_id = 369; 
insert into itens_venda values (default, 2419, 254, 254, 1, 4.80, 237.89); 
update estoque set quant_venda = quant_venda + 1, quant_atual = quant_atual - 1 where id = 254; 
update estoque_total set total = total - 1 where medicamento_id = 254; 
insert into itens_venda values (default, 2419, 108, 108, 1, 6.30, 204.58); 
update estoque set quant_venda = quant_venda + 1, quant_atual = quant_atual - 1 where id = 108; 
update estoque_total set total = total - 1 where medicamento_id = 108; 

insert into venda values (2420, '2023-11-01 12:20:43', 33.34, 9, null); 
insert into itens_venda values (default, 2420, 401, 401, 1, 0.30, 33.34); 
update estoque set quant_venda = quant_venda + 1, quant_atual = quant_atual - 1 where id = 401; 
update estoque_total set total = total - 1 where medicamento_id = 401; 

insert into venda values (2421, '2023-11-01 13:38:43', 179.16, null, null); 
insert into itens_venda values (default, 2421, 502, 502, 2, 0.80, 42.82); 
update estoque set quant_venda = quant_venda + 2, quant_atual = quant_atual - 2 where id = 502; 
update estoque_total set total = total - 2 where medicamento_id = 502; 
insert into itens_venda values (default, 2421, 172, 172, 1, 0.00, 136.34); 
update estoque set quant_venda = quant_venda + 1, quant_atual = quant_atual - 1 where id = 172; 
update estoque_total set total = total - 1 where medicamento_id = 172; 

insert into venda values (2422, '2023-11-02 07:39:20', 33.04, null, null); 
insert into itens_venda values (default, 2422, 401, 401, 1, 0.60, 33.04); 
update estoque set quant_venda = quant_venda + 1, quant_atual = quant_atual - 1 where id = 401; 
update estoque_total set total = total - 1 where medicamento_id = 401; 

insert into venda values (2423, '2023-11-02 08:27:28', 327.25, null, 24); 
insert into itens_venda values (default, 2423, 174, 174, 1, 1.20, 119.67); 
update estoque set quant_venda = quant_venda + 1, quant_atual = quant_atual - 1 where id = 174; 
update estoque_total set total = total - 1 where medicamento_id = 174; 
insert into itens_venda values (default, 2423, 359, 359, 2, 7.20, 173.96); 
update estoque set quant_venda = quant_venda + 2, quant_atual = quant_atual - 2 where id = 359; 
update estoque_total set total = total - 2 where medicamento_id = 359; 
insert into itens_venda values (default, 2423, 459, 459, 1, 0.30, 33.62); 
update estoque set quant_venda = quant_venda + 1, quant_atual = quant_atual - 1 where id = 459; 
update estoque_total set total = total - 1 where medicamento_id = 459; 

insert into venda values (2424, '2023-11-02 09:41:28', 150.45, null, null); 
insert into itens_venda values (default, 2424, 483, 483, 2, 3.00, 97.42); 
update estoque set quant_venda = quant_venda + 2, quant_atual = quant_atual - 2 where id = 483; 
update estoque_total set total = total - 2 where medicamento_id = 483; 
insert into itens_venda values (default, 2424, 445, 445, 3, 1.60, 53.03); 
update estoque set quant_venda = quant_venda + 3, quant_atual = quant_atual - 3 where id = 445; 
update estoque_total set total = total - 3 where medicamento_id = 445; 
